capacity,num_orders,inst_num,optimal_bks,optimal_bks_is_opt,best_any_policy_bks,best_any_policy,any_policy_improves_optimal,directly_comparable_to_current_casop,comparability_note,source,doi,source_url
24,20,1,699.8,True,699.8,optimal,False,False,Do not use as CASOP BKS: Wahlen & Gschwind state that M&O did not specify aisle/depot entry/exit distances and they adopted the H&W/ZKS interpretation. This changes numerical objective values relative to the H&I/CASOP reference geometry.,Wahlen & Gschwind (2023),10.1287/trsc.2023.1198,https://pubsonline.informs.org/doi/10.1287/trsc.2023.1198
24,20,2,707.2,True,707.2,optimal,False,False,Do not use as CASOP BKS: Wahlen & Gschwind state that M&O did not specify aisle/depot entry/exit distances and they adopted the H&W/ZKS interpretation. This changes numerical objective values relative to the H&I/CASOP reference geometry.,Wahlen & Gschwind (2023),10.1287/trsc.2023.1198,https://pubsonline.informs.org/doi/10.1287/trsc.2023.1198
24,20,3,726.4,True,726.4,optimal,False,False,Do not use as CASOP BKS: Wahlen & Gschwind state that M&O did not specify aisle/depot entry/exit distances and they adopted the H&W/ZKS interpretation. This changes numerical objective values relative to the H&I/CASOP reference geometry.,Wahlen & Gschwind (2023),10.1287/trsc.2023.1198,https://pubsonline.informs.org/doi/10.1287/trsc.2023.1198
24,20,4,628.0,True,628.0,optimal,False,False,Do not use as CASOP BKS: Wahlen & Gschwind state that M&O did not specify aisle/depot entry/exit distances and they adopted the H&W/ZKS interpretation. This changes numerical objective values relative to the H&I/CASOP reference geometry.,Wahlen & Gschwind (2023),10.1287/trsc.2023.1198,https://pubsonline.informs.org/doi/10.1287/trsc.2023.1198
24,20,5,611.2,True,611.2,optimal,False,False,Do not use as CASOP BKS: Wahlen & Gschwind state that M&O did not specify aisle/depot entry/exit distances and they adopted the H&W/ZKS interpretation. This changes numerical objective values relative to the H&I/CASOP reference geometry.,Wahlen & Gschwind (2023),10.1287/trsc.2023.1198,https://pubsonline.informs.org/doi/10.1287/trsc.2023.1198
24,20,6,559.8,True,559.8,optimal,False,False,Do not use as CASOP BKS: Wahlen & Gschwind state that M&O did not specify aisle/depot entry/exit distances and they adopted the H&W/ZKS interpretation. This changes numerical objective values relative to the H&I/CASOP reference geometry.,Wahlen & Gschwind (2023),10.1287/trsc.2023.1198,https://pubsonline.informs.org/doi/10.1287/trsc.2023.1198
24,20,7,598.4,True,598.4,optimal,False,False,Do not use as CASOP BKS: Wahlen & Gschwind state that M&O did not specify aisle/depot entry/exit distances and they adopted the H&W/ZKS interpretation. This changes numerical objective values relative to the H&I/CASOP reference geometry.,Wahlen & Gschwind (2023),10.1287/trsc.2023.1198,https://pubsonline.informs.org/doi/10.1287/trsc.2023.1198
24,20,8,603.0,True,603.0,optimal,False,False,Do not use as CASOP BKS: Wahlen & Gschwind state that M&O did not specify aisle/depot entry/exit distances and they adopted the H&W/ZKS interpretation. This changes numerical objective values relative to the H&I/CASOP reference geometry.,Wahlen & Gschwind (2023),10.1287/trsc.2023.1198,https://pubsonline.informs.org/doi/10.1287/trsc.2023.1198
24,20,9,731.0,True,731.0,optimal,False,False,Do not use as CASOP BKS: Wahlen & Gschwind state that M&O did not specify aisle/depot entry/exit distances and they adopted the H&W/ZKS interpretation. This changes numerical objective values relative to the H&I/CASOP reference geometry.,Wahlen & Gschwind (2023),10.1287/trsc.2023.1198,https://pubsonline.informs.org/doi/10.1287/trsc.2023.1198
24,20,10,536.8,True,536.8,optimal,False,False,Do not use as CASOP BKS: Wahlen & Gschwind state that M&O did not specify aisle/depot entry/exit distances and they adopted the H&W/ZKS interpretation. This changes numerical objective values relative to the H&I/CASOP reference geometry.,Wahlen & Gschwind (2023),10.1287/trsc.2023.1198,https://pubsonline.informs.org/doi/10.1287/trsc.2023.1198
24,30,1,987.2,True,987.2,optimal,False,False,Do not use as CASOP BKS: Wahlen & Gschwind state that M&O did not specify aisle/depot entry/exit distances and they adopted the H&W/ZKS interpretation. This changes numerical objective values relative to the H&I/CASOP reference geometry.,Wahlen & Gschwind (2023),10.1287/trsc.2023.1198,https://pubsonline.informs.org/doi/10.1287/trsc.2023.1198
24,30,2,1066.2,True,1066.2,optimal,False,False,Do not use as CASOP BKS: Wahlen & Gschwind state that M&O did not specify aisle/depot entry/exit distances and they adopted the H&W/ZKS interpretation. This changes numerical objective values relative to the H&I/CASOP reference geometry.,Wahlen & Gschwind (2023),10.1287/trsc.2023.1198,https://pubsonline.informs.org/doi/10.1287/trsc.2023.1198
24,30,3,789.0,True,789.0,optimal,False,False,Do not use as CASOP BKS: Wahlen & Gschwind state that M&O did not specify aisle/depot entry/exit distances and they adopted the H&W/ZKS interpretation. This changes numerical objective values relative to the H&I/CASOP reference geometry.,Wahlen & Gschwind (2023),10.1287/trsc.2023.1198,https://pubsonline.informs.org/doi/10.1287/trsc.2023.1198
24,30,4,890.0,True,890.0,optimal,False,False,Do not use as CASOP BKS: Wahlen & Gschwind state that M&O did not specify aisle/depot entry/exit distances and they adopted the H&W/ZKS interpretation. This changes numerical objective values relative to the H&I/CASOP reference geometry.,Wahlen & Gschwind (2023),10.1287/trsc.2023.1198,https://pubsonline.informs.org/doi/10.1287/trsc.2023.1198
24,30,5,894.8,True,894.8,optimal,False,False,Do not use as CASOP BKS: Wahlen & Gschwind state that M&O did not specify aisle/depot entry/exit distances and they adopted the H&W/ZKS interpretation. This changes numerical objective values relative to the H&I/CASOP reference geometry.,Wahlen & Gschwind (2023),10.1287/trsc.2023.1198,https://pubsonline.informs.org/doi/10.1287/trsc.2023.1198
24,30,6,910.6,True,910.6,optimal,False,False,Do not use as CASOP BKS: Wahlen & Gschwind state that M&O did not specify aisle/depot entry/exit distances and they adopted the H&W/ZKS interpretation. This changes numerical objective values relative to the H&I/CASOP reference geometry.,Wahlen & Gschwind (2023),10.1287/trsc.2023.1198,https://pubsonline.informs.org/doi/10.1287/trsc.2023.1198
24,30,7,881.4,True,881.4,optimal,False,False,Do not use as CASOP BKS: Wahlen & Gschwind state that M&O did not specify aisle/depot entry/exit distances and they adopted the H&W/ZKS interpretation. This changes numerical objective values relative to the H&I/CASOP reference geometry.,Wahlen & Gschwind (2023),10.1287/trsc.2023.1198,https://pubsonline.informs.org/doi/10.1287/trsc.2023.1198
24,30,8,921.0,True,921.0,optimal,False,False,Do not use as CASOP BKS: Wahlen & Gschwind state that M&O did not specify aisle/depot entry/exit distances and they adopted the H&W/ZKS interpretation. This changes numerical objective values relative to the H&I/CASOP reference geometry.,Wahlen & Gschwind (2023),10.1287/trsc.2023.1198,https://pubsonline.informs.org/doi/10.1287/trsc.2023.1198
24,30,9,916.0,True,916.0,optimal,False,False,Do not use as CASOP BKS: Wahlen & Gschwind state that M&O did not specify aisle/depot entry/exit distances and they adopted the H&W/ZKS interpretation. This changes numerical objective values relative to the H&I/CASOP reference geometry.,Wahlen & Gschwind (2023),10.1287/trsc.2023.1198,https://pubsonline.informs.org/doi/10.1287/trsc.2023.1198
24,30,10,818.4,True,818.4,optimal,False,False,Do not use as CASOP BKS: Wahlen & Gschwind state that M&O did not specify aisle/depot entry/exit distances and they adopted the H&W/ZKS interpretation. This changes numerical objective values relative to the H&I/CASOP reference geometry.,Wahlen & Gschwind (2023),10.1287/trsc.2023.1198,https://pubsonline.informs.org/doi/10.1287/trsc.2023.1198
24,40,1,1284.6,True,1284.6,optimal,False,False,Do not use as CASOP BKS: Wahlen & Gschwind state that M&O did not specify aisle/depot entry/exit distances and they adopted the H&W/ZKS interpretation. This changes numerical objective values relative to the H&I/CASOP reference geometry.,Wahlen & Gschwind (2023),10.1287/trsc.2023.1198,https://pubsonline.informs.org/doi/10.1287/trsc.2023.1198
24,40,2,1132.4,True,1132.4,optimal,False,False,Do not use as CASOP BKS: Wahlen & Gschwind state that M&O did not specify aisle/depot entry/exit distances and they adopted the H&W/ZKS interpretation. This changes numerical objective values relative to the H&I/CASOP reference geometry.,Wahlen & Gschwind (2023),10.1287/trsc.2023.1198,https://pubsonline.informs.org/doi/10.1287/trsc.2023.1198
24,40,3,1278.0,True,1278.0,optimal,False,False,Do not use as CASOP BKS: Wahlen & Gschwind state that M&O did not specify aisle/depot entry/exit distances and they adopted the H&W/ZKS interpretation. This changes numerical objective values relative to the H&I/CASOP reference geometry.,Wahlen & Gschwind (2023),10.1287/trsc.2023.1198,https://pubsonline.informs.org/doi/10.1287/trsc.2023.1198
24,40,4,1151.8,True,1151.8,optimal,False,False,Do not use as CASOP BKS: Wahlen & Gschwind state that M&O did not specify aisle/depot entry/exit distances and they adopted the H&W/ZKS interpretation. This changes numerical objective values relative to the H&I/CASOP reference geometry.,Wahlen & Gschwind (2023),10.1287/trsc.2023.1198,https://pubsonline.informs.org/doi/10.1287/trsc.2023.1198
24,40,5,1167.4,True,1167.4,optimal,False,False,Do not use as CASOP BKS: Wahlen & Gschwind state that M&O did not specify aisle/depot entry/exit distances and they adopted the H&W/ZKS interpretation. This changes numerical objective values relative to the H&I/CASOP reference geometry.,Wahlen & Gschwind (2023),10.1287/trsc.2023.1198,https://pubsonline.informs.org/doi/10.1287/trsc.2023.1198
24,40,6,1226.6,True,1226.6,optimal,False,False,Do not use as CASOP BKS: Wahlen & Gschwind state that M&O did not specify aisle/depot entry/exit distances and they adopted the H&W/ZKS interpretation. This changes numerical objective values relative to the H&I/CASOP reference geometry.,Wahlen & Gschwind (2023),10.1287/trsc.2023.1198,https://pubsonline.informs.org/doi/10.1287/trsc.2023.1198
24,40,7,1210.4,True,1210.4,optimal,False,False,Do not use as CASOP BKS: Wahlen & Gschwind state that M&O did not specify aisle/depot entry/exit distances and they adopted the H&W/ZKS interpretation. This changes numerical objective values relative to the H&I/CASOP reference geometry.,Wahlen & Gschwind (2023),10.1287/trsc.2023.1198,https://pubsonline.informs.org/doi/10.1287/trsc.2023.1198
24,40,8,1113.4,True,1113.4,optimal,False,False,Do not use as CASOP BKS: Wahlen & Gschwind state that M&O did not specify aisle/depot entry/exit distances and they adopted the H&W/ZKS interpretation. This changes numerical objective values relative to the H&I/CASOP reference geometry.,Wahlen & Gschwind (2023),10.1287/trsc.2023.1198,https://pubsonline.informs.org/doi/10.1287/trsc.2023.1198
24,40,9,1081.4,True,1081.4,optimal,False,False,Do not use as CASOP BKS: Wahlen & Gschwind state that M&O did not specify aisle/depot entry/exit distances and they adopted the H&W/ZKS interpretation. This changes numerical objective values relative to the H&I/CASOP reference geometry.,Wahlen & Gschwind (2023),10.1287/trsc.2023.1198,https://pubsonline.informs.org/doi/10.1287/trsc.2023.1198
24,40,10,1203.6,True,1203.6,optimal,False,False,Do not use as CASOP BKS: Wahlen & Gschwind state that M&O did not specify aisle/depot entry/exit distances and they adopted the H&W/ZKS interpretation. This changes numerical objective values relative to the H&I/CASOP reference geometry.,Wahlen & Gschwind (2023),10.1287/trsc.2023.1198,https://pubsonline.informs.org/doi/10.1287/trsc.2023.1198
24,50,1,1494.4,True,1494.4,optimal,False,False,Do not use as CASOP BKS: Wahlen & Gschwind state that M&O did not specify aisle/depot entry/exit distances and they adopted the H&W/ZKS interpretation. This changes numerical objective values relative to the H&I/CASOP reference geometry.,Wahlen & Gschwind (2023),10.1287/trsc.2023.1198,https://pubsonline.informs.org/doi/10.1287/trsc.2023.1198
24,50,2,1323.4,True,1323.4,optimal,False,False,Do not use as CASOP BKS: Wahlen & Gschwind state that M&O did not specify aisle/depot entry/exit distances and they adopted the H&W/ZKS interpretation. This changes numerical objective values relative to the H&I/CASOP reference geometry.,Wahlen & Gschwind (2023),10.1287/trsc.2023.1198,https://pubsonline.informs.org/doi/10.1287/trsc.2023.1198
24,50,3,1443.4,True,1443.4,optimal,False,False,Do not use as CASOP BKS: Wahlen & Gschwind state that M&O did not specify aisle/depot entry/exit distances and they adopted the H&W/ZKS interpretation. This changes numerical objective values relative to the H&I/CASOP reference geometry.,Wahlen & Gschwind (2023),10.1287/trsc.2023.1198,https://pubsonline.informs.org/doi/10.1287/trsc.2023.1198
24,50,4,1500.4,True,1500.4,optimal,False,False,Do not use as CASOP BKS: Wahlen & Gschwind state that M&O did not specify aisle/depot entry/exit distances and they adopted the H&W/ZKS interpretation. This changes numerical objective values relative to the H&I/CASOP reference geometry.,Wahlen & Gschwind (2023),10.1287/trsc.2023.1198,https://pubsonline.informs.org/doi/10.1287/trsc.2023.1198
24,50,5,1561.4,True,1561.4,optimal,False,False,Do not use as CASOP BKS: Wahlen & Gschwind state that M&O did not specify aisle/depot entry/exit distances and they adopted the H&W/ZKS interpretation. This changes numerical objective values relative to the H&I/CASOP reference geometry.,Wahlen & Gschwind (2023),10.1287/trsc.2023.1198,https://pubsonline.informs.org/doi/10.1287/trsc.2023.1198
24,50,6,1464.8,True,1464.8,optimal,False,False,Do not use as CASOP BKS: Wahlen & Gschwind state that M&O did not specify aisle/depot entry/exit distances and they adopted the H&W/ZKS interpretation. This changes numerical objective values relative to the H&I/CASOP reference geometry.,Wahlen & Gschwind (2023),10.1287/trsc.2023.1198,https://pubsonline.informs.org/doi/10.1287/trsc.2023.1198
24,50,7,1266.0,True,1266.0,optimal,False,False,Do not use as CASOP BKS: Wahlen & Gschwind state that M&O did not specify aisle/depot entry/exit distances and they adopted the H&W/ZKS interpretation. This changes numerical objective values relative to the H&I/CASOP reference geometry.,Wahlen & Gschwind (2023),10.1287/trsc.2023.1198,https://pubsonline.informs.org/doi/10.1287/trsc.2023.1198
24,50,8,1294.4,True,1294.4,optimal,False,False,Do not use as CASOP BKS: Wahlen & Gschwind state that M&O did not specify aisle/depot entry/exit distances and they adopted the H&W/ZKS interpretation. This changes numerical objective values relative to the H&I/CASOP reference geometry.,Wahlen & Gschwind (2023),10.1287/trsc.2023.1198,https://pubsonline.informs.org/doi/10.1287/trsc.2023.1198
24,50,9,1310.0,True,1310.0,optimal,False,False,Do not use as CASOP BKS: Wahlen & Gschwind state that M&O did not specify aisle/depot entry/exit distances and they adopted the H&W/ZKS interpretation. This changes numerical objective values relative to the H&I/CASOP reference geometry.,Wahlen & Gschwind (2023),10.1287/trsc.2023.1198,https://pubsonline.informs.org/doi/10.1287/trsc.2023.1198
24,50,10,1447.4,True,1447.4,optimal,False,False,Do not use as CASOP BKS: Wahlen & Gschwind state that M&O did not specify aisle/depot entry/exit distances and they adopted the H&W/ZKS interpretation. This changes numerical objective values relative to the H&I/CASOP reference geometry.,Wahlen & Gschwind (2023),10.1287/trsc.2023.1198,https://pubsonline.informs.org/doi/10.1287/trsc.2023.1198
24,60,1,1600.2,True,1600.2,optimal,False,False,Do not use as CASOP BKS: Wahlen & Gschwind state that M&O did not specify aisle/depot entry/exit distances and they adopted the H&W/ZKS interpretation. This changes numerical objective values relative to the H&I/CASOP reference geometry.,Wahlen & Gschwind (2023),10.1287/trsc.2023.1198,https://pubsonline.informs.org/doi/10.1287/trsc.2023.1198
24,60,2,1503.8,True,1503.8,optimal,False,False,Do not use as CASOP BKS: Wahlen & Gschwind state that M&O did not specify aisle/depot entry/exit distances and they adopted the H&W/ZKS interpretation. This changes numerical objective values relative to the H&I/CASOP reference geometry.,Wahlen & Gschwind (2023),10.1287/trsc.2023.1198,https://pubsonline.informs.org/doi/10.1287/trsc.2023.1198
24,60,3,1723.4,True,1723.4,optimal,False,False,Do not use as CASOP BKS: Wahlen & Gschwind state that M&O did not specify aisle/depot entry/exit distances and they adopted the H&W/ZKS interpretation. This changes numerical objective values relative to the H&I/CASOP reference geometry.,Wahlen & Gschwind (2023),10.1287/trsc.2023.1198,https://pubsonline.informs.org/doi/10.1287/trsc.2023.1198
24,60,4,1582.0,True,1582.0,optimal,False,False,Do not use as CASOP BKS: Wahlen & Gschwind state that M&O did not specify aisle/depot entry/exit distances and they adopted the H&W/ZKS interpretation. This changes numerical objective values relative to the H&I/CASOP reference geometry.,Wahlen & Gschwind (2023),10.1287/trsc.2023.1198,https://pubsonline.informs.org/doi/10.1287/trsc.2023.1198
24,60,5,1819.6,True,1819.6,optimal,False,False,Do not use as CASOP BKS: Wahlen & Gschwind state that M&O did not specify aisle/depot entry/exit distances and they adopted the H&W/ZKS interpretation. This changes numerical objective values relative to the H&I/CASOP reference geometry.,Wahlen & Gschwind (2023),10.1287/trsc.2023.1198,https://pubsonline.informs.org/doi/10.1287/trsc.2023.1198
24,60,6,1950.8,True,1950.8,optimal,False,False,Do not use as CASOP BKS: Wahlen & Gschwind state that M&O did not specify aisle/depot entry/exit distances and they adopted the H&W/ZKS interpretation. This changes numerical objective values relative to the H&I/CASOP reference geometry.,Wahlen & Gschwind (2023),10.1287/trsc.2023.1198,https://pubsonline.informs.org/doi/10.1287/trsc.2023.1198
24,60,7,1852.4,True,1852.4,optimal,False,False,Do not use as CASOP BKS: Wahlen & Gschwind state that M&O did not specify aisle/depot entry/exit distances and they adopted the H&W/ZKS interpretation. This changes numerical objective values relative to the H&I/CASOP reference geometry.,Wahlen & Gschwind (2023),10.1287/trsc.2023.1198,https://pubsonline.informs.org/doi/10.1287/trsc.2023.1198
24,60,8,1798.4,True,1798.4,optimal,False,False,Do not use as CASOP BKS: Wahlen & Gschwind state that M&O did not specify aisle/depot entry/exit distances and they adopted the H&W/ZKS interpretation. This changes numerical objective values relative to the H&I/CASOP reference geometry.,Wahlen & Gschwind (2023),10.1287/trsc.2023.1198,https://pubsonline.informs.org/doi/10.1287/trsc.2023.1198
24,60,9,1473.2,True,1473.2,optimal,False,False,Do not use as CASOP BKS: Wahlen & Gschwind state that M&O did not specify aisle/depot entry/exit distances and they adopted the H&W/ZKS interpretation. This changes numerical objective values relative to the H&I/CASOP reference geometry.,Wahlen & Gschwind (2023),10.1287/trsc.2023.1198,https://pubsonline.informs.org/doi/10.1287/trsc.2023.1198
24,60,10,1774.0,True,1774.0,optimal,False,False,Do not use as CASOP BKS: Wahlen & Gschwind state that M&O did not specify aisle/depot entry/exit distances and they adopted the H&W/ZKS interpretation. This changes numerical objective values relative to the H&I/CASOP reference geometry.,Wahlen & Gschwind (2023),10.1287/trsc.2023.1198,https://pubsonline.informs.org/doi/10.1287/trsc.2023.1198
24,70,1,1985.4,True,1985.4,optimal,False,False,Do not use as CASOP BKS: Wahlen & Gschwind state that M&O did not specify aisle/depot entry/exit distances and they adopted the H&W/ZKS interpretation. This changes numerical objective values relative to the H&I/CASOP reference geometry.,Wahlen & Gschwind (2023),10.1287/trsc.2023.1198,https://pubsonline.informs.org/doi/10.1287/trsc.2023.1198
24,70,2,2040.0,True,2040.0,optimal,False,False,Do not use as CASOP BKS: Wahlen & Gschwind state that M&O did not specify aisle/depot entry/exit distances and they adopted the H&W/ZKS interpretation. This changes numerical objective values relative to the H&I/CASOP reference geometry.,Wahlen & Gschwind (2023),10.1287/trsc.2023.1198,https://pubsonline.informs.org/doi/10.1287/trsc.2023.1198
24,70,3,2176.0,True,2176.0,optimal,False,False,Do not use as CASOP BKS: Wahlen & Gschwind state that M&O did not specify aisle/depot entry/exit distances and they adopted the H&W/ZKS interpretation. This changes numerical objective values relative to the H&I/CASOP reference geometry.,Wahlen & Gschwind (2023),10.1287/trsc.2023.1198,https://pubsonline.informs.org/doi/10.1287/trsc.2023.1198
24,70,4,1995.8,True,1995.8,optimal,False,False,Do not use as CASOP BKS: Wahlen & Gschwind state that M&O did not specify aisle/depot entry/exit distances and they adopted the H&W/ZKS interpretation. This changes numerical objective values relative to the H&I/CASOP reference geometry.,Wahlen & Gschwind (2023),10.1287/trsc.2023.1198,https://pubsonline.informs.org/doi/10.1287/trsc.2023.1198
24,70,5,1838.0,True,1838.0,optimal,False,False,Do not use as CASOP BKS: Wahlen & Gschwind state that M&O did not specify aisle/depot entry/exit distances and they adopted the H&W/ZKS interpretation. This changes numerical objective values relative to the H&I/CASOP reference geometry.,Wahlen & Gschwind (2023),10.1287/trsc.2023.1198,https://pubsonline.informs.org/doi/10.1287/trsc.2023.1198
24,70,6,1989.8,True,1989.8,optimal,False,False,Do not use as CASOP BKS: Wahlen & Gschwind state that M&O did not specify aisle/depot entry/exit distances and they adopted the H&W/ZKS interpretation. This changes numerical objective values relative to the H&I/CASOP reference geometry.,Wahlen & Gschwind (2023),10.1287/trsc.2023.1198,https://pubsonline.informs.org/doi/10.1287/trsc.2023.1198
24,70,7,1938.6,True,1938.6,optimal,False,False,Do not use as CASOP BKS: Wahlen & Gschwind state that M&O did not specify aisle/depot entry/exit distances and they adopted the H&W/ZKS interpretation. This changes numerical objective values relative to the H&I/CASOP reference geometry.,Wahlen & Gschwind (2023),10.1287/trsc.2023.1198,https://pubsonline.informs.org/doi/10.1287/trsc.2023.1198
24,70,8,1898.0,True,1898.0,optimal,False,False,Do not use as CASOP BKS: Wahlen & Gschwind state that M&O did not specify aisle/depot entry/exit distances and they adopted the H&W/ZKS interpretation. This changes numerical objective values relative to the H&I/CASOP reference geometry.,Wahlen & Gschwind (2023),10.1287/trsc.2023.1198,https://pubsonline.informs.org/doi/10.1287/trsc.2023.1198
24,70,9,2159.2,True,2159.2,optimal,False,False,Do not use as CASOP BKS: Wahlen & Gschwind state that M&O did not specify aisle/depot entry/exit distances and they adopted the H&W/ZKS interpretation. This changes numerical objective values relative to the H&I/CASOP reference geometry.,Wahlen & Gschwind (2023),10.1287/trsc.2023.1198,https://pubsonline.informs.org/doi/10.1287/trsc.2023.1198
24,70,10,1928.0,True,1928.0,optimal,False,False,Do not use as CASOP BKS: Wahlen & Gschwind state that M&O did not specify aisle/depot entry/exit distances and they adopted the H&W/ZKS interpretation. This changes numerical objective values relative to the H&I/CASOP reference geometry.,Wahlen & Gschwind (2023),10.1287/trsc.2023.1198,https://pubsonline.informs.org/doi/10.1287/trsc.2023.1198
24,80,1,2041.8,True,2041.8,optimal,False,False,Do not use as CASOP BKS: Wahlen & Gschwind state that M&O did not specify aisle/depot entry/exit distances and they adopted the H&W/ZKS interpretation. This changes numerical objective values relative to the H&I/CASOP reference geometry.,Wahlen & Gschwind (2023),10.1287/trsc.2023.1198,https://pubsonline.informs.org/doi/10.1287/trsc.2023.1198
24,80,2,2257.6,True,2257.6,optimal,False,False,Do not use as CASOP BKS: Wahlen & Gschwind state that M&O did not specify aisle/depot entry/exit distances and they adopted the H&W/ZKS interpretation. This changes numerical objective values relative to the H&I/CASOP reference geometry.,Wahlen & Gschwind (2023),10.1287/trsc.2023.1198,https://pubsonline.informs.org/doi/10.1287/trsc.2023.1198
24,80,3,2210.2,True,2210.2,optimal,False,False,Do not use as CASOP BKS: Wahlen & Gschwind state that M&O did not specify aisle/depot entry/exit distances and they adopted the H&W/ZKS interpretation. This changes numerical objective values relative to the H&I/CASOP reference geometry.,Wahlen & Gschwind (2023),10.1287/trsc.2023.1198,https://pubsonline.informs.org/doi/10.1287/trsc.2023.1198
24,80,4,2149.0,True,2149.0,optimal,False,False,Do not use as CASOP BKS: Wahlen & Gschwind state that M&O did not specify aisle/depot entry/exit distances and they adopted the H&W/ZKS interpretation. This changes numerical objective values relative to the H&I/CASOP reference geometry.,Wahlen & Gschwind (2023),10.1287/trsc.2023.1198,https://pubsonline.informs.org/doi/10.1287/trsc.2023.1198
24,80,5,2485.2,True,2485.2,optimal,False,False,Do not use as CASOP BKS: Wahlen & Gschwind state that M&O did not specify aisle/depot entry/exit distances and they adopted the H&W/ZKS interpretation. This changes numerical objective values relative to the H&I/CASOP reference geometry.,Wahlen & Gschwind (2023),10.1287/trsc.2023.1198,https://pubsonline.informs.org/doi/10.1287/trsc.2023.1198
24,80,6,2206.6,True,2206.6,optimal,False,False,Do not use as CASOP BKS: Wahlen & Gschwind state that M&O did not specify aisle/depot entry/exit distances and they adopted the H&W/ZKS interpretation. This changes numerical objective values relative to the H&I/CASOP reference geometry.,Wahlen & Gschwind (2023),10.1287/trsc.2023.1198,https://pubsonline.informs.org/doi/10.1287/trsc.2023.1198
24,80,7,2124.8,True,2124.8,optimal,False,False,Do not use as CASOP BKS: Wahlen & Gschwind state that M&O did not specify aisle/depot entry/exit distances and they adopted the H&W/ZKS interpretation. This changes numerical objective values relative to the H&I/CASOP reference geometry.,Wahlen & Gschwind (2023),10.1287/trsc.2023.1198,https://pubsonline.informs.org/doi/10.1287/trsc.2023.1198
24,80,8,2397.6,True,2397.6,optimal,False,False,Do not use as CASOP BKS: Wahlen & Gschwind state that M&O did not specify aisle/depot entry/exit distances and they adopted the H&W/ZKS interpretation. This changes numerical objective values relative to the H&I/CASOP reference geometry.,Wahlen & Gschwind (2023),10.1287/trsc.2023.1198,https://pubsonline.informs.org/doi/10.1287/trsc.2023.1198
24,80,9,2024.6,True,2024.6,optimal,False,False,Do not use as CASOP BKS: Wahlen & Gschwind state that M&O did not specify aisle/depot entry/exit distances and they adopted the H&W/ZKS interpretation. This changes numerical objective values relative to the H&I/CASOP reference geometry.,Wahlen & Gschwind (2023),10.1287/trsc.2023.1198,https://pubsonline.informs.org/doi/10.1287/trsc.2023.1198
24,80,10,2256.6,True,2256.6,optimal,False,False,Do not use as CASOP BKS: Wahlen & Gschwind state that M&O did not specify aisle/depot entry/exit distances and they adopted the H&W/ZKS interpretation. This changes numerical objective values relative to the H&I/CASOP reference geometry.,Wahlen & Gschwind (2023),10.1287/trsc.2023.1198,https://pubsonline.informs.org/doi/10.1287/trsc.2023.1198
24,90,1,2540.4,True,2540.4,optimal,False,False,Do not use as CASOP BKS: Wahlen & Gschwind state that M&O did not specify aisle/depot entry/exit distances and they adopted the H&W/ZKS interpretation. This changes numerical objective values relative to the H&I/CASOP reference geometry.,Wahlen & Gschwind (2023),10.1287/trsc.2023.1198,https://pubsonline.informs.org/doi/10.1287/trsc.2023.1198
24,90,2,2437.2,True,2437.2,optimal,False,False,Do not use as CASOP BKS: Wahlen & Gschwind state that M&O did not specify aisle/depot entry/exit distances and they adopted the H&W/ZKS interpretation. This changes numerical objective values relative to the H&I/CASOP reference geometry.,Wahlen & Gschwind (2023),10.1287/trsc.2023.1198,https://pubsonline.informs.org/doi/10.1287/trsc.2023.1198
24,90,3,2541.4,True,2541.4,optimal,False,False,Do not use as CASOP BKS: Wahlen & Gschwind state that M&O did not specify aisle/depot entry/exit distances and they adopted the H&W/ZKS interpretation. This changes numerical objective values relative to the H&I/CASOP reference geometry.,Wahlen & Gschwind (2023),10.1287/trsc.2023.1198,https://pubsonline.informs.org/doi/10.1287/trsc.2023.1198
24,90,4,2550.2,True,2550.2,optimal,False,False,Do not use as CASOP BKS: Wahlen & Gschwind state that M&O did not specify aisle/depot entry/exit distances and they adopted the H&W/ZKS interpretation. This changes numerical objective values relative to the H&I/CASOP reference geometry.,Wahlen & Gschwind (2023),10.1287/trsc.2023.1198,https://pubsonline.informs.org/doi/10.1287/trsc.2023.1198
24,90,5,2365.6,True,2365.6,optimal,False,False,Do not use as CASOP BKS: Wahlen & Gschwind state that M&O did not specify aisle/depot entry/exit distances and they adopted the H&W/ZKS interpretation. This changes numerical objective values relative to the H&I/CASOP reference geometry.,Wahlen & Gschwind (2023),10.1287/trsc.2023.1198,https://pubsonline.informs.org/doi/10.1287/trsc.2023.1198
24,90,6,2472.8,True,2472.8,optimal,False,False,Do not use as CASOP BKS: Wahlen & Gschwind state that M&O did not specify aisle/depot entry/exit distances and they adopted the H&W/ZKS interpretation. This changes numerical objective values relative to the H&I/CASOP reference geometry.,Wahlen & Gschwind (2023),10.1287/trsc.2023.1198,https://pubsonline.informs.org/doi/10.1287/trsc.2023.1198
24,90,7,2623.2,True,2623.2,optimal,False,False,Do not use as CASOP BKS: Wahlen & Gschwind state that M&O did not specify aisle/depot entry/exit distances and they adopted the H&W/ZKS interpretation. This changes numerical objective values relative to the H&I/CASOP reference geometry.,Wahlen & Gschwind (2023),10.1287/trsc.2023.1198,https://pubsonline.informs.org/doi/10.1287/trsc.2023.1198
24,90,8,2497.4,True,2497.4,optimal,False,False,Do not use as CASOP BKS: Wahlen & Gschwind state that M&O did not specify aisle/depot entry/exit distances and they adopted the H&W/ZKS interpretation. This changes numerical objective values relative to the H&I/CASOP reference geometry.,Wahlen & Gschwind (2023),10.1287/trsc.2023.1198,https://pubsonline.informs.org/doi/10.1287/trsc.2023.1198
24,90,9,2582.2,True,2582.2,optimal,False,False,Do not use as CASOP BKS: Wahlen & Gschwind state that M&O did not specify aisle/depot entry/exit distances and they adopted the H&W/ZKS interpretation. This changes numerical objective values relative to the H&I/CASOP reference geometry.,Wahlen & Gschwind (2023),10.1287/trsc.2023.1198,https://pubsonline.informs.org/doi/10.1287/trsc.2023.1198
24,90,10,2545.2,True,2545.2,optimal,False,False,Do not use as CASOP BKS: Wahlen & Gschwind state that M&O did not specify aisle/depot entry/exit distances and they adopted the H&W/ZKS interpretation. This changes numerical objective values relative to the H&I/CASOP reference geometry.,Wahlen & Gschwind (2023),10.1287/trsc.2023.1198,https://pubsonline.informs.org/doi/10.1287/trsc.2023.1198
24,100,1,3036.0,True,3036.0,optimal,False,False,Do not use as CASOP BKS: Wahlen & Gschwind state that M&O did not specify aisle/depot entry/exit distances and they adopted the H&W/ZKS interpretation. This changes numerical objective values relative to the H&I/CASOP reference geometry.,Wahlen & Gschwind (2023),10.1287/trsc.2023.1198,https://pubsonline.informs.org/doi/10.1287/trsc.2023.1198
24,100,2,2873.6,True,2873.6,optimal,False,False,Do not use as CASOP BKS: Wahlen & Gschwind state that M&O did not specify aisle/depot entry/exit distances and they adopted the H&W/ZKS interpretation. This changes numerical objective values relative to the H&I/CASOP reference geometry.,Wahlen & Gschwind (2023),10.1287/trsc.2023.1198,https://pubsonline.informs.org/doi/10.1287/trsc.2023.1198
24,100,3,2818.8,True,2818.8,optimal,False,False,Do not use as CASOP BKS: Wahlen & Gschwind state that M&O did not specify aisle/depot entry/exit distances and they adopted the H&W/ZKS interpretation. This changes numerical objective values relative to the H&I/CASOP reference geometry.,Wahlen & Gschwind (2023),10.1287/trsc.2023.1198,https://pubsonline.informs.org/doi/10.1287/trsc.2023.1198
24,100,4,2743.0,True,2743.0,optimal,False,False,Do not use as CASOP BKS: Wahlen & Gschwind state that M&O did not specify aisle/depot entry/exit distances and they adopted the H&W/ZKS interpretation. This changes numerical objective values relative to the H&I/CASOP reference geometry.,Wahlen & Gschwind (2023),10.1287/trsc.2023.1198,https://pubsonline.informs.org/doi/10.1287/trsc.2023.1198
24,100,5,2833.8,True,2833.8,optimal,False,False,Do not use as CASOP BKS: Wahlen & Gschwind state that M&O did not specify aisle/depot entry/exit distances and they adopted the H&W/ZKS interpretation. This changes numerical objective values relative to the H&I/CASOP reference geometry.,Wahlen & Gschwind (2023),10.1287/trsc.2023.1198,https://pubsonline.informs.org/doi/10.1287/trsc.2023.1198
24,100,6,2671.0,False,2671.0,optimal,False,False,Do not use as CASOP BKS: Wahlen & Gschwind state that M&O did not specify aisle/depot entry/exit distances and they adopted the H&W/ZKS interpretation. This changes numerical objective values relative to the H&I/CASOP reference geometry.,Wahlen & Gschwind (2023),10.1287/trsc.2023.1198,https://pubsonline.informs.org/doi/10.1287/trsc.2023.1198
24,100,7,2764.6,True,2764.6,optimal,False,False,Do not use as CASOP BKS: Wahlen & Gschwind state that M&O did not specify aisle/depot entry/exit distances and they adopted the H&W/ZKS interpretation. This changes numerical objective values relative to the H&I/CASOP reference geometry.,Wahlen & Gschwind (2023),10.1287/trsc.2023.1198,https://pubsonline.informs.org/doi/10.1287/trsc.2023.1198
24,100,8,2678.4,True,2678.4,optimal,False,False,Do not use as CASOP BKS: Wahlen & Gschwind state that M&O did not specify aisle/depot entry/exit distances and they adopted the H&W/ZKS interpretation. This changes numerical objective values relative to the H&I/CASOP reference geometry.,Wahlen & Gschwind (2023),10.1287/trsc.2023.1198,https://pubsonline.informs.org/doi/10.1287/trsc.2023.1198
24,100,9,2784.2,True,2784.2,optimal,False,False,Do not use as CASOP BKS: Wahlen & Gschwind state that M&O did not specify aisle/depot entry/exit distances and they adopted the H&W/ZKS interpretation. This changes numerical objective values relative to the H&I/CASOP reference geometry.,Wahlen & Gschwind (2023),10.1287/trsc.2023.1198,https://pubsonline.informs.org/doi/10.1287/trsc.2023.1198
24,100,10,2782.8,True,2782.8,optimal,False,False,Do not use as CASOP BKS: Wahlen & Gschwind state that M&O did not specify aisle/depot entry/exit distances and they adopted the H&W/ZKS interpretation. This changes numerical objective values relative to the H&I/CASOP reference geometry.,Wahlen & Gschwind (2023),10.1287/trsc.2023.1198,https://pubsonline.informs.org/doi/10.1287/trsc.2023.1198
36,20,1,520.2,True,520.2,optimal,False,False,Do not use as CASOP BKS: Wahlen & Gschwind state that M&O did not specify aisle/depot entry/exit distances and they adopted the H&W/ZKS interpretation. This changes numerical objective values relative to the H&I/CASOP reference geometry.,Wahlen & Gschwind (2023),10.1287/trsc.2023.1198,https://pubsonline.informs.org/doi/10.1287/trsc.2023.1198
36,20,2,529.2,True,529.2,optimal,False,False,Do not use as CASOP BKS: Wahlen & Gschwind state that M&O did not specify aisle/depot entry/exit distances and they adopted the H&W/ZKS interpretation. This changes numerical objective values relative to the H&I/CASOP reference geometry.,Wahlen & Gschwind (2023),10.1287/trsc.2023.1198,https://pubsonline.informs.org/doi/10.1287/trsc.2023.1198
36,20,3,531.0,True,531.0,optimal,False,False,Do not use as CASOP BKS: Wahlen & Gschwind state that M&O did not specify aisle/depot entry/exit distances and they adopted the H&W/ZKS interpretation. This changes numerical objective values relative to the H&I/CASOP reference geometry.,Wahlen & Gschwind (2023),10.1287/trsc.2023.1198,https://pubsonline.informs.org/doi/10.1287/trsc.2023.1198
36,20,4,500.2,True,500.2,optimal,False,False,Do not use as CASOP BKS: Wahlen & Gschwind state that M&O did not specify aisle/depot entry/exit distances and they adopted the H&W/ZKS interpretation. This changes numerical objective values relative to the H&I/CASOP reference geometry.,Wahlen & Gschwind (2023),10.1287/trsc.2023.1198,https://pubsonline.informs.org/doi/10.1287/trsc.2023.1198
36,20,5,482.2,True,482.2,optimal,False,False,Do not use as CASOP BKS: Wahlen & Gschwind state that M&O did not specify aisle/depot entry/exit distances and they adopted the H&W/ZKS interpretation. This changes numerical objective values relative to the H&I/CASOP reference geometry.,Wahlen & Gschwind (2023),10.1287/trsc.2023.1198,https://pubsonline.informs.org/doi/10.1287/trsc.2023.1198
36,20,6,392.8,True,392.8,optimal,False,False,Do not use as CASOP BKS: Wahlen & Gschwind state that M&O did not specify aisle/depot entry/exit distances and they adopted the H&W/ZKS interpretation. This changes numerical objective values relative to the H&I/CASOP reference geometry.,Wahlen & Gschwind (2023),10.1287/trsc.2023.1198,https://pubsonline.informs.org/doi/10.1287/trsc.2023.1198
36,20,7,475.6,True,475.6,optimal,False,False,Do not use as CASOP BKS: Wahlen & Gschwind state that M&O did not specify aisle/depot entry/exit distances and they adopted the H&W/ZKS interpretation. This changes numerical objective values relative to the H&I/CASOP reference geometry.,Wahlen & Gschwind (2023),10.1287/trsc.2023.1198,https://pubsonline.informs.org/doi/10.1287/trsc.2023.1198
36,20,8,486.0,True,486.0,optimal,False,False,Do not use as CASOP BKS: Wahlen & Gschwind state that M&O did not specify aisle/depot entry/exit distances and they adopted the H&W/ZKS interpretation. This changes numerical objective values relative to the H&I/CASOP reference geometry.,Wahlen & Gschwind (2023),10.1287/trsc.2023.1198,https://pubsonline.informs.org/doi/10.1287/trsc.2023.1198
36,20,9,533.0,True,533.0,optimal,False,False,Do not use as CASOP BKS: Wahlen & Gschwind state that M&O did not specify aisle/depot entry/exit distances and they adopted the H&W/ZKS interpretation. This changes numerical objective values relative to the H&I/CASOP reference geometry.,Wahlen & Gschwind (2023),10.1287/trsc.2023.1198,https://pubsonline.informs.org/doi/10.1287/trsc.2023.1198
36,20,10,393.8,True,393.8,optimal,False,False,Do not use as CASOP BKS: Wahlen & Gschwind state that M&O did not specify aisle/depot entry/exit distances and they adopted the H&W/ZKS interpretation. This changes numerical objective values relative to the H&I/CASOP reference geometry.,Wahlen & Gschwind (2023),10.1287/trsc.2023.1198,https://pubsonline.informs.org/doi/10.1287/trsc.2023.1198
36,30,1,721.8,True,721.8,optimal,False,False,Do not use as CASOP BKS: Wahlen & Gschwind state that M&O did not specify aisle/depot entry/exit distances and they adopted the H&W/ZKS interpretation. This changes numerical objective values relative to the H&I/CASOP reference geometry.,Wahlen & Gschwind (2023),10.1287/trsc.2023.1198,https://pubsonline.informs.org/doi/10.1287/trsc.2023.1198
36,30,2,772.4,True,772.4,optimal,False,False,Do not use as CASOP BKS: Wahlen & Gschwind state that M&O did not specify aisle/depot entry/exit distances and they adopted the H&W/ZKS interpretation. This changes numerical objective values relative to the H&I/CASOP reference geometry.,Wahlen & Gschwind (2023),10.1287/trsc.2023.1198,https://pubsonline.informs.org/doi/10.1287/trsc.2023.1198
36,30,3,604.6,True,604.6,optimal,False,False,Do not use as CASOP BKS: Wahlen & Gschwind state that M&O did not specify aisle/depot entry/exit distances and they adopted the H&W/ZKS interpretation. This changes numerical objective values relative to the H&I/CASOP reference geometry.,Wahlen & Gschwind (2023),10.1287/trsc.2023.1198,https://pubsonline.informs.org/doi/10.1287/trsc.2023.1198
36,30,4,633.0,True,633.0,optimal,False,False,Do not use as CASOP BKS: Wahlen & Gschwind state that M&O did not specify aisle/depot entry/exit distances and they adopted the H&W/ZKS interpretation. This changes numerical objective values relative to the H&I/CASOP reference geometry.,Wahlen & Gschwind (2023),10.1287/trsc.2023.1198,https://pubsonline.informs.org/doi/10.1287/trsc.2023.1198
36,30,5,638.2,True,638.2,optimal,False,False,Do not use as CASOP BKS: Wahlen & Gschwind state that M&O did not specify aisle/depot entry/exit distances and they adopted the H&W/ZKS interpretation. This changes numerical objective values relative to the H&I/CASOP reference geometry.,Wahlen & Gschwind (2023),10.1287/trsc.2023.1198,https://pubsonline.informs.org/doi/10.1287/trsc.2023.1198
36,30,6,639.4,True,639.4,optimal,False,False,Do not use as CASOP BKS: Wahlen & Gschwind state that M&O did not specify aisle/depot entry/exit distances and they adopted the H&W/ZKS interpretation. This changes numerical objective values relative to the H&I/CASOP reference geometry.,Wahlen & Gschwind (2023),10.1287/trsc.2023.1198,https://pubsonline.informs.org/doi/10.1287/trsc.2023.1198
36,30,7,630.0,True,630.0,optimal,False,False,Do not use as CASOP BKS: Wahlen & Gschwind state that M&O did not specify aisle/depot entry/exit distances and they adopted the H&W/ZKS interpretation. This changes numerical objective values relative to the H&I/CASOP reference geometry.,Wahlen & Gschwind (2023),10.1287/trsc.2023.1198,https://pubsonline.informs.org/doi/10.1287/trsc.2023.1198
36,30,8,682.4,True,682.4,optimal,False,False,Do not use as CASOP BKS: Wahlen & Gschwind state that M&O did not specify aisle/depot entry/exit distances and they adopted the H&W/ZKS interpretation. This changes numerical objective values relative to the H&I/CASOP reference geometry.,Wahlen & Gschwind (2023),10.1287/trsc.2023.1198,https://pubsonline.informs.org/doi/10.1287/trsc.2023.1198
36,30,9,653.0,True,653.0,optimal,False,False,Do not use as CASOP BKS: Wahlen & Gschwind state that M&O did not specify aisle/depot entry/exit distances and they adopted the H&W/ZKS interpretation. This changes numerical objective values relative to the H&I/CASOP reference geometry.,Wahlen & Gschwind (2023),10.1287/trsc.2023.1198,https://pubsonline.informs.org/doi/10.1287/trsc.2023.1198
36,30,10,614.2,True,614.2,optimal,False,False,Do not use as CASOP BKS: Wahlen & Gschwind state that M&O did not specify aisle/depot entry/exit distances and they adopted the H&W/ZKS interpretation. This changes numerical objective values relative to the H&I/CASOP reference geometry.,Wahlen & Gschwind (2023),10.1287/trsc.2023.1198,https://pubsonline.informs.org/doi/10.1287/trsc.2023.1198
36,40,1,957.0,True,957.0,optimal,False,False,Do not use as CASOP BKS: Wahlen & Gschwind state that M&O did not specify aisle/depot entry/exit distances and they adopted the H&W/ZKS interpretation. This changes numerical objective values relative to the H&I/CASOP reference geometry.,Wahlen & Gschwind (2023),10.1287/trsc.2023.1198,https://pubsonline.informs.org/doi/10.1287/trsc.2023.1198
36,40,2,845.2,True,845.2,optimal,False,False,Do not use as CASOP BKS: Wahlen & Gschwind state that M&O did not specify aisle/depot entry/exit distances and they adopted the H&W/ZKS interpretation. This changes numerical objective values relative to the H&I/CASOP reference geometry.,Wahlen & Gschwind (2023),10.1287/trsc.2023.1198,https://pubsonline.informs.org/doi/10.1287/trsc.2023.1198
36,40,3,960.4,True,960.4,optimal,False,False,Do not use as CASOP BKS: Wahlen & Gschwind state that M&O did not specify aisle/depot entry/exit distances and they adopted the H&W/ZKS interpretation. This changes numerical objective values relative to the H&I/CASOP reference geometry.,Wahlen & Gschwind (2023),10.1287/trsc.2023.1198,https://pubsonline.informs.org/doi/10.1287/trsc.2023.1198
36,40,4,853.0,True,853.0,optimal,False,False,Do not use as CASOP BKS: Wahlen & Gschwind state that M&O did not specify aisle/depot entry/exit distances and they adopted the H&W/ZKS interpretation. This changes numerical objective values relative to the H&I/CASOP reference geometry.,Wahlen & Gschwind (2023),10.1287/trsc.2023.1198,https://pubsonline.informs.org/doi/10.1287/trsc.2023.1198
36,40,5,871.6,True,871.6,optimal,False,False,Do not use as CASOP BKS: Wahlen & Gschwind state that M&O did not specify aisle/depot entry/exit distances and they adopted the H&W/ZKS interpretation. This changes numerical objective values relative to the H&I/CASOP reference geometry.,Wahlen & Gschwind (2023),10.1287/trsc.2023.1198,https://pubsonline.informs.org/doi/10.1287/trsc.2023.1198
36,40,6,880.6,True,880.6,optimal,False,False,Do not use as CASOP BKS: Wahlen & Gschwind state that M&O did not specify aisle/depot entry/exit distances and they adopted the H&W/ZKS interpretation. This changes numerical objective values relative to the H&I/CASOP reference geometry.,Wahlen & Gschwind (2023),10.1287/trsc.2023.1198,https://pubsonline.informs.org/doi/10.1287/trsc.2023.1198
36,40,7,867.0,True,867.0,optimal,False,False,Do not use as CASOP BKS: Wahlen & Gschwind state that M&O did not specify aisle/depot entry/exit distances and they adopted the H&W/ZKS interpretation. This changes numerical objective values relative to the H&I/CASOP reference geometry.,Wahlen & Gschwind (2023),10.1287/trsc.2023.1198,https://pubsonline.informs.org/doi/10.1287/trsc.2023.1198
36,40,8,830.8,True,830.8,optimal,False,False,Do not use as CASOP BKS: Wahlen & Gschwind state that M&O did not specify aisle/depot entry/exit distances and they adopted the H&W/ZKS interpretation. This changes numerical objective values relative to the H&I/CASOP reference geometry.,Wahlen & Gschwind (2023),10.1287/trsc.2023.1198,https://pubsonline.informs.org/doi/10.1287/trsc.2023.1198
36,40,9,813.4,True,813.4,optimal,False,False,Do not use as CASOP BKS: Wahlen & Gschwind state that M&O did not specify aisle/depot entry/exit distances and they adopted the H&W/ZKS interpretation. This changes numerical objective values relative to the H&I/CASOP reference geometry.,Wahlen & Gschwind (2023),10.1287/trsc.2023.1198,https://pubsonline.informs.org/doi/10.1287/trsc.2023.1198
36,40,10,859.0,True,859.0,optimal,False,False,Do not use as CASOP BKS: Wahlen & Gschwind state that M&O did not specify aisle/depot entry/exit distances and they adopted the H&W/ZKS interpretation. This changes numerical objective values relative to the H&I/CASOP reference geometry.,Wahlen & Gschwind (2023),10.1287/trsc.2023.1198,https://pubsonline.informs.org/doi/10.1287/trsc.2023.1198
36,50,1,1105.2,True,1105.2,optimal,False,False,Do not use as CASOP BKS: Wahlen & Gschwind state that M&O did not specify aisle/depot entry/exit distances and they adopted the H&W/ZKS interpretation. This changes numerical objective values relative to the H&I/CASOP reference geometry.,Wahlen & Gschwind (2023),10.1287/trsc.2023.1198,https://pubsonline.informs.org/doi/10.1287/trsc.2023.1198
36,50,2,964.8,True,964.8,optimal,False,False,Do not use as CASOP BKS: Wahlen & Gschwind state that M&O did not specify aisle/depot entry/exit distances and they adopted the H&W/ZKS interpretation. This changes numerical objective values relative to the H&I/CASOP reference geometry.,Wahlen & Gschwind (2023),10.1287/trsc.2023.1198,https://pubsonline.informs.org/doi/10.1287/trsc.2023.1198
36,50,3,1068.4,True,1068.4,optimal,False,False,Do not use as CASOP BKS: Wahlen & Gschwind state that M&O did not specify aisle/depot entry/exit distances and they adopted the H&W/ZKS interpretation. This changes numerical objective values relative to the H&I/CASOP reference geometry.,Wahlen & Gschwind (2023),10.1287/trsc.2023.1198,https://pubsonline.informs.org/doi/10.1287/trsc.2023.1198
36,50,4,1071.4,True,1071.4,optimal,False,False,Do not use as CASOP BKS: Wahlen & Gschwind state that M&O did not specify aisle/depot entry/exit distances and they adopted the H&W/ZKS interpretation. This changes numerical objective values relative to the H&I/CASOP reference geometry.,Wahlen & Gschwind (2023),10.1287/trsc.2023.1198,https://pubsonline.informs.org/doi/10.1287/trsc.2023.1198
36,50,5,1120.2,True,1120.2,optimal,False,False,Do not use as CASOP BKS: Wahlen & Gschwind state that M&O did not specify aisle/depot entry/exit distances and they adopted the H&W/ZKS interpretation. This changes numerical objective values relative to the H&I/CASOP reference geometry.,Wahlen & Gschwind (2023),10.1287/trsc.2023.1198,https://pubsonline.informs.org/doi/10.1287/trsc.2023.1198
36,50,6,1084.6,True,1084.6,optimal,False,False,Do not use as CASOP BKS: Wahlen & Gschwind state that M&O did not specify aisle/depot entry/exit distances and they adopted the H&W/ZKS interpretation. This changes numerical objective values relative to the H&I/CASOP reference geometry.,Wahlen & Gschwind (2023),10.1287/trsc.2023.1198,https://pubsonline.informs.org/doi/10.1287/trsc.2023.1198
36,50,7,929.6,True,929.6,optimal,False,False,Do not use as CASOP BKS: Wahlen & Gschwind state that M&O did not specify aisle/depot entry/exit distances and they adopted the H&W/ZKS interpretation. This changes numerical objective values relative to the H&I/CASOP reference geometry.,Wahlen & Gschwind (2023),10.1287/trsc.2023.1198,https://pubsonline.informs.org/doi/10.1287/trsc.2023.1198
36,50,8,946.2,True,946.2,optimal,False,False,Do not use as CASOP BKS: Wahlen & Gschwind state that M&O did not specify aisle/depot entry/exit distances and they adopted the H&W/ZKS interpretation. This changes numerical objective values relative to the H&I/CASOP reference geometry.,Wahlen & Gschwind (2023),10.1287/trsc.2023.1198,https://pubsonline.informs.org/doi/10.1287/trsc.2023.1198
36,50,9,953.6,True,953.6,optimal,False,False,Do not use as CASOP BKS: Wahlen & Gschwind state that M&O did not specify aisle/depot entry/exit distances and they adopted the H&W/ZKS interpretation. This changes numerical objective values relative to the H&I/CASOP reference geometry.,Wahlen & Gschwind (2023),10.1287/trsc.2023.1198,https://pubsonline.informs.org/doi/10.1287/trsc.2023.1198
36,50,10,1074.4,True,1074.4,optimal,False,False,Do not use as CASOP BKS: Wahlen & Gschwind state that M&O did not specify aisle/depot entry/exit distances and they adopted the H&W/ZKS interpretation. This changes numerical objective values relative to the H&I/CASOP reference geometry.,Wahlen & Gschwind (2023),10.1287/trsc.2023.1198,https://pubsonline.informs.org/doi/10.1287/trsc.2023.1198
36,60,1,1197.4,True,1197.4,optimal,False,False,Do not use as CASOP BKS: Wahlen & Gschwind state that M&O did not specify aisle/depot entry/exit distances and they adopted the H&W/ZKS interpretation. This changes numerical objective values relative to the H&I/CASOP reference geometry.,Wahlen & Gschwind (2023),10.1287/trsc.2023.1198,https://pubsonline.informs.org/doi/10.1287/trsc.2023.1198
36,60,2,1127.4,True,1127.4,optimal,False,False,Do not use as CASOP BKS: Wahlen & Gschwind state that M&O did not specify aisle/depot entry/exit distances and they adopted the H&W/ZKS interpretation. This changes numerical objective values relative to the H&I/CASOP reference geometry.,Wahlen & Gschwind (2023),10.1287/trsc.2023.1198,https://pubsonline.informs.org/doi/10.1287/trsc.2023.1198
36,60,3,1259.4,True,1259.4,optimal,False,False,Do not use as CASOP BKS: Wahlen & Gschwind state that M&O did not specify aisle/depot entry/exit distances and they adopted the H&W/ZKS interpretation. This changes numerical objective values relative to the H&I/CASOP reference geometry.,Wahlen & Gschwind (2023),10.1287/trsc.2023.1198,https://pubsonline.informs.org/doi/10.1287/trsc.2023.1198
36,60,4,1155.2,True,1155.2,optimal,False,False,Do not use as CASOP BKS: Wahlen & Gschwind state that M&O did not specify aisle/depot entry/exit distances and they adopted the H&W/ZKS interpretation. This changes numerical objective values relative to the H&I/CASOP reference geometry.,Wahlen & Gschwind (2023),10.1287/trsc.2023.1198,https://pubsonline.informs.org/doi/10.1287/trsc.2023.1198
36,60,5,1336.0,True,1336.0,optimal,False,False,Do not use as CASOP BKS: Wahlen & Gschwind state that M&O did not specify aisle/depot entry/exit distances and they adopted the H&W/ZKS interpretation. This changes numerical objective values relative to the H&I/CASOP reference geometry.,Wahlen & Gschwind (2023),10.1287/trsc.2023.1198,https://pubsonline.informs.org/doi/10.1287/trsc.2023.1198
36,60,6,1431.6,True,1431.6,optimal,False,False,Do not use as CASOP BKS: Wahlen & Gschwind state that M&O did not specify aisle/depot entry/exit distances and they adopted the H&W/ZKS interpretation. This changes numerical objective values relative to the H&I/CASOP reference geometry.,Wahlen & Gschwind (2023),10.1287/trsc.2023.1198,https://pubsonline.informs.org/doi/10.1287/trsc.2023.1198
36,60,7,1322.0,True,1322.0,optimal,False,False,Do not use as CASOP BKS: Wahlen & Gschwind state that M&O did not specify aisle/depot entry/exit distances and they adopted the H&W/ZKS interpretation. This changes numerical objective values relative to the H&I/CASOP reference geometry.,Wahlen & Gschwind (2023),10.1287/trsc.2023.1198,https://pubsonline.informs.org/doi/10.1287/trsc.2023.1198
36,60,8,1320.4,True,1320.4,optimal,False,False,Do not use as CASOP BKS: Wahlen & Gschwind state that M&O did not specify aisle/depot entry/exit distances and they adopted the H&W/ZKS interpretation. This changes numerical objective values relative to the H&I/CASOP reference geometry.,Wahlen & Gschwind (2023),10.1287/trsc.2023.1198,https://pubsonline.informs.org/doi/10.1287/trsc.2023.1198
36,60,9,1092.2,True,1092.2,optimal,False,False,Do not use as CASOP BKS: Wahlen & Gschwind state that M&O did not specify aisle/depot entry/exit distances and they adopted the H&W/ZKS interpretation. This changes numerical objective values relative to the H&I/CASOP reference geometry.,Wahlen & Gschwind (2023),10.1287/trsc.2023.1198,https://pubsonline.informs.org/doi/10.1287/trsc.2023.1198
36,60,10,1302.8,True,1302.8,optimal,False,False,Do not use as CASOP BKS: Wahlen & Gschwind state that M&O did not specify aisle/depot entry/exit distances and they adopted the H&W/ZKS interpretation. This changes numerical objective values relative to the H&I/CASOP reference geometry.,Wahlen & Gschwind (2023),10.1287/trsc.2023.1198,https://pubsonline.informs.org/doi/10.1287/trsc.2023.1198
36,70,1,1431.8,True,1431.8,optimal,False,False,Do not use as CASOP BKS: Wahlen & Gschwind state that M&O did not specify aisle/depot entry/exit distances and they adopted the H&W/ZKS interpretation. This changes numerical objective values relative to the H&I/CASOP reference geometry.,Wahlen & Gschwind (2023),10.1287/trsc.2023.1198,https://pubsonline.informs.org/doi/10.1287/trsc.2023.1198
36,70,2,1491.2,True,1491.2,optimal,False,False,Do not use as CASOP BKS: Wahlen & Gschwind state that M&O did not specify aisle/depot entry/exit distances and they adopted the H&W/ZKS interpretation. This changes numerical objective values relative to the H&I/CASOP reference geometry.,Wahlen & Gschwind (2023),10.1287/trsc.2023.1198,https://pubsonline.informs.org/doi/10.1287/trsc.2023.1198
36,70,3,1551.8,True,1551.8,optimal,False,False,Do not use as CASOP BKS: Wahlen & Gschwind state that M&O did not specify aisle/depot entry/exit distances and they adopted the H&W/ZKS interpretation. This changes numerical objective values relative to the H&I/CASOP reference geometry.,Wahlen & Gschwind (2023),10.1287/trsc.2023.1198,https://pubsonline.informs.org/doi/10.1287/trsc.2023.1198
36,70,4,1440.2,True,1440.2,optimal,False,False,Do not use as CASOP BKS: Wahlen & Gschwind state that M&O did not specify aisle/depot entry/exit distances and they adopted the H&W/ZKS interpretation. This changes numerical objective values relative to the H&I/CASOP reference geometry.,Wahlen & Gschwind (2023),10.1287/trsc.2023.1198,https://pubsonline.informs.org/doi/10.1287/trsc.2023.1198
36,70,5,1355.8,True,1355.8,optimal,False,False,Do not use as CASOP BKS: Wahlen & Gschwind state that M&O did not specify aisle/depot entry/exit distances and they adopted the H&W/ZKS interpretation. This changes numerical objective values relative to the H&I/CASOP reference geometry.,Wahlen & Gschwind (2023),10.1287/trsc.2023.1198,https://pubsonline.informs.org/doi/10.1287/trsc.2023.1198
36,70,6,1446.4,True,1446.4,optimal,False,False,Do not use as CASOP BKS: Wahlen & Gschwind state that M&O did not specify aisle/depot entry/exit distances and they adopted the H&W/ZKS interpretation. This changes numerical objective values relative to the H&I/CASOP reference geometry.,Wahlen & Gschwind (2023),10.1287/trsc.2023.1198,https://pubsonline.informs.org/doi/10.1287/trsc.2023.1198
36,70,7,1400.8,True,1400.8,optimal,False,False,Do not use as CASOP BKS: Wahlen & Gschwind state that M&O did not specify aisle/depot entry/exit distances and they adopted the H&W/ZKS interpretation. This changes numerical objective values relative to the H&I/CASOP reference geometry.,Wahlen & Gschwind (2023),10.1287/trsc.2023.1198,https://pubsonline.informs.org/doi/10.1287/trsc.2023.1198
36,70,8,1408.4,True,1408.4,optimal,False,False,Do not use as CASOP BKS: Wahlen & Gschwind state that M&O did not specify aisle/depot entry/exit distances and they adopted the H&W/ZKS interpretation. This changes numerical objective values relative to the H&I/CASOP reference geometry.,Wahlen & Gschwind (2023),10.1287/trsc.2023.1198,https://pubsonline.informs.org/doi/10.1287/trsc.2023.1198
36,70,9,1563.8,True,1563.8,optimal,False,False,Do not use as CASOP BKS: Wahlen & Gschwind state that M&O did not specify aisle/depot entry/exit distances and they adopted the H&W/ZKS interpretation. This changes numerical objective values relative to the H&I/CASOP reference geometry.,Wahlen & Gschwind (2023),10.1287/trsc.2023.1198,https://pubsonline.informs.org/doi/10.1287/trsc.2023.1198
36,70,10,1396.8,True,1396.8,optimal,False,False,Do not use as CASOP BKS: Wahlen & Gschwind state that M&O did not specify aisle/depot entry/exit distances and they adopted the H&W/ZKS interpretation. This changes numerical objective values relative to the H&I/CASOP reference geometry.,Wahlen & Gschwind (2023),10.1287/trsc.2023.1198,https://pubsonline.informs.org/doi/10.1287/trsc.2023.1198
36,80,1,1497.6,True,1497.6,optimal,False,False,Do not use as CASOP BKS: Wahlen & Gschwind state that M&O did not specify aisle/depot entry/exit distances and they adopted the H&W/ZKS interpretation. This changes numerical objective values relative to the H&I/CASOP reference geometry.,Wahlen & Gschwind (2023),10.1287/trsc.2023.1198,https://pubsonline.informs.org/doi/10.1287/trsc.2023.1198
36,80,2,1633.6,True,1633.6,optimal,False,False,Do not use as CASOP BKS: Wahlen & Gschwind state that M&O did not specify aisle/depot entry/exit distances and they adopted the H&W/ZKS interpretation. This changes numerical objective values relative to the H&I/CASOP reference geometry.,Wahlen & Gschwind (2023),10.1287/trsc.2023.1198,https://pubsonline.informs.org/doi/10.1287/trsc.2023.1198
36,80,3,1626.0,False,1626.0,optimal,False,False,Do not use as CASOP BKS: Wahlen & Gschwind state that M&O did not specify aisle/depot entry/exit distances and they adopted the H&W/ZKS interpretation. This changes numerical objective values relative to the H&I/CASOP reference geometry.,Wahlen & Gschwind (2023),10.1287/trsc.2023.1198,https://pubsonline.informs.org/doi/10.1287/trsc.2023.1198
36,80,4,1582.0,True,1582.0,optimal,False,False,Do not use as CASOP BKS: Wahlen & Gschwind state that M&O did not specify aisle/depot entry/exit distances and they adopted the H&W/ZKS interpretation. This changes numerical objective values relative to the H&I/CASOP reference geometry.,Wahlen & Gschwind (2023),10.1287/trsc.2023.1198,https://pubsonline.informs.org/doi/10.1287/trsc.2023.1198
36,80,5,1797.4,True,1797.4,optimal,False,False,Do not use as CASOP BKS: Wahlen & Gschwind state that M&O did not specify aisle/depot entry/exit distances and they adopted the H&W/ZKS interpretation. This changes numerical objective values relative to the H&I/CASOP reference geometry.,Wahlen & Gschwind (2023),10.1287/trsc.2023.1198,https://pubsonline.informs.org/doi/10.1287/trsc.2023.1198
36,80,6,1613.0,True,1613.0,optimal,False,False,Do not use as CASOP BKS: Wahlen & Gschwind state that M&O did not specify aisle/depot entry/exit distances and they adopted the H&W/ZKS interpretation. This changes numerical objective values relative to the H&I/CASOP reference geometry.,Wahlen & Gschwind (2023),10.1287/trsc.2023.1198,https://pubsonline.informs.org/doi/10.1287/trsc.2023.1198
36,80,7,1529.2,True,1529.2,optimal,False,False,Do not use as CASOP BKS: Wahlen & Gschwind state that M&O did not specify aisle/depot entry/exit distances and they adopted the H&W/ZKS interpretation. This changes numerical objective values relative to the H&I/CASOP reference geometry.,Wahlen & Gschwind (2023),10.1287/trsc.2023.1198,https://pubsonline.informs.org/doi/10.1287/trsc.2023.1198
36,80,8,1738.4,True,1738.4,optimal,False,False,Do not use as CASOP BKS: Wahlen & Gschwind state that M&O did not specify aisle/depot entry/exit distances and they adopted the H&W/ZKS interpretation. This changes numerical objective values relative to the H&I/CASOP reference geometry.,Wahlen & Gschwind (2023),10.1287/trsc.2023.1198,https://pubsonline.informs.org/doi/10.1287/trsc.2023.1198
36,80,9,1487.4,False,1487.4,optimal,False,False,Do not use as CASOP BKS: Wahlen & Gschwind state that M&O did not specify aisle/depot entry/exit distances and they adopted the H&W/ZKS interpretation. This changes numerical objective values relative to the H&I/CASOP reference geometry.,Wahlen & Gschwind (2023),10.1287/trsc.2023.1198,https://pubsonline.informs.org/doi/10.1287/trsc.2023.1198
36,80,10,1648.6,True,1648.6,optimal,False,False,Do not use as CASOP BKS: Wahlen & Gschwind state that M&O did not specify aisle/depot entry/exit distances and they adopted the H&W/ZKS interpretation. This changes numerical objective values relative to the H&I/CASOP reference geometry.,Wahlen & Gschwind (2023),10.1287/trsc.2023.1198,https://pubsonline.informs.org/doi/10.1287/trsc.2023.1198
36,90,1,1860.6,True,1860.6,optimal,False,False,Do not use as CASOP BKS: Wahlen & Gschwind state that M&O did not specify aisle/depot entry/exit distances and they adopted the H&W/ZKS interpretation. This changes numerical objective values relative to the H&I/CASOP reference geometry.,Wahlen & Gschwind (2023),10.1287/trsc.2023.1198,https://pubsonline.informs.org/doi/10.1287/trsc.2023.1198
36,90,2,1751.2,True,1751.2,optimal,False,False,Do not use as CASOP BKS: Wahlen & Gschwind state that M&O did not specify aisle/depot entry/exit distances and they adopted the H&W/ZKS interpretation. This changes numerical objective values relative to the H&I/CASOP reference geometry.,Wahlen & Gschwind (2023),10.1287/trsc.2023.1198,https://pubsonline.informs.org/doi/10.1287/trsc.2023.1198
36,90,3,1848.8,True,1848.8,optimal,False,False,Do not use as CASOP BKS: Wahlen & Gschwind state that M&O did not specify aisle/depot entry/exit distances and they adopted the H&W/ZKS interpretation. This changes numerical objective values relative to the H&I/CASOP reference geometry.,Wahlen & Gschwind (2023),10.1287/trsc.2023.1198,https://pubsonline.informs.org/doi/10.1287/trsc.2023.1198
36,90,4,1851.6,True,1851.6,optimal,False,False,Do not use as CASOP BKS: Wahlen & Gschwind state that M&O did not specify aisle/depot entry/exit distances and they adopted the H&W/ZKS interpretation. This changes numerical objective values relative to the H&I/CASOP reference geometry.,Wahlen & Gschwind (2023),10.1287/trsc.2023.1198,https://pubsonline.informs.org/doi/10.1287/trsc.2023.1198
36,90,5,1725.0,True,1725.0,optimal,False,False,Do not use as CASOP BKS: Wahlen & Gschwind state that M&O did not specify aisle/depot entry/exit distances and they adopted the H&W/ZKS interpretation. This changes numerical objective values relative to the H&I/CASOP reference geometry.,Wahlen & Gschwind (2023),10.1287/trsc.2023.1198,https://pubsonline.informs.org/doi/10.1287/trsc.2023.1198
36,90,6,1821.2,False,1821.2,optimal,False,False,Do not use as CASOP BKS: Wahlen & Gschwind state that M&O did not specify aisle/depot entry/exit distances and they adopted the H&W/ZKS interpretation. This changes numerical objective values relative to the H&I/CASOP reference geometry.,Wahlen & Gschwind (2023),10.1287/trsc.2023.1198,https://pubsonline.informs.org/doi/10.1287/trsc.2023.1198
36,90,7,1898.0,True,1898.0,optimal,False,False,Do not use as CASOP BKS: Wahlen & Gschwind state that M&O did not specify aisle/depot entry/exit distances and they adopted the H&W/ZKS interpretation. This changes numerical objective values relative to the H&I/CASOP reference geometry.,Wahlen & Gschwind (2023),10.1287/trsc.2023.1198,https://pubsonline.informs.org/doi/10.1287/trsc.2023.1198
36,90,8,1793.0,False,1793.0,optimal,False,False,Do not use as CASOP BKS: Wahlen & Gschwind state that M&O did not specify aisle/depot entry/exit distances and they adopted the H&W/ZKS interpretation. This changes numerical objective values relative to the H&I/CASOP reference geometry.,Wahlen & Gschwind (2023),10.1287/trsc.2023.1198,https://pubsonline.informs.org/doi/10.1287/trsc.2023.1198
36,90,9,1857.2,True,1857.2,optimal,False,False,Do not use as CASOP BKS: Wahlen & Gschwind state that M&O did not specify aisle/depot entry/exit distances and they adopted the H&W/ZKS interpretation. This changes numerical objective values relative to the H&I/CASOP reference geometry.,Wahlen & Gschwind (2023),10.1287/trsc.2023.1198,https://pubsonline.informs.org/doi/10.1287/trsc.2023.1198
36,90,10,1869.8,False,1869.8,optimal,False,False,Do not use as CASOP BKS: Wahlen & Gschwind state that M&O did not specify aisle/depot entry/exit distances and they adopted the H&W/ZKS interpretation. This changes numerical objective values relative to the H&I/CASOP reference geometry.,Wahlen & Gschwind (2023),10.1287/trsc.2023.1198,https://pubsonline.informs.org/doi/10.1287/trsc.2023.1198
36,100,1,2169.2,True,2169.2,optimal,False,False,Do not use as CASOP BKS: Wahlen & Gschwind state that M&O did not specify aisle/depot entry/exit distances and they adopted the H&W/ZKS interpretation. This changes numerical objective values relative to the H&I/CASOP reference geometry.,Wahlen & Gschwind (2023),10.1287/trsc.2023.1198,https://pubsonline.informs.org/doi/10.1287/trsc.2023.1198
36,100,2,2100.2,True,2100.2,optimal,False,False,Do not use as CASOP BKS: Wahlen & Gschwind state that M&O did not specify aisle/depot entry/exit distances and they adopted the H&W/ZKS interpretation. This changes numerical objective values relative to the H&I/CASOP reference geometry.,Wahlen & Gschwind (2023),10.1287/trsc.2023.1198,https://pubsonline.informs.org/doi/10.1287/trsc.2023.1198
36,100,3,2059.4,False,2059.4,optimal,False,False,Do not use as CASOP BKS: Wahlen & Gschwind state that M&O did not specify aisle/depot entry/exit distances and they adopted the H&W/ZKS interpretation. This changes numerical objective values relative to the H&I/CASOP reference geometry.,Wahlen & Gschwind (2023),10.1287/trsc.2023.1198,https://pubsonline.informs.org/doi/10.1287/trsc.2023.1198
36,100,4,1997.8,False,1997.8,optimal,False,False,Do not use as CASOP BKS: Wahlen & Gschwind state that M&O did not specify aisle/depot entry/exit distances and they adopted the H&W/ZKS interpretation. This changes numerical objective values relative to the H&I/CASOP reference geometry.,Wahlen & Gschwind (2023),10.1287/trsc.2023.1198,https://pubsonline.informs.org/doi/10.1287/trsc.2023.1198
36,100,5,2043.6,True,2043.6,optimal,False,False,Do not use as CASOP BKS: Wahlen & Gschwind state that M&O did not specify aisle/depot entry/exit distances and they adopted the H&W/ZKS interpretation. This changes numerical objective values relative to the H&I/CASOP reference geometry.,Wahlen & Gschwind (2023),10.1287/trsc.2023.1198,https://pubsonline.informs.org/doi/10.1287/trsc.2023.1198
36,100,6,1927.2,True,1927.2,optimal,False,False,Do not use as CASOP BKS: Wahlen & Gschwind state that M&O did not specify aisle/depot entry/exit distances and they adopted the H&W/ZKS interpretation. This changes numerical objective values relative to the H&I/CASOP reference geometry.,Wahlen & Gschwind (2023),10.1287/trsc.2023.1198,https://pubsonline.informs.org/doi/10.1287/trsc.2023.1198
36,100,7,2041.2,False,2041.2,optimal,False,False,Do not use as CASOP BKS: Wahlen & Gschwind state that M&O did not specify aisle/depot entry/exit distances and they adopted the H&W/ZKS interpretation. This changes numerical objective values relative to the H&I/CASOP reference geometry.,Wahlen & Gschwind (2023),10.1287/trsc.2023.1198,https://pubsonline.informs.org/doi/10.1287/trsc.2023.1198
36,100,8,1947.4,False,1947.4,optimal,False,False,Do not use as CASOP BKS: Wahlen & Gschwind state that M&O did not specify aisle/depot entry/exit distances and they adopted the H&W/ZKS interpretation. This changes numerical objective values relative to the H&I/CASOP reference geometry.,Wahlen & Gschwind (2023),10.1287/trsc.2023.1198,https://pubsonline.informs.org/doi/10.1287/trsc.2023.1198
36,100,9,2036.0,False,2036.0,optimal,False,False,Do not use as CASOP BKS: Wahlen & Gschwind state that M&O did not specify aisle/depot entry/exit distances and they adopted the H&W/ZKS interpretation. This changes numerical objective values relative to the H&I/CASOP reference geometry.,Wahlen & Gschwind (2023),10.1287/trsc.2023.1198,https://pubsonline.informs.org/doi/10.1287/trsc.2023.1198
36,100,10,1976.6,True,1976.6,optimal,False,False,Do not use as CASOP BKS: Wahlen & Gschwind state that M&O did not specify aisle/depot entry/exit distances and they adopted the H&W/ZKS interpretation. This changes numerical objective values relative to the H&I/CASOP reference geometry.,Wahlen & Gschwind (2023),10.1287/trsc.2023.1198,https://pubsonline.informs.org/doi/10.1287/trsc.2023.1198
48,20,1,416.6,True,416.6,optimal,False,False,Do not use as CASOP BKS: Wahlen & Gschwind state that M&O did not specify aisle/depot entry/exit distances and they adopted the H&W/ZKS interpretation. This changes numerical objective values relative to the H&I/CASOP reference geometry.,Wahlen & Gschwind (2023),10.1287/trsc.2023.1198,https://pubsonline.informs.org/doi/10.1287/trsc.2023.1198
48,20,2,423.6,True,423.6,optimal,False,False,Do not use as CASOP BKS: Wahlen & Gschwind state that M&O did not specify aisle/depot entry/exit distances and they adopted the H&W/ZKS interpretation. This changes numerical objective values relative to the H&I/CASOP reference geometry.,Wahlen & Gschwind (2023),10.1287/trsc.2023.1198,https://pubsonline.informs.org/doi/10.1287/trsc.2023.1198
48,20,3,424.6,True,424.6,optimal,False,False,Do not use as CASOP BKS: Wahlen & Gschwind state that M&O did not specify aisle/depot entry/exit distances and they adopted the H&W/ZKS interpretation. This changes numerical objective values relative to the H&I/CASOP reference geometry.,Wahlen & Gschwind (2023),10.1287/trsc.2023.1198,https://pubsonline.informs.org/doi/10.1287/trsc.2023.1198
48,20,4,404.8,True,404.8,optimal,False,False,Do not use as CASOP BKS: Wahlen & Gschwind state that M&O did not specify aisle/depot entry/exit distances and they adopted the H&W/ZKS interpretation. This changes numerical objective values relative to the H&I/CASOP reference geometry.,Wahlen & Gschwind (2023),10.1287/trsc.2023.1198,https://pubsonline.informs.org/doi/10.1287/trsc.2023.1198
48,20,5,383.8,True,383.8,optimal,False,False,Do not use as CASOP BKS: Wahlen & Gschwind state that M&O did not specify aisle/depot entry/exit distances and they adopted the H&W/ZKS interpretation. This changes numerical objective values relative to the H&I/CASOP reference geometry.,Wahlen & Gschwind (2023),10.1287/trsc.2023.1198,https://pubsonline.informs.org/doi/10.1287/trsc.2023.1198
48,20,6,367.6,True,367.6,optimal,False,False,Do not use as CASOP BKS: Wahlen & Gschwind state that M&O did not specify aisle/depot entry/exit distances and they adopted the H&W/ZKS interpretation. This changes numerical objective values relative to the H&I/CASOP reference geometry.,Wahlen & Gschwind (2023),10.1287/trsc.2023.1198,https://pubsonline.informs.org/doi/10.1287/trsc.2023.1198
48,20,7,392.0,True,392.0,optimal,False,False,Do not use as CASOP BKS: Wahlen & Gschwind state that M&O did not specify aisle/depot entry/exit distances and they adopted the H&W/ZKS interpretation. This changes numerical objective values relative to the H&I/CASOP reference geometry.,Wahlen & Gschwind (2023),10.1287/trsc.2023.1198,https://pubsonline.informs.org/doi/10.1287/trsc.2023.1198
48,20,8,394.6,True,394.6,optimal,False,False,Do not use as CASOP BKS: Wahlen & Gschwind state that M&O did not specify aisle/depot entry/exit distances and they adopted the H&W/ZKS interpretation. This changes numerical objective values relative to the H&I/CASOP reference geometry.,Wahlen & Gschwind (2023),10.1287/trsc.2023.1198,https://pubsonline.informs.org/doi/10.1287/trsc.2023.1198
48,20,9,424.4,True,424.4,optimal,False,False,Do not use as CASOP BKS: Wahlen & Gschwind state that M&O did not specify aisle/depot entry/exit distances and they adopted the H&W/ZKS interpretation. This changes numerical objective values relative to the H&I/CASOP reference geometry.,Wahlen & Gschwind (2023),10.1287/trsc.2023.1198,https://pubsonline.informs.org/doi/10.1287/trsc.2023.1198
48,20,10,349.2,True,349.2,optimal,False,False,Do not use as CASOP BKS: Wahlen & Gschwind state that M&O did not specify aisle/depot entry/exit distances and they adopted the H&W/ZKS interpretation. This changes numerical objective values relative to the H&I/CASOP reference geometry.,Wahlen & Gschwind (2023),10.1287/trsc.2023.1198,https://pubsonline.informs.org/doi/10.1287/trsc.2023.1198
48,30,1,595.0,True,595.0,optimal,False,False,Do not use as CASOP BKS: Wahlen & Gschwind state that M&O did not specify aisle/depot entry/exit distances and they adopted the H&W/ZKS interpretation. This changes numerical objective values relative to the H&I/CASOP reference geometry.,Wahlen & Gschwind (2023),10.1287/trsc.2023.1198,https://pubsonline.informs.org/doi/10.1287/trsc.2023.1198
48,30,2,649.4,True,649.4,optimal,False,False,Do not use as CASOP BKS: Wahlen & Gschwind state that M&O did not specify aisle/depot entry/exit distances and they adopted the H&W/ZKS interpretation. This changes numerical objective values relative to the H&I/CASOP reference geometry.,Wahlen & Gschwind (2023),10.1287/trsc.2023.1198,https://pubsonline.informs.org/doi/10.1287/trsc.2023.1198
48,30,3,502.4,True,502.4,optimal,False,False,Do not use as CASOP BKS: Wahlen & Gschwind state that M&O did not specify aisle/depot entry/exit distances and they adopted the H&W/ZKS interpretation. This changes numerical objective values relative to the H&I/CASOP reference geometry.,Wahlen & Gschwind (2023),10.1287/trsc.2023.1198,https://pubsonline.informs.org/doi/10.1287/trsc.2023.1198
48,30,4,525.0,True,525.0,optimal,False,False,Do not use as CASOP BKS: Wahlen & Gschwind state that M&O did not specify aisle/depot entry/exit distances and they adopted the H&W/ZKS interpretation. This changes numerical objective values relative to the H&I/CASOP reference geometry.,Wahlen & Gschwind (2023),10.1287/trsc.2023.1198,https://pubsonline.informs.org/doi/10.1287/trsc.2023.1198
48,30,5,533.0,True,533.0,optimal,False,False,Do not use as CASOP BKS: Wahlen & Gschwind state that M&O did not specify aisle/depot entry/exit distances and they adopted the H&W/ZKS interpretation. This changes numerical objective values relative to the H&I/CASOP reference geometry.,Wahlen & Gschwind (2023),10.1287/trsc.2023.1198,https://pubsonline.informs.org/doi/10.1287/trsc.2023.1198
48,30,6,530.2,True,530.2,optimal,False,False,Do not use as CASOP BKS: Wahlen & Gschwind state that M&O did not specify aisle/depot entry/exit distances and they adopted the H&W/ZKS interpretation. This changes numerical objective values relative to the H&I/CASOP reference geometry.,Wahlen & Gschwind (2023),10.1287/trsc.2023.1198,https://pubsonline.informs.org/doi/10.1287/trsc.2023.1198
48,30,7,522.8,True,522.8,optimal,False,False,Do not use as CASOP BKS: Wahlen & Gschwind state that M&O did not specify aisle/depot entry/exit distances and they adopted the H&W/ZKS interpretation. This changes numerical objective values relative to the H&I/CASOP reference geometry.,Wahlen & Gschwind (2023),10.1287/trsc.2023.1198,https://pubsonline.informs.org/doi/10.1287/trsc.2023.1198
48,30,8,535.8,True,535.8,optimal,False,False,Do not use as CASOP BKS: Wahlen & Gschwind state that M&O did not specify aisle/depot entry/exit distances and they adopted the H&W/ZKS interpretation. This changes numerical objective values relative to the H&I/CASOP reference geometry.,Wahlen & Gschwind (2023),10.1287/trsc.2023.1198,https://pubsonline.informs.org/doi/10.1287/trsc.2023.1198
48,30,9,541.8,True,541.8,optimal,False,False,Do not use as CASOP BKS: Wahlen & Gschwind state that M&O did not specify aisle/depot entry/exit distances and they adopted the H&W/ZKS interpretation. This changes numerical objective values relative to the H&I/CASOP reference geometry.,Wahlen & Gschwind (2023),10.1287/trsc.2023.1198,https://pubsonline.informs.org/doi/10.1287/trsc.2023.1198
48,30,10,513.0,True,513.0,optimal,False,False,Do not use as CASOP BKS: Wahlen & Gschwind state that M&O did not specify aisle/depot entry/exit distances and they adopted the H&W/ZKS interpretation. This changes numerical objective values relative to the H&I/CASOP reference geometry.,Wahlen & Gschwind (2023),10.1287/trsc.2023.1198,https://pubsonline.informs.org/doi/10.1287/trsc.2023.1198
48,40,1,771.6,True,771.6,optimal,False,False,Do not use as CASOP BKS: Wahlen & Gschwind state that M&O did not specify aisle/depot entry/exit distances and they adopted the H&W/ZKS interpretation. This changes numerical objective values relative to the H&I/CASOP reference geometry.,Wahlen & Gschwind (2023),10.1287/trsc.2023.1198,https://pubsonline.informs.org/doi/10.1287/trsc.2023.1198
48,40,2,660.2,True,660.2,optimal,False,False,Do not use as CASOP BKS: Wahlen & Gschwind state that M&O did not specify aisle/depot entry/exit distances and they adopted the H&W/ZKS interpretation. This changes numerical objective values relative to the H&I/CASOP reference geometry.,Wahlen & Gschwind (2023),10.1287/trsc.2023.1198,https://pubsonline.informs.org/doi/10.1287/trsc.2023.1198
48,40,3,773.4,True,773.4,optimal,False,False,Do not use as CASOP BKS: Wahlen & Gschwind state that M&O did not specify aisle/depot entry/exit distances and they adopted the H&W/ZKS interpretation. This changes numerical objective values relative to the H&I/CASOP reference geometry.,Wahlen & Gschwind (2023),10.1287/trsc.2023.1198,https://pubsonline.informs.org/doi/10.1287/trsc.2023.1198
48,40,4,667.4,True,667.4,optimal,False,False,Do not use as CASOP BKS: Wahlen & Gschwind state that M&O did not specify aisle/depot entry/exit distances and they adopted the H&W/ZKS interpretation. This changes numerical objective values relative to the H&I/CASOP reference geometry.,Wahlen & Gschwind (2023),10.1287/trsc.2023.1198,https://pubsonline.informs.org/doi/10.1287/trsc.2023.1198
48,40,5,672.0,True,672.0,optimal,False,False,Do not use as CASOP BKS: Wahlen & Gschwind state that M&O did not specify aisle/depot entry/exit distances and they adopted the H&W/ZKS interpretation. This changes numerical objective values relative to the H&I/CASOP reference geometry.,Wahlen & Gschwind (2023),10.1287/trsc.2023.1198,https://pubsonline.informs.org/doi/10.1287/trsc.2023.1198
48,40,6,732.2,True,732.2,optimal,False,False,Do not use as CASOP BKS: Wahlen & Gschwind state that M&O did not specify aisle/depot entry/exit distances and they adopted the H&W/ZKS interpretation. This changes numerical objective values relative to the H&I/CASOP reference geometry.,Wahlen & Gschwind (2023),10.1287/trsc.2023.1198,https://pubsonline.informs.org/doi/10.1287/trsc.2023.1198
48,40,7,727.0,True,727.0,optimal,False,False,Do not use as CASOP BKS: Wahlen & Gschwind state that M&O did not specify aisle/depot entry/exit distances and they adopted the H&W/ZKS interpretation. This changes numerical objective values relative to the H&I/CASOP reference geometry.,Wahlen & Gschwind (2023),10.1287/trsc.2023.1198,https://pubsonline.informs.org/doi/10.1287/trsc.2023.1198
48,40,8,644.6,True,644.6,optimal,False,False,Do not use as CASOP BKS: Wahlen & Gschwind state that M&O did not specify aisle/depot entry/exit distances and they adopted the H&W/ZKS interpretation. This changes numerical objective values relative to the H&I/CASOP reference geometry.,Wahlen & Gschwind (2023),10.1287/trsc.2023.1198,https://pubsonline.informs.org/doi/10.1287/trsc.2023.1198
48,40,9,646.2,True,646.2,optimal,False,False,Do not use as CASOP BKS: Wahlen & Gschwind state that M&O did not specify aisle/depot entry/exit distances and they adopted the H&W/ZKS interpretation. This changes numerical objective values relative to the H&I/CASOP reference geometry.,Wahlen & Gschwind (2023),10.1287/trsc.2023.1198,https://pubsonline.informs.org/doi/10.1287/trsc.2023.1198
48,40,10,725.0,True,725.0,optimal,False,False,Do not use as CASOP BKS: Wahlen & Gschwind state that M&O did not specify aisle/depot entry/exit distances and they adopted the H&W/ZKS interpretation. This changes numerical objective values relative to the H&I/CASOP reference geometry.,Wahlen & Gschwind (2023),10.1287/trsc.2023.1198,https://pubsonline.informs.org/doi/10.1287/trsc.2023.1198
48,50,1,896.0,True,896.0,optimal,False,False,Do not use as CASOP BKS: Wahlen & Gschwind state that M&O did not specify aisle/depot entry/exit distances and they adopted the H&W/ZKS interpretation. This changes numerical objective values relative to the H&I/CASOP reference geometry.,Wahlen & Gschwind (2023),10.1287/trsc.2023.1198,https://pubsonline.informs.org/doi/10.1287/trsc.2023.1198
48,50,2,771.2,True,771.2,optimal,False,False,Do not use as CASOP BKS: Wahlen & Gschwind state that M&O did not specify aisle/depot entry/exit distances and they adopted the H&W/ZKS interpretation. This changes numerical objective values relative to the H&I/CASOP reference geometry.,Wahlen & Gschwind (2023),10.1287/trsc.2023.1198,https://pubsonline.informs.org/doi/10.1287/trsc.2023.1198
48,50,3,864.4,True,864.4,optimal,False,False,Do not use as CASOP BKS: Wahlen & Gschwind state that M&O did not specify aisle/depot entry/exit distances and they adopted the H&W/ZKS interpretation. This changes numerical objective values relative to the H&I/CASOP reference geometry.,Wahlen & Gschwind (2023),10.1287/trsc.2023.1198,https://pubsonline.informs.org/doi/10.1287/trsc.2023.1198
48,50,4,873.4,True,873.4,optimal,False,False,Do not use as CASOP BKS: Wahlen & Gschwind state that M&O did not specify aisle/depot entry/exit distances and they adopted the H&W/ZKS interpretation. This changes numerical objective values relative to the H&I/CASOP reference geometry.,Wahlen & Gschwind (2023),10.1287/trsc.2023.1198,https://pubsonline.informs.org/doi/10.1287/trsc.2023.1198
48,50,5,906.6,True,906.6,optimal,False,False,Do not use as CASOP BKS: Wahlen & Gschwind state that M&O did not specify aisle/depot entry/exit distances and they adopted the H&W/ZKS interpretation. This changes numerical objective values relative to the H&I/CASOP reference geometry.,Wahlen & Gschwind (2023),10.1287/trsc.2023.1198,https://pubsonline.informs.org/doi/10.1287/trsc.2023.1198
48,50,6,880.4,True,880.4,optimal,False,False,Do not use as CASOP BKS: Wahlen & Gschwind state that M&O did not specify aisle/depot entry/exit distances and they adopted the H&W/ZKS interpretation. This changes numerical objective values relative to the H&I/CASOP reference geometry.,Wahlen & Gschwind (2023),10.1287/trsc.2023.1198,https://pubsonline.informs.org/doi/10.1287/trsc.2023.1198
48,50,7,745.6,True,745.6,optimal,False,False,Do not use as CASOP BKS: Wahlen & Gschwind state that M&O did not specify aisle/depot entry/exit distances and they adopted the H&W/ZKS interpretation. This changes numerical objective values relative to the H&I/CASOP reference geometry.,Wahlen & Gschwind (2023),10.1287/trsc.2023.1198,https://pubsonline.informs.org/doi/10.1287/trsc.2023.1198
48,50,8,768.4,False,768.4,optimal,False,False,Do not use as CASOP BKS: Wahlen & Gschwind state that M&O did not specify aisle/depot entry/exit distances and they adopted the H&W/ZKS interpretation. This changes numerical objective values relative to the H&I/CASOP reference geometry.,Wahlen & Gschwind (2023),10.1287/trsc.2023.1198,https://pubsonline.informs.org/doi/10.1287/trsc.2023.1198
48,50,9,764.0,True,764.0,optimal,False,False,Do not use as CASOP BKS: Wahlen & Gschwind state that M&O did not specify aisle/depot entry/exit distances and they adopted the H&W/ZKS interpretation. This changes numerical objective values relative to the H&I/CASOP reference geometry.,Wahlen & Gschwind (2023),10.1287/trsc.2023.1198,https://pubsonline.informs.org/doi/10.1287/trsc.2023.1198
48,50,10,871.2,True,871.2,optimal,False,False,Do not use as CASOP BKS: Wahlen & Gschwind state that M&O did not specify aisle/depot entry/exit distances and they adopted the H&W/ZKS interpretation. This changes numerical objective values relative to the H&I/CASOP reference geometry.,Wahlen & Gschwind (2023),10.1287/trsc.2023.1198,https://pubsonline.informs.org/doi/10.1287/trsc.2023.1198
48,60,1,919.0,True,919.0,optimal,False,False,Do not use as CASOP BKS: Wahlen & Gschwind state that M&O did not specify aisle/depot entry/exit distances and they adopted the H&W/ZKS interpretation. This changes numerical objective values relative to the H&I/CASOP reference geometry.,Wahlen & Gschwind (2023),10.1287/trsc.2023.1198,https://pubsonline.informs.org/doi/10.1287/trsc.2023.1198
48,60,2,873.2,True,873.2,optimal,False,False,Do not use as CASOP BKS: Wahlen & Gschwind state that M&O did not specify aisle/depot entry/exit distances and they adopted the H&W/ZKS interpretation. This changes numerical objective values relative to the H&I/CASOP reference geometry.,Wahlen & Gschwind (2023),10.1287/trsc.2023.1198,https://pubsonline.informs.org/doi/10.1287/trsc.2023.1198
48,60,3,989.2,True,989.2,optimal,False,False,Do not use as CASOP BKS: Wahlen & Gschwind state that M&O did not specify aisle/depot entry/exit distances and they adopted the H&W/ZKS interpretation. This changes numerical objective values relative to the H&I/CASOP reference geometry.,Wahlen & Gschwind (2023),10.1287/trsc.2023.1198,https://pubsonline.informs.org/doi/10.1287/trsc.2023.1198
48,60,4,913.4,True,913.4,optimal,False,False,Do not use as CASOP BKS: Wahlen & Gschwind state that M&O did not specify aisle/depot entry/exit distances and they adopted the H&W/ZKS interpretation. This changes numerical objective values relative to the H&I/CASOP reference geometry.,Wahlen & Gschwind (2023),10.1287/trsc.2023.1198,https://pubsonline.informs.org/doi/10.1287/trsc.2023.1198
48,60,5,1037.6,True,1037.6,optimal,False,False,Do not use as CASOP BKS: Wahlen & Gschwind state that M&O did not specify aisle/depot entry/exit distances and they adopted the H&W/ZKS interpretation. This changes numerical objective values relative to the H&I/CASOP reference geometry.,Wahlen & Gschwind (2023),10.1287/trsc.2023.1198,https://pubsonline.informs.org/doi/10.1287/trsc.2023.1198
48,60,6,1137.8,True,1137.8,optimal,False,False,Do not use as CASOP BKS: Wahlen & Gschwind state that M&O did not specify aisle/depot entry/exit distances and they adopted the H&W/ZKS interpretation. This changes numerical objective values relative to the H&I/CASOP reference geometry.,Wahlen & Gschwind (2023),10.1287/trsc.2023.1198,https://pubsonline.informs.org/doi/10.1287/trsc.2023.1198
48,60,7,1079.8,True,1079.8,optimal,False,False,Do not use as CASOP BKS: Wahlen & Gschwind state that M&O did not specify aisle/depot entry/exit distances and they adopted the H&W/ZKS interpretation. This changes numerical objective values relative to the H&I/CASOP reference geometry.,Wahlen & Gschwind (2023),10.1287/trsc.2023.1198,https://pubsonline.informs.org/doi/10.1287/trsc.2023.1198
48,60,8,1029.8,True,1029.8,optimal,False,False,Do not use as CASOP BKS: Wahlen & Gschwind state that M&O did not specify aisle/depot entry/exit distances and they adopted the H&W/ZKS interpretation. This changes numerical objective values relative to the H&I/CASOP reference geometry.,Wahlen & Gschwind (2023),10.1287/trsc.2023.1198,https://pubsonline.informs.org/doi/10.1287/trsc.2023.1198
48,60,9,855.2,True,855.2,optimal,False,False,Do not use as CASOP BKS: Wahlen & Gschwind state that M&O did not specify aisle/depot entry/exit distances and they adopted the H&W/ZKS interpretation. This changes numerical objective values relative to the H&I/CASOP reference geometry.,Wahlen & Gschwind (2023),10.1287/trsc.2023.1198,https://pubsonline.informs.org/doi/10.1287/trsc.2023.1198
48,60,10,1019.6,True,1019.6,optimal,False,False,Do not use as CASOP BKS: Wahlen & Gschwind state that M&O did not specify aisle/depot entry/exit distances and they adopted the H&W/ZKS interpretation. This changes numerical objective values relative to the H&I/CASOP reference geometry.,Wahlen & Gschwind (2023),10.1287/trsc.2023.1198,https://pubsonline.informs.org/doi/10.1287/trsc.2023.1198
48,70,1,1138.4,False,1138.4,optimal,False,False,Do not use as CASOP BKS: Wahlen & Gschwind state that M&O did not specify aisle/depot entry/exit distances and they adopted the H&W/ZKS interpretation. This changes numerical objective values relative to the H&I/CASOP reference geometry.,Wahlen & Gschwind (2023),10.1287/trsc.2023.1198,https://pubsonline.informs.org/doi/10.1287/trsc.2023.1198
48,70,2,1191.6,True,1191.6,optimal,False,False,Do not use as CASOP BKS: Wahlen & Gschwind state that M&O did not specify aisle/depot entry/exit distances and they adopted the H&W/ZKS interpretation. This changes numerical objective values relative to the H&I/CASOP reference geometry.,Wahlen & Gschwind (2023),10.1287/trsc.2023.1198,https://pubsonline.informs.org/doi/10.1287/trsc.2023.1198
48,70,3,1236.8,True,1236.8,optimal,False,False,Do not use as CASOP BKS: Wahlen & Gschwind state that M&O did not specify aisle/depot entry/exit distances and they adopted the H&W/ZKS interpretation. This changes numerical objective values relative to the H&I/CASOP reference geometry.,Wahlen & Gschwind (2023),10.1287/trsc.2023.1198,https://pubsonline.informs.org/doi/10.1287/trsc.2023.1198
48,70,4,1136.0,True,1136.0,optimal,False,False,Do not use as CASOP BKS: Wahlen & Gschwind state that M&O did not specify aisle/depot entry/exit distances and they adopted the H&W/ZKS interpretation. This changes numerical objective values relative to the H&I/CASOP reference geometry.,Wahlen & Gschwind (2023),10.1287/trsc.2023.1198,https://pubsonline.informs.org/doi/10.1287/trsc.2023.1198
48,70,5,1089.2,True,1089.2,optimal,False,False,Do not use as CASOP BKS: Wahlen & Gschwind state that M&O did not specify aisle/depot entry/exit distances and they adopted the H&W/ZKS interpretation. This changes numerical objective values relative to the H&I/CASOP reference geometry.,Wahlen & Gschwind (2023),10.1287/trsc.2023.1198,https://pubsonline.informs.org/doi/10.1287/trsc.2023.1198
48,70,6,1152.6,False,1152.6,optimal,False,False,Do not use as CASOP BKS: Wahlen & Gschwind state that M&O did not specify aisle/depot entry/exit distances and they adopted the H&W/ZKS interpretation. This changes numerical objective values relative to the H&I/CASOP reference geometry.,Wahlen & Gschwind (2023),10.1287/trsc.2023.1198,https://pubsonline.informs.org/doi/10.1287/trsc.2023.1198
48,70,7,1109.0,True,1109.0,optimal,False,False,Do not use as CASOP BKS: Wahlen & Gschwind state that M&O did not specify aisle/depot entry/exit distances and they adopted the H&W/ZKS interpretation. This changes numerical objective values relative to the H&I/CASOP reference geometry.,Wahlen & Gschwind (2023),10.1287/trsc.2023.1198,https://pubsonline.informs.org/doi/10.1287/trsc.2023.1198
48,70,8,1114.6,True,1114.6,optimal,False,False,Do not use as CASOP BKS: Wahlen & Gschwind state that M&O did not specify aisle/depot entry/exit distances and they adopted the H&W/ZKS interpretation. This changes numerical objective values relative to the H&I/CASOP reference geometry.,Wahlen & Gschwind (2023),10.1287/trsc.2023.1198,https://pubsonline.informs.org/doi/10.1287/trsc.2023.1198
48,70,9,1243.4,True,1243.4,optimal,False,False,Do not use as CASOP BKS: Wahlen & Gschwind state that M&O did not specify aisle/depot entry/exit distances and they adopted the H&W/ZKS interpretation. This changes numerical objective values relative to the H&I/CASOP reference geometry.,Wahlen & Gschwind (2023),10.1287/trsc.2023.1198,https://pubsonline.informs.org/doi/10.1287/trsc.2023.1198
48,70,10,1118.2,False,1118.2,optimal,False,False,Do not use as CASOP BKS: Wahlen & Gschwind state that M&O did not specify aisle/depot entry/exit distances and they adopted the H&W/ZKS interpretation. This changes numerical objective values relative to the H&I/CASOP reference geometry.,Wahlen & Gschwind (2023),10.1287/trsc.2023.1198,https://pubsonline.informs.org/doi/10.1287/trsc.2023.1198
48,80,1,1196.0,True,1196.0,optimal,False,False,Do not use as CASOP BKS: Wahlen & Gschwind state that M&O did not specify aisle/depot entry/exit distances and they adopted the H&W/ZKS interpretation. This changes numerical objective values relative to the H&I/CASOP reference geometry.,Wahlen & Gschwind (2023),10.1287/trsc.2023.1198,https://pubsonline.informs.org/doi/10.1287/trsc.2023.1198
48,80,2,1310.8,True,1310.8,optimal,False,False,Do not use as CASOP BKS: Wahlen & Gschwind state that M&O did not specify aisle/depot entry/exit distances and they adopted the H&W/ZKS interpretation. This changes numerical objective values relative to the H&I/CASOP reference geometry.,Wahlen & Gschwind (2023),10.1287/trsc.2023.1198,https://pubsonline.informs.org/doi/10.1287/trsc.2023.1198
48,80,3,1271.8,False,1271.8,optimal,False,False,Do not use as CASOP BKS: Wahlen & Gschwind state that M&O did not specify aisle/depot entry/exit distances and they adopted the H&W/ZKS interpretation. This changes numerical objective values relative to the H&I/CASOP reference geometry.,Wahlen & Gschwind (2023),10.1287/trsc.2023.1198,https://pubsonline.informs.org/doi/10.1287/trsc.2023.1198
48,80,4,1232.0,True,1232.0,optimal,False,False,Do not use as CASOP BKS: Wahlen & Gschwind state that M&O did not specify aisle/depot entry/exit distances and they adopted the H&W/ZKS interpretation. This changes numerical objective values relative to the H&I/CASOP reference geometry.,Wahlen & Gschwind (2023),10.1287/trsc.2023.1198,https://pubsonline.informs.org/doi/10.1287/trsc.2023.1198
48,80,5,1403.8,False,1403.8,optimal,False,False,Do not use as CASOP BKS: Wahlen & Gschwind state that M&O did not specify aisle/depot entry/exit distances and they adopted the H&W/ZKS interpretation. This changes numerical objective values relative to the H&I/CASOP reference geometry.,Wahlen & Gschwind (2023),10.1287/trsc.2023.1198,https://pubsonline.informs.org/doi/10.1287/trsc.2023.1198
48,80,6,1252.2,True,1252.2,optimal,False,False,Do not use as CASOP BKS: Wahlen & Gschwind state that M&O did not specify aisle/depot entry/exit distances and they adopted the H&W/ZKS interpretation. This changes numerical objective values relative to the H&I/CASOP reference geometry.,Wahlen & Gschwind (2023),10.1287/trsc.2023.1198,https://pubsonline.informs.org/doi/10.1287/trsc.2023.1198
48,80,7,1225.4,True,1225.4,optimal,False,False,Do not use as CASOP BKS: Wahlen & Gschwind state that M&O did not specify aisle/depot entry/exit distances and they adopted the H&W/ZKS interpretation. This changes numerical objective values relative to the H&I/CASOP reference geometry.,Wahlen & Gschwind (2023),10.1287/trsc.2023.1198,https://pubsonline.informs.org/doi/10.1287/trsc.2023.1198
48,80,8,1365.2,True,1365.2,optimal,False,False,Do not use as CASOP BKS: Wahlen & Gschwind state that M&O did not specify aisle/depot entry/exit distances and they adopted the H&W/ZKS interpretation. This changes numerical objective values relative to the H&I/CASOP reference geometry.,Wahlen & Gschwind (2023),10.1287/trsc.2023.1198,https://pubsonline.informs.org/doi/10.1287/trsc.2023.1198
48,80,9,1188.4,True,1188.4,optimal,False,False,Do not use as CASOP BKS: Wahlen & Gschwind state that M&O did not specify aisle/depot entry/exit distances and they adopted the H&W/ZKS interpretation. This changes numerical objective values relative to the H&I/CASOP reference geometry.,Wahlen & Gschwind (2023),10.1287/trsc.2023.1198,https://pubsonline.informs.org/doi/10.1287/trsc.2023.1198
48,80,10,1276.4,False,1276.4,optimal,False,False,Do not use as CASOP BKS: Wahlen & Gschwind state that M&O did not specify aisle/depot entry/exit distances and they adopted the H&W/ZKS interpretation. This changes numerical objective values relative to the H&I/CASOP reference geometry.,Wahlen & Gschwind (2023),10.1287/trsc.2023.1198,https://pubsonline.informs.org/doi/10.1287/trsc.2023.1198
48,90,1,1478.2,False,1478.2,optimal,False,False,Do not use as CASOP BKS: Wahlen & Gschwind state that M&O did not specify aisle/depot entry/exit distances and they adopted the H&W/ZKS interpretation. This changes numerical objective values relative to the H&I/CASOP reference geometry.,Wahlen & Gschwind (2023),10.1287/trsc.2023.1198,https://pubsonline.informs.org/doi/10.1287/trsc.2023.1198
48,90,2,1412.6,False,1412.6,optimal,False,False,Do not use as CASOP BKS: Wahlen & Gschwind state that M&O did not specify aisle/depot entry/exit distances and they adopted the H&W/ZKS interpretation. This changes numerical objective values relative to the H&I/CASOP reference geometry.,Wahlen & Gschwind (2023),10.1287/trsc.2023.1198,https://pubsonline.informs.org/doi/10.1287/trsc.2023.1198
48,90,3,1480.8,False,1480.8,optimal,False,False,Do not use as CASOP BKS: Wahlen & Gschwind state that M&O did not specify aisle/depot entry/exit distances and they adopted the H&W/ZKS interpretation. This changes numerical objective values relative to the H&I/CASOP reference geometry.,Wahlen & Gschwind (2023),10.1287/trsc.2023.1198,https://pubsonline.informs.org/doi/10.1287/trsc.2023.1198
48,90,4,1490.4,False,1490.4,optimal,False,False,Do not use as CASOP BKS: Wahlen & Gschwind state that M&O did not specify aisle/depot entry/exit distances and they adopted the H&W/ZKS interpretation. This changes numerical objective values relative to the H&I/CASOP reference geometry.,Wahlen & Gschwind (2023),10.1287/trsc.2023.1198,https://pubsonline.informs.org/doi/10.1287/trsc.2023.1198
48,90,5,1365.4,False,1365.4,optimal,False,False,Do not use as CASOP BKS: Wahlen & Gschwind state that M&O did not specify aisle/depot entry/exit distances and they adopted the H&W/ZKS interpretation. This changes numerical objective values relative to the H&I/CASOP reference geometry.,Wahlen & Gschwind (2023),10.1287/trsc.2023.1198,https://pubsonline.informs.org/doi/10.1287/trsc.2023.1198
48,90,6,1444.8,False,1444.8,optimal,False,False,Do not use as CASOP BKS: Wahlen & Gschwind state that M&O did not specify aisle/depot entry/exit distances and they adopted the H&W/ZKS interpretation. This changes numerical objective values relative to the H&I/CASOP reference geometry.,Wahlen & Gschwind (2023),10.1287/trsc.2023.1198,https://pubsonline.informs.org/doi/10.1287/trsc.2023.1198
48,90,7,1516.0,False,1516.0,optimal,False,False,Do not use as CASOP BKS: Wahlen & Gschwind state that M&O did not specify aisle/depot entry/exit distances and they adopted the H&W/ZKS interpretation. This changes numerical objective values relative to the H&I/CASOP reference geometry.,Wahlen & Gschwind (2023),10.1287/trsc.2023.1198,https://pubsonline.informs.org/doi/10.1287/trsc.2023.1198
48,90,8,1425.8,True,1425.8,optimal,False,False,Do not use as CASOP BKS: Wahlen & Gschwind state that M&O did not specify aisle/depot entry/exit distances and they adopted the H&W/ZKS interpretation. This changes numerical objective values relative to the H&I/CASOP reference geometry.,Wahlen & Gschwind (2023),10.1287/trsc.2023.1198,https://pubsonline.informs.org/doi/10.1287/trsc.2023.1198
48,90,9,1485.6,False,1485.6,optimal,False,False,Do not use as CASOP BKS: Wahlen & Gschwind state that M&O did not specify aisle/depot entry/exit distances and they adopted the H&W/ZKS interpretation. This changes numerical objective values relative to the H&I/CASOP reference geometry.,Wahlen & Gschwind (2023),10.1287/trsc.2023.1198,https://pubsonline.informs.org/doi/10.1287/trsc.2023.1198
48,90,10,1476.8,False,1476.8,optimal,False,False,Do not use as CASOP BKS: Wahlen & Gschwind state that M&O did not specify aisle/depot entry/exit distances and they adopted the H&W/ZKS interpretation. This changes numerical objective values relative to the H&I/CASOP reference geometry.,Wahlen & Gschwind (2023),10.1287/trsc.2023.1198,https://pubsonline.informs.org/doi/10.1287/trsc.2023.1198
48,100,1,1751.4,False,1751.4,optimal,False,False,Do not use as CASOP BKS: Wahlen & Gschwind state that M&O did not specify aisle/depot entry/exit distances and they adopted the H&W/ZKS interpretation. This changes numerical objective values relative to the H&I/CASOP reference geometry.,Wahlen & Gschwind (2023),10.1287/trsc.2023.1198,https://pubsonline.informs.org/doi/10.1287/trsc.2023.1198
48,100,2,1637.8,False,1637.8,optimal,False,False,Do not use as CASOP BKS: Wahlen & Gschwind state that M&O did not specify aisle/depot entry/exit distances and they adopted the H&W/ZKS interpretation. This changes numerical objective values relative to the H&I/CASOP reference geometry.,Wahlen & Gschwind (2023),10.1287/trsc.2023.1198,https://pubsonline.informs.org/doi/10.1287/trsc.2023.1198
48,100,3,1604.4,False,1604.4,optimal,False,False,Do not use as CASOP BKS: Wahlen & Gschwind state that M&O did not specify aisle/depot entry/exit distances and they adopted the H&W/ZKS interpretation. This changes numerical objective values relative to the H&I/CASOP reference geometry.,Wahlen & Gschwind (2023),10.1287/trsc.2023.1198,https://pubsonline.informs.org/doi/10.1287/trsc.2023.1198
48,100,4,1617.4,False,1617.4,optimal,False,False,Do not use as CASOP BKS: Wahlen & Gschwind state that M&O did not specify aisle/depot entry/exit distances and they adopted the H&W/ZKS interpretation. This changes numerical objective values relative to the H&I/CASOP reference geometry.,Wahlen & Gschwind (2023),10.1287/trsc.2023.1198,https://pubsonline.informs.org/doi/10.1287/trsc.2023.1198
48,100,5,1639.8,False,1639.8,optimal,False,False,Do not use as CASOP BKS: Wahlen & Gschwind state that M&O did not specify aisle/depot entry/exit distances and they adopted the H&W/ZKS interpretation. This changes numerical objective values relative to the H&I/CASOP reference geometry.,Wahlen & Gschwind (2023),10.1287/trsc.2023.1198,https://pubsonline.informs.org/doi/10.1287/trsc.2023.1198
48,100,6,1543.2,False,1543.2,optimal,False,False,Do not use as CASOP BKS: Wahlen & Gschwind state that M&O did not specify aisle/depot entry/exit distances and they adopted the H&W/ZKS interpretation. This changes numerical objective values relative to the H&I/CASOP reference geometry.,Wahlen & Gschwind (2023),10.1287/trsc.2023.1198,https://pubsonline.informs.org/doi/10.1287/trsc.2023.1198
48,100,7,1569.6,False,1569.6,optimal,False,False,Do not use as CASOP BKS: Wahlen & Gschwind state that M&O did not specify aisle/depot entry/exit distances and they adopted the H&W/ZKS interpretation. This changes numerical objective values relative to the H&I/CASOP reference geometry.,Wahlen & Gschwind (2023),10.1287/trsc.2023.1198,https://pubsonline.informs.org/doi/10.1287/trsc.2023.1198
48,100,8,1528.0,True,1528.0,optimal,False,False,Do not use as CASOP BKS: Wahlen & Gschwind state that M&O did not specify aisle/depot entry/exit distances and they adopted the H&W/ZKS interpretation. This changes numerical objective values relative to the H&I/CASOP reference geometry.,Wahlen & Gschwind (2023),10.1287/trsc.2023.1198,https://pubsonline.informs.org/doi/10.1287/trsc.2023.1198
48,100,9,1593.8,False,1593.8,optimal,False,False,Do not use as CASOP BKS: Wahlen & Gschwind state that M&O did not specify aisle/depot entry/exit distances and they adopted the H&W/ZKS interpretation. This changes numerical objective values relative to the H&I/CASOP reference geometry.,Wahlen & Gschwind (2023),10.1287/trsc.2023.1198,https://pubsonline.informs.org/doi/10.1287/trsc.2023.1198
48,100,10,1588.4,False,1588.4,optimal,False,False,Do not use as CASOP BKS: Wahlen & Gschwind state that M&O did not specify aisle/depot entry/exit distances and they adopted the H&W/ZKS interpretation. This changes numerical objective values relative to the H&I/CASOP reference geometry.,Wahlen & Gschwind (2023),10.1287/trsc.2023.1198,https://pubsonline.informs.org/doi/10.1287/trsc.2023.1198
