storage,source_variant,capacity,num_orders,inst_num,bks_value,bks_is_opt,bks_source_policy,optimal_block_bks,any_policy_improves_optimal,source,doi
CBD,LargestGap,30,20,0,3077,True,optimal,3077,False,Wahlen & Gschwind (2023),10.1287/trsc.2023.1198
CBD,LargestGap,30,20,1,3168,True,optimal,3168,False,Wahlen & Gschwind (2023),10.1287/trsc.2023.1198
CBD,LargestGap,30,20,2,3509,True,optimal,3509,False,Wahlen & Gschwind (2023),10.1287/trsc.2023.1198
CBD,LargestGap,30,20,3,2814,True,optimal,2814,False,Wahlen & Gschwind (2023),10.1287/trsc.2023.1198
CBD,LargestGap,30,20,4,2763,True,optimal,2763,False,Wahlen & Gschwind (2023),10.1287/trsc.2023.1198
CBD,LargestGap,30,20,5,3538,True,optimal,3538,False,Wahlen & Gschwind (2023),10.1287/trsc.2023.1198
CBD,LargestGap,30,20,6,3314,True,optimal,3314,False,Wahlen & Gschwind (2023),10.1287/trsc.2023.1198
CBD,LargestGap,30,20,7,3780,True,optimal,3780,False,Wahlen & Gschwind (2023),10.1287/trsc.2023.1198
CBD,LargestGap,30,20,8,4127,True,optimal,4127,False,Wahlen & Gschwind (2023),10.1287/trsc.2023.1198
CBD,LargestGap,30,20,9,4158,True,optimal,4158,False,Wahlen & Gschwind (2023),10.1287/trsc.2023.1198
CBD,LargestGap,30,20,10,3647,True,optimal,3647,False,Wahlen & Gschwind (2023),10.1287/trsc.2023.1198
CBD,LargestGap,30,20,11,3285,True,optimal,3285,False,Wahlen & Gschwind (2023),10.1287/trsc.2023.1198
CBD,LargestGap,30,20,12,3695,True,optimal,3695,False,Wahlen & Gschwind (2023),10.1287/trsc.2023.1198
CBD,LargestGap,30,20,13,3996,True,optimal,3996,False,Wahlen & Gschwind (2023),10.1287/trsc.2023.1198
CBD,LargestGap,30,20,14,3958,True,optimal,3958,False,Wahlen & Gschwind (2023),10.1287/trsc.2023.1198
CBD,LargestGap,30,20,15,2907,True,optimal,2907,False,Wahlen & Gschwind (2023),10.1287/trsc.2023.1198
CBD,LargestGap,30,20,16,3330,True,optimal,3330,False,Wahlen & Gschwind (2023),10.1287/trsc.2023.1198
CBD,LargestGap,30,20,17,3352,True,optimal,3352,False,Wahlen & Gschwind (2023),10.1287/trsc.2023.1198
CBD,LargestGap,30,20,18,3992,True,optimal,3992,False,Wahlen & Gschwind (2023),10.1287/trsc.2023.1198
CBD,LargestGap,30,20,19,2814,True,optimal,2814,False,Wahlen & Gschwind (2023),10.1287/trsc.2023.1198
CBD,LargestGap,30,20,20,3171,True,optimal,3171,False,Wahlen & Gschwind (2023),10.1287/trsc.2023.1198
CBD,LargestGap,30,20,21,3575,True,optimal,3575,False,Wahlen & Gschwind (2023),10.1287/trsc.2023.1198
CBD,LargestGap,30,20,22,3208,True,optimal,3208,False,Wahlen & Gschwind (2023),10.1287/trsc.2023.1198
CBD,LargestGap,30,20,23,4408,True,optimal,4408,False,Wahlen & Gschwind (2023),10.1287/trsc.2023.1198
CBD,LargestGap,30,20,24,2250,True,optimal,2250,False,Wahlen & Gschwind (2023),10.1287/trsc.2023.1198
CBD,LargestGap,30,20,25,3511,True,optimal,3511,False,Wahlen & Gschwind (2023),10.1287/trsc.2023.1198
CBD,LargestGap,30,20,26,3608,True,optimal,3608,False,Wahlen & Gschwind (2023),10.1287/trsc.2023.1198
CBD,LargestGap,30,20,27,3664,True,optimal,3664,False,Wahlen & Gschwind (2023),10.1287/trsc.2023.1198
CBD,LargestGap,30,20,28,3772,True,optimal,3772,False,Wahlen & Gschwind (2023),10.1287/trsc.2023.1198
CBD,LargestGap,30,20,29,3642,True,optimal,3642,False,Wahlen & Gschwind (2023),10.1287/trsc.2023.1198
CBD,LargestGap,30,20,30,2967,True,optimal,2967,False,Wahlen & Gschwind (2023),10.1287/trsc.2023.1198
CBD,LargestGap,30,20,31,4128,True,optimal,4128,False,Wahlen & Gschwind (2023),10.1287/trsc.2023.1198
CBD,LargestGap,30,20,32,3254,True,optimal,3254,False,Wahlen & Gschwind (2023),10.1287/trsc.2023.1198
CBD,LargestGap,30,20,33,4109,True,optimal,4109,False,Wahlen & Gschwind (2023),10.1287/trsc.2023.1198
CBD,LargestGap,30,20,34,2679,True,optimal,2679,False,Wahlen & Gschwind (2023),10.1287/trsc.2023.1198
CBD,LargestGap,30,20,35,3009,True,optimal,3009,False,Wahlen & Gschwind (2023),10.1287/trsc.2023.1198
CBD,LargestGap,30,20,36,3344,True,optimal,3344,False,Wahlen & Gschwind (2023),10.1287/trsc.2023.1198
CBD,LargestGap,30,20,37,3482,True,optimal,3482,False,Wahlen & Gschwind (2023),10.1287/trsc.2023.1198
CBD,LargestGap,30,20,38,2909,True,optimal,2909,False,Wahlen & Gschwind (2023),10.1287/trsc.2023.1198
CBD,LargestGap,30,20,39,3359,True,optimal,3359,False,Wahlen & Gschwind (2023),10.1287/trsc.2023.1198
CBD,LargestGap,30,30,0,4557,True,optimal,4557,False,Wahlen & Gschwind (2023),10.1287/trsc.2023.1198
CBD,LargestGap,30,30,1,4425,True,optimal,4425,False,Wahlen & Gschwind (2023),10.1287/trsc.2023.1198
CBD,LargestGap,30,30,2,4807,True,optimal,4807,False,Wahlen & Gschwind (2023),10.1287/trsc.2023.1198
CBD,LargestGap,30,30,3,5767,True,optimal,5767,False,Wahlen & Gschwind (2023),10.1287/trsc.2023.1198
CBD,LargestGap,30,30,4,6393,True,optimal,6393,False,Wahlen & Gschwind (2023),10.1287/trsc.2023.1198
CBD,LargestGap,30,30,5,6311,True,optimal,6311,False,Wahlen & Gschwind (2023),10.1287/trsc.2023.1198
CBD,LargestGap,30,30,6,4633,True,optimal,4633,False,Wahlen & Gschwind (2023),10.1287/trsc.2023.1198
CBD,LargestGap,30,30,7,5131,True,optimal,5131,False,Wahlen & Gschwind (2023),10.1287/trsc.2023.1198
CBD,LargestGap,30,30,8,4531,True,optimal,4531,False,Wahlen & Gschwind (2023),10.1287/trsc.2023.1198
CBD,LargestGap,30,30,9,4457,True,optimal,4457,False,Wahlen & Gschwind (2023),10.1287/trsc.2023.1198
CBD,LargestGap,30,30,10,4984,True,optimal,4984,False,Wahlen & Gschwind (2023),10.1287/trsc.2023.1198
CBD,LargestGap,30,30,11,4370,True,optimal,4370,False,Wahlen & Gschwind (2023),10.1287/trsc.2023.1198
CBD,LargestGap,30,30,12,5521,True,optimal,5521,False,Wahlen & Gschwind (2023),10.1287/trsc.2023.1198
CBD,LargestGap,30,30,13,4838,True,optimal,4838,False,Wahlen & Gschwind (2023),10.1287/trsc.2023.1198
CBD,LargestGap,30,30,14,4924,True,optimal,4924,False,Wahlen & Gschwind (2023),10.1287/trsc.2023.1198
CBD,LargestGap,30,30,15,4190,True,optimal,4190,False,Wahlen & Gschwind (2023),10.1287/trsc.2023.1198
CBD,LargestGap,30,30,16,4580,True,optimal,4580,False,Wahlen & Gschwind (2023),10.1287/trsc.2023.1198
CBD,LargestGap,30,30,17,5052,True,optimal,5052,False,Wahlen & Gschwind (2023),10.1287/trsc.2023.1198
CBD,LargestGap,30,30,18,4259,True,optimal,4259,False,Wahlen & Gschwind (2023),10.1287/trsc.2023.1198
CBD,LargestGap,30,30,19,4983,True,optimal,4983,False,Wahlen & Gschwind (2023),10.1287/trsc.2023.1198
CBD,LargestGap,30,30,20,4093,True,optimal,4093,False,Wahlen & Gschwind (2023),10.1287/trsc.2023.1198
CBD,LargestGap,30,30,21,4137,True,optimal,4137,False,Wahlen & Gschwind (2023),10.1287/trsc.2023.1198
CBD,LargestGap,30,30,22,5708,True,optimal,5708,False,Wahlen & Gschwind (2023),10.1287/trsc.2023.1198
CBD,LargestGap,30,30,23,4867,True,optimal,4867,False,Wahlen & Gschwind (2023),10.1287/trsc.2023.1198
CBD,LargestGap,30,30,24,6386,True,optimal,6386,False,Wahlen & Gschwind (2023),10.1287/trsc.2023.1198
CBD,LargestGap,30,30,25,4765,True,optimal,4765,False,Wahlen & Gschwind (2023),10.1287/trsc.2023.1198
CBD,LargestGap,30,30,26,4919,True,optimal,4919,False,Wahlen & Gschwind (2023),10.1287/trsc.2023.1198
CBD,LargestGap,30,30,27,6135,True,optimal,6135,False,Wahlen & Gschwind (2023),10.1287/trsc.2023.1198
CBD,LargestGap,30,30,28,4208,True,optimal,4208,False,Wahlen & Gschwind (2023),10.1287/trsc.2023.1198
CBD,LargestGap,30,30,29,5481,True,optimal,5481,False,Wahlen & Gschwind (2023),10.1287/trsc.2023.1198
CBD,LargestGap,30,30,30,5576,True,optimal,5576,False,Wahlen & Gschwind (2023),10.1287/trsc.2023.1198
CBD,LargestGap,30,30,31,6029,True,optimal,6029,False,Wahlen & Gschwind (2023),10.1287/trsc.2023.1198
CBD,LargestGap,30,30,32,4915,True,optimal,4915,False,Wahlen & Gschwind (2023),10.1287/trsc.2023.1198
CBD,LargestGap,30,30,33,4682,True,optimal,4682,False,Wahlen & Gschwind (2023),10.1287/trsc.2023.1198
CBD,LargestGap,30,30,34,4723,True,optimal,4723,False,Wahlen & Gschwind (2023),10.1287/trsc.2023.1198
CBD,LargestGap,30,30,35,5616,True,optimal,5616,False,Wahlen & Gschwind (2023),10.1287/trsc.2023.1198
CBD,LargestGap,30,30,36,5712,True,optimal,5712,False,Wahlen & Gschwind (2023),10.1287/trsc.2023.1198
CBD,LargestGap,30,30,37,4840,True,optimal,4840,False,Wahlen & Gschwind (2023),10.1287/trsc.2023.1198
CBD,LargestGap,30,30,38,5757,True,optimal,5757,False,Wahlen & Gschwind (2023),10.1287/trsc.2023.1198
CBD,LargestGap,30,30,39,5851,True,optimal,5851,False,Wahlen & Gschwind (2023),10.1287/trsc.2023.1198
CBD,LargestGap,30,40,0,6985,True,optimal,6985,False,Wahlen & Gschwind (2023),10.1287/trsc.2023.1198
CBD,LargestGap,30,40,1,6929,True,optimal,6929,False,Wahlen & Gschwind (2023),10.1287/trsc.2023.1198
CBD,LargestGap,30,40,2,5837,True,optimal,5837,False,Wahlen & Gschwind (2023),10.1287/trsc.2023.1198
CBD,LargestGap,30,40,3,6003,True,optimal,6003,False,Wahlen & Gschwind (2023),10.1287/trsc.2023.1198
CBD,LargestGap,30,40,4,6752,True,optimal,6752,False,Wahlen & Gschwind (2023),10.1287/trsc.2023.1198
CBD,LargestGap,30,40,5,6948,True,optimal,6948,False,Wahlen & Gschwind (2023),10.1287/trsc.2023.1198
CBD,LargestGap,30,40,6,6342,True,optimal,6342,False,Wahlen & Gschwind (2023),10.1287/trsc.2023.1198
CBD,LargestGap,30,40,7,5714,True,optimal,5714,False,Wahlen & Gschwind (2023),10.1287/trsc.2023.1198
CBD,LargestGap,30,40,8,7187,True,optimal,7187,False,Wahlen & Gschwind (2023),10.1287/trsc.2023.1198
CBD,LargestGap,30,40,9,6126,True,optimal,6126,False,Wahlen & Gschwind (2023),10.1287/trsc.2023.1198
CBD,LargestGap,30,40,10,7434,True,optimal,7434,False,Wahlen & Gschwind (2023),10.1287/trsc.2023.1198
CBD,LargestGap,30,40,11,7370,True,optimal,7370,False,Wahlen & Gschwind (2023),10.1287/trsc.2023.1198
CBD,LargestGap,30,40,12,6276,True,optimal,6276,False,Wahlen & Gschwind (2023),10.1287/trsc.2023.1198
CBD,LargestGap,30,40,13,6811,True,optimal,6811,False,Wahlen & Gschwind (2023),10.1287/trsc.2023.1198
CBD,LargestGap,30,40,14,6130,True,optimal,6130,False,Wahlen & Gschwind (2023),10.1287/trsc.2023.1198
CBD,LargestGap,30,40,15,5520,True,optimal,5520,False,Wahlen & Gschwind (2023),10.1287/trsc.2023.1198
CBD,LargestGap,30,40,16,7182,True,optimal,7182,False,Wahlen & Gschwind (2023),10.1287/trsc.2023.1198
CBD,LargestGap,30,40,17,5408,True,optimal,5408,False,Wahlen & Gschwind (2023),10.1287/trsc.2023.1198
CBD,LargestGap,30,40,18,7210,True,optimal,7210,False,Wahlen & Gschwind (2023),10.1287/trsc.2023.1198
CBD,LargestGap,30,40,19,6895,True,optimal,6895,False,Wahlen & Gschwind (2023),10.1287/trsc.2023.1198
CBD,LargestGap,30,40,20,7322,True,optimal,7322,False,Wahlen & Gschwind (2023),10.1287/trsc.2023.1198
CBD,LargestGap,30,40,21,7448,True,optimal,7448,False,Wahlen & Gschwind (2023),10.1287/trsc.2023.1198
CBD,LargestGap,30,40,22,5777,True,optimal,5777,False,Wahlen & Gschwind (2023),10.1287/trsc.2023.1198
CBD,LargestGap,30,40,23,6879,True,optimal,6879,False,Wahlen & Gschwind (2023),10.1287/trsc.2023.1198
CBD,LargestGap,30,40,24,6719,True,optimal,6719,False,Wahlen & Gschwind (2023),10.1287/trsc.2023.1198
CBD,LargestGap,30,40,25,5540,True,optimal,5540,False,Wahlen & Gschwind (2023),10.1287/trsc.2023.1198
CBD,LargestGap,30,40,26,5667,True,optimal,5667,False,Wahlen & Gschwind (2023),10.1287/trsc.2023.1198
CBD,LargestGap,30,40,27,6751,True,optimal,6751,False,Wahlen & Gschwind (2023),10.1287/trsc.2023.1198
CBD,LargestGap,30,40,28,6468,True,optimal,6468,False,Wahlen & Gschwind (2023),10.1287/trsc.2023.1198
CBD,LargestGap,30,40,29,6268,True,optimal,6268,False,Wahlen & Gschwind (2023),10.1287/trsc.2023.1198
CBD,LargestGap,30,40,30,6971,True,optimal,6971,False,Wahlen & Gschwind (2023),10.1287/trsc.2023.1198
CBD,LargestGap,30,40,31,7347,True,optimal,7347,False,Wahlen & Gschwind (2023),10.1287/trsc.2023.1198
CBD,LargestGap,30,40,32,6150,True,optimal,6150,False,Wahlen & Gschwind (2023),10.1287/trsc.2023.1198
CBD,LargestGap,30,40,33,7055,True,optimal,7055,False,Wahlen & Gschwind (2023),10.1287/trsc.2023.1198
CBD,LargestGap,30,40,34,8103,True,optimal,8103,False,Wahlen & Gschwind (2023),10.1287/trsc.2023.1198
CBD,LargestGap,30,40,35,6436,True,optimal,6436,False,Wahlen & Gschwind (2023),10.1287/trsc.2023.1198
CBD,LargestGap,30,40,36,6428,True,optimal,6428,False,Wahlen & Gschwind (2023),10.1287/trsc.2023.1198
CBD,LargestGap,30,40,37,6347,True,optimal,6347,False,Wahlen & Gschwind (2023),10.1287/trsc.2023.1198
CBD,LargestGap,30,40,38,6121,True,optimal,6121,False,Wahlen & Gschwind (2023),10.1287/trsc.2023.1198
CBD,LargestGap,30,40,39,6830,True,optimal,6830,False,Wahlen & Gschwind (2023),10.1287/trsc.2023.1198
CBD,LargestGap,30,50,0,9595,True,optimal,9595,False,Wahlen & Gschwind (2023),10.1287/trsc.2023.1198
CBD,LargestGap,30,50,1,7693,True,optimal,7693,False,Wahlen & Gschwind (2023),10.1287/trsc.2023.1198
CBD,LargestGap,30,50,2,8963,True,optimal,8963,False,Wahlen & Gschwind (2023),10.1287/trsc.2023.1198
CBD,LargestGap,30,50,3,8002,True,optimal,8002,False,Wahlen & Gschwind (2023),10.1287/trsc.2023.1198
CBD,LargestGap,30,50,4,7639,True,optimal,7639,False,Wahlen & Gschwind (2023),10.1287/trsc.2023.1198
CBD,LargestGap,30,50,5,9782,True,optimal,9782,False,Wahlen & Gschwind (2023),10.1287/trsc.2023.1198
CBD,LargestGap,30,50,6,8012,True,optimal,8012,False,Wahlen & Gschwind (2023),10.1287/trsc.2023.1198
CBD,LargestGap,30,50,7,9277,True,optimal,9277,False,Wahlen & Gschwind (2023),10.1287/trsc.2023.1198
CBD,LargestGap,30,50,8,9121,True,optimal,9121,False,Wahlen & Gschwind (2023),10.1287/trsc.2023.1198
CBD,LargestGap,30,50,9,8216,True,optimal,8216,False,Wahlen & Gschwind (2023),10.1287/trsc.2023.1198
CBD,LargestGap,30,50,10,8347,True,optimal,8347,False,Wahlen & Gschwind (2023),10.1287/trsc.2023.1198
CBD,LargestGap,30,50,11,8488,True,optimal,8488,False,Wahlen & Gschwind (2023),10.1287/trsc.2023.1198
CBD,LargestGap,30,50,12,7889,True,optimal,7889,False,Wahlen & Gschwind (2023),10.1287/trsc.2023.1198
CBD,LargestGap,30,50,13,8810,True,optimal,8810,False,Wahlen & Gschwind (2023),10.1287/trsc.2023.1198
CBD,LargestGap,30,50,14,8407,True,optimal,8407,False,Wahlen & Gschwind (2023),10.1287/trsc.2023.1198
CBD,LargestGap,30,50,15,8671,True,optimal,8671,False,Wahlen & Gschwind (2023),10.1287/trsc.2023.1198
CBD,LargestGap,30,50,16,8209,True,optimal,8209,False,Wahlen & Gschwind (2023),10.1287/trsc.2023.1198
CBD,LargestGap,30,50,17,8387,True,optimal,8387,False,Wahlen & Gschwind (2023),10.1287/trsc.2023.1198
CBD,LargestGap,30,50,18,8946,True,optimal,8946,False,Wahlen & Gschwind (2023),10.1287/trsc.2023.1198
CBD,LargestGap,30,50,19,8425,True,optimal,8425,False,Wahlen & Gschwind (2023),10.1287/trsc.2023.1198
CBD,LargestGap,30,50,20,9240,True,optimal,9240,False,Wahlen & Gschwind (2023),10.1287/trsc.2023.1198
CBD,LargestGap,30,50,21,9843,True,optimal,9843,False,Wahlen & Gschwind (2023),10.1287/trsc.2023.1198
CBD,LargestGap,30,50,22,9255,True,optimal,9255,False,Wahlen & Gschwind (2023),10.1287/trsc.2023.1198
CBD,LargestGap,30,50,23,7492,True,optimal,7492,False,Wahlen & Gschwind (2023),10.1287/trsc.2023.1198
CBD,LargestGap,30,50,24,7719,True,optimal,7719,False,Wahlen & Gschwind (2023),10.1287/trsc.2023.1198
CBD,LargestGap,30,50,25,7828,True,optimal,7828,False,Wahlen & Gschwind (2023),10.1287/trsc.2023.1198
CBD,LargestGap,30,50,26,9156,True,optimal,9156,False,Wahlen & Gschwind (2023),10.1287/trsc.2023.1198
CBD,LargestGap,30,50,27,8729,True,optimal,8729,False,Wahlen & Gschwind (2023),10.1287/trsc.2023.1198
CBD,LargestGap,30,50,28,7311,True,optimal,7311,False,Wahlen & Gschwind (2023),10.1287/trsc.2023.1198
CBD,LargestGap,30,50,29,8185,True,optimal,8185,False,Wahlen & Gschwind (2023),10.1287/trsc.2023.1198
CBD,LargestGap,30,50,30,8162,True,optimal,8162,False,Wahlen & Gschwind (2023),10.1287/trsc.2023.1198
CBD,LargestGap,30,50,31,7183,True,optimal,7183,False,Wahlen & Gschwind (2023),10.1287/trsc.2023.1198
CBD,LargestGap,30,50,32,8959,True,optimal,8959,False,Wahlen & Gschwind (2023),10.1287/trsc.2023.1198
CBD,LargestGap,30,50,33,8286,True,optimal,8286,False,Wahlen & Gschwind (2023),10.1287/trsc.2023.1198
CBD,LargestGap,30,50,34,8767,True,optimal,8767,False,Wahlen & Gschwind (2023),10.1287/trsc.2023.1198
CBD,LargestGap,30,50,35,8886,True,optimal,8886,False,Wahlen & Gschwind (2023),10.1287/trsc.2023.1198
CBD,LargestGap,30,50,36,6709,True,optimal,6709,False,Wahlen & Gschwind (2023),10.1287/trsc.2023.1198
CBD,LargestGap,30,50,37,8001,True,optimal,8001,False,Wahlen & Gschwind (2023),10.1287/trsc.2023.1198
CBD,LargestGap,30,50,38,9437,True,optimal,9437,False,Wahlen & Gschwind (2023),10.1287/trsc.2023.1198
CBD,LargestGap,30,50,39,7836,True,optimal,7836,False,Wahlen & Gschwind (2023),10.1287/trsc.2023.1198
CBD,LargestGap,30,60,0,9801,True,optimal,9801,False,Wahlen & Gschwind (2023),10.1287/trsc.2023.1198
CBD,LargestGap,30,60,1,10013,True,optimal,10013,False,Wahlen & Gschwind (2023),10.1287/trsc.2023.1198
CBD,LargestGap,30,60,2,11359,True,optimal,11359,False,Wahlen & Gschwind (2023),10.1287/trsc.2023.1198
CBD,LargestGap,30,60,3,9255,True,optimal,9255,False,Wahlen & Gschwind (2023),10.1287/trsc.2023.1198
CBD,LargestGap,30,60,4,11609,True,optimal,11609,False,Wahlen & Gschwind (2023),10.1287/trsc.2023.1198
CBD,LargestGap,30,60,5,9110,True,optimal,9110,False,Wahlen & Gschwind (2023),10.1287/trsc.2023.1198
CBD,LargestGap,30,60,6,11555,True,optimal,11555,False,Wahlen & Gschwind (2023),10.1287/trsc.2023.1198
CBD,LargestGap,30,60,7,9282,True,optimal,9282,False,Wahlen & Gschwind (2023),10.1287/trsc.2023.1198
CBD,LargestGap,30,60,8,9137,True,optimal,9137,False,Wahlen & Gschwind (2023),10.1287/trsc.2023.1198
CBD,LargestGap,30,60,9,10715,True,optimal,10715,False,Wahlen & Gschwind (2023),10.1287/trsc.2023.1198
CBD,LargestGap,30,60,10,9290,True,optimal,9290,False,Wahlen & Gschwind (2023),10.1287/trsc.2023.1198
CBD,LargestGap,30,60,11,8979,True,optimal,8979,False,Wahlen & Gschwind (2023),10.1287/trsc.2023.1198
CBD,LargestGap,30,60,12,9739,True,optimal,9739,False,Wahlen & Gschwind (2023),10.1287/trsc.2023.1198
CBD,LargestGap,30,60,13,13409,True,optimal,13409,False,Wahlen & Gschwind (2023),10.1287/trsc.2023.1198
CBD,LargestGap,30,60,14,9648,True,optimal,9648,False,Wahlen & Gschwind (2023),10.1287/trsc.2023.1198
CBD,LargestGap,30,60,15,9517,True,optimal,9517,False,Wahlen & Gschwind (2023),10.1287/trsc.2023.1198
CBD,LargestGap,30,60,16,10762,True,optimal,10762,False,Wahlen & Gschwind (2023),10.1287/trsc.2023.1198
CBD,LargestGap,30,60,17,10246,True,optimal,10246,False,Wahlen & Gschwind (2023),10.1287/trsc.2023.1198
CBD,LargestGap,30,60,18,9426,True,optimal,9426,False,Wahlen & Gschwind (2023),10.1287/trsc.2023.1198
CBD,LargestGap,30,60,19,8971,True,optimal,8971,False,Wahlen & Gschwind (2023),10.1287/trsc.2023.1198
CBD,LargestGap,30,60,20,10087,True,optimal,10087,False,Wahlen & Gschwind (2023),10.1287/trsc.2023.1198
CBD,LargestGap,30,60,21,9415,True,optimal,9415,False,Wahlen & Gschwind (2023),10.1287/trsc.2023.1198
CBD,LargestGap,30,60,22,11007,True,optimal,11007,False,Wahlen & Gschwind (2023),10.1287/trsc.2023.1198
CBD,LargestGap,30,60,23,9731,True,optimal,9731,False,Wahlen & Gschwind (2023),10.1287/trsc.2023.1198
CBD,LargestGap,30,60,24,9781,True,optimal,9781,False,Wahlen & Gschwind (2023),10.1287/trsc.2023.1198
CBD,LargestGap,30,60,25,10021,True,optimal,10021,False,Wahlen & Gschwind (2023),10.1287/trsc.2023.1198
CBD,LargestGap,30,60,26,9500,True,optimal,9500,False,Wahlen & Gschwind (2023),10.1287/trsc.2023.1198
CBD,LargestGap,30,60,27,9288,True,optimal,9288,False,Wahlen & Gschwind (2023),10.1287/trsc.2023.1198
CBD,LargestGap,30,60,28,12378,True,optimal,12378,False,Wahlen & Gschwind (2023),10.1287/trsc.2023.1198
CBD,LargestGap,30,60,29,11120,True,optimal,11120,False,Wahlen & Gschwind (2023),10.1287/trsc.2023.1198
CBD,LargestGap,30,60,30,11750,True,optimal,11750,False,Wahlen & Gschwind (2023),10.1287/trsc.2023.1198
CBD,LargestGap,30,60,31,9411,True,optimal,9411,False,Wahlen & Gschwind (2023),10.1287/trsc.2023.1198
CBD,LargestGap,30,60,32,9870,True,optimal,9870,False,Wahlen & Gschwind (2023),10.1287/trsc.2023.1198
CBD,LargestGap,30,60,33,9999,True,optimal,9999,False,Wahlen & Gschwind (2023),10.1287/trsc.2023.1198
CBD,LargestGap,30,60,34,11813,True,optimal,11813,False,Wahlen & Gschwind (2023),10.1287/trsc.2023.1198
CBD,LargestGap,30,60,35,9680,True,optimal,9680,False,Wahlen & Gschwind (2023),10.1287/trsc.2023.1198
CBD,LargestGap,30,60,36,10280,True,optimal,10280,False,Wahlen & Gschwind (2023),10.1287/trsc.2023.1198
CBD,LargestGap,30,60,37,9801,True,optimal,9801,False,Wahlen & Gschwind (2023),10.1287/trsc.2023.1198
CBD,LargestGap,30,60,38,8741,True,optimal,8741,False,Wahlen & Gschwind (2023),10.1287/trsc.2023.1198
CBD,LargestGap,30,60,39,9701,True,optimal,9701,False,Wahlen & Gschwind (2023),10.1287/trsc.2023.1198
CBD,LargestGap,30,70,0,10062,True,optimal,10062,False,Wahlen & Gschwind (2023),10.1287/trsc.2023.1198
CBD,LargestGap,30,70,1,11276,True,optimal,11276,False,Wahlen & Gschwind (2023),10.1287/trsc.2023.1198
CBD,LargestGap,30,70,2,10709,True,optimal,10709,False,Wahlen & Gschwind (2023),10.1287/trsc.2023.1198
CBD,LargestGap,30,70,3,10945,True,optimal,10945,False,Wahlen & Gschwind (2023),10.1287/trsc.2023.1198
CBD,LargestGap,30,70,4,11453,True,optimal,11453,False,Wahlen & Gschwind (2023),10.1287/trsc.2023.1198
CBD,LargestGap,30,70,5,12442,True,optimal,12442,False,Wahlen & Gschwind (2023),10.1287/trsc.2023.1198
CBD,LargestGap,30,70,6,12050,True,optimal,12050,False,Wahlen & Gschwind (2023),10.1287/trsc.2023.1198
CBD,LargestGap,30,70,7,12374,True,optimal,12374,False,Wahlen & Gschwind (2023),10.1287/trsc.2023.1198
CBD,LargestGap,30,70,8,11473,True,optimal,11473,False,Wahlen & Gschwind (2023),10.1287/trsc.2023.1198
CBD,LargestGap,30,70,9,11025,True,optimal,11025,False,Wahlen & Gschwind (2023),10.1287/trsc.2023.1198
CBD,LargestGap,30,70,10,11093,True,optimal,11093,False,Wahlen & Gschwind (2023),10.1287/trsc.2023.1198
CBD,LargestGap,30,70,11,11664,True,optimal,11664,False,Wahlen & Gschwind (2023),10.1287/trsc.2023.1198
CBD,LargestGap,30,70,12,10262,True,optimal,10262,False,Wahlen & Gschwind (2023),10.1287/trsc.2023.1198
CBD,LargestGap,30,70,13,12462,True,optimal,12462,False,Wahlen & Gschwind (2023),10.1287/trsc.2023.1198
CBD,LargestGap,30,70,14,11268,True,optimal,11268,False,Wahlen & Gschwind (2023),10.1287/trsc.2023.1198
CBD,LargestGap,30,70,15,13440,True,optimal,13440,False,Wahlen & Gschwind (2023),10.1287/trsc.2023.1198
CBD,LargestGap,30,70,16,11606,True,optimal,11606,False,Wahlen & Gschwind (2023),10.1287/trsc.2023.1198
CBD,LargestGap,30,70,17,11650,True,optimal,11650,False,Wahlen & Gschwind (2023),10.1287/trsc.2023.1198
CBD,LargestGap,30,70,18,10899,True,optimal,10899,False,Wahlen & Gschwind (2023),10.1287/trsc.2023.1198
CBD,LargestGap,30,70,19,10675,True,optimal,10675,False,Wahlen & Gschwind (2023),10.1287/trsc.2023.1198
CBD,LargestGap,30,70,20,12446,True,optimal,12446,False,Wahlen & Gschwind (2023),10.1287/trsc.2023.1198
CBD,LargestGap,30,70,21,10981,True,optimal,10981,False,Wahlen & Gschwind (2023),10.1287/trsc.2023.1198
CBD,LargestGap,30,70,22,10005,True,optimal,10005,False,Wahlen & Gschwind (2023),10.1287/trsc.2023.1198
CBD,LargestGap,30,70,23,12438,True,optimal,12438,False,Wahlen & Gschwind (2023),10.1287/trsc.2023.1198
CBD,LargestGap,30,70,24,11118,True,optimal,11118,False,Wahlen & Gschwind (2023),10.1287/trsc.2023.1198
CBD,LargestGap,30,70,25,10168,True,optimal,10168,False,Wahlen & Gschwind (2023),10.1287/trsc.2023.1198
CBD,LargestGap,30,70,26,10794,True,optimal,10794,False,Wahlen & Gschwind (2023),10.1287/trsc.2023.1198
CBD,LargestGap,30,70,27,11234,True,optimal,11234,False,Wahlen & Gschwind (2023),10.1287/trsc.2023.1198
CBD,LargestGap,30,70,28,9976,True,optimal,9976,False,Wahlen & Gschwind (2023),10.1287/trsc.2023.1198
CBD,LargestGap,30,70,29,12092,True,optimal,12092,False,Wahlen & Gschwind (2023),10.1287/trsc.2023.1198
CBD,LargestGap,30,70,30,11988,True,optimal,11988,False,Wahlen & Gschwind (2023),10.1287/trsc.2023.1198
CBD,LargestGap,30,70,31,10705,True,optimal,10705,False,Wahlen & Gschwind (2023),10.1287/trsc.2023.1198
CBD,LargestGap,30,70,32,12537,True,optimal,12537,False,Wahlen & Gschwind (2023),10.1287/trsc.2023.1198
CBD,LargestGap,30,70,33,10617,True,optimal,10617,False,Wahlen & Gschwind (2023),10.1287/trsc.2023.1198
CBD,LargestGap,30,70,34,11314,True,optimal,11314,False,Wahlen & Gschwind (2023),10.1287/trsc.2023.1198
CBD,LargestGap,30,70,35,12399,True,optimal,12399,False,Wahlen & Gschwind (2023),10.1287/trsc.2023.1198
CBD,LargestGap,30,70,36,10508,True,optimal,10508,False,Wahlen & Gschwind (2023),10.1287/trsc.2023.1198
CBD,LargestGap,30,70,37,11566,True,optimal,11566,False,Wahlen & Gschwind (2023),10.1287/trsc.2023.1198
CBD,LargestGap,30,70,38,11334,True,optimal,11334,False,Wahlen & Gschwind (2023),10.1287/trsc.2023.1198
CBD,LargestGap,30,70,39,11918,True,optimal,11918,False,Wahlen & Gschwind (2023),10.1287/trsc.2023.1198
CBD,LargestGap,30,80,0,12998,True,optimal,12998,False,Wahlen & Gschwind (2023),10.1287/trsc.2023.1198
CBD,LargestGap,30,80,1,11307,True,optimal,11307,False,Wahlen & Gschwind (2023),10.1287/trsc.2023.1198
CBD,LargestGap,30,80,2,12193,True,optimal,12193,False,Wahlen & Gschwind (2023),10.1287/trsc.2023.1198
CBD,LargestGap,30,80,3,13854,True,optimal,13854,False,Wahlen & Gschwind (2023),10.1287/trsc.2023.1198
CBD,LargestGap,30,80,4,12435,True,optimal,12435,False,Wahlen & Gschwind (2023),10.1287/trsc.2023.1198
CBD,LargestGap,30,80,5,12451,True,optimal,12451,False,Wahlen & Gschwind (2023),10.1287/trsc.2023.1198
CBD,LargestGap,30,80,6,12029,True,optimal,12029,False,Wahlen & Gschwind (2023),10.1287/trsc.2023.1198
CBD,LargestGap,30,80,7,12080,True,optimal,12080,False,Wahlen & Gschwind (2023),10.1287/trsc.2023.1198
CBD,LargestGap,30,80,8,12790,True,optimal,12790,False,Wahlen & Gschwind (2023),10.1287/trsc.2023.1198
CBD,LargestGap,30,80,9,13845,True,optimal,13845,False,Wahlen & Gschwind (2023),10.1287/trsc.2023.1198
CBD,LargestGap,30,80,10,14391,True,optimal,14391,False,Wahlen & Gschwind (2023),10.1287/trsc.2023.1198
CBD,LargestGap,30,80,11,13761,True,optimal,13761,False,Wahlen & Gschwind (2023),10.1287/trsc.2023.1198
CBD,LargestGap,30,80,12,12805,True,optimal,12805,False,Wahlen & Gschwind (2023),10.1287/trsc.2023.1198
CBD,LargestGap,30,80,13,11478,True,optimal,11478,False,Wahlen & Gschwind (2023),10.1287/trsc.2023.1198
CBD,LargestGap,30,80,14,13619,True,optimal,13619,False,Wahlen & Gschwind (2023),10.1287/trsc.2023.1198
CBD,LargestGap,30,80,15,14175,True,optimal,14175,False,Wahlen & Gschwind (2023),10.1287/trsc.2023.1198
CBD,LargestGap,30,80,16,12792,True,optimal,12792,False,Wahlen & Gschwind (2023),10.1287/trsc.2023.1198
CBD,LargestGap,30,80,17,13545,True,optimal,13545,False,Wahlen & Gschwind (2023),10.1287/trsc.2023.1198
CBD,LargestGap,30,80,18,13805,True,optimal,13805,False,Wahlen & Gschwind (2023),10.1287/trsc.2023.1198
CBD,LargestGap,30,80,19,13961,True,optimal,13961,False,Wahlen & Gschwind (2023),10.1287/trsc.2023.1198
CBD,LargestGap,30,80,20,13963,True,optimal,13963,False,Wahlen & Gschwind (2023),10.1287/trsc.2023.1198
CBD,LargestGap,30,80,21,13904,True,optimal,13904,False,Wahlen & Gschwind (2023),10.1287/trsc.2023.1198
CBD,LargestGap,30,80,22,13038,True,optimal,13038,False,Wahlen & Gschwind (2023),10.1287/trsc.2023.1198
CBD,LargestGap,30,80,23,13417,True,optimal,13417,False,Wahlen & Gschwind (2023),10.1287/trsc.2023.1198
CBD,LargestGap,30,80,24,13560,True,optimal,13560,False,Wahlen & Gschwind (2023),10.1287/trsc.2023.1198
CBD,LargestGap,30,80,25,12886,True,optimal,12886,False,Wahlen & Gschwind (2023),10.1287/trsc.2023.1198
CBD,LargestGap,30,80,26,13311,True,optimal,13311,False,Wahlen & Gschwind (2023),10.1287/trsc.2023.1198
CBD,LargestGap,30,80,27,13340,True,optimal,13340,False,Wahlen & Gschwind (2023),10.1287/trsc.2023.1198
CBD,LargestGap,30,80,28,12234,True,optimal,12234,False,Wahlen & Gschwind (2023),10.1287/trsc.2023.1198
CBD,LargestGap,30,80,29,13191,True,optimal,13191,False,Wahlen & Gschwind (2023),10.1287/trsc.2023.1198
CBD,LargestGap,30,80,30,13648,True,optimal,13648,False,Wahlen & Gschwind (2023),10.1287/trsc.2023.1198
CBD,LargestGap,30,80,31,12256,True,optimal,12256,False,Wahlen & Gschwind (2023),10.1287/trsc.2023.1198
CBD,LargestGap,30,80,32,13416,True,optimal,13416,False,Wahlen & Gschwind (2023),10.1287/trsc.2023.1198
CBD,LargestGap,30,80,33,12864,True,optimal,12864,False,Wahlen & Gschwind (2023),10.1287/trsc.2023.1198
CBD,LargestGap,30,80,34,12948,True,optimal,12948,False,Wahlen & Gschwind (2023),10.1287/trsc.2023.1198
CBD,LargestGap,30,80,35,12366,True,optimal,12366,False,Wahlen & Gschwind (2023),10.1287/trsc.2023.1198
CBD,LargestGap,30,80,36,13281,True,optimal,13281,False,Wahlen & Gschwind (2023),10.1287/trsc.2023.1198
CBD,LargestGap,30,80,37,11396,True,optimal,11396,False,Wahlen & Gschwind (2023),10.1287/trsc.2023.1198
CBD,LargestGap,30,80,38,13065,True,optimal,13065,False,Wahlen & Gschwind (2023),10.1287/trsc.2023.1198
CBD,LargestGap,30,80,39,12777,True,optimal,12777,False,Wahlen & Gschwind (2023),10.1287/trsc.2023.1198
CBD,LargestGap,30,90,0,13195,True,optimal,13195,False,Wahlen & Gschwind (2023),10.1287/trsc.2023.1198
CBD,LargestGap,30,90,1,15260,True,optimal,15260,False,Wahlen & Gschwind (2023),10.1287/trsc.2023.1198
CBD,LargestGap,30,90,2,15370,True,optimal,15370,False,Wahlen & Gschwind (2023),10.1287/trsc.2023.1198
CBD,LargestGap,30,90,3,14263,True,optimal,14263,False,Wahlen & Gschwind (2023),10.1287/trsc.2023.1198
CBD,LargestGap,30,90,4,14446,True,optimal,14446,False,Wahlen & Gschwind (2023),10.1287/trsc.2023.1198
CBD,LargestGap,30,90,5,13514,True,optimal,13514,False,Wahlen & Gschwind (2023),10.1287/trsc.2023.1198
CBD,LargestGap,30,90,6,12141,True,optimal,12141,False,Wahlen & Gschwind (2023),10.1287/trsc.2023.1198
CBD,LargestGap,30,90,7,13289,True,optimal,13289,False,Wahlen & Gschwind (2023),10.1287/trsc.2023.1198
CBD,LargestGap,30,90,8,14330,True,optimal,14330,False,Wahlen & Gschwind (2023),10.1287/trsc.2023.1198
CBD,LargestGap,30,90,9,14784,True,optimal,14784,False,Wahlen & Gschwind (2023),10.1287/trsc.2023.1198
CBD,LargestGap,30,90,10,15228,True,optimal,15228,False,Wahlen & Gschwind (2023),10.1287/trsc.2023.1198
CBD,LargestGap,30,90,11,14904,True,optimal,14904,False,Wahlen & Gschwind (2023),10.1287/trsc.2023.1198
CBD,LargestGap,30,90,12,13582,True,optimal,13582,False,Wahlen & Gschwind (2023),10.1287/trsc.2023.1198
CBD,LargestGap,30,90,13,13500,True,optimal,13500,False,Wahlen & Gschwind (2023),10.1287/trsc.2023.1198
CBD,LargestGap,30,90,14,13969,True,optimal,13969,False,Wahlen & Gschwind (2023),10.1287/trsc.2023.1198
CBD,LargestGap,30,90,15,15488,True,optimal,15488,False,Wahlen & Gschwind (2023),10.1287/trsc.2023.1198
CBD,LargestGap,30,90,16,16440,True,optimal,16440,False,Wahlen & Gschwind (2023),10.1287/trsc.2023.1198
CBD,LargestGap,30,90,17,14723,True,optimal,14723,False,Wahlen & Gschwind (2023),10.1287/trsc.2023.1198
CBD,LargestGap,30,90,18,15615,True,optimal,15615,False,Wahlen & Gschwind (2023),10.1287/trsc.2023.1198
CBD,LargestGap,30,90,19,15049,True,optimal,15049,False,Wahlen & Gschwind (2023),10.1287/trsc.2023.1198
CBD,LargestGap,30,90,20,15875,True,optimal,15875,False,Wahlen & Gschwind (2023),10.1287/trsc.2023.1198
CBD,LargestGap,30,90,21,14244,True,optimal,14244,False,Wahlen & Gschwind (2023),10.1287/trsc.2023.1198
CBD,LargestGap,30,90,22,13698,True,optimal,13698,False,Wahlen & Gschwind (2023),10.1287/trsc.2023.1198
CBD,LargestGap,30,90,23,14464,True,optimal,14464,False,Wahlen & Gschwind (2023),10.1287/trsc.2023.1198
CBD,LargestGap,30,90,24,13946,True,optimal,13946,False,Wahlen & Gschwind (2023),10.1287/trsc.2023.1198
CBD,LargestGap,30,90,25,13614,True,optimal,13614,False,Wahlen & Gschwind (2023),10.1287/trsc.2023.1198
CBD,LargestGap,30,90,26,13600,True,optimal,13600,False,Wahlen & Gschwind (2023),10.1287/trsc.2023.1198
CBD,LargestGap,30,90,27,13148,True,optimal,13148,False,Wahlen & Gschwind (2023),10.1287/trsc.2023.1198
CBD,LargestGap,30,90,28,14197,True,optimal,14197,False,Wahlen & Gschwind (2023),10.1287/trsc.2023.1198
CBD,LargestGap,30,90,29,15009,True,optimal,15009,False,Wahlen & Gschwind (2023),10.1287/trsc.2023.1198
CBD,LargestGap,30,90,30,17311,True,optimal,17311,False,Wahlen & Gschwind (2023),10.1287/trsc.2023.1198
CBD,LargestGap,30,90,31,14656,True,optimal,14656,False,Wahlen & Gschwind (2023),10.1287/trsc.2023.1198
CBD,LargestGap,30,90,32,13184,True,optimal,13184,False,Wahlen & Gschwind (2023),10.1287/trsc.2023.1198
CBD,LargestGap,30,90,33,14723,True,optimal,14723,False,Wahlen & Gschwind (2023),10.1287/trsc.2023.1198
CBD,LargestGap,30,90,34,15050,True,optimal,15050,False,Wahlen & Gschwind (2023),10.1287/trsc.2023.1198
CBD,LargestGap,30,90,35,15162,True,optimal,15162,False,Wahlen & Gschwind (2023),10.1287/trsc.2023.1198
CBD,LargestGap,30,90,36,14755,True,optimal,14755,False,Wahlen & Gschwind (2023),10.1287/trsc.2023.1198
CBD,LargestGap,30,90,37,14894,True,optimal,14894,False,Wahlen & Gschwind (2023),10.1287/trsc.2023.1198
CBD,LargestGap,30,90,38,14980,True,optimal,14980,False,Wahlen & Gschwind (2023),10.1287/trsc.2023.1198
CBD,LargestGap,30,90,39,14291,True,optimal,14291,False,Wahlen & Gschwind (2023),10.1287/trsc.2023.1198
CBD,LargestGap,30,100,0,16821,True,optimal,16821,False,Wahlen & Gschwind (2023),10.1287/trsc.2023.1198
CBD,LargestGap,30,100,1,13940,True,optimal,13940,False,Wahlen & Gschwind (2023),10.1287/trsc.2023.1198
CBD,LargestGap,30,100,2,16569,True,optimal,16569,False,Wahlen & Gschwind (2023),10.1287/trsc.2023.1198
CBD,LargestGap,30,100,3,15622,True,optimal,15622,False,Wahlen & Gschwind (2023),10.1287/trsc.2023.1198
CBD,LargestGap,30,100,4,14425,True,optimal,14425,False,Wahlen & Gschwind (2023),10.1287/trsc.2023.1198
CBD,LargestGap,30,100,5,18248,True,optimal,18248,False,Wahlen & Gschwind (2023),10.1287/trsc.2023.1198
CBD,LargestGap,30,100,6,15803,True,optimal,15803,False,Wahlen & Gschwind (2023),10.1287/trsc.2023.1198
CBD,LargestGap,30,100,7,15626,True,optimal,15626,False,Wahlen & Gschwind (2023),10.1287/trsc.2023.1198
CBD,LargestGap,30,100,8,15115,True,optimal,15115,False,Wahlen & Gschwind (2023),10.1287/trsc.2023.1198
CBD,LargestGap,30,100,9,16417,True,optimal,16417,False,Wahlen & Gschwind (2023),10.1287/trsc.2023.1198
CBD,LargestGap,30,100,10,16536,True,optimal,16536,False,Wahlen & Gschwind (2023),10.1287/trsc.2023.1198
CBD,LargestGap,30,100,11,17647,True,optimal,17647,False,Wahlen & Gschwind (2023),10.1287/trsc.2023.1198
CBD,LargestGap,30,100,12,18483,True,optimal,18483,False,Wahlen & Gschwind (2023),10.1287/trsc.2023.1198
CBD,LargestGap,30,100,13,16205,True,optimal,16205,False,Wahlen & Gschwind (2023),10.1287/trsc.2023.1198
CBD,LargestGap,30,100,14,17621,True,optimal,17621,False,Wahlen & Gschwind (2023),10.1287/trsc.2023.1198
CBD,LargestGap,30,100,15,17298,True,optimal,17298,False,Wahlen & Gschwind (2023),10.1287/trsc.2023.1198
CBD,LargestGap,30,100,16,16593,True,optimal,16593,False,Wahlen & Gschwind (2023),10.1287/trsc.2023.1198
CBD,LargestGap,30,100,17,15474,True,optimal,15474,False,Wahlen & Gschwind (2023),10.1287/trsc.2023.1198
CBD,LargestGap,30,100,18,16633,True,optimal,16633,False,Wahlen & Gschwind (2023),10.1287/trsc.2023.1198
CBD,LargestGap,30,100,19,14328,True,optimal,14328,False,Wahlen & Gschwind (2023),10.1287/trsc.2023.1198
CBD,LargestGap,30,100,20,15986,True,optimal,15986,False,Wahlen & Gschwind (2023),10.1287/trsc.2023.1198
CBD,LargestGap,30,100,21,16525,True,optimal,16525,False,Wahlen & Gschwind (2023),10.1287/trsc.2023.1198
CBD,LargestGap,30,100,22,15094,True,optimal,15094,False,Wahlen & Gschwind (2023),10.1287/trsc.2023.1198
CBD,LargestGap,30,100,23,15261,True,optimal,15261,False,Wahlen & Gschwind (2023),10.1287/trsc.2023.1198
CBD,LargestGap,30,100,24,17926,True,optimal,17926,False,Wahlen & Gschwind (2023),10.1287/trsc.2023.1198
CBD,LargestGap,30,100,25,19345,True,optimal,19345,False,Wahlen & Gschwind (2023),10.1287/trsc.2023.1198
CBD,LargestGap,30,100,26,16616,True,optimal,16616,False,Wahlen & Gschwind (2023),10.1287/trsc.2023.1198
CBD,LargestGap,30,100,27,16460,True,optimal,16460,False,Wahlen & Gschwind (2023),10.1287/trsc.2023.1198
CBD,LargestGap,30,100,28,16289,True,optimal,16289,False,Wahlen & Gschwind (2023),10.1287/trsc.2023.1198
CBD,LargestGap,30,100,29,15294,True,optimal,15294,False,Wahlen & Gschwind (2023),10.1287/trsc.2023.1198
CBD,LargestGap,30,100,30,15625,True,optimal,15625,False,Wahlen & Gschwind (2023),10.1287/trsc.2023.1198
CBD,LargestGap,30,100,31,15888,True,optimal,15888,False,Wahlen & Gschwind (2023),10.1287/trsc.2023.1198
CBD,LargestGap,30,100,32,15267,True,optimal,15267,False,Wahlen & Gschwind (2023),10.1287/trsc.2023.1198
CBD,LargestGap,30,100,33,16028,True,optimal,16028,False,Wahlen & Gschwind (2023),10.1287/trsc.2023.1198
CBD,LargestGap,30,100,34,15451,True,optimal,15451,False,Wahlen & Gschwind (2023),10.1287/trsc.2023.1198
CBD,LargestGap,30,100,35,16743,True,optimal,16743,False,Wahlen & Gschwind (2023),10.1287/trsc.2023.1198
CBD,LargestGap,30,100,36,16137,True,optimal,16137,False,Wahlen & Gschwind (2023),10.1287/trsc.2023.1198
CBD,LargestGap,30,100,37,15725,True,optimal,15725,False,Wahlen & Gschwind (2023),10.1287/trsc.2023.1198
CBD,LargestGap,30,100,38,14823,True,optimal,14823,False,Wahlen & Gschwind (2023),10.1287/trsc.2023.1198
CBD,LargestGap,30,100,39,16633,True,optimal,16633,False,Wahlen & Gschwind (2023),10.1287/trsc.2023.1198
CBD,LargestGap,45,20,0,2362,True,optimal,2362,False,Wahlen & Gschwind (2023),10.1287/trsc.2023.1198
CBD,LargestGap,45,20,1,2485,True,optimal,2485,False,Wahlen & Gschwind (2023),10.1287/trsc.2023.1198
CBD,LargestGap,45,20,2,2195,True,optimal,2195,False,Wahlen & Gschwind (2023),10.1287/trsc.2023.1198
CBD,LargestGap,45,20,3,2196,True,optimal,2196,False,Wahlen & Gschwind (2023),10.1287/trsc.2023.1198
CBD,LargestGap,45,20,4,2201,True,optimal,2201,False,Wahlen & Gschwind (2023),10.1287/trsc.2023.1198
CBD,LargestGap,45,20,5,2152,True,optimal,2152,False,Wahlen & Gschwind (2023),10.1287/trsc.2023.1198
CBD,LargestGap,45,20,6,2544,True,optimal,2544,False,Wahlen & Gschwind (2023),10.1287/trsc.2023.1198
CBD,LargestGap,45,20,7,2121,True,optimal,2121,False,Wahlen & Gschwind (2023),10.1287/trsc.2023.1198
CBD,LargestGap,45,20,8,2629,True,optimal,2629,False,Wahlen & Gschwind (2023),10.1287/trsc.2023.1198
CBD,LargestGap,45,20,9,2604,True,optimal,2604,False,Wahlen & Gschwind (2023),10.1287/trsc.2023.1198
CBD,LargestGap,45,20,10,2464,True,optimal,2464,False,Wahlen & Gschwind (2023),10.1287/trsc.2023.1198
CBD,LargestGap,45,20,11,2744,True,optimal,2744,False,Wahlen & Gschwind (2023),10.1287/trsc.2023.1198
CBD,LargestGap,45,20,12,2431,True,optimal,2431,False,Wahlen & Gschwind (2023),10.1287/trsc.2023.1198
CBD,LargestGap,45,20,13,2494,True,optimal,2494,False,Wahlen & Gschwind (2023),10.1287/trsc.2023.1198
CBD,LargestGap,45,20,14,2406,True,optimal,2406,False,Wahlen & Gschwind (2023),10.1287/trsc.2023.1198
CBD,LargestGap,45,20,15,2132,True,optimal,2132,False,Wahlen & Gschwind (2023),10.1287/trsc.2023.1198
CBD,LargestGap,45,20,16,2347,True,optimal,2347,False,Wahlen & Gschwind (2023),10.1287/trsc.2023.1198
CBD,LargestGap,45,20,17,2648,True,optimal,2648,False,Wahlen & Gschwind (2023),10.1287/trsc.2023.1198
CBD,LargestGap,45,20,18,2732,True,optimal,2732,False,Wahlen & Gschwind (2023),10.1287/trsc.2023.1198
CBD,LargestGap,45,20,19,2071,True,optimal,2071,False,Wahlen & Gschwind (2023),10.1287/trsc.2023.1198
CBD,LargestGap,45,20,20,2713,True,optimal,2713,False,Wahlen & Gschwind (2023),10.1287/trsc.2023.1198
CBD,LargestGap,45,20,21,2812,True,optimal,2812,False,Wahlen & Gschwind (2023),10.1287/trsc.2023.1198
CBD,LargestGap,45,20,22,2242,True,optimal,2242,False,Wahlen & Gschwind (2023),10.1287/trsc.2023.1198
CBD,LargestGap,45,20,23,3072,True,optimal,3072,False,Wahlen & Gschwind (2023),10.1287/trsc.2023.1198
CBD,LargestGap,45,20,24,2232,True,optimal,2232,False,Wahlen & Gschwind (2023),10.1287/trsc.2023.1198
CBD,LargestGap,45,20,25,2733,True,optimal,2733,False,Wahlen & Gschwind (2023),10.1287/trsc.2023.1198
CBD,LargestGap,45,20,26,2342,True,optimal,2342,False,Wahlen & Gschwind (2023),10.1287/trsc.2023.1198
CBD,LargestGap,45,20,27,2158,True,optimal,2158,False,Wahlen & Gschwind (2023),10.1287/trsc.2023.1198
CBD,LargestGap,45,20,28,2992,True,optimal,2992,False,Wahlen & Gschwind (2023),10.1287/trsc.2023.1198
CBD,LargestGap,45,20,29,2757,True,optimal,2757,False,Wahlen & Gschwind (2023),10.1287/trsc.2023.1198
CBD,LargestGap,45,20,30,2485,True,optimal,2485,False,Wahlen & Gschwind (2023),10.1287/trsc.2023.1198
CBD,LargestGap,45,20,31,2568,True,optimal,2568,False,Wahlen & Gschwind (2023),10.1287/trsc.2023.1198
CBD,LargestGap,45,20,32,2535,True,optimal,2535,False,Wahlen & Gschwind (2023),10.1287/trsc.2023.1198
CBD,LargestGap,45,20,33,2431,True,optimal,2431,False,Wahlen & Gschwind (2023),10.1287/trsc.2023.1198
CBD,LargestGap,45,20,34,2449,True,optimal,2449,False,Wahlen & Gschwind (2023),10.1287/trsc.2023.1198
CBD,LargestGap,45,20,35,2197,True,optimal,2197,False,Wahlen & Gschwind (2023),10.1287/trsc.2023.1198
CBD,LargestGap,45,20,36,2393,True,optimal,2393,False,Wahlen & Gschwind (2023),10.1287/trsc.2023.1198
CBD,LargestGap,45,20,37,2417,True,optimal,2417,False,Wahlen & Gschwind (2023),10.1287/trsc.2023.1198
CBD,LargestGap,45,20,38,2444,True,optimal,2444,False,Wahlen & Gschwind (2023),10.1287/trsc.2023.1198
CBD,LargestGap,45,20,39,2358,True,optimal,2358,False,Wahlen & Gschwind (2023),10.1287/trsc.2023.1198
CBD,LargestGap,45,30,0,3743,True,optimal,3743,False,Wahlen & Gschwind (2023),10.1287/trsc.2023.1198
CBD,LargestGap,45,30,1,3611,True,optimal,3611,False,Wahlen & Gschwind (2023),10.1287/trsc.2023.1198
CBD,LargestGap,45,30,2,3429,True,optimal,3429,False,Wahlen & Gschwind (2023),10.1287/trsc.2023.1198
CBD,LargestGap,45,30,3,3673,True,optimal,3673,False,Wahlen & Gschwind (2023),10.1287/trsc.2023.1198
CBD,LargestGap,45,30,4,3772,True,optimal,3772,False,Wahlen & Gschwind (2023),10.1287/trsc.2023.1198
CBD,LargestGap,45,30,5,3787,True,optimal,3787,False,Wahlen & Gschwind (2023),10.1287/trsc.2023.1198
CBD,LargestGap,45,30,6,3499,True,optimal,3499,False,Wahlen & Gschwind (2023),10.1287/trsc.2023.1198
CBD,LargestGap,45,30,7,3310,True,optimal,3310,False,Wahlen & Gschwind (2023),10.1287/trsc.2023.1198
CBD,LargestGap,45,30,8,3632,True,optimal,3632,False,Wahlen & Gschwind (2023),10.1287/trsc.2023.1198
CBD,LargestGap,45,30,9,3953,True,optimal,3953,False,Wahlen & Gschwind (2023),10.1287/trsc.2023.1198
CBD,LargestGap,45,30,10,3692,True,optimal,3692,False,Wahlen & Gschwind (2023),10.1287/trsc.2023.1198
CBD,LargestGap,45,30,11,3325,True,optimal,3325,False,Wahlen & Gschwind (2023),10.1287/trsc.2023.1198
CBD,LargestGap,45,30,12,3549,True,optimal,3549,False,Wahlen & Gschwind (2023),10.1287/trsc.2023.1198
CBD,LargestGap,45,30,13,2829,True,optimal,2829,False,Wahlen & Gschwind (2023),10.1287/trsc.2023.1198
CBD,LargestGap,45,30,14,2915,True,optimal,2915,False,Wahlen & Gschwind (2023),10.1287/trsc.2023.1198
CBD,LargestGap,45,30,15,3552,True,optimal,3552,False,Wahlen & Gschwind (2023),10.1287/trsc.2023.1198
CBD,LargestGap,45,30,16,3854,True,optimal,3854,False,Wahlen & Gschwind (2023),10.1287/trsc.2023.1198
CBD,LargestGap,45,30,17,3833,True,optimal,3833,False,Wahlen & Gschwind (2023),10.1287/trsc.2023.1198
CBD,LargestGap,45,30,18,3308,True,optimal,3308,False,Wahlen & Gschwind (2023),10.1287/trsc.2023.1198
CBD,LargestGap,45,30,19,3481,True,optimal,3481,False,Wahlen & Gschwind (2023),10.1287/trsc.2023.1198
CBD,LargestGap,45,30,20,3221,True,optimal,3221,False,Wahlen & Gschwind (2023),10.1287/trsc.2023.1198
CBD,LargestGap,45,30,21,3654,True,optimal,3654,False,Wahlen & Gschwind (2023),10.1287/trsc.2023.1198
CBD,LargestGap,45,30,22,3098,True,optimal,3098,False,Wahlen & Gschwind (2023),10.1287/trsc.2023.1198
CBD,LargestGap,45,30,23,3286,True,optimal,3286,False,Wahlen & Gschwind (2023),10.1287/trsc.2023.1198
CBD,LargestGap,45,30,24,3125,True,optimal,3125,False,Wahlen & Gschwind (2023),10.1287/trsc.2023.1198
CBD,LargestGap,45,30,25,3706,True,optimal,3706,False,Wahlen & Gschwind (2023),10.1287/trsc.2023.1198
CBD,LargestGap,45,30,26,3455,True,optimal,3455,False,Wahlen & Gschwind (2023),10.1287/trsc.2023.1198
CBD,LargestGap,45,30,27,3018,True,optimal,3018,False,Wahlen & Gschwind (2023),10.1287/trsc.2023.1198
CBD,LargestGap,45,30,28,3513,True,optimal,3513,False,Wahlen & Gschwind (2023),10.1287/trsc.2023.1198
CBD,LargestGap,45,30,29,3271,True,optimal,3271,False,Wahlen & Gschwind (2023),10.1287/trsc.2023.1198
CBD,LargestGap,45,30,30,3469,True,optimal,3469,False,Wahlen & Gschwind (2023),10.1287/trsc.2023.1198
CBD,LargestGap,45,30,31,3488,True,optimal,3488,False,Wahlen & Gschwind (2023),10.1287/trsc.2023.1198
CBD,LargestGap,45,30,32,3961,True,optimal,3961,False,Wahlen & Gschwind (2023),10.1287/trsc.2023.1198
CBD,LargestGap,45,30,33,3654,True,optimal,3654,False,Wahlen & Gschwind (2023),10.1287/trsc.2023.1198
CBD,LargestGap,45,30,34,3197,True,optimal,3197,False,Wahlen & Gschwind (2023),10.1287/trsc.2023.1198
CBD,LargestGap,45,30,35,3630,True,optimal,3630,False,Wahlen & Gschwind (2023),10.1287/trsc.2023.1198
CBD,LargestGap,45,30,36,3419,True,optimal,3419,False,Wahlen & Gschwind (2023),10.1287/trsc.2023.1198
CBD,LargestGap,45,30,37,3576,True,optimal,3576,False,Wahlen & Gschwind (2023),10.1287/trsc.2023.1198
CBD,LargestGap,45,30,38,3641,True,optimal,3641,False,Wahlen & Gschwind (2023),10.1287/trsc.2023.1198
CBD,LargestGap,45,30,39,3620,True,optimal,3620,False,Wahlen & Gschwind (2023),10.1287/trsc.2023.1198
CBD,LargestGap,45,40,0,5322,True,optimal,5322,False,Wahlen & Gschwind (2023),10.1287/trsc.2023.1198
CBD,LargestGap,45,40,1,5182,True,optimal,5182,False,Wahlen & Gschwind (2023),10.1287/trsc.2023.1198
CBD,LargestGap,45,40,2,4625,True,optimal,4625,False,Wahlen & Gschwind (2023),10.1287/trsc.2023.1198
CBD,LargestGap,45,40,3,4428,True,optimal,4428,False,Wahlen & Gschwind (2023),10.1287/trsc.2023.1198
CBD,LargestGap,45,40,4,4737,True,optimal,4737,False,Wahlen & Gschwind (2023),10.1287/trsc.2023.1198
CBD,LargestGap,45,40,5,4076,True,optimal,4076,False,Wahlen & Gschwind (2023),10.1287/trsc.2023.1198
CBD,LargestGap,45,40,6,5011,True,optimal,5011,False,Wahlen & Gschwind (2023),10.1287/trsc.2023.1198
CBD,LargestGap,45,40,7,4542,True,optimal,4542,False,Wahlen & Gschwind (2023),10.1287/trsc.2023.1198
CBD,LargestGap,45,40,8,5233,True,optimal,5233,False,Wahlen & Gschwind (2023),10.1287/trsc.2023.1198
CBD,LargestGap,45,40,9,4084,True,optimal,4084,False,Wahlen & Gschwind (2023),10.1287/trsc.2023.1198
CBD,LargestGap,45,40,10,4917,True,optimal,4917,False,Wahlen & Gschwind (2023),10.1287/trsc.2023.1198
CBD,LargestGap,45,40,11,4561,True,optimal,4561,False,Wahlen & Gschwind (2023),10.1287/trsc.2023.1198
CBD,LargestGap,45,40,12,4693,True,optimal,4693,False,Wahlen & Gschwind (2023),10.1287/trsc.2023.1198
CBD,LargestGap,45,40,13,4872,True,optimal,4872,False,Wahlen & Gschwind (2023),10.1287/trsc.2023.1198
CBD,LargestGap,45,40,14,4663,True,optimal,4663,False,Wahlen & Gschwind (2023),10.1287/trsc.2023.1198
CBD,LargestGap,45,40,15,4685,True,optimal,4685,False,Wahlen & Gschwind (2023),10.1287/trsc.2023.1198
CBD,LargestGap,45,40,16,5030,True,optimal,5030,False,Wahlen & Gschwind (2023),10.1287/trsc.2023.1198
CBD,LargestGap,45,40,17,4950,True,optimal,4950,False,Wahlen & Gschwind (2023),10.1287/trsc.2023.1198
CBD,LargestGap,45,40,18,4726,True,optimal,4726,False,Wahlen & Gschwind (2023),10.1287/trsc.2023.1198
CBD,LargestGap,45,40,19,5125,True,optimal,5125,False,Wahlen & Gschwind (2023),10.1287/trsc.2023.1198
CBD,LargestGap,45,40,20,4922,True,optimal,4922,False,Wahlen & Gschwind (2023),10.1287/trsc.2023.1198
CBD,LargestGap,45,40,21,4744,True,optimal,4744,False,Wahlen & Gschwind (2023),10.1287/trsc.2023.1198
CBD,LargestGap,45,40,22,4736,True,optimal,4736,False,Wahlen & Gschwind (2023),10.1287/trsc.2023.1198
CBD,LargestGap,45,40,23,4971,True,optimal,4971,False,Wahlen & Gschwind (2023),10.1287/trsc.2023.1198
CBD,LargestGap,45,40,24,5040,True,optimal,5040,False,Wahlen & Gschwind (2023),10.1287/trsc.2023.1198
CBD,LargestGap,45,40,25,4471,True,optimal,4471,False,Wahlen & Gschwind (2023),10.1287/trsc.2023.1198
CBD,LargestGap,45,40,26,4494,True,optimal,4494,False,Wahlen & Gschwind (2023),10.1287/trsc.2023.1198
CBD,LargestGap,45,40,27,4589,True,optimal,4589,False,Wahlen & Gschwind (2023),10.1287/trsc.2023.1198
CBD,LargestGap,45,40,28,4677,True,optimal,4677,False,Wahlen & Gschwind (2023),10.1287/trsc.2023.1198
CBD,LargestGap,45,40,29,3928,True,optimal,3928,False,Wahlen & Gschwind (2023),10.1287/trsc.2023.1198
CBD,LargestGap,45,40,30,4836,True,optimal,4836,False,Wahlen & Gschwind (2023),10.1287/trsc.2023.1198
CBD,LargestGap,45,40,31,4926,True,optimal,4926,False,Wahlen & Gschwind (2023),10.1287/trsc.2023.1198
CBD,LargestGap,45,40,32,5090,True,optimal,5090,False,Wahlen & Gschwind (2023),10.1287/trsc.2023.1198
CBD,LargestGap,45,40,33,4948,True,optimal,4948,False,Wahlen & Gschwind (2023),10.1287/trsc.2023.1198
CBD,LargestGap,45,40,34,4166,True,optimal,4166,False,Wahlen & Gschwind (2023),10.1287/trsc.2023.1198
CBD,LargestGap,45,40,35,4251,True,optimal,4251,False,Wahlen & Gschwind (2023),10.1287/trsc.2023.1198
CBD,LargestGap,45,40,36,4344,True,optimal,4344,False,Wahlen & Gschwind (2023),10.1287/trsc.2023.1198
CBD,LargestGap,45,40,37,4383,True,optimal,4383,False,Wahlen & Gschwind (2023),10.1287/trsc.2023.1198
CBD,LargestGap,45,40,38,4310,True,optimal,4310,False,Wahlen & Gschwind (2023),10.1287/trsc.2023.1198
CBD,LargestGap,45,40,39,4804,True,optimal,4804,False,Wahlen & Gschwind (2023),10.1287/trsc.2023.1198
CBD,LargestGap,45,50,0,5607,True,optimal,5607,False,Wahlen & Gschwind (2023),10.1287/trsc.2023.1198
CBD,LargestGap,45,50,1,5213,True,optimal,5213,False,Wahlen & Gschwind (2023),10.1287/trsc.2023.1198
CBD,LargestGap,45,50,2,5052,True,optimal,5052,False,Wahlen & Gschwind (2023),10.1287/trsc.2023.1198
CBD,LargestGap,45,50,3,5272,True,optimal,5272,False,Wahlen & Gschwind (2023),10.1287/trsc.2023.1198
CBD,LargestGap,45,50,4,5437,True,optimal,5437,False,Wahlen & Gschwind (2023),10.1287/trsc.2023.1198
CBD,LargestGap,45,50,5,6133,True,optimal,6133,False,Wahlen & Gschwind (2023),10.1287/trsc.2023.1198
CBD,LargestGap,45,50,6,5929,True,optimal,5929,False,Wahlen & Gschwind (2023),10.1287/trsc.2023.1198
CBD,LargestGap,45,50,7,5260,True,optimal,5260,False,Wahlen & Gschwind (2023),10.1287/trsc.2023.1198
CBD,LargestGap,45,50,8,5540,True,optimal,5540,False,Wahlen & Gschwind (2023),10.1287/trsc.2023.1198
CBD,LargestGap,45,50,9,5740,True,optimal,5740,False,Wahlen & Gschwind (2023),10.1287/trsc.2023.1198
CBD,LargestGap,45,50,10,5379,True,optimal,5379,False,Wahlen & Gschwind (2023),10.1287/trsc.2023.1198
CBD,LargestGap,45,50,11,5833,True,optimal,5833,False,Wahlen & Gschwind (2023),10.1287/trsc.2023.1198
CBD,LargestGap,45,50,12,6112,True,optimal,6112,False,Wahlen & Gschwind (2023),10.1287/trsc.2023.1198
CBD,LargestGap,45,50,13,5968,True,optimal,5968,False,Wahlen & Gschwind (2023),10.1287/trsc.2023.1198
CBD,LargestGap,45,50,14,5738,True,optimal,5738,False,Wahlen & Gschwind (2023),10.1287/trsc.2023.1198
CBD,LargestGap,45,50,15,6090,True,optimal,6090,False,Wahlen & Gschwind (2023),10.1287/trsc.2023.1198
CBD,LargestGap,45,50,16,5364,True,optimal,5364,False,Wahlen & Gschwind (2023),10.1287/trsc.2023.1198
CBD,LargestGap,45,50,17,5567,True,optimal,5567,False,Wahlen & Gschwind (2023),10.1287/trsc.2023.1198
CBD,LargestGap,45,50,18,5593,True,optimal,5593,False,Wahlen & Gschwind (2023),10.1287/trsc.2023.1198
CBD,LargestGap,45,50,19,5211,True,optimal,5211,False,Wahlen & Gschwind (2023),10.1287/trsc.2023.1198
CBD,LargestGap,45,50,20,6453,True,optimal,6453,False,Wahlen & Gschwind (2023),10.1287/trsc.2023.1198
CBD,LargestGap,45,50,21,5354,True,optimal,5354,False,Wahlen & Gschwind (2023),10.1287/trsc.2023.1198
CBD,LargestGap,45,50,22,6041,True,optimal,6041,False,Wahlen & Gschwind (2023),10.1287/trsc.2023.1198
CBD,LargestGap,45,50,23,6307,True,optimal,6307,False,Wahlen & Gschwind (2023),10.1287/trsc.2023.1198
CBD,LargestGap,45,50,24,6113,True,optimal,6113,False,Wahlen & Gschwind (2023),10.1287/trsc.2023.1198
CBD,LargestGap,45,50,25,5522,True,optimal,5522,False,Wahlen & Gschwind (2023),10.1287/trsc.2023.1198
CBD,LargestGap,45,50,26,6111,True,optimal,6111,False,Wahlen & Gschwind (2023),10.1287/trsc.2023.1198
CBD,LargestGap,45,50,27,4738,True,optimal,4738,False,Wahlen & Gschwind (2023),10.1287/trsc.2023.1198
CBD,LargestGap,45,50,28,5011,True,optimal,5011,False,Wahlen & Gschwind (2023),10.1287/trsc.2023.1198
CBD,LargestGap,45,50,29,5806,True,optimal,5806,False,Wahlen & Gschwind (2023),10.1287/trsc.2023.1198
CBD,LargestGap,45,50,30,5511,True,optimal,5511,False,Wahlen & Gschwind (2023),10.1287/trsc.2023.1198
CBD,LargestGap,45,50,31,5801,True,optimal,5801,False,Wahlen & Gschwind (2023),10.1287/trsc.2023.1198
CBD,LargestGap,45,50,32,5910,True,optimal,5910,False,Wahlen & Gschwind (2023),10.1287/trsc.2023.1198
CBD,LargestGap,45,50,33,5105,True,optimal,5105,False,Wahlen & Gschwind (2023),10.1287/trsc.2023.1198
CBD,LargestGap,45,50,34,5581,True,optimal,5581,False,Wahlen & Gschwind (2023),10.1287/trsc.2023.1198
CBD,LargestGap,45,50,35,5920,True,optimal,5920,False,Wahlen & Gschwind (2023),10.1287/trsc.2023.1198
CBD,LargestGap,45,50,36,5008,True,optimal,5008,False,Wahlen & Gschwind (2023),10.1287/trsc.2023.1198
CBD,LargestGap,45,50,37,5510,True,optimal,5510,False,Wahlen & Gschwind (2023),10.1287/trsc.2023.1198
CBD,LargestGap,45,50,38,5004,True,optimal,5004,False,Wahlen & Gschwind (2023),10.1287/trsc.2023.1198
CBD,LargestGap,45,50,39,5607,True,optimal,5607,False,Wahlen & Gschwind (2023),10.1287/trsc.2023.1198
CBD,LargestGap,45,60,0,7356,True,optimal,7356,False,Wahlen & Gschwind (2023),10.1287/trsc.2023.1198
CBD,LargestGap,45,60,1,6640,True,optimal,6640,False,Wahlen & Gschwind (2023),10.1287/trsc.2023.1198
CBD,LargestGap,45,60,2,6634,True,optimal,6634,False,Wahlen & Gschwind (2023),10.1287/trsc.2023.1198
CBD,LargestGap,45,60,3,6077,True,optimal,6077,False,Wahlen & Gschwind (2023),10.1287/trsc.2023.1198
CBD,LargestGap,45,60,4,6569,True,optimal,6569,False,Wahlen & Gschwind (2023),10.1287/trsc.2023.1198
CBD,LargestGap,45,60,5,6510,True,optimal,6510,False,Wahlen & Gschwind (2023),10.1287/trsc.2023.1198
CBD,LargestGap,45,60,6,6759,True,optimal,6759,False,Wahlen & Gschwind (2023),10.1287/trsc.2023.1198
CBD,LargestGap,45,60,7,6413,True,optimal,6413,False,Wahlen & Gschwind (2023),10.1287/trsc.2023.1198
CBD,LargestGap,45,60,8,6838,True,optimal,6838,False,Wahlen & Gschwind (2023),10.1287/trsc.2023.1198
CBD,LargestGap,45,60,9,7047,True,optimal,7047,False,Wahlen & Gschwind (2023),10.1287/trsc.2023.1198
CBD,LargestGap,45,60,10,6167,True,optimal,6167,False,Wahlen & Gschwind (2023),10.1287/trsc.2023.1198
CBD,LargestGap,45,60,11,7283,True,optimal,7283,False,Wahlen & Gschwind (2023),10.1287/trsc.2023.1198
CBD,LargestGap,45,60,12,7039,True,optimal,7039,False,Wahlen & Gschwind (2023),10.1287/trsc.2023.1198
CBD,LargestGap,45,60,13,7546,True,optimal,7546,False,Wahlen & Gschwind (2023),10.1287/trsc.2023.1198
CBD,LargestGap,45,60,14,6695,True,optimal,6695,False,Wahlen & Gschwind (2023),10.1287/trsc.2023.1198
CBD,LargestGap,45,60,15,6556,True,optimal,6556,False,Wahlen & Gschwind (2023),10.1287/trsc.2023.1198
CBD,LargestGap,45,60,16,6792,True,optimal,6792,False,Wahlen & Gschwind (2023),10.1287/trsc.2023.1198
CBD,LargestGap,45,60,17,7032,True,optimal,7032,False,Wahlen & Gschwind (2023),10.1287/trsc.2023.1198
CBD,LargestGap,45,60,18,7122,True,optimal,7122,False,Wahlen & Gschwind (2023),10.1287/trsc.2023.1198
CBD,LargestGap,45,60,19,6073,True,optimal,6073,False,Wahlen & Gschwind (2023),10.1287/trsc.2023.1198
CBD,LargestGap,45,60,20,6983,True,optimal,6983,False,Wahlen & Gschwind (2023),10.1287/trsc.2023.1198
CBD,LargestGap,45,60,21,7633,True,optimal,7633,False,Wahlen & Gschwind (2023),10.1287/trsc.2023.1198
CBD,LargestGap,45,60,22,7717,True,optimal,7717,False,Wahlen & Gschwind (2023),10.1287/trsc.2023.1198
CBD,LargestGap,45,60,23,6712,True,optimal,6712,False,Wahlen & Gschwind (2023),10.1287/trsc.2023.1198
CBD,LargestGap,45,60,24,6407,True,optimal,6407,False,Wahlen & Gschwind (2023),10.1287/trsc.2023.1198
CBD,LargestGap,45,60,25,6685,True,optimal,6685,False,Wahlen & Gschwind (2023),10.1287/trsc.2023.1198
CBD,LargestGap,45,60,26,7634,True,optimal,7634,False,Wahlen & Gschwind (2023),10.1287/trsc.2023.1198
CBD,LargestGap,45,60,27,6757,True,optimal,6757,False,Wahlen & Gschwind (2023),10.1287/trsc.2023.1198
CBD,LargestGap,45,60,28,7560,True,optimal,7560,False,Wahlen & Gschwind (2023),10.1287/trsc.2023.1198
CBD,LargestGap,45,60,29,6581,True,optimal,6581,False,Wahlen & Gschwind (2023),10.1287/trsc.2023.1198
CBD,LargestGap,45,60,30,7215,True,optimal,7215,False,Wahlen & Gschwind (2023),10.1287/trsc.2023.1198
CBD,LargestGap,45,60,31,6442,True,optimal,6442,False,Wahlen & Gschwind (2023),10.1287/trsc.2023.1198
CBD,LargestGap,45,60,32,6962,True,optimal,6962,False,Wahlen & Gschwind (2023),10.1287/trsc.2023.1198
CBD,LargestGap,45,60,33,6642,True,optimal,6642,False,Wahlen & Gschwind (2023),10.1287/trsc.2023.1198
CBD,LargestGap,45,60,34,6094,True,optimal,6094,False,Wahlen & Gschwind (2023),10.1287/trsc.2023.1198
CBD,LargestGap,45,60,35,6533,True,optimal,6533,False,Wahlen & Gschwind (2023),10.1287/trsc.2023.1198
CBD,LargestGap,45,60,36,6971,True,optimal,6971,False,Wahlen & Gschwind (2023),10.1287/trsc.2023.1198
CBD,LargestGap,45,60,37,7009,True,optimal,7009,False,Wahlen & Gschwind (2023),10.1287/trsc.2023.1198
CBD,LargestGap,45,60,38,6701,True,optimal,6701,False,Wahlen & Gschwind (2023),10.1287/trsc.2023.1198
CBD,LargestGap,45,60,39,6689,True,optimal,6689,False,Wahlen & Gschwind (2023),10.1287/trsc.2023.1198
CBD,LargestGap,45,70,0,8003,True,optimal,8003,False,Wahlen & Gschwind (2023),10.1287/trsc.2023.1198
CBD,LargestGap,45,70,1,8480,True,optimal,8480,False,Wahlen & Gschwind (2023),10.1287/trsc.2023.1198
CBD,LargestGap,45,70,2,8292,True,optimal,8292,False,Wahlen & Gschwind (2023),10.1287/trsc.2023.1198
CBD,LargestGap,45,70,3,7346,True,optimal,7346,False,Wahlen & Gschwind (2023),10.1287/trsc.2023.1198
CBD,LargestGap,45,70,4,7664,True,optimal,7664,False,Wahlen & Gschwind (2023),10.1287/trsc.2023.1198
CBD,LargestGap,45,70,5,8056,True,optimal,8056,False,Wahlen & Gschwind (2023),10.1287/trsc.2023.1198
CBD,LargestGap,45,70,6,7819,True,optimal,7819,False,Wahlen & Gschwind (2023),10.1287/trsc.2023.1198
CBD,LargestGap,45,70,7,8323,True,optimal,8323,False,Wahlen & Gschwind (2023),10.1287/trsc.2023.1198
CBD,LargestGap,45,70,8,7674,True,optimal,7674,False,Wahlen & Gschwind (2023),10.1287/trsc.2023.1198
CBD,LargestGap,45,70,9,7465,True,optimal,7465,False,Wahlen & Gschwind (2023),10.1287/trsc.2023.1198
CBD,LargestGap,45,70,10,7856,True,optimal,7856,False,Wahlen & Gschwind (2023),10.1287/trsc.2023.1198
CBD,LargestGap,45,70,11,8032,True,optimal,8032,False,Wahlen & Gschwind (2023),10.1287/trsc.2023.1198
CBD,LargestGap,45,70,12,7673,True,optimal,7673,False,Wahlen & Gschwind (2023),10.1287/trsc.2023.1198
CBD,LargestGap,45,70,13,8093,True,optimal,8093,False,Wahlen & Gschwind (2023),10.1287/trsc.2023.1198
CBD,LargestGap,45,70,14,7981,True,optimal,7981,False,Wahlen & Gschwind (2023),10.1287/trsc.2023.1198
CBD,LargestGap,45,70,15,8077,True,optimal,8077,False,Wahlen & Gschwind (2023),10.1287/trsc.2023.1198
CBD,LargestGap,45,70,16,8394,True,optimal,8394,False,Wahlen & Gschwind (2023),10.1287/trsc.2023.1198
CBD,LargestGap,45,70,17,7809,True,optimal,7809,False,Wahlen & Gschwind (2023),10.1287/trsc.2023.1198
CBD,LargestGap,45,70,18,7655,True,optimal,7655,False,Wahlen & Gschwind (2023),10.1287/trsc.2023.1198
CBD,LargestGap,45,70,19,7424,True,optimal,7424,False,Wahlen & Gschwind (2023),10.1287/trsc.2023.1198
CBD,LargestGap,45,70,20,7772,True,optimal,7772,False,Wahlen & Gschwind (2023),10.1287/trsc.2023.1198
CBD,LargestGap,45,70,21,7904,True,optimal,7904,False,Wahlen & Gschwind (2023),10.1287/trsc.2023.1198
CBD,LargestGap,45,70,22,7860,True,optimal,7860,False,Wahlen & Gschwind (2023),10.1287/trsc.2023.1198
CBD,LargestGap,45,70,23,8674,True,optimal,8674,False,Wahlen & Gschwind (2023),10.1287/trsc.2023.1198
CBD,LargestGap,45,70,24,8214,True,optimal,8214,False,Wahlen & Gschwind (2023),10.1287/trsc.2023.1198
CBD,LargestGap,45,70,25,7958,True,optimal,7958,False,Wahlen & Gschwind (2023),10.1287/trsc.2023.1198
CBD,LargestGap,45,70,26,7482,True,optimal,7482,False,Wahlen & Gschwind (2023),10.1287/trsc.2023.1198
CBD,LargestGap,45,70,27,8254,True,optimal,8254,False,Wahlen & Gschwind (2023),10.1287/trsc.2023.1198
CBD,LargestGap,45,70,28,8655,True,optimal,8655,False,Wahlen & Gschwind (2023),10.1287/trsc.2023.1198
CBD,LargestGap,45,70,29,8015,True,optimal,8015,False,Wahlen & Gschwind (2023),10.1287/trsc.2023.1198
CBD,LargestGap,45,70,30,7842,True,optimal,7842,False,Wahlen & Gschwind (2023),10.1287/trsc.2023.1198
CBD,LargestGap,45,70,31,7557,True,optimal,7557,False,Wahlen & Gschwind (2023),10.1287/trsc.2023.1198
CBD,LargestGap,45,70,32,8556,True,optimal,8556,False,Wahlen & Gschwind (2023),10.1287/trsc.2023.1198
CBD,LargestGap,45,70,33,7699,True,optimal,7699,False,Wahlen & Gschwind (2023),10.1287/trsc.2023.1198
CBD,LargestGap,45,70,34,8459,True,optimal,8459,False,Wahlen & Gschwind (2023),10.1287/trsc.2023.1198
CBD,LargestGap,45,70,35,8411,True,optimal,8411,False,Wahlen & Gschwind (2023),10.1287/trsc.2023.1198
CBD,LargestGap,45,70,36,7485,True,optimal,7485,False,Wahlen & Gschwind (2023),10.1287/trsc.2023.1198
CBD,LargestGap,45,70,37,8579,True,optimal,8579,False,Wahlen & Gschwind (2023),10.1287/trsc.2023.1198
CBD,LargestGap,45,70,38,8208,True,optimal,8208,False,Wahlen & Gschwind (2023),10.1287/trsc.2023.1198
CBD,LargestGap,45,70,39,6860,True,optimal,6860,False,Wahlen & Gschwind (2023),10.1287/trsc.2023.1198
CBD,LargestGap,45,80,0,8477,True,optimal,8477,False,Wahlen & Gschwind (2023),10.1287/trsc.2023.1198
CBD,LargestGap,45,80,1,8750,True,optimal,8750,False,Wahlen & Gschwind (2023),10.1287/trsc.2023.1198
CBD,LargestGap,45,80,2,8626,True,optimal,8626,False,Wahlen & Gschwind (2023),10.1287/trsc.2023.1198
CBD,LargestGap,45,80,3,8653,True,optimal,8653,False,Wahlen & Gschwind (2023),10.1287/trsc.2023.1198
CBD,LargestGap,45,80,4,9436,True,optimal,9436,False,Wahlen & Gschwind (2023),10.1287/trsc.2023.1198
CBD,LargestGap,45,80,5,8888,True,optimal,8888,False,Wahlen & Gschwind (2023),10.1287/trsc.2023.1198
CBD,LargestGap,45,80,6,8711,True,optimal,8711,False,Wahlen & Gschwind (2023),10.1287/trsc.2023.1198
CBD,LargestGap,45,80,7,9183,True,optimal,9183,False,Wahlen & Gschwind (2023),10.1287/trsc.2023.1198
CBD,LargestGap,45,80,8,8627,True,optimal,8627,False,Wahlen & Gschwind (2023),10.1287/trsc.2023.1198
CBD,LargestGap,45,80,9,8392,True,optimal,8392,False,Wahlen & Gschwind (2023),10.1287/trsc.2023.1198
CBD,LargestGap,45,80,10,8445,True,optimal,8445,False,Wahlen & Gschwind (2023),10.1287/trsc.2023.1198
CBD,LargestGap,45,80,11,9139,True,optimal,9139,False,Wahlen & Gschwind (2023),10.1287/trsc.2023.1198
CBD,LargestGap,45,80,12,8647,True,optimal,8647,False,Wahlen & Gschwind (2023),10.1287/trsc.2023.1198
CBD,LargestGap,45,80,13,8029,True,optimal,8029,False,Wahlen & Gschwind (2023),10.1287/trsc.2023.1198
CBD,LargestGap,45,80,14,9157,True,optimal,9157,False,Wahlen & Gschwind (2023),10.1287/trsc.2023.1198
CBD,LargestGap,45,80,15,8356,True,optimal,8356,False,Wahlen & Gschwind (2023),10.1287/trsc.2023.1198
CBD,LargestGap,45,80,16,9490,True,optimal,9490,False,Wahlen & Gschwind (2023),10.1287/trsc.2023.1198
CBD,LargestGap,45,80,17,9195,True,optimal,9195,False,Wahlen & Gschwind (2023),10.1287/trsc.2023.1198
CBD,LargestGap,45,80,18,8603,True,optimal,8603,False,Wahlen & Gschwind (2023),10.1287/trsc.2023.1198
CBD,LargestGap,45,80,19,8842,True,optimal,8842,False,Wahlen & Gschwind (2023),10.1287/trsc.2023.1198
CBD,LargestGap,45,80,20,9125,True,optimal,9125,False,Wahlen & Gschwind (2023),10.1287/trsc.2023.1198
CBD,LargestGap,45,80,21,10783,True,optimal,10783,False,Wahlen & Gschwind (2023),10.1287/trsc.2023.1198
CBD,LargestGap,45,80,22,10081,True,optimal,10081,False,Wahlen & Gschwind (2023),10.1287/trsc.2023.1198
CBD,LargestGap,45,80,23,9714,True,optimal,9714,False,Wahlen & Gschwind (2023),10.1287/trsc.2023.1198
CBD,LargestGap,45,80,24,9425,True,optimal,9425,False,Wahlen & Gschwind (2023),10.1287/trsc.2023.1198
CBD,LargestGap,45,80,25,8772,True,optimal,8772,False,Wahlen & Gschwind (2023),10.1287/trsc.2023.1198
CBD,LargestGap,45,80,26,8247,True,optimal,8247,False,Wahlen & Gschwind (2023),10.1287/trsc.2023.1198
CBD,LargestGap,45,80,27,9479,True,optimal,9479,False,Wahlen & Gschwind (2023),10.1287/trsc.2023.1198
CBD,LargestGap,45,80,28,8689,True,optimal,8689,False,Wahlen & Gschwind (2023),10.1287/trsc.2023.1198
CBD,LargestGap,45,80,29,8134,True,optimal,8134,False,Wahlen & Gschwind (2023),10.1287/trsc.2023.1198
CBD,LargestGap,45,80,30,8912,True,optimal,8912,False,Wahlen & Gschwind (2023),10.1287/trsc.2023.1198
CBD,LargestGap,45,80,31,8187,True,optimal,8187,False,Wahlen & Gschwind (2023),10.1287/trsc.2023.1198
CBD,LargestGap,45,80,32,9490,True,optimal,9490,False,Wahlen & Gschwind (2023),10.1287/trsc.2023.1198
CBD,LargestGap,45,80,33,8462,True,optimal,8462,False,Wahlen & Gschwind (2023),10.1287/trsc.2023.1198
CBD,LargestGap,45,80,34,8552,True,optimal,8552,False,Wahlen & Gschwind (2023),10.1287/trsc.2023.1198
CBD,LargestGap,45,80,35,8175,True,optimal,8175,False,Wahlen & Gschwind (2023),10.1287/trsc.2023.1198
CBD,LargestGap,45,80,36,9317,True,optimal,9317,False,Wahlen & Gschwind (2023),10.1287/trsc.2023.1198
CBD,LargestGap,45,80,37,9173,True,optimal,9173,False,Wahlen & Gschwind (2023),10.1287/trsc.2023.1198
CBD,LargestGap,45,80,38,8456,True,optimal,8456,False,Wahlen & Gschwind (2023),10.1287/trsc.2023.1198
CBD,LargestGap,45,80,39,8272,True,optimal,8272,False,Wahlen & Gschwind (2023),10.1287/trsc.2023.1198
CBD,LargestGap,45,90,0,8908,True,optimal,8908,False,Wahlen & Gschwind (2023),10.1287/trsc.2023.1198
CBD,LargestGap,45,90,1,8849,True,optimal,8849,False,Wahlen & Gschwind (2023),10.1287/trsc.2023.1198
CBD,LargestGap,45,90,2,9312,True,optimal,9312,False,Wahlen & Gschwind (2023),10.1287/trsc.2023.1198
CBD,LargestGap,45,90,3,9462,True,optimal,9462,False,Wahlen & Gschwind (2023),10.1287/trsc.2023.1198
CBD,LargestGap,45,90,4,10708,True,optimal,10708,False,Wahlen & Gschwind (2023),10.1287/trsc.2023.1198
CBD,LargestGap,45,90,5,9514,True,optimal,9514,False,Wahlen & Gschwind (2023),10.1287/trsc.2023.1198
CBD,LargestGap,45,90,6,9708,True,optimal,9708,False,Wahlen & Gschwind (2023),10.1287/trsc.2023.1198
CBD,LargestGap,45,90,7,9788,True,optimal,9788,False,Wahlen & Gschwind (2023),10.1287/trsc.2023.1198
CBD,LargestGap,45,90,8,9344,True,optimal,9344,False,Wahlen & Gschwind (2023),10.1287/trsc.2023.1198
CBD,LargestGap,45,90,9,10030,True,optimal,10030,False,Wahlen & Gschwind (2023),10.1287/trsc.2023.1198
CBD,LargestGap,45,90,10,9503,True,optimal,9503,False,Wahlen & Gschwind (2023),10.1287/trsc.2023.1198
CBD,LargestGap,45,90,11,10124,True,optimal,10124,False,Wahlen & Gschwind (2023),10.1287/trsc.2023.1198
CBD,LargestGap,45,90,12,9036,True,optimal,9036,False,Wahlen & Gschwind (2023),10.1287/trsc.2023.1198
CBD,LargestGap,45,90,13,10417,True,optimal,10417,False,Wahlen & Gschwind (2023),10.1287/trsc.2023.1198
CBD,LargestGap,45,90,14,9806,True,optimal,9806,False,Wahlen & Gschwind (2023),10.1287/trsc.2023.1198
CBD,LargestGap,45,90,15,11610,True,optimal,11610,False,Wahlen & Gschwind (2023),10.1287/trsc.2023.1198
CBD,LargestGap,45,90,16,9126,True,optimal,9126,False,Wahlen & Gschwind (2023),10.1287/trsc.2023.1198
CBD,LargestGap,45,90,17,10669,True,optimal,10669,False,Wahlen & Gschwind (2023),10.1287/trsc.2023.1198
CBD,LargestGap,45,90,18,9965,True,optimal,9965,False,Wahlen & Gschwind (2023),10.1287/trsc.2023.1198
CBD,LargestGap,45,90,19,9981,True,optimal,9981,False,Wahlen & Gschwind (2023),10.1287/trsc.2023.1198
CBD,LargestGap,45,90,20,9522,True,optimal,9522,False,Wahlen & Gschwind (2023),10.1287/trsc.2023.1198
CBD,LargestGap,45,90,21,9797,True,optimal,9797,False,Wahlen & Gschwind (2023),10.1287/trsc.2023.1198
CBD,LargestGap,45,90,22,11057,True,optimal,11057,False,Wahlen & Gschwind (2023),10.1287/trsc.2023.1198
CBD,LargestGap,45,90,23,10465,True,optimal,10465,False,Wahlen & Gschwind (2023),10.1287/trsc.2023.1198
CBD,LargestGap,45,90,24,9941,True,optimal,9941,False,Wahlen & Gschwind (2023),10.1287/trsc.2023.1198
CBD,LargestGap,45,90,25,9699,True,optimal,9699,False,Wahlen & Gschwind (2023),10.1287/trsc.2023.1198
CBD,LargestGap,45,90,26,10755,True,optimal,10755,False,Wahlen & Gschwind (2023),10.1287/trsc.2023.1198
CBD,LargestGap,45,90,27,10581,True,optimal,10581,False,Wahlen & Gschwind (2023),10.1287/trsc.2023.1198
CBD,LargestGap,45,90,28,11351,True,optimal,11351,False,Wahlen & Gschwind (2023),10.1287/trsc.2023.1198
CBD,LargestGap,45,90,29,9016,True,optimal,9016,False,Wahlen & Gschwind (2023),10.1287/trsc.2023.1198
CBD,LargestGap,45,90,30,10477,True,optimal,10477,False,Wahlen & Gschwind (2023),10.1287/trsc.2023.1198
CBD,LargestGap,45,90,31,9930,True,optimal,9930,False,Wahlen & Gschwind (2023),10.1287/trsc.2023.1198
CBD,LargestGap,45,90,32,9166,True,optimal,9166,False,Wahlen & Gschwind (2023),10.1287/trsc.2023.1198
CBD,LargestGap,45,90,33,10157,True,optimal,10157,False,Wahlen & Gschwind (2023),10.1287/trsc.2023.1198
CBD,LargestGap,45,90,34,9911,True,optimal,9911,False,Wahlen & Gschwind (2023),10.1287/trsc.2023.1198
CBD,LargestGap,45,90,35,10129,True,optimal,10129,False,Wahlen & Gschwind (2023),10.1287/trsc.2023.1198
CBD,LargestGap,45,90,36,9440,True,optimal,9440,False,Wahlen & Gschwind (2023),10.1287/trsc.2023.1198
CBD,LargestGap,45,90,37,10795,True,optimal,10795,False,Wahlen & Gschwind (2023),10.1287/trsc.2023.1198
CBD,LargestGap,45,90,38,9432,True,optimal,9432,False,Wahlen & Gschwind (2023),10.1287/trsc.2023.1198
CBD,LargestGap,45,90,39,10351,True,optimal,10351,False,Wahlen & Gschwind (2023),10.1287/trsc.2023.1198
CBD,LargestGap,45,100,0,10615,True,optimal,10615,False,Wahlen & Gschwind (2023),10.1287/trsc.2023.1198
CBD,LargestGap,45,100,1,10572,True,optimal,10572,False,Wahlen & Gschwind (2023),10.1287/trsc.2023.1198
CBD,LargestGap,45,100,2,11330,True,optimal,11330,False,Wahlen & Gschwind (2023),10.1287/trsc.2023.1198
CBD,LargestGap,45,100,3,10993,True,optimal,10993,False,Wahlen & Gschwind (2023),10.1287/trsc.2023.1198
CBD,LargestGap,45,100,4,11271,True,optimal,11271,False,Wahlen & Gschwind (2023),10.1287/trsc.2023.1198
CBD,LargestGap,45,100,5,10617,True,optimal,10617,False,Wahlen & Gschwind (2023),10.1287/trsc.2023.1198
CBD,LargestGap,45,100,6,11628,True,optimal,11628,False,Wahlen & Gschwind (2023),10.1287/trsc.2023.1198
CBD,LargestGap,45,100,7,11102,True,optimal,11102,False,Wahlen & Gschwind (2023),10.1287/trsc.2023.1198
CBD,LargestGap,45,100,8,11356,True,optimal,11356,False,Wahlen & Gschwind (2023),10.1287/trsc.2023.1198
CBD,LargestGap,45,100,9,11552,True,optimal,11552,False,Wahlen & Gschwind (2023),10.1287/trsc.2023.1198
CBD,LargestGap,45,100,10,10553,True,optimal,10553,False,Wahlen & Gschwind (2023),10.1287/trsc.2023.1198
CBD,LargestGap,45,100,11,10810,True,optimal,10810,False,Wahlen & Gschwind (2023),10.1287/trsc.2023.1198
CBD,LargestGap,45,100,12,11043,True,optimal,11043,False,Wahlen & Gschwind (2023),10.1287/trsc.2023.1198
CBD,LargestGap,45,100,13,11181,True,optimal,11181,False,Wahlen & Gschwind (2023),10.1287/trsc.2023.1198
CBD,LargestGap,45,100,14,11513,True,optimal,11513,False,Wahlen & Gschwind (2023),10.1287/trsc.2023.1198
CBD,LargestGap,45,100,15,10297,True,optimal,10297,False,Wahlen & Gschwind (2023),10.1287/trsc.2023.1198
CBD,LargestGap,45,100,16,11601,True,optimal,11601,False,Wahlen & Gschwind (2023),10.1287/trsc.2023.1198
CBD,LargestGap,45,100,17,10574,False,optimal,10574,False,Wahlen & Gschwind (2023),10.1287/trsc.2023.1198
CBD,LargestGap,45,100,18,10858,True,optimal,10858,False,Wahlen & Gschwind (2023),10.1287/trsc.2023.1198
CBD,LargestGap,45,100,19,10574,True,optimal,10574,False,Wahlen & Gschwind (2023),10.1287/trsc.2023.1198
CBD,LargestGap,45,100,20,11569,True,optimal,11569,False,Wahlen & Gschwind (2023),10.1287/trsc.2023.1198
CBD,LargestGap,45,100,21,11357,True,optimal,11357,False,Wahlen & Gschwind (2023),10.1287/trsc.2023.1198
CBD,LargestGap,45,100,22,11113,True,optimal,11113,False,Wahlen & Gschwind (2023),10.1287/trsc.2023.1198
CBD,LargestGap,45,100,23,11113,True,optimal,11113,False,Wahlen & Gschwind (2023),10.1287/trsc.2023.1198
CBD,LargestGap,45,100,24,10669,True,optimal,10669,False,Wahlen & Gschwind (2023),10.1287/trsc.2023.1198
CBD,LargestGap,45,100,25,11219,True,optimal,11219,False,Wahlen & Gschwind (2023),10.1287/trsc.2023.1198
CBD,LargestGap,45,100,26,10615,True,optimal,10615,False,Wahlen & Gschwind (2023),10.1287/trsc.2023.1198
CBD,LargestGap,45,100,27,10793,True,optimal,10793,False,Wahlen & Gschwind (2023),10.1287/trsc.2023.1198
CBD,LargestGap,45,100,28,11070,True,optimal,11070,False,Wahlen & Gschwind (2023),10.1287/trsc.2023.1198
CBD,LargestGap,45,100,29,11317,True,optimal,11317,False,Wahlen & Gschwind (2023),10.1287/trsc.2023.1198
CBD,LargestGap,45,100,30,10755,True,optimal,10755,False,Wahlen & Gschwind (2023),10.1287/trsc.2023.1198
CBD,LargestGap,45,100,31,10978,True,optimal,10978,False,Wahlen & Gschwind (2023),10.1287/trsc.2023.1198
CBD,LargestGap,45,100,32,10468,True,optimal,10468,False,Wahlen & Gschwind (2023),10.1287/trsc.2023.1198
CBD,LargestGap,45,100,33,10505,True,optimal,10505,False,Wahlen & Gschwind (2023),10.1287/trsc.2023.1198
CBD,LargestGap,45,100,34,11190,True,optimal,11190,False,Wahlen & Gschwind (2023),10.1287/trsc.2023.1198
CBD,LargestGap,45,100,35,10993,True,optimal,10993,False,Wahlen & Gschwind (2023),10.1287/trsc.2023.1198
CBD,LargestGap,45,100,36,9951,True,optimal,9951,False,Wahlen & Gschwind (2023),10.1287/trsc.2023.1198
CBD,LargestGap,45,100,37,10897,True,optimal,10897,False,Wahlen & Gschwind (2023),10.1287/trsc.2023.1198
CBD,LargestGap,45,100,38,10893,True,optimal,10893,False,Wahlen & Gschwind (2023),10.1287/trsc.2023.1198
CBD,LargestGap,45,100,39,10298,True,optimal,10298,False,Wahlen & Gschwind (2023),10.1287/trsc.2023.1198
CBD,LargestGap,60,20,0,1860,True,optimal,1860,False,Wahlen & Gschwind (2023),10.1287/trsc.2023.1198
CBD,LargestGap,60,20,1,1840,True,optimal,1840,False,Wahlen & Gschwind (2023),10.1287/trsc.2023.1198
CBD,LargestGap,60,20,2,1903,True,optimal,1903,False,Wahlen & Gschwind (2023),10.1287/trsc.2023.1198
CBD,LargestGap,60,20,3,1744,True,optimal,1744,False,Wahlen & Gschwind (2023),10.1287/trsc.2023.1198
CBD,LargestGap,60,20,4,1839,True,optimal,1839,False,Wahlen & Gschwind (2023),10.1287/trsc.2023.1198
CBD,LargestGap,60,20,5,1878,True,optimal,1878,False,Wahlen & Gschwind (2023),10.1287/trsc.2023.1198
CBD,LargestGap,60,20,6,1777,True,optimal,1777,False,Wahlen & Gschwind (2023),10.1287/trsc.2023.1198
CBD,LargestGap,60,20,7,1784,True,optimal,1784,False,Wahlen & Gschwind (2023),10.1287/trsc.2023.1198
CBD,LargestGap,60,20,8,1980,True,optimal,1980,False,Wahlen & Gschwind (2023),10.1287/trsc.2023.1198
CBD,LargestGap,60,20,9,1974,True,optimal,1974,False,Wahlen & Gschwind (2023),10.1287/trsc.2023.1198
CBD,LargestGap,60,20,10,2313,True,optimal,2313,False,Wahlen & Gschwind (2023),10.1287/trsc.2023.1198
CBD,LargestGap,60,20,11,2238,True,optimal,2238,False,Wahlen & Gschwind (2023),10.1287/trsc.2023.1198
CBD,LargestGap,60,20,12,2092,True,optimal,2092,False,Wahlen & Gschwind (2023),10.1287/trsc.2023.1198
CBD,LargestGap,60,20,13,2310,True,optimal,2310,False,Wahlen & Gschwind (2023),10.1287/trsc.2023.1198
CBD,LargestGap,60,20,14,1821,True,optimal,1821,False,Wahlen & Gschwind (2023),10.1287/trsc.2023.1198
CBD,LargestGap,60,20,15,1832,True,optimal,1832,False,Wahlen & Gschwind (2023),10.1287/trsc.2023.1198
CBD,LargestGap,60,20,16,1944,True,optimal,1944,False,Wahlen & Gschwind (2023),10.1287/trsc.2023.1198
CBD,LargestGap,60,20,17,1868,True,optimal,1868,False,Wahlen & Gschwind (2023),10.1287/trsc.2023.1198
CBD,LargestGap,60,20,18,1806,True,optimal,1806,False,Wahlen & Gschwind (2023),10.1287/trsc.2023.1198
CBD,LargestGap,60,20,19,1794,True,optimal,1794,False,Wahlen & Gschwind (2023),10.1287/trsc.2023.1198
CBD,LargestGap,60,20,20,1734,True,optimal,1734,False,Wahlen & Gschwind (2023),10.1287/trsc.2023.1198
CBD,LargestGap,60,20,21,1977,True,optimal,1977,False,Wahlen & Gschwind (2023),10.1287/trsc.2023.1198
CBD,LargestGap,60,20,22,1930,True,optimal,1930,False,Wahlen & Gschwind (2023),10.1287/trsc.2023.1198
CBD,LargestGap,60,20,23,1779,True,optimal,1779,False,Wahlen & Gschwind (2023),10.1287/trsc.2023.1198
CBD,LargestGap,60,20,24,2161,True,optimal,2161,False,Wahlen & Gschwind (2023),10.1287/trsc.2023.1198
CBD,LargestGap,60,20,25,1789,True,optimal,1789,False,Wahlen & Gschwind (2023),10.1287/trsc.2023.1198
CBD,LargestGap,60,20,26,1758,True,optimal,1758,False,Wahlen & Gschwind (2023),10.1287/trsc.2023.1198
CBD,LargestGap,60,20,27,1945,True,optimal,1945,False,Wahlen & Gschwind (2023),10.1287/trsc.2023.1198
CBD,LargestGap,60,20,28,1929,True,optimal,1929,False,Wahlen & Gschwind (2023),10.1287/trsc.2023.1198
CBD,LargestGap,60,20,29,1880,True,optimal,1880,False,Wahlen & Gschwind (2023),10.1287/trsc.2023.1198
CBD,LargestGap,60,20,30,1885,True,optimal,1885,False,Wahlen & Gschwind (2023),10.1287/trsc.2023.1198
CBD,LargestGap,60,20,31,1901,True,optimal,1901,False,Wahlen & Gschwind (2023),10.1287/trsc.2023.1198
CBD,LargestGap,60,20,32,2178,True,optimal,2178,False,Wahlen & Gschwind (2023),10.1287/trsc.2023.1198
CBD,LargestGap,60,20,33,1844,True,optimal,1844,False,Wahlen & Gschwind (2023),10.1287/trsc.2023.1198
CBD,LargestGap,60,20,34,1839,True,optimal,1839,False,Wahlen & Gschwind (2023),10.1287/trsc.2023.1198
CBD,LargestGap,60,20,35,1858,True,optimal,1858,False,Wahlen & Gschwind (2023),10.1287/trsc.2023.1198
CBD,LargestGap,60,20,36,1914,True,optimal,1914,False,Wahlen & Gschwind (2023),10.1287/trsc.2023.1198
CBD,LargestGap,60,20,37,1797,True,optimal,1797,False,Wahlen & Gschwind (2023),10.1287/trsc.2023.1198
CBD,LargestGap,60,20,38,1471,True,optimal,1471,False,Wahlen & Gschwind (2023),10.1287/trsc.2023.1198
CBD,LargestGap,60,20,39,1509,True,optimal,1509,False,Wahlen & Gschwind (2023),10.1287/trsc.2023.1198
CBD,LargestGap,60,30,0,2883,True,optimal,2883,False,Wahlen & Gschwind (2023),10.1287/trsc.2023.1198
CBD,LargestGap,60,30,1,2859,True,optimal,2859,False,Wahlen & Gschwind (2023),10.1287/trsc.2023.1198
CBD,LargestGap,60,30,2,2620,True,optimal,2620,False,Wahlen & Gschwind (2023),10.1287/trsc.2023.1198
CBD,LargestGap,60,30,3,2655,True,optimal,2655,False,Wahlen & Gschwind (2023),10.1287/trsc.2023.1198
CBD,LargestGap,60,30,4,3025,True,optimal,3025,False,Wahlen & Gschwind (2023),10.1287/trsc.2023.1198
CBD,LargestGap,60,30,5,3262,True,optimal,3262,False,Wahlen & Gschwind (2023),10.1287/trsc.2023.1198
CBD,LargestGap,60,30,6,2597,True,optimal,2597,False,Wahlen & Gschwind (2023),10.1287/trsc.2023.1198
CBD,LargestGap,60,30,7,2912,True,optimal,2912,False,Wahlen & Gschwind (2023),10.1287/trsc.2023.1198
CBD,LargestGap,60,30,8,2739,True,optimal,2739,False,Wahlen & Gschwind (2023),10.1287/trsc.2023.1198
CBD,LargestGap,60,30,9,2654,True,optimal,2654,False,Wahlen & Gschwind (2023),10.1287/trsc.2023.1198
CBD,LargestGap,60,30,10,2646,True,optimal,2646,False,Wahlen & Gschwind (2023),10.1287/trsc.2023.1198
CBD,LargestGap,60,30,11,2920,True,optimal,2920,False,Wahlen & Gschwind (2023),10.1287/trsc.2023.1198
CBD,LargestGap,60,30,12,3172,True,optimal,3172,False,Wahlen & Gschwind (2023),10.1287/trsc.2023.1198
CBD,LargestGap,60,30,13,2909,True,optimal,2909,False,Wahlen & Gschwind (2023),10.1287/trsc.2023.1198
CBD,LargestGap,60,30,14,3162,True,optimal,3162,False,Wahlen & Gschwind (2023),10.1287/trsc.2023.1198
CBD,LargestGap,60,30,15,2668,True,optimal,2668,False,Wahlen & Gschwind (2023),10.1287/trsc.2023.1198
CBD,LargestGap,60,30,16,2614,True,optimal,2614,False,Wahlen & Gschwind (2023),10.1287/trsc.2023.1198
CBD,LargestGap,60,30,17,2933,True,optimal,2933,False,Wahlen & Gschwind (2023),10.1287/trsc.2023.1198
CBD,LargestGap,60,30,18,2964,True,optimal,2964,False,Wahlen & Gschwind (2023),10.1287/trsc.2023.1198
CBD,LargestGap,60,30,19,2836,True,optimal,2836,False,Wahlen & Gschwind (2023),10.1287/trsc.2023.1198
CBD,LargestGap,60,30,20,2980,True,optimal,2980,False,Wahlen & Gschwind (2023),10.1287/trsc.2023.1198
CBD,LargestGap,60,30,21,2452,True,optimal,2452,False,Wahlen & Gschwind (2023),10.1287/trsc.2023.1198
CBD,LargestGap,60,30,22,2956,True,optimal,2956,False,Wahlen & Gschwind (2023),10.1287/trsc.2023.1198
CBD,LargestGap,60,30,23,3047,True,optimal,3047,False,Wahlen & Gschwind (2023),10.1287/trsc.2023.1198
CBD,LargestGap,60,30,24,2523,True,optimal,2523,False,Wahlen & Gschwind (2023),10.1287/trsc.2023.1198
CBD,LargestGap,60,30,25,2989,True,optimal,2989,False,Wahlen & Gschwind (2023),10.1287/trsc.2023.1198
CBD,LargestGap,60,30,26,3095,True,optimal,3095,False,Wahlen & Gschwind (2023),10.1287/trsc.2023.1198
CBD,LargestGap,60,30,27,3112,True,optimal,3112,False,Wahlen & Gschwind (2023),10.1287/trsc.2023.1198
CBD,LargestGap,60,30,28,2562,True,optimal,2562,False,Wahlen & Gschwind (2023),10.1287/trsc.2023.1198
CBD,LargestGap,60,30,29,2821,True,optimal,2821,False,Wahlen & Gschwind (2023),10.1287/trsc.2023.1198
CBD,LargestGap,60,30,30,2709,True,optimal,2709,False,Wahlen & Gschwind (2023),10.1287/trsc.2023.1198
CBD,LargestGap,60,30,31,2940,True,optimal,2940,False,Wahlen & Gschwind (2023),10.1287/trsc.2023.1198
CBD,LargestGap,60,30,32,2999,True,optimal,2999,False,Wahlen & Gschwind (2023),10.1287/trsc.2023.1198
CBD,LargestGap,60,30,33,2693,True,optimal,2693,False,Wahlen & Gschwind (2023),10.1287/trsc.2023.1198
CBD,LargestGap,60,30,34,3417,True,optimal,3417,False,Wahlen & Gschwind (2023),10.1287/trsc.2023.1198
CBD,LargestGap,60,30,35,2458,True,optimal,2458,False,Wahlen & Gschwind (2023),10.1287/trsc.2023.1198
CBD,LargestGap,60,30,36,2485,True,optimal,2485,False,Wahlen & Gschwind (2023),10.1287/trsc.2023.1198
CBD,LargestGap,60,30,37,2556,True,optimal,2556,False,Wahlen & Gschwind (2023),10.1287/trsc.2023.1198
CBD,LargestGap,60,30,38,2932,True,optimal,2932,False,Wahlen & Gschwind (2023),10.1287/trsc.2023.1198
CBD,LargestGap,60,30,39,2804,True,optimal,2804,False,Wahlen & Gschwind (2023),10.1287/trsc.2023.1198
CBD,LargestGap,60,40,0,3667,True,optimal,3667,False,Wahlen & Gschwind (2023),10.1287/trsc.2023.1198
CBD,LargestGap,60,40,1,3136,True,optimal,3136,False,Wahlen & Gschwind (2023),10.1287/trsc.2023.1198
CBD,LargestGap,60,40,2,3496,True,optimal,3496,False,Wahlen & Gschwind (2023),10.1287/trsc.2023.1198
CBD,LargestGap,60,40,3,3757,True,optimal,3757,False,Wahlen & Gschwind (2023),10.1287/trsc.2023.1198
CBD,LargestGap,60,40,4,3860,True,optimal,3860,False,Wahlen & Gschwind (2023),10.1287/trsc.2023.1198
CBD,LargestGap,60,40,5,3604,True,optimal,3604,False,Wahlen & Gschwind (2023),10.1287/trsc.2023.1198
CBD,LargestGap,60,40,6,3640,True,optimal,3640,False,Wahlen & Gschwind (2023),10.1287/trsc.2023.1198
CBD,LargestGap,60,40,7,3809,True,optimal,3809,False,Wahlen & Gschwind (2023),10.1287/trsc.2023.1198
CBD,LargestGap,60,40,8,3723,True,optimal,3723,False,Wahlen & Gschwind (2023),10.1287/trsc.2023.1198
CBD,LargestGap,60,40,9,3959,True,optimal,3959,False,Wahlen & Gschwind (2023),10.1287/trsc.2023.1198
CBD,LargestGap,60,40,10,3976,True,optimal,3976,False,Wahlen & Gschwind (2023),10.1287/trsc.2023.1198
CBD,LargestGap,60,40,11,3885,True,optimal,3885,False,Wahlen & Gschwind (2023),10.1287/trsc.2023.1198
CBD,LargestGap,60,40,12,3729,True,optimal,3729,False,Wahlen & Gschwind (2023),10.1287/trsc.2023.1198
CBD,LargestGap,60,40,13,3571,True,optimal,3571,False,Wahlen & Gschwind (2023),10.1287/trsc.2023.1198
CBD,LargestGap,60,40,14,2941,True,optimal,2941,False,Wahlen & Gschwind (2023),10.1287/trsc.2023.1198
CBD,LargestGap,60,40,15,3713,True,optimal,3713,False,Wahlen & Gschwind (2023),10.1287/trsc.2023.1198
CBD,LargestGap,60,40,16,3127,True,optimal,3127,False,Wahlen & Gschwind (2023),10.1287/trsc.2023.1198
CBD,LargestGap,60,40,17,3642,True,optimal,3642,False,Wahlen & Gschwind (2023),10.1287/trsc.2023.1198
CBD,LargestGap,60,40,18,3643,True,optimal,3643,False,Wahlen & Gschwind (2023),10.1287/trsc.2023.1198
CBD,LargestGap,60,40,19,3511,True,optimal,3511,False,Wahlen & Gschwind (2023),10.1287/trsc.2023.1198
CBD,LargestGap,60,40,20,3750,True,optimal,3750,False,Wahlen & Gschwind (2023),10.1287/trsc.2023.1198
CBD,LargestGap,60,40,21,3492,True,optimal,3492,False,Wahlen & Gschwind (2023),10.1287/trsc.2023.1198
CBD,LargestGap,60,40,22,3445,True,optimal,3445,False,Wahlen & Gschwind (2023),10.1287/trsc.2023.1198
CBD,LargestGap,60,40,23,3499,True,optimal,3499,False,Wahlen & Gschwind (2023),10.1287/trsc.2023.1198
CBD,LargestGap,60,40,24,3733,True,optimal,3733,False,Wahlen & Gschwind (2023),10.1287/trsc.2023.1198
CBD,LargestGap,60,40,25,3594,True,optimal,3594,False,Wahlen & Gschwind (2023),10.1287/trsc.2023.1198
CBD,LargestGap,60,40,26,3248,True,optimal,3248,False,Wahlen & Gschwind (2023),10.1287/trsc.2023.1198
CBD,LargestGap,60,40,27,3288,True,optimal,3288,False,Wahlen & Gschwind (2023),10.1287/trsc.2023.1198
CBD,LargestGap,60,40,28,3510,True,optimal,3510,False,Wahlen & Gschwind (2023),10.1287/trsc.2023.1198
CBD,LargestGap,60,40,29,3746,True,optimal,3746,False,Wahlen & Gschwind (2023),10.1287/trsc.2023.1198
CBD,LargestGap,60,40,30,3867,True,optimal,3867,False,Wahlen & Gschwind (2023),10.1287/trsc.2023.1198
CBD,LargestGap,60,40,31,3311,True,optimal,3311,False,Wahlen & Gschwind (2023),10.1287/trsc.2023.1198
CBD,LargestGap,60,40,32,3773,True,optimal,3773,False,Wahlen & Gschwind (2023),10.1287/trsc.2023.1198
CBD,LargestGap,60,40,33,3323,True,optimal,3323,False,Wahlen & Gschwind (2023),10.1287/trsc.2023.1198
CBD,LargestGap,60,40,34,3332,True,optimal,3332,False,Wahlen & Gschwind (2023),10.1287/trsc.2023.1198
CBD,LargestGap,60,40,35,3641,True,optimal,3641,False,Wahlen & Gschwind (2023),10.1287/trsc.2023.1198
CBD,LargestGap,60,40,36,3813,True,optimal,3813,False,Wahlen & Gschwind (2023),10.1287/trsc.2023.1198
CBD,LargestGap,60,40,37,3603,True,optimal,3603,False,Wahlen & Gschwind (2023),10.1287/trsc.2023.1198
CBD,LargestGap,60,40,38,3692,True,optimal,3692,False,Wahlen & Gschwind (2023),10.1287/trsc.2023.1198
CBD,LargestGap,60,40,39,3651,True,optimal,3651,False,Wahlen & Gschwind (2023),10.1287/trsc.2023.1198
CBD,LargestGap,60,50,0,4821,True,optimal,4821,False,Wahlen & Gschwind (2023),10.1287/trsc.2023.1198
CBD,LargestGap,60,50,1,4075,True,optimal,4075,False,Wahlen & Gschwind (2023),10.1287/trsc.2023.1198
CBD,LargestGap,60,50,2,3980,True,optimal,3980,False,Wahlen & Gschwind (2023),10.1287/trsc.2023.1198
CBD,LargestGap,60,50,3,4263,True,optimal,4263,False,Wahlen & Gschwind (2023),10.1287/trsc.2023.1198
CBD,LargestGap,60,50,4,4428,True,optimal,4428,False,Wahlen & Gschwind (2023),10.1287/trsc.2023.1198
CBD,LargestGap,60,50,5,4235,True,optimal,4235,False,Wahlen & Gschwind (2023),10.1287/trsc.2023.1198
CBD,LargestGap,60,50,6,4039,True,optimal,4039,False,Wahlen & Gschwind (2023),10.1287/trsc.2023.1198
CBD,LargestGap,60,50,7,3958,True,optimal,3958,False,Wahlen & Gschwind (2023),10.1287/trsc.2023.1198
CBD,LargestGap,60,50,8,4674,True,optimal,4674,False,Wahlen & Gschwind (2023),10.1287/trsc.2023.1198
CBD,LargestGap,60,50,9,4390,True,optimal,4390,False,Wahlen & Gschwind (2023),10.1287/trsc.2023.1198
CBD,LargestGap,60,50,10,4916,True,optimal,4916,False,Wahlen & Gschwind (2023),10.1287/trsc.2023.1198
CBD,LargestGap,60,50,11,4884,True,optimal,4884,False,Wahlen & Gschwind (2023),10.1287/trsc.2023.1198
CBD,LargestGap,60,50,12,4395,True,optimal,4395,False,Wahlen & Gschwind (2023),10.1287/trsc.2023.1198
CBD,LargestGap,60,50,13,3894,True,optimal,3894,False,Wahlen & Gschwind (2023),10.1287/trsc.2023.1198
CBD,LargestGap,60,50,14,4761,True,optimal,4761,False,Wahlen & Gschwind (2023),10.1287/trsc.2023.1198
CBD,LargestGap,60,50,15,4796,True,optimal,4796,False,Wahlen & Gschwind (2023),10.1287/trsc.2023.1198
CBD,LargestGap,60,50,16,4813,True,optimal,4813,False,Wahlen & Gschwind (2023),10.1287/trsc.2023.1198
CBD,LargestGap,60,50,17,4605,True,optimal,4605,False,Wahlen & Gschwind (2023),10.1287/trsc.2023.1198
CBD,LargestGap,60,50,18,4471,True,optimal,4471,False,Wahlen & Gschwind (2023),10.1287/trsc.2023.1198
CBD,LargestGap,60,50,19,4456,True,optimal,4456,False,Wahlen & Gschwind (2023),10.1287/trsc.2023.1198
CBD,LargestGap,60,50,20,4299,True,optimal,4299,False,Wahlen & Gschwind (2023),10.1287/trsc.2023.1198
CBD,LargestGap,60,50,21,3948,True,optimal,3948,False,Wahlen & Gschwind (2023),10.1287/trsc.2023.1198
CBD,LargestGap,60,50,22,3883,True,optimal,3883,False,Wahlen & Gschwind (2023),10.1287/trsc.2023.1198
CBD,LargestGap,60,50,23,4610,True,optimal,4610,False,Wahlen & Gschwind (2023),10.1287/trsc.2023.1198
CBD,LargestGap,60,50,24,4759,True,optimal,4759,False,Wahlen & Gschwind (2023),10.1287/trsc.2023.1198
CBD,LargestGap,60,50,25,4397,True,optimal,4397,False,Wahlen & Gschwind (2023),10.1287/trsc.2023.1198
CBD,LargestGap,60,50,26,4816,True,optimal,4816,False,Wahlen & Gschwind (2023),10.1287/trsc.2023.1198
CBD,LargestGap,60,50,27,4247,True,optimal,4247,False,Wahlen & Gschwind (2023),10.1287/trsc.2023.1198
CBD,LargestGap,60,50,28,4498,True,optimal,4498,False,Wahlen & Gschwind (2023),10.1287/trsc.2023.1198
CBD,LargestGap,60,50,29,4441,True,optimal,4441,False,Wahlen & Gschwind (2023),10.1287/trsc.2023.1198
CBD,LargestGap,60,50,30,4682,True,optimal,4682,False,Wahlen & Gschwind (2023),10.1287/trsc.2023.1198
CBD,LargestGap,60,50,31,4825,True,optimal,4825,False,Wahlen & Gschwind (2023),10.1287/trsc.2023.1198
CBD,LargestGap,60,50,32,4760,True,optimal,4760,False,Wahlen & Gschwind (2023),10.1287/trsc.2023.1198
CBD,LargestGap,60,50,33,4559,True,optimal,4559,False,Wahlen & Gschwind (2023),10.1287/trsc.2023.1198
CBD,LargestGap,60,50,34,4915,True,optimal,4915,False,Wahlen & Gschwind (2023),10.1287/trsc.2023.1198
CBD,LargestGap,60,50,35,4271,True,optimal,4271,False,Wahlen & Gschwind (2023),10.1287/trsc.2023.1198
CBD,LargestGap,60,50,36,4361,True,optimal,4361,False,Wahlen & Gschwind (2023),10.1287/trsc.2023.1198
CBD,LargestGap,60,50,37,3825,True,optimal,3825,False,Wahlen & Gschwind (2023),10.1287/trsc.2023.1198
CBD,LargestGap,60,50,38,4446,True,optimal,4446,False,Wahlen & Gschwind (2023),10.1287/trsc.2023.1198
CBD,LargestGap,60,50,39,4795,True,optimal,4795,False,Wahlen & Gschwind (2023),10.1287/trsc.2023.1198
CBD,LargestGap,60,60,0,5324,True,optimal,5324,False,Wahlen & Gschwind (2023),10.1287/trsc.2023.1198
CBD,LargestGap,60,60,1,5196,True,optimal,5196,False,Wahlen & Gschwind (2023),10.1287/trsc.2023.1198
CBD,LargestGap,60,60,2,5040,True,optimal,5040,False,Wahlen & Gschwind (2023),10.1287/trsc.2023.1198
CBD,LargestGap,60,60,3,5558,True,optimal,5558,False,Wahlen & Gschwind (2023),10.1287/trsc.2023.1198
CBD,LargestGap,60,60,4,5404,True,optimal,5404,False,Wahlen & Gschwind (2023),10.1287/trsc.2023.1198
CBD,LargestGap,60,60,5,4964,True,optimal,4964,False,Wahlen & Gschwind (2023),10.1287/trsc.2023.1198
CBD,LargestGap,60,60,6,5003,True,optimal,5003,False,Wahlen & Gschwind (2023),10.1287/trsc.2023.1198
CBD,LargestGap,60,60,7,5401,True,optimal,5401,False,Wahlen & Gschwind (2023),10.1287/trsc.2023.1198
CBD,LargestGap,60,60,8,5278,True,optimal,5278,False,Wahlen & Gschwind (2023),10.1287/trsc.2023.1198
CBD,LargestGap,60,60,9,4993,True,optimal,4993,False,Wahlen & Gschwind (2023),10.1287/trsc.2023.1198
CBD,LargestGap,60,60,10,5858,True,optimal,5858,False,Wahlen & Gschwind (2023),10.1287/trsc.2023.1198
CBD,LargestGap,60,60,11,5331,True,optimal,5331,False,Wahlen & Gschwind (2023),10.1287/trsc.2023.1198
CBD,LargestGap,60,60,12,5075,True,optimal,5075,False,Wahlen & Gschwind (2023),10.1287/trsc.2023.1198
CBD,LargestGap,60,60,13,5406,True,optimal,5406,False,Wahlen & Gschwind (2023),10.1287/trsc.2023.1198
CBD,LargestGap,60,60,14,5098,True,optimal,5098,False,Wahlen & Gschwind (2023),10.1287/trsc.2023.1198
CBD,LargestGap,60,60,15,4625,True,optimal,4625,False,Wahlen & Gschwind (2023),10.1287/trsc.2023.1198
CBD,LargestGap,60,60,16,4950,True,optimal,4950,False,Wahlen & Gschwind (2023),10.1287/trsc.2023.1198
CBD,LargestGap,60,60,17,5299,True,optimal,5299,False,Wahlen & Gschwind (2023),10.1287/trsc.2023.1198
CBD,LargestGap,60,60,18,5899,True,optimal,5899,False,Wahlen & Gschwind (2023),10.1287/trsc.2023.1198
CBD,LargestGap,60,60,19,5268,True,optimal,5268,False,Wahlen & Gschwind (2023),10.1287/trsc.2023.1198
CBD,LargestGap,60,60,20,4731,True,optimal,4731,False,Wahlen & Gschwind (2023),10.1287/trsc.2023.1198
CBD,LargestGap,60,60,21,5537,True,optimal,5537,False,Wahlen & Gschwind (2023),10.1287/trsc.2023.1198
CBD,LargestGap,60,60,22,5499,True,optimal,5499,False,Wahlen & Gschwind (2023),10.1287/trsc.2023.1198
CBD,LargestGap,60,60,23,5587,True,optimal,5587,False,Wahlen & Gschwind (2023),10.1287/trsc.2023.1198
CBD,LargestGap,60,60,24,5385,True,optimal,5385,False,Wahlen & Gschwind (2023),10.1287/trsc.2023.1198
CBD,LargestGap,60,60,25,5652,True,optimal,5652,False,Wahlen & Gschwind (2023),10.1287/trsc.2023.1198
CBD,LargestGap,60,60,26,5465,True,optimal,5465,False,Wahlen & Gschwind (2023),10.1287/trsc.2023.1198
CBD,LargestGap,60,60,27,5301,True,optimal,5301,False,Wahlen & Gschwind (2023),10.1287/trsc.2023.1198
CBD,LargestGap,60,60,28,4819,True,optimal,4819,False,Wahlen & Gschwind (2023),10.1287/trsc.2023.1198
CBD,LargestGap,60,60,29,5296,True,optimal,5296,False,Wahlen & Gschwind (2023),10.1287/trsc.2023.1198
CBD,LargestGap,60,60,30,4962,True,optimal,4962,False,Wahlen & Gschwind (2023),10.1287/trsc.2023.1198
CBD,LargestGap,60,60,31,5071,True,optimal,5071,False,Wahlen & Gschwind (2023),10.1287/trsc.2023.1198
CBD,LargestGap,60,60,32,5500,True,optimal,5500,False,Wahlen & Gschwind (2023),10.1287/trsc.2023.1198
CBD,LargestGap,60,60,33,5194,True,optimal,5194,False,Wahlen & Gschwind (2023),10.1287/trsc.2023.1198
CBD,LargestGap,60,60,34,5073,True,optimal,5073,False,Wahlen & Gschwind (2023),10.1287/trsc.2023.1198
CBD,LargestGap,60,60,35,5242,True,optimal,5242,False,Wahlen & Gschwind (2023),10.1287/trsc.2023.1198
CBD,LargestGap,60,60,36,5315,True,optimal,5315,False,Wahlen & Gschwind (2023),10.1287/trsc.2023.1198
CBD,LargestGap,60,60,37,4638,True,optimal,4638,False,Wahlen & Gschwind (2023),10.1287/trsc.2023.1198
CBD,LargestGap,60,60,38,5036,True,optimal,5036,False,Wahlen & Gschwind (2023),10.1287/trsc.2023.1198
CBD,LargestGap,60,60,39,5028,True,optimal,5028,False,Wahlen & Gschwind (2023),10.1287/trsc.2023.1198
CBD,LargestGap,60,70,0,6206,True,optimal,6206,False,Wahlen & Gschwind (2023),10.1287/trsc.2023.1198
CBD,LargestGap,60,70,1,6605,True,optimal,6605,False,Wahlen & Gschwind (2023),10.1287/trsc.2023.1198
CBD,LargestGap,60,70,2,6087,True,optimal,6087,False,Wahlen & Gschwind (2023),10.1287/trsc.2023.1198
CBD,LargestGap,60,70,3,5708,True,optimal,5708,False,Wahlen & Gschwind (2023),10.1287/trsc.2023.1198
CBD,LargestGap,60,70,4,6305,True,optimal,6305,False,Wahlen & Gschwind (2023),10.1287/trsc.2023.1198
CBD,LargestGap,60,70,5,6032,True,optimal,6032,False,Wahlen & Gschwind (2023),10.1287/trsc.2023.1198
CBD,LargestGap,60,70,6,6472,True,optimal,6472,False,Wahlen & Gschwind (2023),10.1287/trsc.2023.1198
CBD,LargestGap,60,70,7,5880,True,optimal,5880,False,Wahlen & Gschwind (2023),10.1287/trsc.2023.1198
CBD,LargestGap,60,70,8,6436,True,optimal,6436,False,Wahlen & Gschwind (2023),10.1287/trsc.2023.1198
CBD,LargestGap,60,70,9,5602,True,optimal,5602,False,Wahlen & Gschwind (2023),10.1287/trsc.2023.1198
CBD,LargestGap,60,70,10,6282,True,optimal,6282,False,Wahlen & Gschwind (2023),10.1287/trsc.2023.1198
CBD,LargestGap,60,70,11,5936,True,optimal,5936,False,Wahlen & Gschwind (2023),10.1287/trsc.2023.1198
CBD,LargestGap,60,70,12,5287,True,optimal,5287,False,Wahlen & Gschwind (2023),10.1287/trsc.2023.1198
CBD,LargestGap,60,70,13,6553,True,optimal,6553,False,Wahlen & Gschwind (2023),10.1287/trsc.2023.1198
CBD,LargestGap,60,70,14,6168,True,optimal,6168,False,Wahlen & Gschwind (2023),10.1287/trsc.2023.1198
CBD,LargestGap,60,70,15,5775,True,optimal,5775,False,Wahlen & Gschwind (2023),10.1287/trsc.2023.1198
CBD,LargestGap,60,70,16,6747,True,optimal,6747,False,Wahlen & Gschwind (2023),10.1287/trsc.2023.1198
CBD,LargestGap,60,70,17,6216,True,optimal,6216,False,Wahlen & Gschwind (2023),10.1287/trsc.2023.1198
CBD,LargestGap,60,70,18,5647,True,optimal,5647,False,Wahlen & Gschwind (2023),10.1287/trsc.2023.1198
CBD,LargestGap,60,70,19,5377,True,optimal,5377,False,Wahlen & Gschwind (2023),10.1287/trsc.2023.1198
CBD,LargestGap,60,70,20,6477,True,optimal,6477,False,Wahlen & Gschwind (2023),10.1287/trsc.2023.1198
CBD,LargestGap,60,70,21,6179,True,optimal,6179,False,Wahlen & Gschwind (2023),10.1287/trsc.2023.1198
CBD,LargestGap,60,70,22,6465,True,optimal,6465,False,Wahlen & Gschwind (2023),10.1287/trsc.2023.1198
CBD,LargestGap,60,70,23,6051,True,optimal,6051,False,Wahlen & Gschwind (2023),10.1287/trsc.2023.1198
CBD,LargestGap,60,70,24,6095,True,optimal,6095,False,Wahlen & Gschwind (2023),10.1287/trsc.2023.1198
CBD,LargestGap,60,70,25,6139,True,optimal,6139,False,Wahlen & Gschwind (2023),10.1287/trsc.2023.1198
CBD,LargestGap,60,70,26,5668,True,optimal,5668,False,Wahlen & Gschwind (2023),10.1287/trsc.2023.1198
CBD,LargestGap,60,70,27,6073,True,optimal,6073,False,Wahlen & Gschwind (2023),10.1287/trsc.2023.1198
CBD,LargestGap,60,70,28,5829,True,optimal,5829,False,Wahlen & Gschwind (2023),10.1287/trsc.2023.1198
CBD,LargestGap,60,70,29,6394,False,optimal,6394,False,Wahlen & Gschwind (2023),10.1287/trsc.2023.1198
CBD,LargestGap,60,70,30,5945,True,optimal,5945,False,Wahlen & Gschwind (2023),10.1287/trsc.2023.1198
CBD,LargestGap,60,70,31,6410,True,optimal,6410,False,Wahlen & Gschwind (2023),10.1287/trsc.2023.1198
CBD,LargestGap,60,70,32,5526,True,optimal,5526,False,Wahlen & Gschwind (2023),10.1287/trsc.2023.1198
CBD,LargestGap,60,70,33,6248,True,optimal,6248,False,Wahlen & Gschwind (2023),10.1287/trsc.2023.1198
CBD,LargestGap,60,70,34,6021,True,optimal,6021,False,Wahlen & Gschwind (2023),10.1287/trsc.2023.1198
CBD,LargestGap,60,70,35,5839,True,optimal,5839,False,Wahlen & Gschwind (2023),10.1287/trsc.2023.1198
CBD,LargestGap,60,70,36,6181,True,optimal,6181,False,Wahlen & Gschwind (2023),10.1287/trsc.2023.1198
CBD,LargestGap,60,70,37,6243,True,optimal,6243,False,Wahlen & Gschwind (2023),10.1287/trsc.2023.1198
CBD,LargestGap,60,70,38,5898,True,optimal,5898,False,Wahlen & Gschwind (2023),10.1287/trsc.2023.1198
CBD,LargestGap,60,70,39,5980,True,optimal,5980,False,Wahlen & Gschwind (2023),10.1287/trsc.2023.1198
CBD,LargestGap,60,80,0,6877,True,optimal,6877,False,Wahlen & Gschwind (2023),10.1287/trsc.2023.1198
CBD,LargestGap,60,80,1,6723,True,optimal,6723,False,Wahlen & Gschwind (2023),10.1287/trsc.2023.1198
CBD,LargestGap,60,80,2,7558,False,optimal,7558,False,Wahlen & Gschwind (2023),10.1287/trsc.2023.1198
CBD,LargestGap,60,80,3,6402,True,optimal,6402,False,Wahlen & Gschwind (2023),10.1287/trsc.2023.1198
CBD,LargestGap,60,80,4,6684,True,optimal,6684,False,Wahlen & Gschwind (2023),10.1287/trsc.2023.1198
CBD,LargestGap,60,80,5,7265,True,optimal,7265,False,Wahlen & Gschwind (2023),10.1287/trsc.2023.1198
CBD,LargestGap,60,80,6,6837,True,optimal,6837,False,Wahlen & Gschwind (2023),10.1287/trsc.2023.1198
CBD,LargestGap,60,80,7,7305,True,optimal,7305,False,Wahlen & Gschwind (2023),10.1287/trsc.2023.1198
CBD,LargestGap,60,80,8,7687,True,optimal,7687,False,Wahlen & Gschwind (2023),10.1287/trsc.2023.1198
CBD,LargestGap,60,80,9,6953,True,optimal,6953,False,Wahlen & Gschwind (2023),10.1287/trsc.2023.1198
CBD,LargestGap,60,80,10,7870,True,optimal,7870,False,Wahlen & Gschwind (2023),10.1287/trsc.2023.1198
CBD,LargestGap,60,80,11,6794,True,optimal,6794,False,Wahlen & Gschwind (2023),10.1287/trsc.2023.1198
CBD,LargestGap,60,80,12,7806,True,optimal,7806,False,Wahlen & Gschwind (2023),10.1287/trsc.2023.1198
CBD,LargestGap,60,80,13,6148,True,optimal,6148,False,Wahlen & Gschwind (2023),10.1287/trsc.2023.1198
CBD,LargestGap,60,80,14,7189,True,optimal,7189,False,Wahlen & Gschwind (2023),10.1287/trsc.2023.1198
CBD,LargestGap,60,80,15,7283,True,optimal,7283,False,Wahlen & Gschwind (2023),10.1287/trsc.2023.1198
CBD,LargestGap,60,80,16,6770,True,optimal,6770,False,Wahlen & Gschwind (2023),10.1287/trsc.2023.1198
CBD,LargestGap,60,80,17,7241,True,optimal,7241,False,Wahlen & Gschwind (2023),10.1287/trsc.2023.1198
CBD,LargestGap,60,80,18,6858,True,optimal,6858,False,Wahlen & Gschwind (2023),10.1287/trsc.2023.1198
CBD,LargestGap,60,80,19,7364,True,optimal,7364,False,Wahlen & Gschwind (2023),10.1287/trsc.2023.1198
CBD,LargestGap,60,80,20,7158,True,optimal,7158,False,Wahlen & Gschwind (2023),10.1287/trsc.2023.1198
CBD,LargestGap,60,80,21,7074,True,optimal,7074,False,Wahlen & Gschwind (2023),10.1287/trsc.2023.1198
CBD,LargestGap,60,80,22,6910,False,optimal,6910,False,Wahlen & Gschwind (2023),10.1287/trsc.2023.1198
CBD,LargestGap,60,80,23,7210,True,optimal,7210,False,Wahlen & Gschwind (2023),10.1287/trsc.2023.1198
CBD,LargestGap,60,80,24,6357,True,optimal,6357,False,Wahlen & Gschwind (2023),10.1287/trsc.2023.1198
CBD,LargestGap,60,80,25,6833,True,optimal,6833,False,Wahlen & Gschwind (2023),10.1287/trsc.2023.1198
CBD,LargestGap,60,80,26,6945,True,optimal,6945,False,Wahlen & Gschwind (2023),10.1287/trsc.2023.1198
CBD,LargestGap,60,80,27,6851,True,optimal,6851,False,Wahlen & Gschwind (2023),10.1287/trsc.2023.1198
CBD,LargestGap,60,80,28,7227,True,optimal,7227,False,Wahlen & Gschwind (2023),10.1287/trsc.2023.1198
CBD,LargestGap,60,80,29,6580,True,optimal,6580,False,Wahlen & Gschwind (2023),10.1287/trsc.2023.1198
CBD,LargestGap,60,80,30,7722,True,optimal,7722,False,Wahlen & Gschwind (2023),10.1287/trsc.2023.1198
CBD,LargestGap,60,80,31,8317,True,optimal,8317,False,Wahlen & Gschwind (2023),10.1287/trsc.2023.1198
CBD,LargestGap,60,80,32,7077,True,optimal,7077,False,Wahlen & Gschwind (2023),10.1287/trsc.2023.1198
CBD,LargestGap,60,80,33,6614,True,optimal,6614,False,Wahlen & Gschwind (2023),10.1287/trsc.2023.1198
CBD,LargestGap,60,80,34,7546,True,optimal,7546,False,Wahlen & Gschwind (2023),10.1287/trsc.2023.1198
CBD,LargestGap,60,80,35,6420,True,optimal,6420,False,Wahlen & Gschwind (2023),10.1287/trsc.2023.1198
CBD,LargestGap,60,80,36,6350,False,optimal,6350,False,Wahlen & Gschwind (2023),10.1287/trsc.2023.1198
CBD,LargestGap,60,80,37,7254,True,optimal,7254,False,Wahlen & Gschwind (2023),10.1287/trsc.2023.1198
CBD,LargestGap,60,80,38,6467,True,optimal,6467,False,Wahlen & Gschwind (2023),10.1287/trsc.2023.1198
CBD,LargestGap,60,80,39,6702,True,optimal,6702,False,Wahlen & Gschwind (2023),10.1287/trsc.2023.1198
CBD,LargestGap,60,90,0,7439,True,optimal,7439,False,Wahlen & Gschwind (2023),10.1287/trsc.2023.1198
CBD,LargestGap,60,90,1,7414,True,optimal,7414,False,Wahlen & Gschwind (2023),10.1287/trsc.2023.1198
CBD,LargestGap,60,90,2,7912,True,optimal,7912,False,Wahlen & Gschwind (2023),10.1287/trsc.2023.1198
CBD,LargestGap,60,90,3,8626,True,optimal,8626,False,Wahlen & Gschwind (2023),10.1287/trsc.2023.1198
CBD,LargestGap,60,90,4,7922,True,optimal,7922,False,Wahlen & Gschwind (2023),10.1287/trsc.2023.1198
CBD,LargestGap,60,90,5,7664,True,optimal,7664,False,Wahlen & Gschwind (2023),10.1287/trsc.2023.1198
CBD,LargestGap,60,90,6,7806,True,optimal,7806,False,Wahlen & Gschwind (2023),10.1287/trsc.2023.1198
CBD,LargestGap,60,90,7,8400,True,optimal,8400,False,Wahlen & Gschwind (2023),10.1287/trsc.2023.1198
CBD,LargestGap,60,90,8,7671,True,optimal,7671,False,Wahlen & Gschwind (2023),10.1287/trsc.2023.1198
CBD,LargestGap,60,90,9,8351,True,optimal,8351,False,Wahlen & Gschwind (2023),10.1287/trsc.2023.1198
CBD,LargestGap,60,90,10,7391,True,optimal,7391,False,Wahlen & Gschwind (2023),10.1287/trsc.2023.1198
CBD,LargestGap,60,90,11,7279,True,optimal,7279,False,Wahlen & Gschwind (2023),10.1287/trsc.2023.1198
CBD,LargestGap,60,90,12,7041,True,optimal,7041,False,Wahlen & Gschwind (2023),10.1287/trsc.2023.1198
CBD,LargestGap,60,90,13,8415,True,optimal,8415,False,Wahlen & Gschwind (2023),10.1287/trsc.2023.1198
CBD,LargestGap,60,90,14,7365,False,optimal,7365,False,Wahlen & Gschwind (2023),10.1287/trsc.2023.1198
CBD,LargestGap,60,90,15,7445,True,optimal,7445,False,Wahlen & Gschwind (2023),10.1287/trsc.2023.1198
CBD,LargestGap,60,90,16,7002,True,optimal,7002,False,Wahlen & Gschwind (2023),10.1287/trsc.2023.1198
CBD,LargestGap,60,90,17,7785,True,optimal,7785,False,Wahlen & Gschwind (2023),10.1287/trsc.2023.1198
CBD,LargestGap,60,90,18,7927,True,optimal,7927,False,Wahlen & Gschwind (2023),10.1287/trsc.2023.1198
CBD,LargestGap,60,90,19,7554,True,optimal,7554,False,Wahlen & Gschwind (2023),10.1287/trsc.2023.1198
CBD,LargestGap,60,90,20,8661,True,optimal,8661,False,Wahlen & Gschwind (2023),10.1287/trsc.2023.1198
CBD,LargestGap,60,90,21,8610,True,optimal,8610,False,Wahlen & Gschwind (2023),10.1287/trsc.2023.1198
CBD,LargestGap,60,90,22,6898,True,optimal,6898,False,Wahlen & Gschwind (2023),10.1287/trsc.2023.1198
CBD,LargestGap,60,90,23,7841,True,optimal,7841,False,Wahlen & Gschwind (2023),10.1287/trsc.2023.1198
CBD,LargestGap,60,90,24,7506,True,optimal,7506,False,Wahlen & Gschwind (2023),10.1287/trsc.2023.1198
CBD,LargestGap,60,90,25,7218,True,optimal,7218,False,Wahlen & Gschwind (2023),10.1287/trsc.2023.1198
CBD,LargestGap,60,90,26,7838,True,optimal,7838,False,Wahlen & Gschwind (2023),10.1287/trsc.2023.1198
CBD,LargestGap,60,90,27,8181,True,optimal,8181,False,Wahlen & Gschwind (2023),10.1287/trsc.2023.1198
CBD,LargestGap,60,90,28,7427,True,optimal,7427,False,Wahlen & Gschwind (2023),10.1287/trsc.2023.1198
CBD,LargestGap,60,90,29,7768,True,optimal,7768,False,Wahlen & Gschwind (2023),10.1287/trsc.2023.1198
CBD,LargestGap,60,90,30,7570,True,optimal,7570,False,Wahlen & Gschwind (2023),10.1287/trsc.2023.1198
CBD,LargestGap,60,90,31,8509,True,optimal,8509,False,Wahlen & Gschwind (2023),10.1287/trsc.2023.1198
CBD,LargestGap,60,90,32,8457,True,optimal,8457,False,Wahlen & Gschwind (2023),10.1287/trsc.2023.1198
CBD,LargestGap,60,90,33,7145,True,optimal,7145,False,Wahlen & Gschwind (2023),10.1287/trsc.2023.1198
CBD,LargestGap,60,90,34,8124,True,optimal,8124,False,Wahlen & Gschwind (2023),10.1287/trsc.2023.1198
CBD,LargestGap,60,90,35,7449,True,optimal,7449,False,Wahlen & Gschwind (2023),10.1287/trsc.2023.1198
CBD,LargestGap,60,90,36,7948,True,optimal,7948,False,Wahlen & Gschwind (2023),10.1287/trsc.2023.1198
CBD,LargestGap,60,90,37,7294,True,optimal,7294,False,Wahlen & Gschwind (2023),10.1287/trsc.2023.1198
CBD,LargestGap,60,90,38,7997,True,optimal,7997,False,Wahlen & Gschwind (2023),10.1287/trsc.2023.1198
CBD,LargestGap,60,90,39,7361,True,optimal,7361,False,Wahlen & Gschwind (2023),10.1287/trsc.2023.1198
CBD,LargestGap,60,100,0,9510,True,optimal,9510,False,Wahlen & Gschwind (2023),10.1287/trsc.2023.1198
CBD,LargestGap,60,100,1,8904,True,optimal,8904,False,Wahlen & Gschwind (2023),10.1287/trsc.2023.1198
CBD,LargestGap,60,100,2,8536,True,optimal,8536,False,Wahlen & Gschwind (2023),10.1287/trsc.2023.1198
CBD,LargestGap,60,100,3,9231,True,optimal,9231,False,Wahlen & Gschwind (2023),10.1287/trsc.2023.1198
CBD,LargestGap,60,100,4,8566,True,optimal,8566,False,Wahlen & Gschwind (2023),10.1287/trsc.2023.1198
CBD,LargestGap,60,100,5,8379,False,optimal,8379,False,Wahlen & Gschwind (2023),10.1287/trsc.2023.1198
CBD,LargestGap,60,100,6,7941,True,optimal,7941,False,Wahlen & Gschwind (2023),10.1287/trsc.2023.1198
CBD,LargestGap,60,100,7,8536,True,optimal,8536,False,Wahlen & Gschwind (2023),10.1287/trsc.2023.1198
CBD,LargestGap,60,100,8,8001,True,optimal,8001,False,Wahlen & Gschwind (2023),10.1287/trsc.2023.1198
CBD,LargestGap,60,100,9,8158,True,optimal,8158,False,Wahlen & Gschwind (2023),10.1287/trsc.2023.1198
CBD,LargestGap,60,100,10,8512,False,optimal,8512,False,Wahlen & Gschwind (2023),10.1287/trsc.2023.1198
CBD,LargestGap,60,100,11,8491,True,optimal,8491,False,Wahlen & Gschwind (2023),10.1287/trsc.2023.1198
CBD,LargestGap,60,100,12,8778,True,optimal,8778,False,Wahlen & Gschwind (2023),10.1287/trsc.2023.1198
CBD,LargestGap,60,100,13,8493,True,optimal,8493,False,Wahlen & Gschwind (2023),10.1287/trsc.2023.1198
CBD,LargestGap,60,100,14,9122,True,optimal,9122,False,Wahlen & Gschwind (2023),10.1287/trsc.2023.1198
CBD,LargestGap,60,100,15,8323,True,optimal,8323,False,Wahlen & Gschwind (2023),10.1287/trsc.2023.1198
CBD,LargestGap,60,100,16,9205,True,optimal,9205,False,Wahlen & Gschwind (2023),10.1287/trsc.2023.1198
CBD,LargestGap,60,100,17,8359,True,optimal,8359,False,Wahlen & Gschwind (2023),10.1287/trsc.2023.1198
CBD,LargestGap,60,100,18,8738,True,optimal,8738,False,Wahlen & Gschwind (2023),10.1287/trsc.2023.1198
CBD,LargestGap,60,100,19,8132,True,optimal,8132,False,Wahlen & Gschwind (2023),10.1287/trsc.2023.1198
CBD,LargestGap,60,100,20,9242,True,optimal,9242,False,Wahlen & Gschwind (2023),10.1287/trsc.2023.1198
CBD,LargestGap,60,100,21,7739,True,optimal,7739,False,Wahlen & Gschwind (2023),10.1287/trsc.2023.1198
CBD,LargestGap,60,100,22,8996,False,optimal,8996,False,Wahlen & Gschwind (2023),10.1287/trsc.2023.1198
CBD,LargestGap,60,100,23,9182,True,optimal,9182,False,Wahlen & Gschwind (2023),10.1287/trsc.2023.1198
CBD,LargestGap,60,100,24,8077,True,optimal,8077,False,Wahlen & Gschwind (2023),10.1287/trsc.2023.1198
CBD,LargestGap,60,100,25,8527,True,optimal,8527,False,Wahlen & Gschwind (2023),10.1287/trsc.2023.1198
CBD,LargestGap,60,100,26,8417,True,optimal,8417,False,Wahlen & Gschwind (2023),10.1287/trsc.2023.1198
CBD,LargestGap,60,100,27,8117,True,optimal,8117,False,Wahlen & Gschwind (2023),10.1287/trsc.2023.1198
CBD,LargestGap,60,100,28,8503,True,optimal,8503,False,Wahlen & Gschwind (2023),10.1287/trsc.2023.1198
CBD,LargestGap,60,100,29,7431,True,optimal,7431,False,Wahlen & Gschwind (2023),10.1287/trsc.2023.1198
CBD,LargestGap,60,100,30,8325,True,optimal,8325,False,Wahlen & Gschwind (2023),10.1287/trsc.2023.1198
CBD,LargestGap,60,100,31,8454,True,optimal,8454,False,Wahlen & Gschwind (2023),10.1287/trsc.2023.1198
CBD,LargestGap,60,100,32,8479,True,optimal,8479,False,Wahlen & Gschwind (2023),10.1287/trsc.2023.1198
CBD,LargestGap,60,100,33,8464,True,optimal,8464,False,Wahlen & Gschwind (2023),10.1287/trsc.2023.1198
CBD,LargestGap,60,100,34,8475,False,optimal,8475,False,Wahlen & Gschwind (2023),10.1287/trsc.2023.1198
CBD,LargestGap,60,100,35,8927,True,optimal,8927,False,Wahlen & Gschwind (2023),10.1287/trsc.2023.1198
CBD,LargestGap,60,100,36,8591,True,optimal,8591,False,Wahlen & Gschwind (2023),10.1287/trsc.2023.1198
CBD,LargestGap,60,100,37,8495,True,optimal,8495,False,Wahlen & Gschwind (2023),10.1287/trsc.2023.1198
CBD,LargestGap,60,100,38,8365,True,optimal,8365,False,Wahlen & Gschwind (2023),10.1287/trsc.2023.1198
CBD,LargestGap,60,100,39,8071,True,optimal,8071,False,Wahlen & Gschwind (2023),10.1287/trsc.2023.1198
CBD,LargestGap,75,20,0,1612,True,optimal,1612,False,Wahlen & Gschwind (2023),10.1287/trsc.2023.1198
CBD,LargestGap,75,20,1,2001,True,optimal,2001,False,Wahlen & Gschwind (2023),10.1287/trsc.2023.1198
CBD,LargestGap,75,20,2,1637,True,optimal,1637,False,Wahlen & Gschwind (2023),10.1287/trsc.2023.1198
CBD,LargestGap,75,20,3,1496,True,optimal,1496,False,Wahlen & Gschwind (2023),10.1287/trsc.2023.1198
CBD,LargestGap,75,20,4,1191,True,optimal,1191,False,Wahlen & Gschwind (2023),10.1287/trsc.2023.1198
CBD,LargestGap,75,20,5,1664,True,optimal,1664,False,Wahlen & Gschwind (2023),10.1287/trsc.2023.1198
CBD,LargestGap,75,20,6,1469,True,optimal,1469,False,Wahlen & Gschwind (2023),10.1287/trsc.2023.1198
CBD,LargestGap,75,20,7,1796,True,optimal,1796,False,Wahlen & Gschwind (2023),10.1287/trsc.2023.1198
CBD,LargestGap,75,20,8,1390,True,optimal,1390,False,Wahlen & Gschwind (2023),10.1287/trsc.2023.1198
CBD,LargestGap,75,20,9,1461,True,optimal,1461,False,Wahlen & Gschwind (2023),10.1287/trsc.2023.1198
CBD,LargestGap,75,20,10,1593,True,optimal,1593,False,Wahlen & Gschwind (2023),10.1287/trsc.2023.1198
CBD,LargestGap,75,20,11,1958,True,optimal,1958,False,Wahlen & Gschwind (2023),10.1287/trsc.2023.1198
CBD,LargestGap,75,20,12,1891,True,optimal,1891,False,Wahlen & Gschwind (2023),10.1287/trsc.2023.1198
CBD,LargestGap,75,20,13,1598,True,optimal,1598,False,Wahlen & Gschwind (2023),10.1287/trsc.2023.1198
CBD,LargestGap,75,20,14,1470,True,optimal,1470,False,Wahlen & Gschwind (2023),10.1287/trsc.2023.1198
CBD,LargestGap,75,20,15,1358,True,optimal,1358,False,Wahlen & Gschwind (2023),10.1287/trsc.2023.1198
CBD,LargestGap,75,20,16,1623,True,optimal,1623,False,Wahlen & Gschwind (2023),10.1287/trsc.2023.1198
CBD,LargestGap,75,20,17,1590,True,optimal,1590,False,Wahlen & Gschwind (2023),10.1287/trsc.2023.1198
CBD,LargestGap,75,20,18,1570,True,optimal,1570,False,Wahlen & Gschwind (2023),10.1287/trsc.2023.1198
CBD,LargestGap,75,20,19,1609,True,optimal,1609,False,Wahlen & Gschwind (2023),10.1287/trsc.2023.1198
CBD,LargestGap,75,20,20,1796,True,optimal,1796,False,Wahlen & Gschwind (2023),10.1287/trsc.2023.1198
CBD,LargestGap,75,20,21,1575,True,optimal,1575,False,Wahlen & Gschwind (2023),10.1287/trsc.2023.1198
CBD,LargestGap,75,20,22,1474,True,optimal,1474,False,Wahlen & Gschwind (2023),10.1287/trsc.2023.1198
CBD,LargestGap,75,20,23,1649,True,optimal,1649,False,Wahlen & Gschwind (2023),10.1287/trsc.2023.1198
CBD,LargestGap,75,20,24,1580,True,optimal,1580,False,Wahlen & Gschwind (2023),10.1287/trsc.2023.1198
CBD,LargestGap,75,20,25,1598,True,optimal,1598,False,Wahlen & Gschwind (2023),10.1287/trsc.2023.1198
CBD,LargestGap,75,20,26,1514,True,optimal,1514,False,Wahlen & Gschwind (2023),10.1287/trsc.2023.1198
CBD,LargestGap,75,20,27,1600,True,optimal,1600,False,Wahlen & Gschwind (2023),10.1287/trsc.2023.1198
CBD,LargestGap,75,20,28,1585,True,optimal,1585,False,Wahlen & Gschwind (2023),10.1287/trsc.2023.1198
CBD,LargestGap,75,20,29,1597,True,optimal,1597,False,Wahlen & Gschwind (2023),10.1287/trsc.2023.1198
CBD,LargestGap,75,20,30,1566,True,optimal,1566,False,Wahlen & Gschwind (2023),10.1287/trsc.2023.1198
CBD,LargestGap,75,20,31,1583,True,optimal,1583,False,Wahlen & Gschwind (2023),10.1287/trsc.2023.1198
CBD,LargestGap,75,20,32,1177,True,optimal,1177,False,Wahlen & Gschwind (2023),10.1287/trsc.2023.1198
CBD,LargestGap,75,20,33,1602,True,optimal,1602,False,Wahlen & Gschwind (2023),10.1287/trsc.2023.1198
CBD,LargestGap,75,20,34,1640,True,optimal,1640,False,Wahlen & Gschwind (2023),10.1287/trsc.2023.1198
CBD,LargestGap,75,20,35,1370,True,optimal,1370,False,Wahlen & Gschwind (2023),10.1287/trsc.2023.1198
CBD,LargestGap,75,20,36,1583,True,optimal,1583,False,Wahlen & Gschwind (2023),10.1287/trsc.2023.1198
CBD,LargestGap,75,20,37,1803,True,optimal,1803,False,Wahlen & Gschwind (2023),10.1287/trsc.2023.1198
CBD,LargestGap,75,20,38,1604,True,optimal,1604,False,Wahlen & Gschwind (2023),10.1287/trsc.2023.1198
CBD,LargestGap,75,20,39,1539,True,optimal,1539,False,Wahlen & Gschwind (2023),10.1287/trsc.2023.1198
CBD,LargestGap,75,30,0,2332,True,optimal,2332,False,Wahlen & Gschwind (2023),10.1287/trsc.2023.1198
CBD,LargestGap,75,30,1,1947,True,optimal,1947,False,Wahlen & Gschwind (2023),10.1287/trsc.2023.1198
CBD,LargestGap,75,30,2,2423,True,optimal,2423,False,Wahlen & Gschwind (2023),10.1287/trsc.2023.1198
CBD,LargestGap,75,30,3,2316,True,optimal,2316,False,Wahlen & Gschwind (2023),10.1287/trsc.2023.1198
CBD,LargestGap,75,30,4,2303,True,optimal,2303,False,Wahlen & Gschwind (2023),10.1287/trsc.2023.1198
CBD,LargestGap,75,30,5,2381,True,optimal,2381,False,Wahlen & Gschwind (2023),10.1287/trsc.2023.1198
CBD,LargestGap,75,30,6,2384,True,optimal,2384,False,Wahlen & Gschwind (2023),10.1287/trsc.2023.1198
CBD,LargestGap,75,30,7,2210,True,optimal,2210,False,Wahlen & Gschwind (2023),10.1287/trsc.2023.1198
CBD,LargestGap,75,30,8,2083,True,optimal,2083,False,Wahlen & Gschwind (2023),10.1287/trsc.2023.1198
CBD,LargestGap,75,30,9,2044,True,optimal,2044,False,Wahlen & Gschwind (2023),10.1287/trsc.2023.1198
CBD,LargestGap,75,30,10,2331,True,optimal,2331,False,Wahlen & Gschwind (2023),10.1287/trsc.2023.1198
CBD,LargestGap,75,30,11,2600,True,optimal,2600,False,Wahlen & Gschwind (2023),10.1287/trsc.2023.1198
CBD,LargestGap,75,30,12,2423,True,optimal,2423,False,Wahlen & Gschwind (2023),10.1287/trsc.2023.1198
CBD,LargestGap,75,30,13,2130,True,optimal,2130,False,Wahlen & Gschwind (2023),10.1287/trsc.2023.1198
CBD,LargestGap,75,30,14,2735,True,optimal,2735,False,Wahlen & Gschwind (2023),10.1287/trsc.2023.1198
CBD,LargestGap,75,30,15,2324,True,optimal,2324,False,Wahlen & Gschwind (2023),10.1287/trsc.2023.1198
CBD,LargestGap,75,30,16,2311,True,optimal,2311,False,Wahlen & Gschwind (2023),10.1287/trsc.2023.1198
CBD,LargestGap,75,30,17,2230,True,optimal,2230,False,Wahlen & Gschwind (2023),10.1287/trsc.2023.1198
CBD,LargestGap,75,30,18,2204,True,optimal,2204,False,Wahlen & Gschwind (2023),10.1287/trsc.2023.1198
CBD,LargestGap,75,30,19,2316,True,optimal,2316,False,Wahlen & Gschwind (2023),10.1287/trsc.2023.1198
CBD,LargestGap,75,30,20,2245,True,optimal,2245,False,Wahlen & Gschwind (2023),10.1287/trsc.2023.1198
CBD,LargestGap,75,30,21,2274,True,optimal,2274,False,Wahlen & Gschwind (2023),10.1287/trsc.2023.1198
CBD,LargestGap,75,30,22,2151,True,optimal,2151,False,Wahlen & Gschwind (2023),10.1287/trsc.2023.1198
CBD,LargestGap,75,30,23,2308,True,optimal,2308,False,Wahlen & Gschwind (2023),10.1287/trsc.2023.1198
CBD,LargestGap,75,30,24,2339,True,optimal,2339,False,Wahlen & Gschwind (2023),10.1287/trsc.2023.1198
CBD,LargestGap,75,30,25,2690,True,optimal,2690,False,Wahlen & Gschwind (2023),10.1287/trsc.2023.1198
CBD,LargestGap,75,30,26,2150,True,optimal,2150,False,Wahlen & Gschwind (2023),10.1287/trsc.2023.1198
CBD,LargestGap,75,30,27,2301,True,optimal,2301,False,Wahlen & Gschwind (2023),10.1287/trsc.2023.1198
CBD,LargestGap,75,30,28,2325,True,optimal,2325,False,Wahlen & Gschwind (2023),10.1287/trsc.2023.1198
CBD,LargestGap,75,30,29,2093,True,optimal,2093,False,Wahlen & Gschwind (2023),10.1287/trsc.2023.1198
CBD,LargestGap,75,30,30,2178,True,optimal,2178,False,Wahlen & Gschwind (2023),10.1287/trsc.2023.1198
CBD,LargestGap,75,30,31,2057,True,optimal,2057,False,Wahlen & Gschwind (2023),10.1287/trsc.2023.1198
CBD,LargestGap,75,30,32,2371,True,optimal,2371,False,Wahlen & Gschwind (2023),10.1287/trsc.2023.1198
CBD,LargestGap,75,30,33,2697,True,optimal,2697,False,Wahlen & Gschwind (2023),10.1287/trsc.2023.1198
CBD,LargestGap,75,30,34,2340,True,optimal,2340,False,Wahlen & Gschwind (2023),10.1287/trsc.2023.1198
CBD,LargestGap,75,30,35,2501,True,optimal,2501,False,Wahlen & Gschwind (2023),10.1287/trsc.2023.1198
CBD,LargestGap,75,30,36,2279,True,optimal,2279,False,Wahlen & Gschwind (2023),10.1287/trsc.2023.1198
CBD,LargestGap,75,30,37,2556,True,optimal,2556,False,Wahlen & Gschwind (2023),10.1287/trsc.2023.1198
CBD,LargestGap,75,30,38,2827,True,optimal,2827,False,Wahlen & Gschwind (2023),10.1287/trsc.2023.1198
CBD,LargestGap,75,30,39,2187,True,optimal,2187,False,Wahlen & Gschwind (2023),10.1287/trsc.2023.1198
CBD,LargestGap,75,40,0,3077,True,optimal,3077,False,Wahlen & Gschwind (2023),10.1287/trsc.2023.1198
CBD,LargestGap,75,40,1,3139,True,optimal,3139,False,Wahlen & Gschwind (2023),10.1287/trsc.2023.1198
CBD,LargestGap,75,40,2,2957,True,optimal,2957,False,Wahlen & Gschwind (2023),10.1287/trsc.2023.1198
CBD,LargestGap,75,40,3,2715,True,optimal,2715,False,Wahlen & Gschwind (2023),10.1287/trsc.2023.1198
CBD,LargestGap,75,40,4,3009,True,optimal,3009,False,Wahlen & Gschwind (2023),10.1287/trsc.2023.1198
CBD,LargestGap,75,40,5,3167,True,optimal,3167,False,Wahlen & Gschwind (2023),10.1287/trsc.2023.1198
CBD,LargestGap,75,40,6,2540,True,optimal,2540,False,Wahlen & Gschwind (2023),10.1287/trsc.2023.1198
CBD,LargestGap,75,40,7,2958,True,optimal,2958,False,Wahlen & Gschwind (2023),10.1287/trsc.2023.1198
CBD,LargestGap,75,40,8,3189,True,optimal,3189,False,Wahlen & Gschwind (2023),10.1287/trsc.2023.1198
CBD,LargestGap,75,40,9,3009,True,optimal,3009,False,Wahlen & Gschwind (2023),10.1287/trsc.2023.1198
CBD,LargestGap,75,40,10,2993,True,optimal,2993,False,Wahlen & Gschwind (2023),10.1287/trsc.2023.1198
CBD,LargestGap,75,40,11,2887,True,optimal,2887,False,Wahlen & Gschwind (2023),10.1287/trsc.2023.1198
CBD,LargestGap,75,40,12,3349,True,optimal,3349,False,Wahlen & Gschwind (2023),10.1287/trsc.2023.1198
CBD,LargestGap,75,40,13,3019,True,optimal,3019,False,Wahlen & Gschwind (2023),10.1287/trsc.2023.1198
CBD,LargestGap,75,40,14,3125,True,optimal,3125,False,Wahlen & Gschwind (2023),10.1287/trsc.2023.1198
CBD,LargestGap,75,40,15,3117,True,optimal,3117,False,Wahlen & Gschwind (2023),10.1287/trsc.2023.1198
CBD,LargestGap,75,40,16,3048,True,optimal,3048,False,Wahlen & Gschwind (2023),10.1287/trsc.2023.1198
CBD,LargestGap,75,40,17,3073,True,optimal,3073,False,Wahlen & Gschwind (2023),10.1287/trsc.2023.1198
CBD,LargestGap,75,40,18,2971,True,optimal,2971,False,Wahlen & Gschwind (2023),10.1287/trsc.2023.1198
CBD,LargestGap,75,40,19,2909,True,optimal,2909,False,Wahlen & Gschwind (2023),10.1287/trsc.2023.1198
CBD,LargestGap,75,40,20,2992,True,optimal,2992,False,Wahlen & Gschwind (2023),10.1287/trsc.2023.1198
CBD,LargestGap,75,40,21,3052,True,optimal,3052,False,Wahlen & Gschwind (2023),10.1287/trsc.2023.1198
CBD,LargestGap,75,40,22,3277,True,optimal,3277,False,Wahlen & Gschwind (2023),10.1287/trsc.2023.1198
CBD,LargestGap,75,40,23,2895,True,optimal,2895,False,Wahlen & Gschwind (2023),10.1287/trsc.2023.1198
CBD,LargestGap,75,40,24,3104,True,optimal,3104,False,Wahlen & Gschwind (2023),10.1287/trsc.2023.1198
CBD,LargestGap,75,40,25,2898,True,optimal,2898,False,Wahlen & Gschwind (2023),10.1287/trsc.2023.1198
CBD,LargestGap,75,40,26,3121,True,optimal,3121,False,Wahlen & Gschwind (2023),10.1287/trsc.2023.1198
CBD,LargestGap,75,40,27,3009,True,optimal,3009,False,Wahlen & Gschwind (2023),10.1287/trsc.2023.1198
CBD,LargestGap,75,40,28,3136,True,optimal,3136,False,Wahlen & Gschwind (2023),10.1287/trsc.2023.1198
CBD,LargestGap,75,40,29,2883,True,optimal,2883,False,Wahlen & Gschwind (2023),10.1287/trsc.2023.1198
CBD,LargestGap,75,40,30,3006,True,optimal,3006,False,Wahlen & Gschwind (2023),10.1287/trsc.2023.1198
CBD,LargestGap,75,40,31,3131,True,optimal,3131,False,Wahlen & Gschwind (2023),10.1287/trsc.2023.1198
CBD,LargestGap,75,40,32,3006,True,optimal,3006,False,Wahlen & Gschwind (2023),10.1287/trsc.2023.1198
CBD,LargestGap,75,40,33,3255,True,optimal,3255,False,Wahlen & Gschwind (2023),10.1287/trsc.2023.1198
CBD,LargestGap,75,40,34,3381,True,optimal,3381,False,Wahlen & Gschwind (2023),10.1287/trsc.2023.1198
CBD,LargestGap,75,40,35,3057,True,optimal,3057,False,Wahlen & Gschwind (2023),10.1287/trsc.2023.1198
CBD,LargestGap,75,40,36,3101,True,optimal,3101,False,Wahlen & Gschwind (2023),10.1287/trsc.2023.1198
CBD,LargestGap,75,40,37,2887,True,optimal,2887,False,Wahlen & Gschwind (2023),10.1287/trsc.2023.1198
CBD,LargestGap,75,40,38,2927,True,optimal,2927,False,Wahlen & Gschwind (2023),10.1287/trsc.2023.1198
CBD,LargestGap,75,40,39,3026,True,optimal,3026,False,Wahlen & Gschwind (2023),10.1287/trsc.2023.1198
CBD,LargestGap,75,50,0,3607,True,optimal,3607,False,Wahlen & Gschwind (2023),10.1287/trsc.2023.1198
CBD,LargestGap,75,50,1,3809,True,optimal,3809,False,Wahlen & Gschwind (2023),10.1287/trsc.2023.1198
CBD,LargestGap,75,50,2,3426,True,optimal,3426,False,Wahlen & Gschwind (2023),10.1287/trsc.2023.1198
CBD,LargestGap,75,50,3,3740,True,optimal,3740,False,Wahlen & Gschwind (2023),10.1287/trsc.2023.1198
CBD,LargestGap,75,50,4,3608,True,optimal,3608,False,Wahlen & Gschwind (2023),10.1287/trsc.2023.1198
CBD,LargestGap,75,50,5,3301,True,optimal,3301,False,Wahlen & Gschwind (2023),10.1287/trsc.2023.1198
CBD,LargestGap,75,50,6,3801,True,optimal,3801,False,Wahlen & Gschwind (2023),10.1287/trsc.2023.1198
CBD,LargestGap,75,50,7,3755,True,optimal,3755,False,Wahlen & Gschwind (2023),10.1287/trsc.2023.1198
CBD,LargestGap,75,50,8,3764,True,optimal,3764,False,Wahlen & Gschwind (2023),10.1287/trsc.2023.1198
CBD,LargestGap,75,50,9,3903,True,optimal,3903,False,Wahlen & Gschwind (2023),10.1287/trsc.2023.1198
CBD,LargestGap,75,50,10,3606,True,optimal,3606,False,Wahlen & Gschwind (2023),10.1287/trsc.2023.1198
CBD,LargestGap,75,50,11,4049,True,optimal,4049,False,Wahlen & Gschwind (2023),10.1287/trsc.2023.1198
CBD,LargestGap,75,50,12,4207,True,optimal,4207,False,Wahlen & Gschwind (2023),10.1287/trsc.2023.1198
CBD,LargestGap,75,50,13,3717,True,optimal,3717,False,Wahlen & Gschwind (2023),10.1287/trsc.2023.1198
CBD,LargestGap,75,50,14,3598,True,optimal,3598,False,Wahlen & Gschwind (2023),10.1287/trsc.2023.1198
CBD,LargestGap,75,50,15,3793,True,optimal,3793,False,Wahlen & Gschwind (2023),10.1287/trsc.2023.1198
CBD,LargestGap,75,50,16,4131,True,optimal,4131,False,Wahlen & Gschwind (2023),10.1287/trsc.2023.1198
CBD,LargestGap,75,50,17,3806,True,optimal,3806,False,Wahlen & Gschwind (2023),10.1287/trsc.2023.1198
CBD,LargestGap,75,50,18,4165,True,optimal,4165,False,Wahlen & Gschwind (2023),10.1287/trsc.2023.1198
CBD,LargestGap,75,50,19,3259,True,optimal,3259,False,Wahlen & Gschwind (2023),10.1287/trsc.2023.1198
CBD,LargestGap,75,50,20,3630,True,optimal,3630,False,Wahlen & Gschwind (2023),10.1287/trsc.2023.1198
CBD,LargestGap,75,50,21,3604,True,optimal,3604,False,Wahlen & Gschwind (2023),10.1287/trsc.2023.1198
CBD,LargestGap,75,50,22,3681,True,optimal,3681,False,Wahlen & Gschwind (2023),10.1287/trsc.2023.1198
CBD,LargestGap,75,50,23,3576,True,optimal,3576,False,Wahlen & Gschwind (2023),10.1287/trsc.2023.1198
CBD,LargestGap,75,50,24,3809,True,optimal,3809,False,Wahlen & Gschwind (2023),10.1287/trsc.2023.1198
CBD,LargestGap,75,50,25,3676,True,optimal,3676,False,Wahlen & Gschwind (2023),10.1287/trsc.2023.1198
CBD,LargestGap,75,50,26,3415,True,optimal,3415,False,Wahlen & Gschwind (2023),10.1287/trsc.2023.1198
CBD,LargestGap,75,50,27,3922,True,optimal,3922,False,Wahlen & Gschwind (2023),10.1287/trsc.2023.1198
CBD,LargestGap,75,50,28,3699,True,optimal,3699,False,Wahlen & Gschwind (2023),10.1287/trsc.2023.1198
CBD,LargestGap,75,50,29,3636,True,optimal,3636,False,Wahlen & Gschwind (2023),10.1287/trsc.2023.1198
CBD,LargestGap,75,50,30,3683,True,optimal,3683,False,Wahlen & Gschwind (2023),10.1287/trsc.2023.1198
CBD,LargestGap,75,50,31,3734,True,optimal,3734,False,Wahlen & Gschwind (2023),10.1287/trsc.2023.1198
CBD,LargestGap,75,50,32,3773,True,optimal,3773,False,Wahlen & Gschwind (2023),10.1287/trsc.2023.1198
CBD,LargestGap,75,50,33,4021,True,optimal,4021,False,Wahlen & Gschwind (2023),10.1287/trsc.2023.1198
CBD,LargestGap,75,50,34,4027,True,optimal,4027,False,Wahlen & Gschwind (2023),10.1287/trsc.2023.1198
CBD,LargestGap,75,50,35,3413,True,optimal,3413,False,Wahlen & Gschwind (2023),10.1287/trsc.2023.1198
CBD,LargestGap,75,50,36,3736,True,optimal,3736,False,Wahlen & Gschwind (2023),10.1287/trsc.2023.1198
CBD,LargestGap,75,50,37,3602,True,optimal,3602,False,Wahlen & Gschwind (2023),10.1287/trsc.2023.1198
CBD,LargestGap,75,50,38,3393,True,optimal,3393,False,Wahlen & Gschwind (2023),10.1287/trsc.2023.1198
CBD,LargestGap,75,50,39,3737,True,optimal,3737,False,Wahlen & Gschwind (2023),10.1287/trsc.2023.1198
CBD,LargestGap,75,60,0,4127,True,optimal,4127,False,Wahlen & Gschwind (2023),10.1287/trsc.2023.1198
CBD,LargestGap,75,60,1,4879,True,optimal,4879,False,Wahlen & Gschwind (2023),10.1287/trsc.2023.1198
CBD,LargestGap,75,60,2,4520,True,optimal,4520,False,Wahlen & Gschwind (2023),10.1287/trsc.2023.1198
CBD,LargestGap,75,60,3,4493,True,optimal,4493,False,Wahlen & Gschwind (2023),10.1287/trsc.2023.1198
CBD,LargestGap,75,60,4,4425,True,optimal,4425,False,Wahlen & Gschwind (2023),10.1287/trsc.2023.1198
CBD,LargestGap,75,60,5,3647,True,optimal,3647,False,Wahlen & Gschwind (2023),10.1287/trsc.2023.1198
CBD,LargestGap,75,60,6,4076,True,optimal,4076,False,Wahlen & Gschwind (2023),10.1287/trsc.2023.1198
CBD,LargestGap,75,60,7,4742,True,optimal,4742,False,Wahlen & Gschwind (2023),10.1287/trsc.2023.1198
CBD,LargestGap,75,60,8,4312,True,optimal,4312,False,Wahlen & Gschwind (2023),10.1287/trsc.2023.1198
CBD,LargestGap,75,60,9,4141,True,optimal,4141,False,Wahlen & Gschwind (2023),10.1287/trsc.2023.1198
CBD,LargestGap,75,60,10,4390,True,optimal,4390,False,Wahlen & Gschwind (2023),10.1287/trsc.2023.1198
CBD,LargestGap,75,60,11,4426,True,optimal,4426,False,Wahlen & Gschwind (2023),10.1287/trsc.2023.1198
CBD,LargestGap,75,60,12,4317,True,optimal,4317,False,Wahlen & Gschwind (2023),10.1287/trsc.2023.1198
CBD,LargestGap,75,60,13,4498,True,optimal,4498,False,Wahlen & Gschwind (2023),10.1287/trsc.2023.1198
CBD,LargestGap,75,60,14,4233,True,optimal,4233,False,Wahlen & Gschwind (2023),10.1287/trsc.2023.1198
CBD,LargestGap,75,60,15,4606,True,optimal,4606,False,Wahlen & Gschwind (2023),10.1287/trsc.2023.1198
CBD,LargestGap,75,60,16,4562,True,optimal,4562,False,Wahlen & Gschwind (2023),10.1287/trsc.2023.1198
CBD,LargestGap,75,60,17,4576,True,optimal,4576,False,Wahlen & Gschwind (2023),10.1287/trsc.2023.1198
CBD,LargestGap,75,60,18,4516,True,optimal,4516,False,Wahlen & Gschwind (2023),10.1287/trsc.2023.1198
CBD,LargestGap,75,60,19,4445,True,optimal,4445,False,Wahlen & Gschwind (2023),10.1287/trsc.2023.1198
CBD,LargestGap,75,60,20,4583,True,optimal,4583,False,Wahlen & Gschwind (2023),10.1287/trsc.2023.1198
CBD,LargestGap,75,60,21,4288,True,optimal,4288,False,Wahlen & Gschwind (2023),10.1287/trsc.2023.1198
CBD,LargestGap,75,60,22,4290,True,optimal,4290,False,Wahlen & Gschwind (2023),10.1287/trsc.2023.1198
CBD,LargestGap,75,60,23,4529,True,optimal,4529,False,Wahlen & Gschwind (2023),10.1287/trsc.2023.1198
CBD,LargestGap,75,60,24,4812,True,optimal,4812,False,Wahlen & Gschwind (2023),10.1287/trsc.2023.1198
CBD,LargestGap,75,60,25,3999,True,optimal,3999,False,Wahlen & Gschwind (2023),10.1287/trsc.2023.1198
CBD,LargestGap,75,60,26,4294,True,optimal,4294,False,Wahlen & Gschwind (2023),10.1287/trsc.2023.1198
CBD,LargestGap,75,60,27,4137,True,optimal,4137,False,Wahlen & Gschwind (2023),10.1287/trsc.2023.1198
CBD,LargestGap,75,60,28,4546,True,optimal,4546,False,Wahlen & Gschwind (2023),10.1287/trsc.2023.1198
CBD,LargestGap,75,60,29,4224,True,optimal,4224,False,Wahlen & Gschwind (2023),10.1287/trsc.2023.1198
CBD,LargestGap,75,60,30,4474,True,optimal,4474,False,Wahlen & Gschwind (2023),10.1287/trsc.2023.1198
CBD,LargestGap,75,60,31,4553,True,optimal,4553,False,Wahlen & Gschwind (2023),10.1287/trsc.2023.1198
CBD,LargestGap,75,60,32,4099,True,optimal,4099,False,Wahlen & Gschwind (2023),10.1287/trsc.2023.1198
CBD,LargestGap,75,60,33,4485,True,optimal,4485,False,Wahlen & Gschwind (2023),10.1287/trsc.2023.1198
CBD,LargestGap,75,60,34,4557,True,optimal,4557,False,Wahlen & Gschwind (2023),10.1287/trsc.2023.1198
CBD,LargestGap,75,60,35,4529,True,optimal,4529,False,Wahlen & Gschwind (2023),10.1287/trsc.2023.1198
CBD,LargestGap,75,60,36,4474,True,optimal,4474,False,Wahlen & Gschwind (2023),10.1287/trsc.2023.1198
CBD,LargestGap,75,60,37,4501,True,optimal,4501,False,Wahlen & Gschwind (2023),10.1287/trsc.2023.1198
CBD,LargestGap,75,60,38,5003,True,optimal,5003,False,Wahlen & Gschwind (2023),10.1287/trsc.2023.1198
CBD,LargestGap,75,60,39,4213,True,optimal,4213,False,Wahlen & Gschwind (2023),10.1287/trsc.2023.1198
CBD,LargestGap,75,70,0,4776,True,optimal,4776,False,Wahlen & Gschwind (2023),10.1287/trsc.2023.1198
CBD,LargestGap,75,70,1,5040,True,optimal,5040,False,Wahlen & Gschwind (2023),10.1287/trsc.2023.1198
CBD,LargestGap,75,70,2,4991,True,optimal,4991,False,Wahlen & Gschwind (2023),10.1287/trsc.2023.1198
CBD,LargestGap,75,70,3,5250,True,optimal,5250,False,Wahlen & Gschwind (2023),10.1287/trsc.2023.1198
CBD,LargestGap,75,70,4,4904,True,optimal,4904,False,Wahlen & Gschwind (2023),10.1287/trsc.2023.1198
CBD,LargestGap,75,70,5,4763,True,optimal,4763,False,Wahlen & Gschwind (2023),10.1287/trsc.2023.1198
CBD,LargestGap,75,70,6,4833,True,optimal,4833,False,Wahlen & Gschwind (2023),10.1287/trsc.2023.1198
CBD,LargestGap,75,70,7,4765,True,optimal,4765,False,Wahlen & Gschwind (2023),10.1287/trsc.2023.1198
CBD,LargestGap,75,70,8,4850,True,optimal,4850,False,Wahlen & Gschwind (2023),10.1287/trsc.2023.1198
CBD,LargestGap,75,70,9,4603,True,optimal,4603,False,Wahlen & Gschwind (2023),10.1287/trsc.2023.1198
CBD,LargestGap,75,70,10,5188,True,optimal,5188,False,Wahlen & Gschwind (2023),10.1287/trsc.2023.1198
CBD,LargestGap,75,70,11,4891,True,optimal,4891,False,Wahlen & Gschwind (2023),10.1287/trsc.2023.1198
CBD,LargestGap,75,70,12,5405,True,optimal,5405,False,Wahlen & Gschwind (2023),10.1287/trsc.2023.1198
CBD,LargestGap,75,70,13,5106,True,optimal,5106,False,Wahlen & Gschwind (2023),10.1287/trsc.2023.1198
CBD,LargestGap,75,70,14,4803,True,optimal,4803,False,Wahlen & Gschwind (2023),10.1287/trsc.2023.1198
CBD,LargestGap,75,70,15,4444,True,optimal,4444,False,Wahlen & Gschwind (2023),10.1287/trsc.2023.1198
CBD,LargestGap,75,70,16,5176,True,optimal,5176,False,Wahlen & Gschwind (2023),10.1287/trsc.2023.1198
CBD,LargestGap,75,70,17,4904,True,optimal,4904,False,Wahlen & Gschwind (2023),10.1287/trsc.2023.1198
CBD,LargestGap,75,70,18,4646,True,optimal,4646,False,Wahlen & Gschwind (2023),10.1287/trsc.2023.1198
CBD,LargestGap,75,70,19,5232,True,optimal,5232,False,Wahlen & Gschwind (2023),10.1287/trsc.2023.1198
CBD,LargestGap,75,70,20,5119,True,optimal,5119,False,Wahlen & Gschwind (2023),10.1287/trsc.2023.1198
CBD,LargestGap,75,70,21,5384,True,optimal,5384,False,Wahlen & Gschwind (2023),10.1287/trsc.2023.1198
CBD,LargestGap,75,70,22,4884,True,optimal,4884,False,Wahlen & Gschwind (2023),10.1287/trsc.2023.1198
CBD,LargestGap,75,70,23,4949,True,optimal,4949,False,Wahlen & Gschwind (2023),10.1287/trsc.2023.1198
CBD,LargestGap,75,70,24,5131,True,optimal,5131,False,Wahlen & Gschwind (2023),10.1287/trsc.2023.1198
CBD,LargestGap,75,70,25,5090,True,optimal,5090,False,Wahlen & Gschwind (2023),10.1287/trsc.2023.1198
CBD,LargestGap,75,70,26,5209,True,optimal,5209,False,Wahlen & Gschwind (2023),10.1287/trsc.2023.1198
CBD,LargestGap,75,70,27,4973,True,optimal,4973,False,Wahlen & Gschwind (2023),10.1287/trsc.2023.1198
CBD,LargestGap,75,70,28,4814,True,optimal,4814,False,Wahlen & Gschwind (2023),10.1287/trsc.2023.1198
CBD,LargestGap,75,70,29,4792,True,optimal,4792,False,Wahlen & Gschwind (2023),10.1287/trsc.2023.1198
CBD,LargestGap,75,70,30,4835,True,optimal,4835,False,Wahlen & Gschwind (2023),10.1287/trsc.2023.1198
CBD,LargestGap,75,70,31,5352,True,optimal,5352,False,Wahlen & Gschwind (2023),10.1287/trsc.2023.1198
CBD,LargestGap,75,70,32,4871,True,optimal,4871,False,Wahlen & Gschwind (2023),10.1287/trsc.2023.1198
CBD,LargestGap,75,70,33,5046,True,optimal,5046,False,Wahlen & Gschwind (2023),10.1287/trsc.2023.1198
CBD,LargestGap,75,70,34,4896,True,optimal,4896,False,Wahlen & Gschwind (2023),10.1287/trsc.2023.1198
CBD,LargestGap,75,70,35,4890,True,optimal,4890,False,Wahlen & Gschwind (2023),10.1287/trsc.2023.1198
CBD,LargestGap,75,70,36,5381,True,optimal,5381,False,Wahlen & Gschwind (2023),10.1287/trsc.2023.1198
CBD,LargestGap,75,70,37,4835,True,optimal,4835,False,Wahlen & Gschwind (2023),10.1287/trsc.2023.1198
CBD,LargestGap,75,70,38,5060,False,optimal,5060,False,Wahlen & Gschwind (2023),10.1287/trsc.2023.1198
CBD,LargestGap,75,70,39,5476,True,optimal,5476,False,Wahlen & Gschwind (2023),10.1287/trsc.2023.1198
CBD,LargestGap,75,80,0,5879,True,optimal,5879,False,Wahlen & Gschwind (2023),10.1287/trsc.2023.1198
CBD,LargestGap,75,80,1,5141,True,optimal,5141,False,Wahlen & Gschwind (2023),10.1287/trsc.2023.1198
CBD,LargestGap,75,80,2,5575,True,optimal,5575,False,Wahlen & Gschwind (2023),10.1287/trsc.2023.1198
CBD,LargestGap,75,80,3,5968,True,optimal,5968,False,Wahlen & Gschwind (2023),10.1287/trsc.2023.1198
CBD,LargestGap,75,80,4,5096,True,optimal,5096,False,Wahlen & Gschwind (2023),10.1287/trsc.2023.1198
CBD,LargestGap,75,80,5,5748,True,optimal,5748,False,Wahlen & Gschwind (2023),10.1287/trsc.2023.1198
CBD,LargestGap,75,80,6,6082,True,optimal,6082,False,Wahlen & Gschwind (2023),10.1287/trsc.2023.1198
CBD,LargestGap,75,80,7,5742,True,optimal,5742,False,Wahlen & Gschwind (2023),10.1287/trsc.2023.1198
CBD,LargestGap,75,80,8,5686,True,optimal,5686,False,Wahlen & Gschwind (2023),10.1287/trsc.2023.1198
CBD,LargestGap,75,80,9,6000,True,optimal,6000,False,Wahlen & Gschwind (2023),10.1287/trsc.2023.1198
CBD,LargestGap,75,80,10,5496,True,optimal,5496,False,Wahlen & Gschwind (2023),10.1287/trsc.2023.1198
CBD,LargestGap,75,80,11,5674,False,optimal,5674,False,Wahlen & Gschwind (2023),10.1287/trsc.2023.1198
CBD,LargestGap,75,80,12,5509,True,optimal,5509,False,Wahlen & Gschwind (2023),10.1287/trsc.2023.1198
CBD,LargestGap,75,80,13,5257,True,optimal,5257,False,Wahlen & Gschwind (2023),10.1287/trsc.2023.1198
CBD,LargestGap,75,80,14,5640,True,optimal,5640,False,Wahlen & Gschwind (2023),10.1287/trsc.2023.1198
CBD,LargestGap,75,80,15,5859,False,optimal,5859,False,Wahlen & Gschwind (2023),10.1287/trsc.2023.1198
CBD,LargestGap,75,80,16,5888,True,optimal,5888,False,Wahlen & Gschwind (2023),10.1287/trsc.2023.1198
CBD,LargestGap,75,80,17,6048,True,optimal,6048,False,Wahlen & Gschwind (2023),10.1287/trsc.2023.1198
CBD,LargestGap,75,80,18,5526,False,optimal,5526,False,Wahlen & Gschwind (2023),10.1287/trsc.2023.1198
CBD,LargestGap,75,80,19,6140,True,optimal,6140,False,Wahlen & Gschwind (2023),10.1287/trsc.2023.1198
CBD,LargestGap,75,80,20,5941,False,optimal,5941,False,Wahlen & Gschwind (2023),10.1287/trsc.2023.1198
CBD,LargestGap,75,80,21,5809,True,optimal,5809,False,Wahlen & Gschwind (2023),10.1287/trsc.2023.1198
CBD,LargestGap,75,80,22,5950,True,optimal,5950,False,Wahlen & Gschwind (2023),10.1287/trsc.2023.1198
CBD,LargestGap,75,80,23,5502,True,optimal,5502,False,Wahlen & Gschwind (2023),10.1287/trsc.2023.1198
CBD,LargestGap,75,80,24,6126,True,optimal,6126,False,Wahlen & Gschwind (2023),10.1287/trsc.2023.1198
CBD,LargestGap,75,80,25,5539,True,optimal,5539,False,Wahlen & Gschwind (2023),10.1287/trsc.2023.1198
CBD,LargestGap,75,80,26,5734,True,optimal,5734,False,Wahlen & Gschwind (2023),10.1287/trsc.2023.1198
CBD,LargestGap,75,80,27,5792,True,optimal,5792,False,Wahlen & Gschwind (2023),10.1287/trsc.2023.1198
CBD,LargestGap,75,80,28,5368,True,optimal,5368,False,Wahlen & Gschwind (2023),10.1287/trsc.2023.1198
CBD,LargestGap,75,80,29,5577,True,optimal,5577,False,Wahlen & Gschwind (2023),10.1287/trsc.2023.1198
CBD,LargestGap,75,80,30,5938,False,optimal,5938,False,Wahlen & Gschwind (2023),10.1287/trsc.2023.1198
CBD,LargestGap,75,80,31,5174,True,optimal,5174,False,Wahlen & Gschwind (2023),10.1287/trsc.2023.1198
CBD,LargestGap,75,80,32,6335,False,optimal,6335,False,Wahlen & Gschwind (2023),10.1287/trsc.2023.1198
CBD,LargestGap,75,80,33,5593,True,optimal,5593,False,Wahlen & Gschwind (2023),10.1287/trsc.2023.1198
CBD,LargestGap,75,80,34,5823,True,optimal,5823,False,Wahlen & Gschwind (2023),10.1287/trsc.2023.1198
CBD,LargestGap,75,80,35,5767,True,optimal,5767,False,Wahlen & Gschwind (2023),10.1287/trsc.2023.1198
CBD,LargestGap,75,80,36,5552,True,optimal,5552,False,Wahlen & Gschwind (2023),10.1287/trsc.2023.1198
CBD,LargestGap,75,80,37,6061,True,optimal,6061,False,Wahlen & Gschwind (2023),10.1287/trsc.2023.1198
CBD,LargestGap,75,80,38,6163,True,optimal,6163,False,Wahlen & Gschwind (2023),10.1287/trsc.2023.1198
CBD,LargestGap,75,80,39,5672,True,optimal,5672,False,Wahlen & Gschwind (2023),10.1287/trsc.2023.1198
CBD,LargestGap,75,90,0,6008,True,optimal,6008,False,Wahlen & Gschwind (2023),10.1287/trsc.2023.1198
CBD,LargestGap,75,90,1,6527,True,optimal,6527,False,Wahlen & Gschwind (2023),10.1287/trsc.2023.1198
CBD,LargestGap,75,90,2,6267,True,optimal,6267,False,Wahlen & Gschwind (2023),10.1287/trsc.2023.1198
CBD,LargestGap,75,90,3,6249,True,optimal,6249,False,Wahlen & Gschwind (2023),10.1287/trsc.2023.1198
CBD,LargestGap,75,90,4,7048,True,optimal,7048,False,Wahlen & Gschwind (2023),10.1287/trsc.2023.1198
CBD,LargestGap,75,90,5,6173,True,optimal,6173,False,Wahlen & Gschwind (2023),10.1287/trsc.2023.1198
CBD,LargestGap,75,90,6,6301,True,optimal,6301,False,Wahlen & Gschwind (2023),10.1287/trsc.2023.1198
CBD,LargestGap,75,90,7,6085,True,optimal,6085,False,Wahlen & Gschwind (2023),10.1287/trsc.2023.1198
CBD,LargestGap,75,90,8,5686,True,optimal,5686,False,Wahlen & Gschwind (2023),10.1287/trsc.2023.1198
CBD,LargestGap,75,90,9,6237,True,optimal,6237,False,Wahlen & Gschwind (2023),10.1287/trsc.2023.1198
CBD,LargestGap,75,90,10,6964,True,optimal,6964,False,Wahlen & Gschwind (2023),10.1287/trsc.2023.1198
CBD,LargestGap,75,90,11,5974,True,optimal,5974,False,Wahlen & Gschwind (2023),10.1287/trsc.2023.1198
CBD,LargestGap,75,90,12,6205,True,optimal,6205,False,Wahlen & Gschwind (2023),10.1287/trsc.2023.1198
CBD,LargestGap,75,90,13,6606,True,optimal,6606,False,Wahlen & Gschwind (2023),10.1287/trsc.2023.1198
CBD,LargestGap,75,90,14,6127,True,optimal,6127,False,Wahlen & Gschwind (2023),10.1287/trsc.2023.1198
CBD,LargestGap,75,90,15,6130,True,optimal,6130,False,Wahlen & Gschwind (2023),10.1287/trsc.2023.1198
CBD,LargestGap,75,90,16,6204,True,optimal,6204,False,Wahlen & Gschwind (2023),10.1287/trsc.2023.1198
CBD,LargestGap,75,90,17,6101,True,optimal,6101,False,Wahlen & Gschwind (2023),10.1287/trsc.2023.1198
CBD,LargestGap,75,90,18,6210,True,optimal,6210,False,Wahlen & Gschwind (2023),10.1287/trsc.2023.1198
CBD,LargestGap,75,90,19,6689,False,optimal,6689,False,Wahlen & Gschwind (2023),10.1287/trsc.2023.1198
CBD,LargestGap,75,90,20,6662,True,optimal,6662,False,Wahlen & Gschwind (2023),10.1287/trsc.2023.1198
CBD,LargestGap,75,90,21,6857,True,optimal,6857,False,Wahlen & Gschwind (2023),10.1287/trsc.2023.1198
CBD,LargestGap,75,90,22,6082,True,optimal,6082,False,Wahlen & Gschwind (2023),10.1287/trsc.2023.1198
CBD,LargestGap,75,90,23,5553,True,optimal,5553,False,Wahlen & Gschwind (2023),10.1287/trsc.2023.1198
CBD,LargestGap,75,90,24,6570,False,optimal,6570,False,Wahlen & Gschwind (2023),10.1287/trsc.2023.1198
CBD,LargestGap,75,90,25,6713,True,optimal,6713,False,Wahlen & Gschwind (2023),10.1287/trsc.2023.1198
CBD,LargestGap,75,90,26,6432,True,optimal,6432,False,Wahlen & Gschwind (2023),10.1287/trsc.2023.1198
CBD,LargestGap,75,90,27,6303,True,optimal,6303,False,Wahlen & Gschwind (2023),10.1287/trsc.2023.1198
CBD,LargestGap,75,90,28,6152,True,optimal,6152,False,Wahlen & Gschwind (2023),10.1287/trsc.2023.1198
CBD,LargestGap,75,90,29,6113,True,optimal,6113,False,Wahlen & Gschwind (2023),10.1287/trsc.2023.1198
CBD,LargestGap,75,90,30,6606,True,optimal,6606,False,Wahlen & Gschwind (2023),10.1287/trsc.2023.1198
CBD,LargestGap,75,90,31,6479,True,optimal,6479,False,Wahlen & Gschwind (2023),10.1287/trsc.2023.1198
CBD,LargestGap,75,90,32,6316,True,optimal,6316,False,Wahlen & Gschwind (2023),10.1287/trsc.2023.1198
CBD,LargestGap,75,90,33,6635,True,optimal,6635,False,Wahlen & Gschwind (2023),10.1287/trsc.2023.1198
CBD,LargestGap,75,90,34,6610,True,optimal,6610,False,Wahlen & Gschwind (2023),10.1287/trsc.2023.1198
CBD,LargestGap,75,90,35,6326,True,optimal,6326,False,Wahlen & Gschwind (2023),10.1287/trsc.2023.1198
CBD,LargestGap,75,90,36,6662,True,optimal,6662,False,Wahlen & Gschwind (2023),10.1287/trsc.2023.1198
CBD,LargestGap,75,90,37,6217,True,optimal,6217,False,Wahlen & Gschwind (2023),10.1287/trsc.2023.1198
CBD,LargestGap,75,90,38,6653,True,optimal,6653,False,Wahlen & Gschwind (2023),10.1287/trsc.2023.1198
CBD,LargestGap,75,90,39,5946,True,optimal,5946,False,Wahlen & Gschwind (2023),10.1287/trsc.2023.1198
CBD,LargestGap,75,100,0,6864,True,optimal,6864,False,Wahlen & Gschwind (2023),10.1287/trsc.2023.1198
CBD,LargestGap,75,100,1,6626,True,optimal,6626,False,Wahlen & Gschwind (2023),10.1287/trsc.2023.1198
CBD,LargestGap,75,100,2,7049,True,optimal,7049,False,Wahlen & Gschwind (2023),10.1287/trsc.2023.1198
CBD,LargestGap,75,100,3,6874,False,optimal,6874,False,Wahlen & Gschwind (2023),10.1287/trsc.2023.1198
CBD,LargestGap,75,100,4,6388,False,optimal,6388,False,Wahlen & Gschwind (2023),10.1287/trsc.2023.1198
CBD,LargestGap,75,100,5,7408,False,optimal,7408,False,Wahlen & Gschwind (2023),10.1287/trsc.2023.1198
CBD,LargestGap,75,100,6,6757,False,optimal,6757,False,Wahlen & Gschwind (2023),10.1287/trsc.2023.1198
CBD,LargestGap,75,100,7,6631,True,optimal,6631,False,Wahlen & Gschwind (2023),10.1287/trsc.2023.1198
CBD,LargestGap,75,100,8,7002,False,optimal,7002,False,Wahlen & Gschwind (2023),10.1287/trsc.2023.1198
CBD,LargestGap,75,100,9,6897,False,optimal,6897,False,Wahlen & Gschwind (2023),10.1287/trsc.2023.1198
CBD,LargestGap,75,100,10,7317,False,optimal,7317,False,Wahlen & Gschwind (2023),10.1287/trsc.2023.1198
CBD,LargestGap,75,100,11,6379,False,optimal,6379,False,Wahlen & Gschwind (2023),10.1287/trsc.2023.1198
CBD,LargestGap,75,100,12,7084,True,optimal,7084,False,Wahlen & Gschwind (2023),10.1287/trsc.2023.1198
CBD,LargestGap,75,100,13,6900,True,optimal,6900,False,Wahlen & Gschwind (2023),10.1287/trsc.2023.1198
CBD,LargestGap,75,100,14,6882,True,optimal,6882,False,Wahlen & Gschwind (2023),10.1287/trsc.2023.1198
CBD,LargestGap,75,100,15,6877,True,optimal,6877,False,Wahlen & Gschwind (2023),10.1287/trsc.2023.1198
CBD,LargestGap,75,100,16,7006,True,optimal,7006,False,Wahlen & Gschwind (2023),10.1287/trsc.2023.1198
CBD,LargestGap,75,100,17,6882,True,optimal,6882,False,Wahlen & Gschwind (2023),10.1287/trsc.2023.1198
CBD,LargestGap,75,100,18,7032,False,optimal,7032,False,Wahlen & Gschwind (2023),10.1287/trsc.2023.1198
CBD,LargestGap,75,100,19,6951,False,optimal,6951,False,Wahlen & Gschwind (2023),10.1287/trsc.2023.1198
CBD,LargestGap,75,100,20,7175,True,optimal,7175,False,Wahlen & Gschwind (2023),10.1287/trsc.2023.1198
CBD,LargestGap,75,100,21,7353,False,optimal,7353,False,Wahlen & Gschwind (2023),10.1287/trsc.2023.1198
CBD,LargestGap,75,100,22,7420,True,optimal,7420,False,Wahlen & Gschwind (2023),10.1287/trsc.2023.1198
CBD,LargestGap,75,100,23,7089,False,optimal,7089,False,Wahlen & Gschwind (2023),10.1287/trsc.2023.1198
CBD,LargestGap,75,100,24,6829,True,optimal,6829,False,Wahlen & Gschwind (2023),10.1287/trsc.2023.1198
CBD,LargestGap,75,100,25,7022,False,optimal,7022,False,Wahlen & Gschwind (2023),10.1287/trsc.2023.1198
CBD,LargestGap,75,100,26,7093,False,optimal,7093,False,Wahlen & Gschwind (2023),10.1287/trsc.2023.1198
CBD,LargestGap,75,100,27,6455,True,optimal,6455,False,Wahlen & Gschwind (2023),10.1287/trsc.2023.1198
CBD,LargestGap,75,100,28,7363,True,optimal,7363,False,Wahlen & Gschwind (2023),10.1287/trsc.2023.1198
CBD,LargestGap,75,100,29,7190,True,optimal,7190,False,Wahlen & Gschwind (2023),10.1287/trsc.2023.1198
CBD,LargestGap,75,100,30,6839,False,optimal,6839,False,Wahlen & Gschwind (2023),10.1287/trsc.2023.1198
CBD,LargestGap,75,100,31,6948,True,optimal,6948,False,Wahlen & Gschwind (2023),10.1287/trsc.2023.1198
CBD,LargestGap,75,100,32,6850,True,optimal,6850,False,Wahlen & Gschwind (2023),10.1287/trsc.2023.1198
CBD,LargestGap,75,100,33,7276,True,optimal,7276,False,Wahlen & Gschwind (2023),10.1287/trsc.2023.1198
CBD,LargestGap,75,100,34,6843,True,optimal,6843,False,Wahlen & Gschwind (2023),10.1287/trsc.2023.1198
CBD,LargestGap,75,100,35,7057,True,optimal,7057,False,Wahlen & Gschwind (2023),10.1287/trsc.2023.1198
CBD,LargestGap,75,100,36,7001,True,optimal,7001,False,Wahlen & Gschwind (2023),10.1287/trsc.2023.1198
CBD,LargestGap,75,100,37,6694,True,optimal,6694,False,Wahlen & Gschwind (2023),10.1287/trsc.2023.1198
CBD,LargestGap,75,100,38,6938,False,optimal,6938,False,Wahlen & Gschwind (2023),10.1287/trsc.2023.1198
CBD,LargestGap,75,100,39,7333,True,optimal,7333,False,Wahlen & Gschwind (2023),10.1287/trsc.2023.1198
CBD,Traversal,30,20,0,3743,True,optimal,3743,False,Wahlen & Gschwind (2023),10.1287/trsc.2023.1198
CBD,Traversal,30,20,1,3450,True,optimal,3450,False,Wahlen & Gschwind (2023),10.1287/trsc.2023.1198
CBD,Traversal,30,20,2,3207,True,optimal,3207,False,Wahlen & Gschwind (2023),10.1287/trsc.2023.1198
CBD,Traversal,30,20,3,3877,True,optimal,3877,False,Wahlen & Gschwind (2023),10.1287/trsc.2023.1198
CBD,Traversal,30,20,4,2922,True,optimal,2922,False,Wahlen & Gschwind (2023),10.1287/trsc.2023.1198
CBD,Traversal,30,20,5,3448,True,optimal,3448,False,Wahlen & Gschwind (2023),10.1287/trsc.2023.1198
CBD,Traversal,30,20,6,3959,True,optimal,3959,False,Wahlen & Gschwind (2023),10.1287/trsc.2023.1198
CBD,Traversal,30,20,7,3505,True,optimal,3505,False,Wahlen & Gschwind (2023),10.1287/trsc.2023.1198
CBD,Traversal,30,20,8,3052,True,optimal,3052,False,Wahlen & Gschwind (2023),10.1287/trsc.2023.1198
CBD,Traversal,30,20,9,2996,True,optimal,2996,False,Wahlen & Gschwind (2023),10.1287/trsc.2023.1198
CBD,Traversal,30,20,10,3218,True,optimal,3218,False,Wahlen & Gschwind (2023),10.1287/trsc.2023.1198
CBD,Traversal,30,20,11,3850,True,optimal,3850,False,Wahlen & Gschwind (2023),10.1287/trsc.2023.1198
CBD,Traversal,30,20,12,4399,True,optimal,4399,False,Wahlen & Gschwind (2023),10.1287/trsc.2023.1198
CBD,Traversal,30,20,13,3873,True,optimal,3873,False,Wahlen & Gschwind (2023),10.1287/trsc.2023.1198
CBD,Traversal,30,20,14,3536,True,optimal,3536,False,Wahlen & Gschwind (2023),10.1287/trsc.2023.1198
CBD,Traversal,30,20,15,2614,True,optimal,2614,False,Wahlen & Gschwind (2023),10.1287/trsc.2023.1198
CBD,Traversal,30,20,16,3751,True,optimal,3751,False,Wahlen & Gschwind (2023),10.1287/trsc.2023.1198
CBD,Traversal,30,20,17,3885,True,optimal,3885,False,Wahlen & Gschwind (2023),10.1287/trsc.2023.1198
CBD,Traversal,30,20,18,3729,True,optimal,3729,False,Wahlen & Gschwind (2023),10.1287/trsc.2023.1198
CBD,Traversal,30,20,19,3072,True,optimal,3072,False,Wahlen & Gschwind (2023),10.1287/trsc.2023.1198
CBD,Traversal,30,20,20,4505,True,optimal,4505,False,Wahlen & Gschwind (2023),10.1287/trsc.2023.1198
CBD,Traversal,30,20,21,3023,True,optimal,3023,False,Wahlen & Gschwind (2023),10.1287/trsc.2023.1198
CBD,Traversal,30,20,22,2799,True,optimal,2799,False,Wahlen & Gschwind (2023),10.1287/trsc.2023.1198
CBD,Traversal,30,20,23,3423,True,optimal,3423,False,Wahlen & Gschwind (2023),10.1287/trsc.2023.1198
CBD,Traversal,30,20,24,3801,True,optimal,3801,False,Wahlen & Gschwind (2023),10.1287/trsc.2023.1198
CBD,Traversal,30,20,25,3176,True,optimal,3176,False,Wahlen & Gschwind (2023),10.1287/trsc.2023.1198
CBD,Traversal,30,20,26,3186,True,optimal,3186,False,Wahlen & Gschwind (2023),10.1287/trsc.2023.1198
CBD,Traversal,30,20,27,3340,True,optimal,3340,False,Wahlen & Gschwind (2023),10.1287/trsc.2023.1198
CBD,Traversal,30,20,28,3251,True,optimal,3251,False,Wahlen & Gschwind (2023),10.1287/trsc.2023.1198
CBD,Traversal,30,20,29,2836,True,optimal,2836,False,Wahlen & Gschwind (2023),10.1287/trsc.2023.1198
CBD,Traversal,30,20,30,2897,True,optimal,2897,False,Wahlen & Gschwind (2023),10.1287/trsc.2023.1198
CBD,Traversal,30,20,31,3799,True,optimal,3799,False,Wahlen & Gschwind (2023),10.1287/trsc.2023.1198
CBD,Traversal,30,20,32,3475,True,optimal,3475,False,Wahlen & Gschwind (2023),10.1287/trsc.2023.1198
CBD,Traversal,30,20,33,3521,True,optimal,3521,False,Wahlen & Gschwind (2023),10.1287/trsc.2023.1198
CBD,Traversal,30,20,34,3499,True,optimal,3499,False,Wahlen & Gschwind (2023),10.1287/trsc.2023.1198
CBD,Traversal,30,20,35,4187,True,optimal,4187,False,Wahlen & Gschwind (2023),10.1287/trsc.2023.1198
CBD,Traversal,30,20,36,3925,True,optimal,3925,False,Wahlen & Gschwind (2023),10.1287/trsc.2023.1198
CBD,Traversal,30,20,37,3725,True,optimal,3725,False,Wahlen & Gschwind (2023),10.1287/trsc.2023.1198
CBD,Traversal,30,20,38,3914,True,optimal,3914,False,Wahlen & Gschwind (2023),10.1287/trsc.2023.1198
CBD,Traversal,30,20,39,3840,True,optimal,3840,False,Wahlen & Gschwind (2023),10.1287/trsc.2023.1198
CBD,Traversal,30,30,0,5782,True,optimal,5782,False,Wahlen & Gschwind (2023),10.1287/trsc.2023.1198
CBD,Traversal,30,30,1,5195,True,optimal,5195,False,Wahlen & Gschwind (2023),10.1287/trsc.2023.1198
CBD,Traversal,30,30,2,6996,True,optimal,6996,False,Wahlen & Gschwind (2023),10.1287/trsc.2023.1198
CBD,Traversal,30,30,3,4854,True,optimal,4854,False,Wahlen & Gschwind (2023),10.1287/trsc.2023.1198
CBD,Traversal,30,30,4,4789,True,optimal,4789,False,Wahlen & Gschwind (2023),10.1287/trsc.2023.1198
CBD,Traversal,30,30,5,4719,True,optimal,4719,False,Wahlen & Gschwind (2023),10.1287/trsc.2023.1198
CBD,Traversal,30,30,6,5023,True,optimal,5023,False,Wahlen & Gschwind (2023),10.1287/trsc.2023.1198
CBD,Traversal,30,30,7,5457,True,optimal,5457,False,Wahlen & Gschwind (2023),10.1287/trsc.2023.1198
CBD,Traversal,30,30,8,4255,True,optimal,4255,False,Wahlen & Gschwind (2023),10.1287/trsc.2023.1198
CBD,Traversal,30,30,9,5299,True,optimal,5299,False,Wahlen & Gschwind (2023),10.1287/trsc.2023.1198
CBD,Traversal,30,30,10,5188,True,optimal,5188,False,Wahlen & Gschwind (2023),10.1287/trsc.2023.1198
CBD,Traversal,30,30,11,4865,True,optimal,4865,False,Wahlen & Gschwind (2023),10.1287/trsc.2023.1198
CBD,Traversal,30,30,12,4309,True,optimal,4309,False,Wahlen & Gschwind (2023),10.1287/trsc.2023.1198
CBD,Traversal,30,30,13,5956,True,optimal,5956,False,Wahlen & Gschwind (2023),10.1287/trsc.2023.1198
CBD,Traversal,30,30,14,5447,True,optimal,5447,False,Wahlen & Gschwind (2023),10.1287/trsc.2023.1198
CBD,Traversal,30,30,15,5035,True,optimal,5035,False,Wahlen & Gschwind (2023),10.1287/trsc.2023.1198
CBD,Traversal,30,30,16,5676,True,optimal,5676,False,Wahlen & Gschwind (2023),10.1287/trsc.2023.1198
CBD,Traversal,30,30,17,5074,True,optimal,5074,False,Wahlen & Gschwind (2023),10.1287/trsc.2023.1198
CBD,Traversal,30,30,18,4893,True,optimal,4893,False,Wahlen & Gschwind (2023),10.1287/trsc.2023.1198
CBD,Traversal,30,30,19,5902,True,optimal,5902,False,Wahlen & Gschwind (2023),10.1287/trsc.2023.1198
CBD,Traversal,30,30,20,5449,True,optimal,5449,False,Wahlen & Gschwind (2023),10.1287/trsc.2023.1198
CBD,Traversal,30,30,21,5050,True,optimal,5050,False,Wahlen & Gschwind (2023),10.1287/trsc.2023.1198
CBD,Traversal,30,30,22,5746,True,optimal,5746,False,Wahlen & Gschwind (2023),10.1287/trsc.2023.1198
CBD,Traversal,30,30,23,4501,True,optimal,4501,False,Wahlen & Gschwind (2023),10.1287/trsc.2023.1198
CBD,Traversal,30,30,24,4951,True,optimal,4951,False,Wahlen & Gschwind (2023),10.1287/trsc.2023.1198
CBD,Traversal,30,30,25,4031,True,optimal,4031,False,Wahlen & Gschwind (2023),10.1287/trsc.2023.1198
CBD,Traversal,30,30,26,5725,True,optimal,5725,False,Wahlen & Gschwind (2023),10.1287/trsc.2023.1198
CBD,Traversal,30,30,27,5534,True,optimal,5534,False,Wahlen & Gschwind (2023),10.1287/trsc.2023.1198
CBD,Traversal,30,30,28,5426,True,optimal,5426,False,Wahlen & Gschwind (2023),10.1287/trsc.2023.1198
CBD,Traversal,30,30,29,5565,True,optimal,5565,False,Wahlen & Gschwind (2023),10.1287/trsc.2023.1198
CBD,Traversal,30,30,30,4390,True,optimal,4390,False,Wahlen & Gschwind (2023),10.1287/trsc.2023.1198
CBD,Traversal,30,30,31,5574,True,optimal,5574,False,Wahlen & Gschwind (2023),10.1287/trsc.2023.1198
CBD,Traversal,30,30,32,4641,True,optimal,4641,False,Wahlen & Gschwind (2023),10.1287/trsc.2023.1198
CBD,Traversal,30,30,33,5106,True,optimal,5106,False,Wahlen & Gschwind (2023),10.1287/trsc.2023.1198
CBD,Traversal,30,30,34,5065,True,optimal,5065,False,Wahlen & Gschwind (2023),10.1287/trsc.2023.1198
CBD,Traversal,30,30,35,5205,True,optimal,5205,False,Wahlen & Gschwind (2023),10.1287/trsc.2023.1198
CBD,Traversal,30,30,36,3868,True,optimal,3868,False,Wahlen & Gschwind (2023),10.1287/trsc.2023.1198
CBD,Traversal,30,30,37,5468,True,optimal,5468,False,Wahlen & Gschwind (2023),10.1287/trsc.2023.1198
CBD,Traversal,30,30,38,5491,True,optimal,5491,False,Wahlen & Gschwind (2023),10.1287/trsc.2023.1198
CBD,Traversal,30,30,39,4913,True,optimal,4913,False,Wahlen & Gschwind (2023),10.1287/trsc.2023.1198
CBD,Traversal,30,40,0,6721,True,optimal,6721,False,Wahlen & Gschwind (2023),10.1287/trsc.2023.1198
CBD,Traversal,30,40,1,5908,True,optimal,5908,False,Wahlen & Gschwind (2023),10.1287/trsc.2023.1198
CBD,Traversal,30,40,2,6780,True,optimal,6780,False,Wahlen & Gschwind (2023),10.1287/trsc.2023.1198
CBD,Traversal,30,40,3,8686,True,optimal,8686,False,Wahlen & Gschwind (2023),10.1287/trsc.2023.1198
CBD,Traversal,30,40,4,7141,True,optimal,7141,False,Wahlen & Gschwind (2023),10.1287/trsc.2023.1198
CBD,Traversal,30,40,5,6174,True,optimal,6174,False,Wahlen & Gschwind (2023),10.1287/trsc.2023.1198
CBD,Traversal,30,40,6,7395,True,optimal,7395,False,Wahlen & Gschwind (2023),10.1287/trsc.2023.1198
CBD,Traversal,30,40,7,6895,True,optimal,6895,False,Wahlen & Gschwind (2023),10.1287/trsc.2023.1198
CBD,Traversal,30,40,8,7136,True,optimal,7136,False,Wahlen & Gschwind (2023),10.1287/trsc.2023.1198
CBD,Traversal,30,40,9,6690,True,optimal,6690,False,Wahlen & Gschwind (2023),10.1287/trsc.2023.1198
CBD,Traversal,30,40,10,8214,True,optimal,8214,False,Wahlen & Gschwind (2023),10.1287/trsc.2023.1198
CBD,Traversal,30,40,11,7280,True,optimal,7280,False,Wahlen & Gschwind (2023),10.1287/trsc.2023.1198
CBD,Traversal,30,40,12,5120,True,optimal,5120,False,Wahlen & Gschwind (2023),10.1287/trsc.2023.1198
CBD,Traversal,30,40,13,6657,True,optimal,6657,False,Wahlen & Gschwind (2023),10.1287/trsc.2023.1198
CBD,Traversal,30,40,14,5584,True,optimal,5584,False,Wahlen & Gschwind (2023),10.1287/trsc.2023.1198
CBD,Traversal,30,40,15,5956,True,optimal,5956,False,Wahlen & Gschwind (2023),10.1287/trsc.2023.1198
CBD,Traversal,30,40,16,7981,True,optimal,7981,False,Wahlen & Gschwind (2023),10.1287/trsc.2023.1198
CBD,Traversal,30,40,17,7738,True,optimal,7738,False,Wahlen & Gschwind (2023),10.1287/trsc.2023.1198
CBD,Traversal,30,40,18,5591,True,optimal,5591,False,Wahlen & Gschwind (2023),10.1287/trsc.2023.1198
CBD,Traversal,30,40,19,6641,True,optimal,6641,False,Wahlen & Gschwind (2023),10.1287/trsc.2023.1198
CBD,Traversal,30,40,20,6453,True,optimal,6453,False,Wahlen & Gschwind (2023),10.1287/trsc.2023.1198
CBD,Traversal,30,40,21,6794,True,optimal,6794,False,Wahlen & Gschwind (2023),10.1287/trsc.2023.1198
CBD,Traversal,30,40,22,6131,True,optimal,6131,False,Wahlen & Gschwind (2023),10.1287/trsc.2023.1198
CBD,Traversal,30,40,23,6106,True,optimal,6106,False,Wahlen & Gschwind (2023),10.1287/trsc.2023.1198
CBD,Traversal,30,40,24,5702,True,optimal,5702,False,Wahlen & Gschwind (2023),10.1287/trsc.2023.1198
CBD,Traversal,30,40,25,7210,True,optimal,7210,False,Wahlen & Gschwind (2023),10.1287/trsc.2023.1198
CBD,Traversal,30,40,26,6667,True,optimal,6667,False,Wahlen & Gschwind (2023),10.1287/trsc.2023.1198
CBD,Traversal,30,40,27,5881,True,optimal,5881,False,Wahlen & Gschwind (2023),10.1287/trsc.2023.1198
CBD,Traversal,30,40,28,6266,True,optimal,6266,False,Wahlen & Gschwind (2023),10.1287/trsc.2023.1198
CBD,Traversal,30,40,29,6693,True,optimal,6693,False,Wahlen & Gschwind (2023),10.1287/trsc.2023.1198
CBD,Traversal,30,40,30,6141,True,optimal,6141,False,Wahlen & Gschwind (2023),10.1287/trsc.2023.1198
CBD,Traversal,30,40,31,5535,True,optimal,5535,False,Wahlen & Gschwind (2023),10.1287/trsc.2023.1198
CBD,Traversal,30,40,32,6066,True,optimal,6066,False,Wahlen & Gschwind (2023),10.1287/trsc.2023.1198
CBD,Traversal,30,40,33,7109,True,optimal,7109,False,Wahlen & Gschwind (2023),10.1287/trsc.2023.1198
CBD,Traversal,30,40,34,6596,True,optimal,6596,False,Wahlen & Gschwind (2023),10.1287/trsc.2023.1198
CBD,Traversal,30,40,35,6557,True,optimal,6557,False,Wahlen & Gschwind (2023),10.1287/trsc.2023.1198
CBD,Traversal,30,40,36,7207,True,optimal,7207,False,Wahlen & Gschwind (2023),10.1287/trsc.2023.1198
CBD,Traversal,30,40,37,6589,True,optimal,6589,False,Wahlen & Gschwind (2023),10.1287/trsc.2023.1198
CBD,Traversal,30,40,38,6446,True,optimal,6446,False,Wahlen & Gschwind (2023),10.1287/trsc.2023.1198
CBD,Traversal,30,40,39,7858,True,optimal,7858,False,Wahlen & Gschwind (2023),10.1287/trsc.2023.1198
CBD,Traversal,30,50,0,7915,True,optimal,7915,False,Wahlen & Gschwind (2023),10.1287/trsc.2023.1198
CBD,Traversal,30,50,1,8800,True,optimal,8800,False,Wahlen & Gschwind (2023),10.1287/trsc.2023.1198
CBD,Traversal,30,50,2,6948,True,optimal,6948,False,Wahlen & Gschwind (2023),10.1287/trsc.2023.1198
CBD,Traversal,30,50,3,7847,True,optimal,7847,False,Wahlen & Gschwind (2023),10.1287/trsc.2023.1198
CBD,Traversal,30,50,4,7795,True,optimal,7795,False,Wahlen & Gschwind (2023),10.1287/trsc.2023.1198
CBD,Traversal,30,50,5,9085,True,optimal,9085,False,Wahlen & Gschwind (2023),10.1287/trsc.2023.1198
CBD,Traversal,30,50,6,8634,True,optimal,8634,False,Wahlen & Gschwind (2023),10.1287/trsc.2023.1198
CBD,Traversal,30,50,7,9685,True,optimal,9685,False,Wahlen & Gschwind (2023),10.1287/trsc.2023.1198
CBD,Traversal,30,50,8,8862,True,optimal,8862,False,Wahlen & Gschwind (2023),10.1287/trsc.2023.1198
CBD,Traversal,30,50,9,8842,True,optimal,8842,False,Wahlen & Gschwind (2023),10.1287/trsc.2023.1198
CBD,Traversal,30,50,10,8046,True,optimal,8046,False,Wahlen & Gschwind (2023),10.1287/trsc.2023.1198
CBD,Traversal,30,50,11,8454,True,optimal,8454,False,Wahlen & Gschwind (2023),10.1287/trsc.2023.1198
CBD,Traversal,30,50,12,8428,True,optimal,8428,False,Wahlen & Gschwind (2023),10.1287/trsc.2023.1198
CBD,Traversal,30,50,13,8642,True,optimal,8642,False,Wahlen & Gschwind (2023),10.1287/trsc.2023.1198
CBD,Traversal,30,50,14,8225,True,optimal,8225,False,Wahlen & Gschwind (2023),10.1287/trsc.2023.1198
CBD,Traversal,30,50,15,9107,True,optimal,9107,False,Wahlen & Gschwind (2023),10.1287/trsc.2023.1198
CBD,Traversal,30,50,16,9587,True,optimal,9587,False,Wahlen & Gschwind (2023),10.1287/trsc.2023.1198
CBD,Traversal,30,50,17,8236,True,optimal,8236,False,Wahlen & Gschwind (2023),10.1287/trsc.2023.1198
CBD,Traversal,30,50,18,8964,True,optimal,8964,False,Wahlen & Gschwind (2023),10.1287/trsc.2023.1198
CBD,Traversal,30,50,19,8796,True,optimal,8796,False,Wahlen & Gschwind (2023),10.1287/trsc.2023.1198
CBD,Traversal,30,50,20,7749,True,optimal,7749,False,Wahlen & Gschwind (2023),10.1287/trsc.2023.1198
CBD,Traversal,30,50,21,8361,True,optimal,8361,False,Wahlen & Gschwind (2023),10.1287/trsc.2023.1198
CBD,Traversal,30,50,22,8514,True,optimal,8514,False,Wahlen & Gschwind (2023),10.1287/trsc.2023.1198
CBD,Traversal,30,50,23,9696,True,optimal,9696,False,Wahlen & Gschwind (2023),10.1287/trsc.2023.1198
CBD,Traversal,30,50,24,7993,True,optimal,7993,False,Wahlen & Gschwind (2023),10.1287/trsc.2023.1198
CBD,Traversal,30,50,25,7808,True,optimal,7808,False,Wahlen & Gschwind (2023),10.1287/trsc.2023.1198
CBD,Traversal,30,50,26,8485,True,optimal,8485,False,Wahlen & Gschwind (2023),10.1287/trsc.2023.1198
CBD,Traversal,30,50,27,7942,True,optimal,7942,False,Wahlen & Gschwind (2023),10.1287/trsc.2023.1198
CBD,Traversal,30,50,28,9105,True,optimal,9105,False,Wahlen & Gschwind (2023),10.1287/trsc.2023.1198
CBD,Traversal,30,50,29,8439,True,optimal,8439,False,Wahlen & Gschwind (2023),10.1287/trsc.2023.1198
CBD,Traversal,30,50,30,8088,True,optimal,8088,False,Wahlen & Gschwind (2023),10.1287/trsc.2023.1198
CBD,Traversal,30,50,31,9159,True,optimal,9159,False,Wahlen & Gschwind (2023),10.1287/trsc.2023.1198
CBD,Traversal,30,50,32,8931,True,optimal,8931,False,Wahlen & Gschwind (2023),10.1287/trsc.2023.1198
CBD,Traversal,30,50,33,7794,True,optimal,7794,False,Wahlen & Gschwind (2023),10.1287/trsc.2023.1198
CBD,Traversal,30,50,34,7610,True,optimal,7610,False,Wahlen & Gschwind (2023),10.1287/trsc.2023.1198
CBD,Traversal,30,50,35,7987,True,optimal,7987,False,Wahlen & Gschwind (2023),10.1287/trsc.2023.1198
CBD,Traversal,30,50,36,8720,True,optimal,8720,False,Wahlen & Gschwind (2023),10.1287/trsc.2023.1198
CBD,Traversal,30,50,37,8647,True,optimal,8647,False,Wahlen & Gschwind (2023),10.1287/trsc.2023.1198
CBD,Traversal,30,50,38,8255,True,optimal,8255,False,Wahlen & Gschwind (2023),10.1287/trsc.2023.1198
CBD,Traversal,30,50,39,8063,True,optimal,8063,False,Wahlen & Gschwind (2023),10.1287/trsc.2023.1198
CBD,Traversal,30,60,0,10879,True,optimal,10879,False,Wahlen & Gschwind (2023),10.1287/trsc.2023.1198
CBD,Traversal,30,60,1,10501,True,optimal,10501,False,Wahlen & Gschwind (2023),10.1287/trsc.2023.1198
CBD,Traversal,30,60,2,9365,True,optimal,9365,False,Wahlen & Gschwind (2023),10.1287/trsc.2023.1198
CBD,Traversal,30,60,3,10143,True,optimal,10143,False,Wahlen & Gschwind (2023),10.1287/trsc.2023.1198
CBD,Traversal,30,60,4,10071,True,optimal,10071,False,Wahlen & Gschwind (2023),10.1287/trsc.2023.1198
CBD,Traversal,30,60,5,8955,True,optimal,8955,False,Wahlen & Gschwind (2023),10.1287/trsc.2023.1198
CBD,Traversal,30,60,6,9224,True,optimal,9224,False,Wahlen & Gschwind (2023),10.1287/trsc.2023.1198
CBD,Traversal,30,60,7,9712,True,optimal,9712,False,Wahlen & Gschwind (2023),10.1287/trsc.2023.1198
CBD,Traversal,30,60,8,10889,True,optimal,10889,False,Wahlen & Gschwind (2023),10.1287/trsc.2023.1198
CBD,Traversal,30,60,9,9187,True,optimal,9187,False,Wahlen & Gschwind (2023),10.1287/trsc.2023.1198
CBD,Traversal,30,60,10,12704,True,optimal,12704,False,Wahlen & Gschwind (2023),10.1287/trsc.2023.1198
CBD,Traversal,30,60,11,8919,True,optimal,8919,False,Wahlen & Gschwind (2023),10.1287/trsc.2023.1198
CBD,Traversal,30,60,12,9566,True,optimal,9566,False,Wahlen & Gschwind (2023),10.1287/trsc.2023.1198
CBD,Traversal,30,60,13,9750,True,optimal,9750,False,Wahlen & Gschwind (2023),10.1287/trsc.2023.1198
CBD,Traversal,30,60,14,8379,True,optimal,8379,False,Wahlen & Gschwind (2023),10.1287/trsc.2023.1198
CBD,Traversal,30,60,15,9887,True,optimal,9887,False,Wahlen & Gschwind (2023),10.1287/trsc.2023.1198
CBD,Traversal,30,60,16,9542,True,optimal,9542,False,Wahlen & Gschwind (2023),10.1287/trsc.2023.1198
CBD,Traversal,30,60,17,9378,True,optimal,9378,False,Wahlen & Gschwind (2023),10.1287/trsc.2023.1198
CBD,Traversal,30,60,18,9255,True,optimal,9255,False,Wahlen & Gschwind (2023),10.1287/trsc.2023.1198
CBD,Traversal,30,60,19,8997,True,optimal,8997,False,Wahlen & Gschwind (2023),10.1287/trsc.2023.1198
CBD,Traversal,30,60,20,10652,True,optimal,10652,False,Wahlen & Gschwind (2023),10.1287/trsc.2023.1198
CBD,Traversal,30,60,21,9752,True,optimal,9752,False,Wahlen & Gschwind (2023),10.1287/trsc.2023.1198
CBD,Traversal,30,60,22,10052,True,optimal,10052,False,Wahlen & Gschwind (2023),10.1287/trsc.2023.1198
CBD,Traversal,30,60,23,11077,True,optimal,11077,False,Wahlen & Gschwind (2023),10.1287/trsc.2023.1198
CBD,Traversal,30,60,24,10385,True,optimal,10385,False,Wahlen & Gschwind (2023),10.1287/trsc.2023.1198
CBD,Traversal,30,60,25,9979,True,optimal,9979,False,Wahlen & Gschwind (2023),10.1287/trsc.2023.1198
CBD,Traversal,30,60,26,11031,True,optimal,11031,False,Wahlen & Gschwind (2023),10.1287/trsc.2023.1198
CBD,Traversal,30,60,27,8647,True,optimal,8647,False,Wahlen & Gschwind (2023),10.1287/trsc.2023.1198
CBD,Traversal,30,60,28,8972,True,optimal,8972,False,Wahlen & Gschwind (2023),10.1287/trsc.2023.1198
CBD,Traversal,30,60,29,9381,True,optimal,9381,False,Wahlen & Gschwind (2023),10.1287/trsc.2023.1198
CBD,Traversal,30,60,30,9573,True,optimal,9573,False,Wahlen & Gschwind (2023),10.1287/trsc.2023.1198
CBD,Traversal,30,60,31,10162,True,optimal,10162,False,Wahlen & Gschwind (2023),10.1287/trsc.2023.1198
CBD,Traversal,30,60,32,10374,True,optimal,10374,False,Wahlen & Gschwind (2023),10.1287/trsc.2023.1198
CBD,Traversal,30,60,33,8628,True,optimal,8628,False,Wahlen & Gschwind (2023),10.1287/trsc.2023.1198
CBD,Traversal,30,60,34,9243,True,optimal,9243,False,Wahlen & Gschwind (2023),10.1287/trsc.2023.1198
CBD,Traversal,30,60,35,9447,True,optimal,9447,False,Wahlen & Gschwind (2023),10.1287/trsc.2023.1198
CBD,Traversal,30,60,36,9702,True,optimal,9702,False,Wahlen & Gschwind (2023),10.1287/trsc.2023.1198
CBD,Traversal,30,60,37,8885,True,optimal,8885,False,Wahlen & Gschwind (2023),10.1287/trsc.2023.1198
CBD,Traversal,30,60,38,9252,True,optimal,9252,False,Wahlen & Gschwind (2023),10.1287/trsc.2023.1198
CBD,Traversal,30,60,39,8196,True,optimal,8196,False,Wahlen & Gschwind (2023),10.1287/trsc.2023.1198
CBD,Traversal,30,70,0,13818,True,optimal,13818,False,Wahlen & Gschwind (2023),10.1287/trsc.2023.1198
CBD,Traversal,30,70,1,11734,True,optimal,11734,False,Wahlen & Gschwind (2023),10.1287/trsc.2023.1198
CBD,Traversal,30,70,2,11641,True,optimal,11641,False,Wahlen & Gschwind (2023),10.1287/trsc.2023.1198
CBD,Traversal,30,70,3,11961,True,optimal,11961,False,Wahlen & Gschwind (2023),10.1287/trsc.2023.1198
CBD,Traversal,30,70,4,11943,True,optimal,11943,False,Wahlen & Gschwind (2023),10.1287/trsc.2023.1198
CBD,Traversal,30,70,5,11769,True,optimal,11769,False,Wahlen & Gschwind (2023),10.1287/trsc.2023.1198
CBD,Traversal,30,70,6,11523,True,optimal,11523,False,Wahlen & Gschwind (2023),10.1287/trsc.2023.1198
CBD,Traversal,30,70,7,11130,True,optimal,11130,False,Wahlen & Gschwind (2023),10.1287/trsc.2023.1198
CBD,Traversal,30,70,8,12750,True,optimal,12750,False,Wahlen & Gschwind (2023),10.1287/trsc.2023.1198
CBD,Traversal,30,70,9,12637,True,optimal,12637,False,Wahlen & Gschwind (2023),10.1287/trsc.2023.1198
CBD,Traversal,30,70,10,11171,True,optimal,11171,False,Wahlen & Gschwind (2023),10.1287/trsc.2023.1198
CBD,Traversal,30,70,11,11866,True,optimal,11866,False,Wahlen & Gschwind (2023),10.1287/trsc.2023.1198
CBD,Traversal,30,70,12,11008,True,optimal,11008,False,Wahlen & Gschwind (2023),10.1287/trsc.2023.1198
CBD,Traversal,30,70,13,10976,True,optimal,10976,False,Wahlen & Gschwind (2023),10.1287/trsc.2023.1198
CBD,Traversal,30,70,14,11399,True,optimal,11399,False,Wahlen & Gschwind (2023),10.1287/trsc.2023.1198
CBD,Traversal,30,70,15,12267,True,optimal,12267,False,Wahlen & Gschwind (2023),10.1287/trsc.2023.1198
CBD,Traversal,30,70,16,12715,True,optimal,12715,False,Wahlen & Gschwind (2023),10.1287/trsc.2023.1198
CBD,Traversal,30,70,17,10515,True,optimal,10515,False,Wahlen & Gschwind (2023),10.1287/trsc.2023.1198
CBD,Traversal,30,70,18,10194,True,optimal,10194,False,Wahlen & Gschwind (2023),10.1287/trsc.2023.1198
CBD,Traversal,30,70,19,11618,True,optimal,11618,False,Wahlen & Gschwind (2023),10.1287/trsc.2023.1198
CBD,Traversal,30,70,20,12040,True,optimal,12040,False,Wahlen & Gschwind (2023),10.1287/trsc.2023.1198
CBD,Traversal,30,70,21,10006,True,optimal,10006,False,Wahlen & Gschwind (2023),10.1287/trsc.2023.1198
CBD,Traversal,30,70,22,11948,True,optimal,11948,False,Wahlen & Gschwind (2023),10.1287/trsc.2023.1198
CBD,Traversal,30,70,23,10787,True,optimal,10787,False,Wahlen & Gschwind (2023),10.1287/trsc.2023.1198
CBD,Traversal,30,70,24,10900,True,optimal,10900,False,Wahlen & Gschwind (2023),10.1287/trsc.2023.1198
CBD,Traversal,30,70,25,11159,True,optimal,11159,False,Wahlen & Gschwind (2023),10.1287/trsc.2023.1198
CBD,Traversal,30,70,26,11394,True,optimal,11394,False,Wahlen & Gschwind (2023),10.1287/trsc.2023.1198
CBD,Traversal,30,70,27,10850,True,optimal,10850,False,Wahlen & Gschwind (2023),10.1287/trsc.2023.1198
CBD,Traversal,30,70,28,10212,True,optimal,10212,False,Wahlen & Gschwind (2023),10.1287/trsc.2023.1198
CBD,Traversal,30,70,29,10495,True,optimal,10495,False,Wahlen & Gschwind (2023),10.1287/trsc.2023.1198
CBD,Traversal,30,70,30,13132,True,optimal,13132,False,Wahlen & Gschwind (2023),10.1287/trsc.2023.1198
CBD,Traversal,30,70,31,11745,True,optimal,11745,False,Wahlen & Gschwind (2023),10.1287/trsc.2023.1198
CBD,Traversal,30,70,32,10607,True,optimal,10607,False,Wahlen & Gschwind (2023),10.1287/trsc.2023.1198
CBD,Traversal,30,70,33,10082,True,optimal,10082,False,Wahlen & Gschwind (2023),10.1287/trsc.2023.1198
CBD,Traversal,30,70,34,11656,True,optimal,11656,False,Wahlen & Gschwind (2023),10.1287/trsc.2023.1198
CBD,Traversal,30,70,35,11140,True,optimal,11140,False,Wahlen & Gschwind (2023),10.1287/trsc.2023.1198
CBD,Traversal,30,70,36,13147,True,optimal,13147,False,Wahlen & Gschwind (2023),10.1287/trsc.2023.1198
CBD,Traversal,30,70,37,10828,True,optimal,10828,False,Wahlen & Gschwind (2023),10.1287/trsc.2023.1198
CBD,Traversal,30,70,38,11395,True,optimal,11395,False,Wahlen & Gschwind (2023),10.1287/trsc.2023.1198
CBD,Traversal,30,70,39,10721,True,optimal,10721,False,Wahlen & Gschwind (2023),10.1287/trsc.2023.1198
CBD,Traversal,30,80,0,14342,True,optimal,14342,False,Wahlen & Gschwind (2023),10.1287/trsc.2023.1198
CBD,Traversal,30,80,1,13152,True,optimal,13152,False,Wahlen & Gschwind (2023),10.1287/trsc.2023.1198
CBD,Traversal,30,80,2,12206,True,optimal,12206,False,Wahlen & Gschwind (2023),10.1287/trsc.2023.1198
CBD,Traversal,30,80,3,12965,True,optimal,12965,False,Wahlen & Gschwind (2023),10.1287/trsc.2023.1198
CBD,Traversal,30,80,4,15182,True,optimal,15182,False,Wahlen & Gschwind (2023),10.1287/trsc.2023.1198
CBD,Traversal,30,80,5,13751,True,optimal,13751,False,Wahlen & Gschwind (2023),10.1287/trsc.2023.1198
CBD,Traversal,30,80,6,12667,True,optimal,12667,False,Wahlen & Gschwind (2023),10.1287/trsc.2023.1198
CBD,Traversal,30,80,7,12242,True,optimal,12242,False,Wahlen & Gschwind (2023),10.1287/trsc.2023.1198
CBD,Traversal,30,80,8,12389,True,optimal,12389,False,Wahlen & Gschwind (2023),10.1287/trsc.2023.1198
CBD,Traversal,30,80,9,11968,True,optimal,11968,False,Wahlen & Gschwind (2023),10.1287/trsc.2023.1198
CBD,Traversal,30,80,10,12710,True,optimal,12710,False,Wahlen & Gschwind (2023),10.1287/trsc.2023.1198
CBD,Traversal,30,80,11,13013,True,optimal,13013,False,Wahlen & Gschwind (2023),10.1287/trsc.2023.1198
CBD,Traversal,30,80,12,13613,True,optimal,13613,False,Wahlen & Gschwind (2023),10.1287/trsc.2023.1198
CBD,Traversal,30,80,13,13411,True,optimal,13411,False,Wahlen & Gschwind (2023),10.1287/trsc.2023.1198
CBD,Traversal,30,80,14,13050,True,optimal,13050,False,Wahlen & Gschwind (2023),10.1287/trsc.2023.1198
CBD,Traversal,30,80,15,13312,True,optimal,13312,False,Wahlen & Gschwind (2023),10.1287/trsc.2023.1198
CBD,Traversal,30,80,16,11834,True,optimal,11834,False,Wahlen & Gschwind (2023),10.1287/trsc.2023.1198
CBD,Traversal,30,80,17,12767,True,optimal,12767,False,Wahlen & Gschwind (2023),10.1287/trsc.2023.1198
CBD,Traversal,30,80,18,12427,True,optimal,12427,False,Wahlen & Gschwind (2023),10.1287/trsc.2023.1198
CBD,Traversal,30,80,19,13192,True,optimal,13192,False,Wahlen & Gschwind (2023),10.1287/trsc.2023.1198
CBD,Traversal,30,80,20,13883,True,optimal,13883,False,Wahlen & Gschwind (2023),10.1287/trsc.2023.1198
CBD,Traversal,30,80,21,14050,True,optimal,14050,False,Wahlen & Gschwind (2023),10.1287/trsc.2023.1198
CBD,Traversal,30,80,22,11836,True,optimal,11836,False,Wahlen & Gschwind (2023),10.1287/trsc.2023.1198
CBD,Traversal,30,80,23,13397,True,optimal,13397,False,Wahlen & Gschwind (2023),10.1287/trsc.2023.1198
CBD,Traversal,30,80,24,14388,True,optimal,14388,False,Wahlen & Gschwind (2023),10.1287/trsc.2023.1198
CBD,Traversal,30,80,25,12765,True,optimal,12765,False,Wahlen & Gschwind (2023),10.1287/trsc.2023.1198
CBD,Traversal,30,80,26,11505,True,optimal,11505,False,Wahlen & Gschwind (2023),10.1287/trsc.2023.1198
CBD,Traversal,30,80,27,13623,True,optimal,13623,False,Wahlen & Gschwind (2023),10.1287/trsc.2023.1198
CBD,Traversal,30,80,28,13386,True,optimal,13386,False,Wahlen & Gschwind (2023),10.1287/trsc.2023.1198
CBD,Traversal,30,80,29,14146,True,optimal,14146,False,Wahlen & Gschwind (2023),10.1287/trsc.2023.1198
CBD,Traversal,30,80,30,12703,True,optimal,12703,False,Wahlen & Gschwind (2023),10.1287/trsc.2023.1198
CBD,Traversal,30,80,31,12382,True,optimal,12382,False,Wahlen & Gschwind (2023),10.1287/trsc.2023.1198
CBD,Traversal,30,80,32,13589,True,optimal,13589,False,Wahlen & Gschwind (2023),10.1287/trsc.2023.1198
CBD,Traversal,30,80,33,11893,True,optimal,11893,False,Wahlen & Gschwind (2023),10.1287/trsc.2023.1198
CBD,Traversal,30,80,34,13659,True,optimal,13659,False,Wahlen & Gschwind (2023),10.1287/trsc.2023.1198
CBD,Traversal,30,80,35,11948,True,optimal,11948,False,Wahlen & Gschwind (2023),10.1287/trsc.2023.1198
CBD,Traversal,30,80,36,13801,True,optimal,13801,False,Wahlen & Gschwind (2023),10.1287/trsc.2023.1198
CBD,Traversal,30,80,37,12847,True,optimal,12847,False,Wahlen & Gschwind (2023),10.1287/trsc.2023.1198
CBD,Traversal,30,80,38,14045,True,optimal,14045,False,Wahlen & Gschwind (2023),10.1287/trsc.2023.1198
CBD,Traversal,30,80,39,12300,True,optimal,12300,False,Wahlen & Gschwind (2023),10.1287/trsc.2023.1198
CBD,Traversal,30,90,0,14608,True,optimal,14608,False,Wahlen & Gschwind (2023),10.1287/trsc.2023.1198
CBD,Traversal,30,90,1,14214,True,optimal,14214,False,Wahlen & Gschwind (2023),10.1287/trsc.2023.1198
CBD,Traversal,30,90,2,14305,True,optimal,14305,False,Wahlen & Gschwind (2023),10.1287/trsc.2023.1198
CBD,Traversal,30,90,3,14565,True,optimal,14565,False,Wahlen & Gschwind (2023),10.1287/trsc.2023.1198
CBD,Traversal,30,90,4,14256,True,optimal,14256,False,Wahlen & Gschwind (2023),10.1287/trsc.2023.1198
CBD,Traversal,30,90,5,14411,True,optimal,14411,False,Wahlen & Gschwind (2023),10.1287/trsc.2023.1198
CBD,Traversal,30,90,6,14464,True,optimal,14464,False,Wahlen & Gschwind (2023),10.1287/trsc.2023.1198
CBD,Traversal,30,90,7,15903,True,optimal,15903,False,Wahlen & Gschwind (2023),10.1287/trsc.2023.1198
CBD,Traversal,30,90,8,15054,True,optimal,15054,False,Wahlen & Gschwind (2023),10.1287/trsc.2023.1198
CBD,Traversal,30,90,9,13581,True,optimal,13581,False,Wahlen & Gschwind (2023),10.1287/trsc.2023.1198
CBD,Traversal,30,90,10,16766,True,optimal,16766,False,Wahlen & Gschwind (2023),10.1287/trsc.2023.1198
CBD,Traversal,30,90,11,14720,True,optimal,14720,False,Wahlen & Gschwind (2023),10.1287/trsc.2023.1198
CBD,Traversal,30,90,12,13195,True,optimal,13195,False,Wahlen & Gschwind (2023),10.1287/trsc.2023.1198
CBD,Traversal,30,90,13,13472,True,optimal,13472,False,Wahlen & Gschwind (2023),10.1287/trsc.2023.1198
CBD,Traversal,30,90,14,13832,True,optimal,13832,False,Wahlen & Gschwind (2023),10.1287/trsc.2023.1198
CBD,Traversal,30,90,15,15973,True,optimal,15973,False,Wahlen & Gschwind (2023),10.1287/trsc.2023.1198
CBD,Traversal,30,90,16,13573,True,optimal,13573,False,Wahlen & Gschwind (2023),10.1287/trsc.2023.1198
CBD,Traversal,30,90,17,13084,True,optimal,13084,False,Wahlen & Gschwind (2023),10.1287/trsc.2023.1198
CBD,Traversal,30,90,18,14859,True,optimal,14859,False,Wahlen & Gschwind (2023),10.1287/trsc.2023.1198
CBD,Traversal,30,90,19,14028,True,optimal,14028,False,Wahlen & Gschwind (2023),10.1287/trsc.2023.1198
CBD,Traversal,30,90,20,15539,True,optimal,15539,False,Wahlen & Gschwind (2023),10.1287/trsc.2023.1198
CBD,Traversal,30,90,21,13693,True,optimal,13693,False,Wahlen & Gschwind (2023),10.1287/trsc.2023.1198
CBD,Traversal,30,90,22,14509,True,optimal,14509,False,Wahlen & Gschwind (2023),10.1287/trsc.2023.1198
CBD,Traversal,30,90,23,14152,True,optimal,14152,False,Wahlen & Gschwind (2023),10.1287/trsc.2023.1198
CBD,Traversal,30,90,24,13693,True,optimal,13693,False,Wahlen & Gschwind (2023),10.1287/trsc.2023.1198
CBD,Traversal,30,90,25,14232,True,optimal,14232,False,Wahlen & Gschwind (2023),10.1287/trsc.2023.1198
CBD,Traversal,30,90,26,14992,True,optimal,14992,False,Wahlen & Gschwind (2023),10.1287/trsc.2023.1198
CBD,Traversal,30,90,27,14082,True,optimal,14082,False,Wahlen & Gschwind (2023),10.1287/trsc.2023.1198
CBD,Traversal,30,90,28,15995,True,optimal,15995,False,Wahlen & Gschwind (2023),10.1287/trsc.2023.1198
CBD,Traversal,30,90,29,13892,True,optimal,13892,False,Wahlen & Gschwind (2023),10.1287/trsc.2023.1198
CBD,Traversal,30,90,30,16323,True,optimal,16323,False,Wahlen & Gschwind (2023),10.1287/trsc.2023.1198
CBD,Traversal,30,90,31,14358,True,optimal,14358,False,Wahlen & Gschwind (2023),10.1287/trsc.2023.1198
CBD,Traversal,30,90,32,13965,True,optimal,13965,False,Wahlen & Gschwind (2023),10.1287/trsc.2023.1198
CBD,Traversal,30,90,33,15704,True,optimal,15704,False,Wahlen & Gschwind (2023),10.1287/trsc.2023.1198
CBD,Traversal,30,90,34,15304,True,optimal,15304,False,Wahlen & Gschwind (2023),10.1287/trsc.2023.1198
CBD,Traversal,30,90,35,14592,True,optimal,14592,False,Wahlen & Gschwind (2023),10.1287/trsc.2023.1198
CBD,Traversal,30,90,36,15465,True,optimal,15465,False,Wahlen & Gschwind (2023),10.1287/trsc.2023.1198
CBD,Traversal,30,90,37,14347,True,optimal,14347,False,Wahlen & Gschwind (2023),10.1287/trsc.2023.1198
CBD,Traversal,30,90,38,14615,True,optimal,14615,False,Wahlen & Gschwind (2023),10.1287/trsc.2023.1198
CBD,Traversal,30,90,39,14148,True,optimal,14148,False,Wahlen & Gschwind (2023),10.1287/trsc.2023.1198
CBD,Traversal,30,100,0,15037,True,optimal,15037,False,Wahlen & Gschwind (2023),10.1287/trsc.2023.1198
CBD,Traversal,30,100,1,18165,True,optimal,18165,False,Wahlen & Gschwind (2023),10.1287/trsc.2023.1198
CBD,Traversal,30,100,2,16421,True,optimal,16421,False,Wahlen & Gschwind (2023),10.1287/trsc.2023.1198
CBD,Traversal,30,100,3,15753,True,optimal,15753,False,Wahlen & Gschwind (2023),10.1287/trsc.2023.1198
CBD,Traversal,30,100,4,18571,True,optimal,18571,False,Wahlen & Gschwind (2023),10.1287/trsc.2023.1198
CBD,Traversal,30,100,5,16620,True,optimal,16620,False,Wahlen & Gschwind (2023),10.1287/trsc.2023.1198
CBD,Traversal,30,100,6,16140,True,optimal,16140,False,Wahlen & Gschwind (2023),10.1287/trsc.2023.1198
CBD,Traversal,30,100,7,16315,True,optimal,16315,False,Wahlen & Gschwind (2023),10.1287/trsc.2023.1198
CBD,Traversal,30,100,8,16357,True,optimal,16357,False,Wahlen & Gschwind (2023),10.1287/trsc.2023.1198
CBD,Traversal,30,100,9,14914,True,optimal,14914,False,Wahlen & Gschwind (2023),10.1287/trsc.2023.1198
CBD,Traversal,30,100,10,15730,True,optimal,15730,False,Wahlen & Gschwind (2023),10.1287/trsc.2023.1198
CBD,Traversal,30,100,11,14693,True,optimal,14693,False,Wahlen & Gschwind (2023),10.1287/trsc.2023.1198
CBD,Traversal,30,100,12,16453,True,optimal,16453,False,Wahlen & Gschwind (2023),10.1287/trsc.2023.1198
CBD,Traversal,30,100,13,17041,True,optimal,17041,False,Wahlen & Gschwind (2023),10.1287/trsc.2023.1198
CBD,Traversal,30,100,14,15279,True,optimal,15279,False,Wahlen & Gschwind (2023),10.1287/trsc.2023.1198
CBD,Traversal,30,100,15,16776,True,optimal,16776,False,Wahlen & Gschwind (2023),10.1287/trsc.2023.1198
CBD,Traversal,30,100,16,16562,True,optimal,16562,False,Wahlen & Gschwind (2023),10.1287/trsc.2023.1198
CBD,Traversal,30,100,17,15376,True,optimal,15376,False,Wahlen & Gschwind (2023),10.1287/trsc.2023.1198
CBD,Traversal,30,100,18,19223,True,optimal,19223,False,Wahlen & Gschwind (2023),10.1287/trsc.2023.1198
CBD,Traversal,30,100,19,16649,True,optimal,16649,False,Wahlen & Gschwind (2023),10.1287/trsc.2023.1198
CBD,Traversal,30,100,20,16359,True,optimal,16359,False,Wahlen & Gschwind (2023),10.1287/trsc.2023.1198
CBD,Traversal,30,100,21,15201,True,optimal,15201,False,Wahlen & Gschwind (2023),10.1287/trsc.2023.1198
CBD,Traversal,30,100,22,16718,True,optimal,16718,False,Wahlen & Gschwind (2023),10.1287/trsc.2023.1198
CBD,Traversal,30,100,23,14715,True,optimal,14715,False,Wahlen & Gschwind (2023),10.1287/trsc.2023.1198
CBD,Traversal,30,100,24,15380,True,optimal,15380,False,Wahlen & Gschwind (2023),10.1287/trsc.2023.1198
CBD,Traversal,30,100,25,15655,True,optimal,15655,False,Wahlen & Gschwind (2023),10.1287/trsc.2023.1198
CBD,Traversal,30,100,26,15905,True,optimal,15905,False,Wahlen & Gschwind (2023),10.1287/trsc.2023.1198
CBD,Traversal,30,100,27,15040,True,optimal,15040,False,Wahlen & Gschwind (2023),10.1287/trsc.2023.1198
CBD,Traversal,30,100,28,15893,True,optimal,15893,False,Wahlen & Gschwind (2023),10.1287/trsc.2023.1198
CBD,Traversal,30,100,29,15158,True,optimal,15158,False,Wahlen & Gschwind (2023),10.1287/trsc.2023.1198
CBD,Traversal,30,100,30,16105,True,optimal,16105,False,Wahlen & Gschwind (2023),10.1287/trsc.2023.1198
CBD,Traversal,30,100,31,17986,True,optimal,17986,False,Wahlen & Gschwind (2023),10.1287/trsc.2023.1198
CBD,Traversal,30,100,32,14683,True,optimal,14683,False,Wahlen & Gschwind (2023),10.1287/trsc.2023.1198
CBD,Traversal,30,100,33,15057,True,optimal,15057,False,Wahlen & Gschwind (2023),10.1287/trsc.2023.1198
CBD,Traversal,30,100,34,15997,True,optimal,15997,False,Wahlen & Gschwind (2023),10.1287/trsc.2023.1198
CBD,Traversal,30,100,35,16511,True,optimal,16511,False,Wahlen & Gschwind (2023),10.1287/trsc.2023.1198
CBD,Traversal,30,100,36,14690,True,optimal,14690,False,Wahlen & Gschwind (2023),10.1287/trsc.2023.1198
CBD,Traversal,30,100,37,16867,True,optimal,16867,False,Wahlen & Gschwind (2023),10.1287/trsc.2023.1198
CBD,Traversal,30,100,38,17227,True,optimal,17227,False,Wahlen & Gschwind (2023),10.1287/trsc.2023.1198
CBD,Traversal,30,100,39,15923,True,optimal,15923,False,Wahlen & Gschwind (2023),10.1287/trsc.2023.1198
CBD,Traversal,45,20,0,2686,True,optimal,2686,False,Wahlen & Gschwind (2023),10.1287/trsc.2023.1198
CBD,Traversal,45,20,1,2092,True,optimal,2092,False,Wahlen & Gschwind (2023),10.1287/trsc.2023.1198
CBD,Traversal,45,20,2,2621,True,optimal,2621,False,Wahlen & Gschwind (2023),10.1287/trsc.2023.1198
CBD,Traversal,45,20,3,2530,True,optimal,2530,False,Wahlen & Gschwind (2023),10.1287/trsc.2023.1198
CBD,Traversal,45,20,4,2583,True,optimal,2583,False,Wahlen & Gschwind (2023),10.1287/trsc.2023.1198
CBD,Traversal,45,20,5,2824,True,optimal,2824,False,Wahlen & Gschwind (2023),10.1287/trsc.2023.1198
CBD,Traversal,45,20,6,2326,True,optimal,2326,False,Wahlen & Gschwind (2023),10.1287/trsc.2023.1198
CBD,Traversal,45,20,7,2064,True,optimal,2064,False,Wahlen & Gschwind (2023),10.1287/trsc.2023.1198
CBD,Traversal,45,20,8,2808,True,optimal,2808,False,Wahlen & Gschwind (2023),10.1287/trsc.2023.1198
CBD,Traversal,45,20,9,2343,True,optimal,2343,False,Wahlen & Gschwind (2023),10.1287/trsc.2023.1198
CBD,Traversal,45,20,10,2338,True,optimal,2338,False,Wahlen & Gschwind (2023),10.1287/trsc.2023.1198
CBD,Traversal,45,20,11,2882,True,optimal,2882,False,Wahlen & Gschwind (2023),10.1287/trsc.2023.1198
CBD,Traversal,45,20,12,2752,True,optimal,2752,False,Wahlen & Gschwind (2023),10.1287/trsc.2023.1198
CBD,Traversal,45,20,13,2420,True,optimal,2420,False,Wahlen & Gschwind (2023),10.1287/trsc.2023.1198
CBD,Traversal,45,20,14,2002,True,optimal,2002,False,Wahlen & Gschwind (2023),10.1287/trsc.2023.1198
CBD,Traversal,45,20,15,2041,True,optimal,2041,False,Wahlen & Gschwind (2023),10.1287/trsc.2023.1198
CBD,Traversal,45,20,16,2430,True,optimal,2430,False,Wahlen & Gschwind (2023),10.1287/trsc.2023.1198
CBD,Traversal,45,20,17,2315,True,optimal,2315,False,Wahlen & Gschwind (2023),10.1287/trsc.2023.1198
CBD,Traversal,45,20,18,2320,True,optimal,2320,False,Wahlen & Gschwind (2023),10.1287/trsc.2023.1198
CBD,Traversal,45,20,19,2209,True,optimal,2209,False,Wahlen & Gschwind (2023),10.1287/trsc.2023.1198
CBD,Traversal,45,20,20,2622,True,optimal,2622,False,Wahlen & Gschwind (2023),10.1287/trsc.2023.1198
CBD,Traversal,45,20,21,2539,True,optimal,2539,False,Wahlen & Gschwind (2023),10.1287/trsc.2023.1198
CBD,Traversal,45,20,22,2203,True,optimal,2203,False,Wahlen & Gschwind (2023),10.1287/trsc.2023.1198
CBD,Traversal,45,20,23,2022,True,optimal,2022,False,Wahlen & Gschwind (2023),10.1287/trsc.2023.1198
CBD,Traversal,45,20,24,2519,True,optimal,2519,False,Wahlen & Gschwind (2023),10.1287/trsc.2023.1198
CBD,Traversal,45,20,25,2148,True,optimal,2148,False,Wahlen & Gschwind (2023),10.1287/trsc.2023.1198
CBD,Traversal,45,20,26,2369,True,optimal,2369,False,Wahlen & Gschwind (2023),10.1287/trsc.2023.1198
CBD,Traversal,45,20,27,2189,True,optimal,2189,False,Wahlen & Gschwind (2023),10.1287/trsc.2023.1198
CBD,Traversal,45,20,28,2145,True,optimal,2145,False,Wahlen & Gschwind (2023),10.1287/trsc.2023.1198
CBD,Traversal,45,20,29,2242,True,optimal,2242,False,Wahlen & Gschwind (2023),10.1287/trsc.2023.1198
CBD,Traversal,45,20,30,2125,True,optimal,2125,False,Wahlen & Gschwind (2023),10.1287/trsc.2023.1198
CBD,Traversal,45,20,31,2499,True,optimal,2499,False,Wahlen & Gschwind (2023),10.1287/trsc.2023.1198
CBD,Traversal,45,20,32,2476,True,optimal,2476,False,Wahlen & Gschwind (2023),10.1287/trsc.2023.1198
CBD,Traversal,45,20,33,2798,True,optimal,2798,False,Wahlen & Gschwind (2023),10.1287/trsc.2023.1198
CBD,Traversal,45,20,34,2228,True,optimal,2228,False,Wahlen & Gschwind (2023),10.1287/trsc.2023.1198
CBD,Traversal,45,20,35,2215,True,optimal,2215,False,Wahlen & Gschwind (2023),10.1287/trsc.2023.1198
CBD,Traversal,45,20,36,2331,True,optimal,2331,False,Wahlen & Gschwind (2023),10.1287/trsc.2023.1198
CBD,Traversal,45,20,37,2265,True,optimal,2265,False,Wahlen & Gschwind (2023),10.1287/trsc.2023.1198
CBD,Traversal,45,20,38,2222,True,optimal,2222,False,Wahlen & Gschwind (2023),10.1287/trsc.2023.1198
CBD,Traversal,45,20,39,2472,True,optimal,2472,False,Wahlen & Gschwind (2023),10.1287/trsc.2023.1198
CBD,Traversal,45,30,0,3246,True,optimal,3246,False,Wahlen & Gschwind (2023),10.1287/trsc.2023.1198
CBD,Traversal,45,30,1,4147,True,optimal,4147,False,Wahlen & Gschwind (2023),10.1287/trsc.2023.1198
CBD,Traversal,45,30,2,3579,True,optimal,3579,False,Wahlen & Gschwind (2023),10.1287/trsc.2023.1198
CBD,Traversal,45,30,3,3180,True,optimal,3180,False,Wahlen & Gschwind (2023),10.1287/trsc.2023.1198
CBD,Traversal,45,30,4,3866,True,optimal,3866,False,Wahlen & Gschwind (2023),10.1287/trsc.2023.1198
CBD,Traversal,45,30,5,3659,True,optimal,3659,False,Wahlen & Gschwind (2023),10.1287/trsc.2023.1198
CBD,Traversal,45,30,6,3834,True,optimal,3834,False,Wahlen & Gschwind (2023),10.1287/trsc.2023.1198
CBD,Traversal,45,30,7,3873,True,optimal,3873,False,Wahlen & Gschwind (2023),10.1287/trsc.2023.1198
CBD,Traversal,45,30,8,3920,True,optimal,3920,False,Wahlen & Gschwind (2023),10.1287/trsc.2023.1198
CBD,Traversal,45,30,9,3365,True,optimal,3365,False,Wahlen & Gschwind (2023),10.1287/trsc.2023.1198
CBD,Traversal,45,30,10,3575,True,optimal,3575,False,Wahlen & Gschwind (2023),10.1287/trsc.2023.1198
CBD,Traversal,45,30,11,4060,True,optimal,4060,False,Wahlen & Gschwind (2023),10.1287/trsc.2023.1198
CBD,Traversal,45,30,12,3461,True,optimal,3461,False,Wahlen & Gschwind (2023),10.1287/trsc.2023.1198
CBD,Traversal,45,30,13,3580,True,optimal,3580,False,Wahlen & Gschwind (2023),10.1287/trsc.2023.1198
CBD,Traversal,45,30,14,2953,True,optimal,2953,False,Wahlen & Gschwind (2023),10.1287/trsc.2023.1198
CBD,Traversal,45,30,15,3835,True,optimal,3835,False,Wahlen & Gschwind (2023),10.1287/trsc.2023.1198
CBD,Traversal,45,30,16,3864,True,optimal,3864,False,Wahlen & Gschwind (2023),10.1287/trsc.2023.1198
CBD,Traversal,45,30,17,3675,True,optimal,3675,False,Wahlen & Gschwind (2023),10.1287/trsc.2023.1198
CBD,Traversal,45,30,18,3628,True,optimal,3628,False,Wahlen & Gschwind (2023),10.1287/trsc.2023.1198
CBD,Traversal,45,30,19,3569,True,optimal,3569,False,Wahlen & Gschwind (2023),10.1287/trsc.2023.1198
CBD,Traversal,45,30,20,3137,True,optimal,3137,False,Wahlen & Gschwind (2023),10.1287/trsc.2023.1198
CBD,Traversal,45,30,21,3869,True,optimal,3869,False,Wahlen & Gschwind (2023),10.1287/trsc.2023.1198
CBD,Traversal,45,30,22,4034,True,optimal,4034,False,Wahlen & Gschwind (2023),10.1287/trsc.2023.1198
CBD,Traversal,45,30,23,3720,True,optimal,3720,False,Wahlen & Gschwind (2023),10.1287/trsc.2023.1198
CBD,Traversal,45,30,24,3579,True,optimal,3579,False,Wahlen & Gschwind (2023),10.1287/trsc.2023.1198
CBD,Traversal,45,30,25,3908,True,optimal,3908,False,Wahlen & Gschwind (2023),10.1287/trsc.2023.1198
CBD,Traversal,45,30,26,3592,True,optimal,3592,False,Wahlen & Gschwind (2023),10.1287/trsc.2023.1198
CBD,Traversal,45,30,27,3426,True,optimal,3426,False,Wahlen & Gschwind (2023),10.1287/trsc.2023.1198
CBD,Traversal,45,30,28,3475,True,optimal,3475,False,Wahlen & Gschwind (2023),10.1287/trsc.2023.1198
CBD,Traversal,45,30,29,3525,True,optimal,3525,False,Wahlen & Gschwind (2023),10.1287/trsc.2023.1198
CBD,Traversal,45,30,30,3551,True,optimal,3551,False,Wahlen & Gschwind (2023),10.1287/trsc.2023.1198
CBD,Traversal,45,30,31,3411,True,optimal,3411,False,Wahlen & Gschwind (2023),10.1287/trsc.2023.1198
CBD,Traversal,45,30,32,3458,True,optimal,3458,False,Wahlen & Gschwind (2023),10.1287/trsc.2023.1198
CBD,Traversal,45,30,33,3534,True,optimal,3534,False,Wahlen & Gschwind (2023),10.1287/trsc.2023.1198
CBD,Traversal,45,30,34,3595,True,optimal,3595,False,Wahlen & Gschwind (2023),10.1287/trsc.2023.1198
CBD,Traversal,45,30,35,4069,True,optimal,4069,False,Wahlen & Gschwind (2023),10.1287/trsc.2023.1198
CBD,Traversal,45,30,36,3328,True,optimal,3328,False,Wahlen & Gschwind (2023),10.1287/trsc.2023.1198
CBD,Traversal,45,30,37,3184,True,optimal,3184,False,Wahlen & Gschwind (2023),10.1287/trsc.2023.1198
CBD,Traversal,45,30,38,3489,True,optimal,3489,False,Wahlen & Gschwind (2023),10.1287/trsc.2023.1198
CBD,Traversal,45,30,39,3245,True,optimal,3245,False,Wahlen & Gschwind (2023),10.1287/trsc.2023.1198
CBD,Traversal,45,40,0,4553,True,optimal,4553,False,Wahlen & Gschwind (2023),10.1287/trsc.2023.1198
CBD,Traversal,45,40,1,5229,True,optimal,5229,False,Wahlen & Gschwind (2023),10.1287/trsc.2023.1198
CBD,Traversal,45,40,2,5117,True,optimal,5117,False,Wahlen & Gschwind (2023),10.1287/trsc.2023.1198
CBD,Traversal,45,40,3,4787,True,optimal,4787,False,Wahlen & Gschwind (2023),10.1287/trsc.2023.1198
CBD,Traversal,45,40,4,4678,True,optimal,4678,False,Wahlen & Gschwind (2023),10.1287/trsc.2023.1198
CBD,Traversal,45,40,5,4253,True,optimal,4253,False,Wahlen & Gschwind (2023),10.1287/trsc.2023.1198
CBD,Traversal,45,40,6,4730,True,optimal,4730,False,Wahlen & Gschwind (2023),10.1287/trsc.2023.1198
CBD,Traversal,45,40,7,4122,True,optimal,4122,False,Wahlen & Gschwind (2023),10.1287/trsc.2023.1198
CBD,Traversal,45,40,8,4570,True,optimal,4570,False,Wahlen & Gschwind (2023),10.1287/trsc.2023.1198
CBD,Traversal,45,40,9,4220,True,optimal,4220,False,Wahlen & Gschwind (2023),10.1287/trsc.2023.1198
CBD,Traversal,45,40,10,4977,True,optimal,4977,False,Wahlen & Gschwind (2023),10.1287/trsc.2023.1198
CBD,Traversal,45,40,11,5060,True,optimal,5060,False,Wahlen & Gschwind (2023),10.1287/trsc.2023.1198
CBD,Traversal,45,40,12,4567,True,optimal,4567,False,Wahlen & Gschwind (2023),10.1287/trsc.2023.1198
CBD,Traversal,45,40,13,4612,True,optimal,4612,False,Wahlen & Gschwind (2023),10.1287/trsc.2023.1198
CBD,Traversal,45,40,14,4759,True,optimal,4759,False,Wahlen & Gschwind (2023),10.1287/trsc.2023.1198
CBD,Traversal,45,40,15,4971,True,optimal,4971,False,Wahlen & Gschwind (2023),10.1287/trsc.2023.1198
CBD,Traversal,45,40,16,4185,True,optimal,4185,False,Wahlen & Gschwind (2023),10.1287/trsc.2023.1198
CBD,Traversal,45,40,17,4289,True,optimal,4289,False,Wahlen & Gschwind (2023),10.1287/trsc.2023.1198
CBD,Traversal,45,40,18,4117,True,optimal,4117,False,Wahlen & Gschwind (2023),10.1287/trsc.2023.1198
CBD,Traversal,45,40,19,4102,True,optimal,4102,False,Wahlen & Gschwind (2023),10.1287/trsc.2023.1198
CBD,Traversal,45,40,20,4889,True,optimal,4889,False,Wahlen & Gschwind (2023),10.1287/trsc.2023.1198
CBD,Traversal,45,40,21,4716,True,optimal,4716,False,Wahlen & Gschwind (2023),10.1287/trsc.2023.1198
CBD,Traversal,45,40,22,4530,True,optimal,4530,False,Wahlen & Gschwind (2023),10.1287/trsc.2023.1198
CBD,Traversal,45,40,23,4257,True,optimal,4257,False,Wahlen & Gschwind (2023),10.1287/trsc.2023.1198
CBD,Traversal,45,40,24,4684,True,optimal,4684,False,Wahlen & Gschwind (2023),10.1287/trsc.2023.1198
CBD,Traversal,45,40,25,4430,True,optimal,4430,False,Wahlen & Gschwind (2023),10.1287/trsc.2023.1198
CBD,Traversal,45,40,26,5116,True,optimal,5116,False,Wahlen & Gschwind (2023),10.1287/trsc.2023.1198
CBD,Traversal,45,40,27,4245,True,optimal,4245,False,Wahlen & Gschwind (2023),10.1287/trsc.2023.1198
CBD,Traversal,45,40,28,4568,True,optimal,4568,False,Wahlen & Gschwind (2023),10.1287/trsc.2023.1198
CBD,Traversal,45,40,29,4783,True,optimal,4783,False,Wahlen & Gschwind (2023),10.1287/trsc.2023.1198
CBD,Traversal,45,40,30,4711,True,optimal,4711,False,Wahlen & Gschwind (2023),10.1287/trsc.2023.1198
CBD,Traversal,45,40,31,4859,True,optimal,4859,False,Wahlen & Gschwind (2023),10.1287/trsc.2023.1198
CBD,Traversal,45,40,32,4298,True,optimal,4298,False,Wahlen & Gschwind (2023),10.1287/trsc.2023.1198
CBD,Traversal,45,40,33,4145,True,optimal,4145,False,Wahlen & Gschwind (2023),10.1287/trsc.2023.1198
CBD,Traversal,45,40,34,4661,True,optimal,4661,False,Wahlen & Gschwind (2023),10.1287/trsc.2023.1198
CBD,Traversal,45,40,35,4233,True,optimal,4233,False,Wahlen & Gschwind (2023),10.1287/trsc.2023.1198
CBD,Traversal,45,40,36,5092,True,optimal,5092,False,Wahlen & Gschwind (2023),10.1287/trsc.2023.1198
CBD,Traversal,45,40,37,4701,True,optimal,4701,False,Wahlen & Gschwind (2023),10.1287/trsc.2023.1198
CBD,Traversal,45,40,38,4858,True,optimal,4858,False,Wahlen & Gschwind (2023),10.1287/trsc.2023.1198
CBD,Traversal,45,40,39,5196,True,optimal,5196,False,Wahlen & Gschwind (2023),10.1287/trsc.2023.1198
CBD,Traversal,45,50,0,5615,True,optimal,5615,False,Wahlen & Gschwind (2023),10.1287/trsc.2023.1198
CBD,Traversal,45,50,1,5731,True,optimal,5731,False,Wahlen & Gschwind (2023),10.1287/trsc.2023.1198
CBD,Traversal,45,50,2,6651,True,optimal,6651,False,Wahlen & Gschwind (2023),10.1287/trsc.2023.1198
CBD,Traversal,45,50,3,6211,True,optimal,6211,False,Wahlen & Gschwind (2023),10.1287/trsc.2023.1198
CBD,Traversal,45,50,4,5543,True,optimal,5543,False,Wahlen & Gschwind (2023),10.1287/trsc.2023.1198
CBD,Traversal,45,50,5,6014,True,optimal,6014,False,Wahlen & Gschwind (2023),10.1287/trsc.2023.1198
CBD,Traversal,45,50,6,5931,True,optimal,5931,False,Wahlen & Gschwind (2023),10.1287/trsc.2023.1198
CBD,Traversal,45,50,7,6239,True,optimal,6239,False,Wahlen & Gschwind (2023),10.1287/trsc.2023.1198
CBD,Traversal,45,50,8,5868,True,optimal,5868,False,Wahlen & Gschwind (2023),10.1287/trsc.2023.1198
CBD,Traversal,45,50,9,6300,True,optimal,6300,False,Wahlen & Gschwind (2023),10.1287/trsc.2023.1198
CBD,Traversal,45,50,10,6362,True,optimal,6362,False,Wahlen & Gschwind (2023),10.1287/trsc.2023.1198
CBD,Traversal,45,50,11,6026,True,optimal,6026,False,Wahlen & Gschwind (2023),10.1287/trsc.2023.1198
CBD,Traversal,45,50,12,5364,True,optimal,5364,False,Wahlen & Gschwind (2023),10.1287/trsc.2023.1198
CBD,Traversal,45,50,13,5405,True,optimal,5405,False,Wahlen & Gschwind (2023),10.1287/trsc.2023.1198
CBD,Traversal,45,50,14,5166,True,optimal,5166,False,Wahlen & Gschwind (2023),10.1287/trsc.2023.1198
CBD,Traversal,45,50,15,5507,True,optimal,5507,False,Wahlen & Gschwind (2023),10.1287/trsc.2023.1198
CBD,Traversal,45,50,16,5613,True,optimal,5613,False,Wahlen & Gschwind (2023),10.1287/trsc.2023.1198
CBD,Traversal,45,50,17,5848,True,optimal,5848,False,Wahlen & Gschwind (2023),10.1287/trsc.2023.1198
CBD,Traversal,45,50,18,5580,True,optimal,5580,False,Wahlen & Gschwind (2023),10.1287/trsc.2023.1198
CBD,Traversal,45,50,19,5753,True,optimal,5753,False,Wahlen & Gschwind (2023),10.1287/trsc.2023.1198
CBD,Traversal,45,50,20,5824,True,optimal,5824,False,Wahlen & Gschwind (2023),10.1287/trsc.2023.1198
CBD,Traversal,45,50,21,6060,True,optimal,6060,False,Wahlen & Gschwind (2023),10.1287/trsc.2023.1198
CBD,Traversal,45,50,22,5791,True,optimal,5791,False,Wahlen & Gschwind (2023),10.1287/trsc.2023.1198
CBD,Traversal,45,50,23,5518,True,optimal,5518,False,Wahlen & Gschwind (2023),10.1287/trsc.2023.1198
CBD,Traversal,45,50,24,5286,True,optimal,5286,False,Wahlen & Gschwind (2023),10.1287/trsc.2023.1198
CBD,Traversal,45,50,25,5594,True,optimal,5594,False,Wahlen & Gschwind (2023),10.1287/trsc.2023.1198
CBD,Traversal,45,50,26,5747,True,optimal,5747,False,Wahlen & Gschwind (2023),10.1287/trsc.2023.1198
CBD,Traversal,45,50,27,5549,True,optimal,5549,False,Wahlen & Gschwind (2023),10.1287/trsc.2023.1198
CBD,Traversal,45,50,28,5384,True,optimal,5384,False,Wahlen & Gschwind (2023),10.1287/trsc.2023.1198
CBD,Traversal,45,50,29,5317,True,optimal,5317,False,Wahlen & Gschwind (2023),10.1287/trsc.2023.1198
CBD,Traversal,45,50,30,5334,True,optimal,5334,False,Wahlen & Gschwind (2023),10.1287/trsc.2023.1198
CBD,Traversal,45,50,31,5252,True,optimal,5252,False,Wahlen & Gschwind (2023),10.1287/trsc.2023.1198
CBD,Traversal,45,50,32,5622,True,optimal,5622,False,Wahlen & Gschwind (2023),10.1287/trsc.2023.1198
CBD,Traversal,45,50,33,6036,True,optimal,6036,False,Wahlen & Gschwind (2023),10.1287/trsc.2023.1198
CBD,Traversal,45,50,34,5534,True,optimal,5534,False,Wahlen & Gschwind (2023),10.1287/trsc.2023.1198
CBD,Traversal,45,50,35,5753,True,optimal,5753,False,Wahlen & Gschwind (2023),10.1287/trsc.2023.1198
CBD,Traversal,45,50,36,5906,True,optimal,5906,False,Wahlen & Gschwind (2023),10.1287/trsc.2023.1198
CBD,Traversal,45,50,37,5811,True,optimal,5811,False,Wahlen & Gschwind (2023),10.1287/trsc.2023.1198
CBD,Traversal,45,50,38,5632,True,optimal,5632,False,Wahlen & Gschwind (2023),10.1287/trsc.2023.1198
CBD,Traversal,45,50,39,5345,True,optimal,5345,False,Wahlen & Gschwind (2023),10.1287/trsc.2023.1198
CBD,Traversal,45,60,0,7088,True,optimal,7088,False,Wahlen & Gschwind (2023),10.1287/trsc.2023.1198
CBD,Traversal,45,60,1,6478,True,optimal,6478,False,Wahlen & Gschwind (2023),10.1287/trsc.2023.1198
CBD,Traversal,45,60,2,5425,True,optimal,5425,False,Wahlen & Gschwind (2023),10.1287/trsc.2023.1198
CBD,Traversal,45,60,3,6114,True,optimal,6114,False,Wahlen & Gschwind (2023),10.1287/trsc.2023.1198
CBD,Traversal,45,60,4,6525,True,optimal,6525,False,Wahlen & Gschwind (2023),10.1287/trsc.2023.1198
CBD,Traversal,45,60,5,6689,True,optimal,6689,False,Wahlen & Gschwind (2023),10.1287/trsc.2023.1198
CBD,Traversal,45,60,6,6982,True,optimal,6982,False,Wahlen & Gschwind (2023),10.1287/trsc.2023.1198
CBD,Traversal,45,60,7,6782,True,optimal,6782,False,Wahlen & Gschwind (2023),10.1287/trsc.2023.1198
CBD,Traversal,45,60,8,7571,True,optimal,7571,False,Wahlen & Gschwind (2023),10.1287/trsc.2023.1198
CBD,Traversal,45,60,9,7068,True,optimal,7068,False,Wahlen & Gschwind (2023),10.1287/trsc.2023.1198
CBD,Traversal,45,60,10,6357,True,optimal,6357,False,Wahlen & Gschwind (2023),10.1287/trsc.2023.1198
CBD,Traversal,45,60,11,7079,True,optimal,7079,False,Wahlen & Gschwind (2023),10.1287/trsc.2023.1198
CBD,Traversal,45,60,12,6865,True,optimal,6865,False,Wahlen & Gschwind (2023),10.1287/trsc.2023.1198
CBD,Traversal,45,60,13,6530,True,optimal,6530,False,Wahlen & Gschwind (2023),10.1287/trsc.2023.1198
CBD,Traversal,45,60,14,7089,True,optimal,7089,False,Wahlen & Gschwind (2023),10.1287/trsc.2023.1198
CBD,Traversal,45,60,15,6097,True,optimal,6097,False,Wahlen & Gschwind (2023),10.1287/trsc.2023.1198
CBD,Traversal,45,60,16,6249,True,optimal,6249,False,Wahlen & Gschwind (2023),10.1287/trsc.2023.1198
CBD,Traversal,45,60,17,6573,True,optimal,6573,False,Wahlen & Gschwind (2023),10.1287/trsc.2023.1198
CBD,Traversal,45,60,18,7023,True,optimal,7023,False,Wahlen & Gschwind (2023),10.1287/trsc.2023.1198
CBD,Traversal,45,60,19,6768,True,optimal,6768,False,Wahlen & Gschwind (2023),10.1287/trsc.2023.1198
CBD,Traversal,45,60,20,6523,True,optimal,6523,False,Wahlen & Gschwind (2023),10.1287/trsc.2023.1198
CBD,Traversal,45,60,21,6784,True,optimal,6784,False,Wahlen & Gschwind (2023),10.1287/trsc.2023.1198
CBD,Traversal,45,60,22,7089,True,optimal,7089,False,Wahlen & Gschwind (2023),10.1287/trsc.2023.1198
CBD,Traversal,45,60,23,6275,True,optimal,6275,False,Wahlen & Gschwind (2023),10.1287/trsc.2023.1198
CBD,Traversal,45,60,24,6955,True,optimal,6955,False,Wahlen & Gschwind (2023),10.1287/trsc.2023.1198
CBD,Traversal,45,60,25,7063,True,optimal,7063,False,Wahlen & Gschwind (2023),10.1287/trsc.2023.1198
CBD,Traversal,45,60,26,7012,True,optimal,7012,False,Wahlen & Gschwind (2023),10.1287/trsc.2023.1198
CBD,Traversal,45,60,27,6841,True,optimal,6841,False,Wahlen & Gschwind (2023),10.1287/trsc.2023.1198
CBD,Traversal,45,60,28,6541,True,optimal,6541,False,Wahlen & Gschwind (2023),10.1287/trsc.2023.1198
CBD,Traversal,45,60,29,5821,True,optimal,5821,False,Wahlen & Gschwind (2023),10.1287/trsc.2023.1198
CBD,Traversal,45,60,30,7217,True,optimal,7217,False,Wahlen & Gschwind (2023),10.1287/trsc.2023.1198
CBD,Traversal,45,60,31,6502,True,optimal,6502,False,Wahlen & Gschwind (2023),10.1287/trsc.2023.1198
CBD,Traversal,45,60,32,7104,True,optimal,7104,False,Wahlen & Gschwind (2023),10.1287/trsc.2023.1198
CBD,Traversal,45,60,33,7131,True,optimal,7131,False,Wahlen & Gschwind (2023),10.1287/trsc.2023.1198
CBD,Traversal,45,60,34,6874,True,optimal,6874,False,Wahlen & Gschwind (2023),10.1287/trsc.2023.1198
CBD,Traversal,45,60,35,6593,True,optimal,6593,False,Wahlen & Gschwind (2023),10.1287/trsc.2023.1198
CBD,Traversal,45,60,36,6783,True,optimal,6783,False,Wahlen & Gschwind (2023),10.1287/trsc.2023.1198
CBD,Traversal,45,60,37,5774,True,optimal,5774,False,Wahlen & Gschwind (2023),10.1287/trsc.2023.1198
CBD,Traversal,45,60,38,6868,True,optimal,6868,False,Wahlen & Gschwind (2023),10.1287/trsc.2023.1198
CBD,Traversal,45,60,39,6416,True,optimal,6416,False,Wahlen & Gschwind (2023),10.1287/trsc.2023.1198
CBD,Traversal,45,70,0,6801,True,optimal,6801,False,Wahlen & Gschwind (2023),10.1287/trsc.2023.1198
CBD,Traversal,45,70,1,8435,True,optimal,8435,False,Wahlen & Gschwind (2023),10.1287/trsc.2023.1198
CBD,Traversal,45,70,2,8507,True,optimal,8507,False,Wahlen & Gschwind (2023),10.1287/trsc.2023.1198
CBD,Traversal,45,70,3,7713,True,optimal,7713,False,Wahlen & Gschwind (2023),10.1287/trsc.2023.1198
CBD,Traversal,45,70,4,8278,True,optimal,8278,False,Wahlen & Gschwind (2023),10.1287/trsc.2023.1198
CBD,Traversal,45,70,5,7797,True,optimal,7797,False,Wahlen & Gschwind (2023),10.1287/trsc.2023.1198
CBD,Traversal,45,70,6,7953,True,optimal,7953,False,Wahlen & Gschwind (2023),10.1287/trsc.2023.1198
CBD,Traversal,45,70,7,7774,True,optimal,7774,False,Wahlen & Gschwind (2023),10.1287/trsc.2023.1198
CBD,Traversal,45,70,8,7635,True,optimal,7635,False,Wahlen & Gschwind (2023),10.1287/trsc.2023.1198
CBD,Traversal,45,70,9,7996,True,optimal,7996,False,Wahlen & Gschwind (2023),10.1287/trsc.2023.1198
CBD,Traversal,45,70,10,8339,True,optimal,8339,False,Wahlen & Gschwind (2023),10.1287/trsc.2023.1198
CBD,Traversal,45,70,11,8116,True,optimal,8116,False,Wahlen & Gschwind (2023),10.1287/trsc.2023.1198
CBD,Traversal,45,70,12,7984,True,optimal,7984,False,Wahlen & Gschwind (2023),10.1287/trsc.2023.1198
CBD,Traversal,45,70,13,7462,True,optimal,7462,False,Wahlen & Gschwind (2023),10.1287/trsc.2023.1198
CBD,Traversal,45,70,14,8526,True,optimal,8526,False,Wahlen & Gschwind (2023),10.1287/trsc.2023.1198
CBD,Traversal,45,70,15,7889,True,optimal,7889,False,Wahlen & Gschwind (2023),10.1287/trsc.2023.1198
CBD,Traversal,45,70,16,8293,True,optimal,8293,False,Wahlen & Gschwind (2023),10.1287/trsc.2023.1198
CBD,Traversal,45,70,17,7545,True,optimal,7545,False,Wahlen & Gschwind (2023),10.1287/trsc.2023.1198
CBD,Traversal,45,70,18,8174,True,optimal,8174,False,Wahlen & Gschwind (2023),10.1287/trsc.2023.1198
CBD,Traversal,45,70,19,7673,True,optimal,7673,False,Wahlen & Gschwind (2023),10.1287/trsc.2023.1198
CBD,Traversal,45,70,20,7740,True,optimal,7740,False,Wahlen & Gschwind (2023),10.1287/trsc.2023.1198
CBD,Traversal,45,70,21,7933,True,optimal,7933,False,Wahlen & Gschwind (2023),10.1287/trsc.2023.1198
CBD,Traversal,45,70,22,7528,True,optimal,7528,False,Wahlen & Gschwind (2023),10.1287/trsc.2023.1198
CBD,Traversal,45,70,23,7702,True,optimal,7702,False,Wahlen & Gschwind (2023),10.1287/trsc.2023.1198
CBD,Traversal,45,70,24,7954,True,optimal,7954,False,Wahlen & Gschwind (2023),10.1287/trsc.2023.1198
CBD,Traversal,45,70,25,8059,True,optimal,8059,False,Wahlen & Gschwind (2023),10.1287/trsc.2023.1198
CBD,Traversal,45,70,26,7972,True,optimal,7972,False,Wahlen & Gschwind (2023),10.1287/trsc.2023.1198
CBD,Traversal,45,70,27,8088,True,optimal,8088,False,Wahlen & Gschwind (2023),10.1287/trsc.2023.1198
CBD,Traversal,45,70,28,7405,True,optimal,7405,False,Wahlen & Gschwind (2023),10.1287/trsc.2023.1198
CBD,Traversal,45,70,29,7772,True,optimal,7772,False,Wahlen & Gschwind (2023),10.1287/trsc.2023.1198
CBD,Traversal,45,70,30,7800,True,optimal,7800,False,Wahlen & Gschwind (2023),10.1287/trsc.2023.1198
CBD,Traversal,45,70,31,7975,True,optimal,7975,False,Wahlen & Gschwind (2023),10.1287/trsc.2023.1198
CBD,Traversal,45,70,32,7359,True,optimal,7359,False,Wahlen & Gschwind (2023),10.1287/trsc.2023.1198
CBD,Traversal,45,70,33,8158,True,optimal,8158,False,Wahlen & Gschwind (2023),10.1287/trsc.2023.1198
CBD,Traversal,45,70,34,6889,True,optimal,6889,False,Wahlen & Gschwind (2023),10.1287/trsc.2023.1198
CBD,Traversal,45,70,35,7790,True,optimal,7790,False,Wahlen & Gschwind (2023),10.1287/trsc.2023.1198
CBD,Traversal,45,70,36,7396,True,optimal,7396,False,Wahlen & Gschwind (2023),10.1287/trsc.2023.1198
CBD,Traversal,45,70,37,7620,True,optimal,7620,False,Wahlen & Gschwind (2023),10.1287/trsc.2023.1198
CBD,Traversal,45,70,38,8151,True,optimal,8151,False,Wahlen & Gschwind (2023),10.1287/trsc.2023.1198
CBD,Traversal,45,70,39,8526,True,optimal,8526,False,Wahlen & Gschwind (2023),10.1287/trsc.2023.1198
CBD,Traversal,45,80,0,9969,True,optimal,9969,False,Wahlen & Gschwind (2023),10.1287/trsc.2023.1198
CBD,Traversal,45,80,1,9151,True,optimal,9151,False,Wahlen & Gschwind (2023),10.1287/trsc.2023.1198
CBD,Traversal,45,80,2,8866,True,optimal,8866,False,Wahlen & Gschwind (2023),10.1287/trsc.2023.1198
CBD,Traversal,45,80,3,8846,True,optimal,8846,False,Wahlen & Gschwind (2023),10.1287/trsc.2023.1198
CBD,Traversal,45,80,4,8636,True,optimal,8636,False,Wahlen & Gschwind (2023),10.1287/trsc.2023.1198
CBD,Traversal,45,80,5,8570,True,optimal,8570,False,Wahlen & Gschwind (2023),10.1287/trsc.2023.1198
CBD,Traversal,45,80,6,9560,True,optimal,9560,False,Wahlen & Gschwind (2023),10.1287/trsc.2023.1198
CBD,Traversal,45,80,7,9501,True,optimal,9501,False,Wahlen & Gschwind (2023),10.1287/trsc.2023.1198
CBD,Traversal,45,80,8,7993,True,optimal,7993,False,Wahlen & Gschwind (2023),10.1287/trsc.2023.1198
CBD,Traversal,45,80,9,9831,True,optimal,9831,False,Wahlen & Gschwind (2023),10.1287/trsc.2023.1198
CBD,Traversal,45,80,10,8928,True,optimal,8928,False,Wahlen & Gschwind (2023),10.1287/trsc.2023.1198
CBD,Traversal,45,80,11,9576,True,optimal,9576,False,Wahlen & Gschwind (2023),10.1287/trsc.2023.1198
CBD,Traversal,45,80,12,9043,True,optimal,9043,False,Wahlen & Gschwind (2023),10.1287/trsc.2023.1198
CBD,Traversal,45,80,13,9937,True,optimal,9937,False,Wahlen & Gschwind (2023),10.1287/trsc.2023.1198
CBD,Traversal,45,80,14,8467,True,optimal,8467,False,Wahlen & Gschwind (2023),10.1287/trsc.2023.1198
CBD,Traversal,45,80,15,9158,True,optimal,9158,False,Wahlen & Gschwind (2023),10.1287/trsc.2023.1198
CBD,Traversal,45,80,16,9057,True,optimal,9057,False,Wahlen & Gschwind (2023),10.1287/trsc.2023.1198
CBD,Traversal,45,80,17,8434,True,optimal,8434,False,Wahlen & Gschwind (2023),10.1287/trsc.2023.1198
CBD,Traversal,45,80,18,8617,True,optimal,8617,False,Wahlen & Gschwind (2023),10.1287/trsc.2023.1198
CBD,Traversal,45,80,19,8491,True,optimal,8491,False,Wahlen & Gschwind (2023),10.1287/trsc.2023.1198
CBD,Traversal,45,80,20,8482,True,optimal,8482,False,Wahlen & Gschwind (2023),10.1287/trsc.2023.1198
CBD,Traversal,45,80,21,10068,True,optimal,10068,False,Wahlen & Gschwind (2023),10.1287/trsc.2023.1198
CBD,Traversal,45,80,22,8897,True,optimal,8897,False,Wahlen & Gschwind (2023),10.1287/trsc.2023.1198
CBD,Traversal,45,80,23,8463,True,optimal,8463,False,Wahlen & Gschwind (2023),10.1287/trsc.2023.1198
CBD,Traversal,45,80,24,8049,True,optimal,8049,False,Wahlen & Gschwind (2023),10.1287/trsc.2023.1198
CBD,Traversal,45,80,25,9082,True,optimal,9082,False,Wahlen & Gschwind (2023),10.1287/trsc.2023.1198
CBD,Traversal,45,80,26,9067,True,optimal,9067,False,Wahlen & Gschwind (2023),10.1287/trsc.2023.1198
CBD,Traversal,45,80,27,8535,True,optimal,8535,False,Wahlen & Gschwind (2023),10.1287/trsc.2023.1198
CBD,Traversal,45,80,28,8874,True,optimal,8874,False,Wahlen & Gschwind (2023),10.1287/trsc.2023.1198
CBD,Traversal,45,80,29,9169,True,optimal,9169,False,Wahlen & Gschwind (2023),10.1287/trsc.2023.1198
CBD,Traversal,45,80,30,9049,True,optimal,9049,False,Wahlen & Gschwind (2023),10.1287/trsc.2023.1198
CBD,Traversal,45,80,31,8779,True,optimal,8779,False,Wahlen & Gschwind (2023),10.1287/trsc.2023.1198
CBD,Traversal,45,80,32,8722,True,optimal,8722,False,Wahlen & Gschwind (2023),10.1287/trsc.2023.1198
CBD,Traversal,45,80,33,8546,True,optimal,8546,False,Wahlen & Gschwind (2023),10.1287/trsc.2023.1198
CBD,Traversal,45,80,34,7643,True,optimal,7643,False,Wahlen & Gschwind (2023),10.1287/trsc.2023.1198
CBD,Traversal,45,80,35,9007,True,optimal,9007,False,Wahlen & Gschwind (2023),10.1287/trsc.2023.1198
CBD,Traversal,45,80,36,8453,True,optimal,8453,False,Wahlen & Gschwind (2023),10.1287/trsc.2023.1198
CBD,Traversal,45,80,37,8380,True,optimal,8380,False,Wahlen & Gschwind (2023),10.1287/trsc.2023.1198
CBD,Traversal,45,80,38,8754,True,optimal,8754,False,Wahlen & Gschwind (2023),10.1287/trsc.2023.1198
CBD,Traversal,45,80,39,8642,True,optimal,8642,False,Wahlen & Gschwind (2023),10.1287/trsc.2023.1198
CBD,Traversal,45,90,0,10017,False,optimal,10017,False,Wahlen & Gschwind (2023),10.1287/trsc.2023.1198
CBD,Traversal,45,90,1,10730,True,optimal,10730,False,Wahlen & Gschwind (2023),10.1287/trsc.2023.1198
CBD,Traversal,45,90,2,9635,True,optimal,9635,False,Wahlen & Gschwind (2023),10.1287/trsc.2023.1198
CBD,Traversal,45,90,3,10285,True,optimal,10285,False,Wahlen & Gschwind (2023),10.1287/trsc.2023.1198
CBD,Traversal,45,90,4,9196,True,optimal,9196,False,Wahlen & Gschwind (2023),10.1287/trsc.2023.1198
CBD,Traversal,45,90,5,10069,True,optimal,10069,False,Wahlen & Gschwind (2023),10.1287/trsc.2023.1198
CBD,Traversal,45,90,6,10526,True,optimal,10526,False,Wahlen & Gschwind (2023),10.1287/trsc.2023.1198
CBD,Traversal,45,90,7,10133,True,optimal,10133,False,Wahlen & Gschwind (2023),10.1287/trsc.2023.1198
CBD,Traversal,45,90,8,9910,True,optimal,9910,False,Wahlen & Gschwind (2023),10.1287/trsc.2023.1198
CBD,Traversal,45,90,9,10043,True,optimal,10043,False,Wahlen & Gschwind (2023),10.1287/trsc.2023.1198
CBD,Traversal,45,90,10,10322,True,optimal,10322,False,Wahlen & Gschwind (2023),10.1287/trsc.2023.1198
CBD,Traversal,45,90,11,9588,True,optimal,9588,False,Wahlen & Gschwind (2023),10.1287/trsc.2023.1198
CBD,Traversal,45,90,12,11018,True,optimal,11018,False,Wahlen & Gschwind (2023),10.1287/trsc.2023.1198
CBD,Traversal,45,90,13,10178,True,optimal,10178,False,Wahlen & Gschwind (2023),10.1287/trsc.2023.1198
CBD,Traversal,45,90,14,10413,True,optimal,10413,False,Wahlen & Gschwind (2023),10.1287/trsc.2023.1198
CBD,Traversal,45,90,15,8842,True,optimal,8842,False,Wahlen & Gschwind (2023),10.1287/trsc.2023.1198
CBD,Traversal,45,90,16,9388,True,optimal,9388,False,Wahlen & Gschwind (2023),10.1287/trsc.2023.1198
CBD,Traversal,45,90,17,10038,True,optimal,10038,False,Wahlen & Gschwind (2023),10.1287/trsc.2023.1198
CBD,Traversal,45,90,18,10068,True,optimal,10068,False,Wahlen & Gschwind (2023),10.1287/trsc.2023.1198
CBD,Traversal,45,90,19,10159,True,optimal,10159,False,Wahlen & Gschwind (2023),10.1287/trsc.2023.1198
CBD,Traversal,45,90,20,9637,True,optimal,9637,False,Wahlen & Gschwind (2023),10.1287/trsc.2023.1198
CBD,Traversal,45,90,21,9750,True,optimal,9750,False,Wahlen & Gschwind (2023),10.1287/trsc.2023.1198
CBD,Traversal,45,90,22,9755,True,optimal,9755,False,Wahlen & Gschwind (2023),10.1287/trsc.2023.1198
CBD,Traversal,45,90,23,10282,True,optimal,10282,False,Wahlen & Gschwind (2023),10.1287/trsc.2023.1198
CBD,Traversal,45,90,24,9425,True,optimal,9425,False,Wahlen & Gschwind (2023),10.1287/trsc.2023.1198
CBD,Traversal,45,90,25,9865,True,optimal,9865,False,Wahlen & Gschwind (2023),10.1287/trsc.2023.1198
CBD,Traversal,45,90,26,9574,True,optimal,9574,False,Wahlen & Gschwind (2023),10.1287/trsc.2023.1198
CBD,Traversal,45,90,27,9764,True,optimal,9764,False,Wahlen & Gschwind (2023),10.1287/trsc.2023.1198
CBD,Traversal,45,90,28,10301,True,optimal,10301,False,Wahlen & Gschwind (2023),10.1287/trsc.2023.1198
CBD,Traversal,45,90,29,10401,True,optimal,10401,False,Wahlen & Gschwind (2023),10.1287/trsc.2023.1198
CBD,Traversal,45,90,30,9956,True,optimal,9956,False,Wahlen & Gschwind (2023),10.1287/trsc.2023.1198
CBD,Traversal,45,90,31,10139,True,optimal,10139,False,Wahlen & Gschwind (2023),10.1287/trsc.2023.1198
CBD,Traversal,45,90,32,9624,True,optimal,9624,False,Wahlen & Gschwind (2023),10.1287/trsc.2023.1198
CBD,Traversal,45,90,33,10434,True,optimal,10434,False,Wahlen & Gschwind (2023),10.1287/trsc.2023.1198
CBD,Traversal,45,90,34,10655,True,optimal,10655,False,Wahlen & Gschwind (2023),10.1287/trsc.2023.1198
CBD,Traversal,45,90,35,10453,True,optimal,10453,False,Wahlen & Gschwind (2023),10.1287/trsc.2023.1198
CBD,Traversal,45,90,36,9865,True,optimal,9865,False,Wahlen & Gschwind (2023),10.1287/trsc.2023.1198
CBD,Traversal,45,90,37,9177,True,optimal,9177,False,Wahlen & Gschwind (2023),10.1287/trsc.2023.1198
CBD,Traversal,45,90,38,9610,True,optimal,9610,False,Wahlen & Gschwind (2023),10.1287/trsc.2023.1198
CBD,Traversal,45,90,39,9346,True,optimal,9346,False,Wahlen & Gschwind (2023),10.1287/trsc.2023.1198
CBD,Traversal,45,100,0,10126,True,optimal,10126,False,Wahlen & Gschwind (2023),10.1287/trsc.2023.1198
CBD,Traversal,45,100,1,11557,True,optimal,11557,False,Wahlen & Gschwind (2023),10.1287/trsc.2023.1198
CBD,Traversal,45,100,2,11196,True,optimal,11196,False,Wahlen & Gschwind (2023),10.1287/trsc.2023.1198
CBD,Traversal,45,100,3,11800,True,optimal,11800,False,Wahlen & Gschwind (2023),10.1287/trsc.2023.1198
CBD,Traversal,45,100,4,10555,True,optimal,10555,False,Wahlen & Gschwind (2023),10.1287/trsc.2023.1198
CBD,Traversal,45,100,5,10689,False,optimal,10689,False,Wahlen & Gschwind (2023),10.1287/trsc.2023.1198
CBD,Traversal,45,100,6,11081,True,optimal,11081,False,Wahlen & Gschwind (2023),10.1287/trsc.2023.1198
CBD,Traversal,45,100,7,10426,True,optimal,10426,False,Wahlen & Gschwind (2023),10.1287/trsc.2023.1198
CBD,Traversal,45,100,8,10993,True,optimal,10993,False,Wahlen & Gschwind (2023),10.1287/trsc.2023.1198
CBD,Traversal,45,100,9,10293,True,optimal,10293,False,Wahlen & Gschwind (2023),10.1287/trsc.2023.1198
CBD,Traversal,45,100,10,10415,True,optimal,10415,False,Wahlen & Gschwind (2023),10.1287/trsc.2023.1198
CBD,Traversal,45,100,11,11288,True,optimal,11288,False,Wahlen & Gschwind (2023),10.1287/trsc.2023.1198
CBD,Traversal,45,100,12,10113,True,optimal,10113,False,Wahlen & Gschwind (2023),10.1287/trsc.2023.1198
CBD,Traversal,45,100,13,10180,True,optimal,10180,False,Wahlen & Gschwind (2023),10.1287/trsc.2023.1198
CBD,Traversal,45,100,14,10855,True,optimal,10855,False,Wahlen & Gschwind (2023),10.1287/trsc.2023.1198
CBD,Traversal,45,100,15,10496,True,optimal,10496,False,Wahlen & Gschwind (2023),10.1287/trsc.2023.1198
CBD,Traversal,45,100,16,10520,True,optimal,10520,False,Wahlen & Gschwind (2023),10.1287/trsc.2023.1198
CBD,Traversal,45,100,17,11266,True,optimal,11266,False,Wahlen & Gschwind (2023),10.1287/trsc.2023.1198
CBD,Traversal,45,100,18,11052,True,optimal,11052,False,Wahlen & Gschwind (2023),10.1287/trsc.2023.1198
CBD,Traversal,45,100,19,11351,True,optimal,11351,False,Wahlen & Gschwind (2023),10.1287/trsc.2023.1198
CBD,Traversal,45,100,20,11400,True,optimal,11400,False,Wahlen & Gschwind (2023),10.1287/trsc.2023.1198
CBD,Traversal,45,100,21,11013,True,optimal,11013,False,Wahlen & Gschwind (2023),10.1287/trsc.2023.1198
CBD,Traversal,45,100,22,10211,True,optimal,10211,False,Wahlen & Gschwind (2023),10.1287/trsc.2023.1198
CBD,Traversal,45,100,23,10998,True,optimal,10998,False,Wahlen & Gschwind (2023),10.1287/trsc.2023.1198
CBD,Traversal,45,100,24,10428,True,optimal,10428,False,Wahlen & Gschwind (2023),10.1287/trsc.2023.1198
CBD,Traversal,45,100,25,11382,True,optimal,11382,False,Wahlen & Gschwind (2023),10.1287/trsc.2023.1198
CBD,Traversal,45,100,26,11608,True,optimal,11608,False,Wahlen & Gschwind (2023),10.1287/trsc.2023.1198
CBD,Traversal,45,100,27,10222,True,optimal,10222,False,Wahlen & Gschwind (2023),10.1287/trsc.2023.1198
CBD,Traversal,45,100,28,10347,True,optimal,10347,False,Wahlen & Gschwind (2023),10.1287/trsc.2023.1198
CBD,Traversal,45,100,29,10890,True,optimal,10890,False,Wahlen & Gschwind (2023),10.1287/trsc.2023.1198
CBD,Traversal,45,100,30,11827,True,optimal,11827,False,Wahlen & Gschwind (2023),10.1287/trsc.2023.1198
CBD,Traversal,45,100,31,11180,True,optimal,11180,False,Wahlen & Gschwind (2023),10.1287/trsc.2023.1198
CBD,Traversal,45,100,32,10956,True,optimal,10956,False,Wahlen & Gschwind (2023),10.1287/trsc.2023.1198
CBD,Traversal,45,100,33,11099,True,optimal,11099,False,Wahlen & Gschwind (2023),10.1287/trsc.2023.1198
CBD,Traversal,45,100,34,10725,True,optimal,10725,False,Wahlen & Gschwind (2023),10.1287/trsc.2023.1198
CBD,Traversal,45,100,35,11320,True,optimal,11320,False,Wahlen & Gschwind (2023),10.1287/trsc.2023.1198
CBD,Traversal,45,100,36,10272,True,optimal,10272,False,Wahlen & Gschwind (2023),10.1287/trsc.2023.1198
CBD,Traversal,45,100,37,11482,True,optimal,11482,False,Wahlen & Gschwind (2023),10.1287/trsc.2023.1198
CBD,Traversal,45,100,38,10202,True,optimal,10202,False,Wahlen & Gschwind (2023),10.1287/trsc.2023.1198
CBD,Traversal,45,100,39,10404,True,optimal,10404,False,Wahlen & Gschwind (2023),10.1287/trsc.2023.1198
CBD,Traversal,60,20,0,2035,True,optimal,2035,False,Wahlen & Gschwind (2023),10.1287/trsc.2023.1198
CBD,Traversal,60,20,1,1835,True,optimal,1835,False,Wahlen & Gschwind (2023),10.1287/trsc.2023.1198
CBD,Traversal,60,20,2,2335,True,optimal,2335,False,Wahlen & Gschwind (2023),10.1287/trsc.2023.1198
CBD,Traversal,60,20,3,1863,True,optimal,1863,False,Wahlen & Gschwind (2023),10.1287/trsc.2023.1198
CBD,Traversal,60,20,4,1849,True,optimal,1849,False,Wahlen & Gschwind (2023),10.1287/trsc.2023.1198
CBD,Traversal,60,20,5,1697,True,optimal,1697,False,Wahlen & Gschwind (2023),10.1287/trsc.2023.1198
CBD,Traversal,60,20,6,1891,True,optimal,1891,False,Wahlen & Gschwind (2023),10.1287/trsc.2023.1198
CBD,Traversal,60,20,7,1846,True,optimal,1846,False,Wahlen & Gschwind (2023),10.1287/trsc.2023.1198
CBD,Traversal,60,20,8,1750,True,optimal,1750,False,Wahlen & Gschwind (2023),10.1287/trsc.2023.1198
CBD,Traversal,60,20,9,1902,True,optimal,1902,False,Wahlen & Gschwind (2023),10.1287/trsc.2023.1198
CBD,Traversal,60,20,10,1866,True,optimal,1866,False,Wahlen & Gschwind (2023),10.1287/trsc.2023.1198
CBD,Traversal,60,20,11,1882,True,optimal,1882,False,Wahlen & Gschwind (2023),10.1287/trsc.2023.1198
CBD,Traversal,60,20,12,1934,True,optimal,1934,False,Wahlen & Gschwind (2023),10.1287/trsc.2023.1198
CBD,Traversal,60,20,13,1998,True,optimal,1998,False,Wahlen & Gschwind (2023),10.1287/trsc.2023.1198
CBD,Traversal,60,20,14,2341,True,optimal,2341,False,Wahlen & Gschwind (2023),10.1287/trsc.2023.1198
CBD,Traversal,60,20,15,1961,True,optimal,1961,False,Wahlen & Gschwind (2023),10.1287/trsc.2023.1198
CBD,Traversal,60,20,16,1856,True,optimal,1856,False,Wahlen & Gschwind (2023),10.1287/trsc.2023.1198
CBD,Traversal,60,20,17,1511,True,optimal,1511,False,Wahlen & Gschwind (2023),10.1287/trsc.2023.1198
CBD,Traversal,60,20,18,1998,True,optimal,1998,False,Wahlen & Gschwind (2023),10.1287/trsc.2023.1198
CBD,Traversal,60,20,19,1890,True,optimal,1890,False,Wahlen & Gschwind (2023),10.1287/trsc.2023.1198
CBD,Traversal,60,20,20,1716,True,optimal,1716,False,Wahlen & Gschwind (2023),10.1287/trsc.2023.1198
CBD,Traversal,60,20,21,1999,True,optimal,1999,False,Wahlen & Gschwind (2023),10.1287/trsc.2023.1198
CBD,Traversal,60,20,22,1902,True,optimal,1902,False,Wahlen & Gschwind (2023),10.1287/trsc.2023.1198
CBD,Traversal,60,20,23,2347,True,optimal,2347,False,Wahlen & Gschwind (2023),10.1287/trsc.2023.1198
CBD,Traversal,60,20,24,1977,True,optimal,1977,False,Wahlen & Gschwind (2023),10.1287/trsc.2023.1198
CBD,Traversal,60,20,25,2149,True,optimal,2149,False,Wahlen & Gschwind (2023),10.1287/trsc.2023.1198
CBD,Traversal,60,20,26,1819,True,optimal,1819,False,Wahlen & Gschwind (2023),10.1287/trsc.2023.1198
CBD,Traversal,60,20,27,2107,True,optimal,2107,False,Wahlen & Gschwind (2023),10.1287/trsc.2023.1198
CBD,Traversal,60,20,28,2278,True,optimal,2278,False,Wahlen & Gschwind (2023),10.1287/trsc.2023.1198
CBD,Traversal,60,20,29,1802,True,optimal,1802,False,Wahlen & Gschwind (2023),10.1287/trsc.2023.1198
CBD,Traversal,60,20,30,1957,True,optimal,1957,False,Wahlen & Gschwind (2023),10.1287/trsc.2023.1198
CBD,Traversal,60,20,31,1996,True,optimal,1996,False,Wahlen & Gschwind (2023),10.1287/trsc.2023.1198
CBD,Traversal,60,20,32,1964,True,optimal,1964,False,Wahlen & Gschwind (2023),10.1287/trsc.2023.1198
CBD,Traversal,60,20,33,2140,True,optimal,2140,False,Wahlen & Gschwind (2023),10.1287/trsc.2023.1198
CBD,Traversal,60,20,34,2175,True,optimal,2175,False,Wahlen & Gschwind (2023),10.1287/trsc.2023.1198
CBD,Traversal,60,20,35,1787,True,optimal,1787,False,Wahlen & Gschwind (2023),10.1287/trsc.2023.1198
CBD,Traversal,60,20,36,2299,True,optimal,2299,False,Wahlen & Gschwind (2023),10.1287/trsc.2023.1198
CBD,Traversal,60,20,37,1905,True,optimal,1905,False,Wahlen & Gschwind (2023),10.1287/trsc.2023.1198
CBD,Traversal,60,20,38,2322,True,optimal,2322,False,Wahlen & Gschwind (2023),10.1287/trsc.2023.1198
CBD,Traversal,60,20,39,1901,True,optimal,1901,False,Wahlen & Gschwind (2023),10.1287/trsc.2023.1198
CBD,Traversal,60,30,0,2871,True,optimal,2871,False,Wahlen & Gschwind (2023),10.1287/trsc.2023.1198
CBD,Traversal,60,30,1,2914,True,optimal,2914,False,Wahlen & Gschwind (2023),10.1287/trsc.2023.1198
CBD,Traversal,60,30,2,2701,True,optimal,2701,False,Wahlen & Gschwind (2023),10.1287/trsc.2023.1198
CBD,Traversal,60,30,3,2791,True,optimal,2791,False,Wahlen & Gschwind (2023),10.1287/trsc.2023.1198
CBD,Traversal,60,30,4,2916,True,optimal,2916,False,Wahlen & Gschwind (2023),10.1287/trsc.2023.1198
CBD,Traversal,60,30,5,2612,True,optimal,2612,False,Wahlen & Gschwind (2023),10.1287/trsc.2023.1198
CBD,Traversal,60,30,6,2961,True,optimal,2961,False,Wahlen & Gschwind (2023),10.1287/trsc.2023.1198
CBD,Traversal,60,30,7,2545,True,optimal,2545,False,Wahlen & Gschwind (2023),10.1287/trsc.2023.1198
CBD,Traversal,60,30,8,2854,True,optimal,2854,False,Wahlen & Gschwind (2023),10.1287/trsc.2023.1198
CBD,Traversal,60,30,9,2465,True,optimal,2465,False,Wahlen & Gschwind (2023),10.1287/trsc.2023.1198
CBD,Traversal,60,30,10,2995,True,optimal,2995,False,Wahlen & Gschwind (2023),10.1287/trsc.2023.1198
CBD,Traversal,60,30,11,2827,True,optimal,2827,False,Wahlen & Gschwind (2023),10.1287/trsc.2023.1198
CBD,Traversal,60,30,12,2848,True,optimal,2848,False,Wahlen & Gschwind (2023),10.1287/trsc.2023.1198
CBD,Traversal,60,30,13,2882,True,optimal,2882,False,Wahlen & Gschwind (2023),10.1287/trsc.2023.1198
CBD,Traversal,60,30,14,3122,True,optimal,3122,False,Wahlen & Gschwind (2023),10.1287/trsc.2023.1198
CBD,Traversal,60,30,15,2716,True,optimal,2716,False,Wahlen & Gschwind (2023),10.1287/trsc.2023.1198
CBD,Traversal,60,30,16,2662,True,optimal,2662,False,Wahlen & Gschwind (2023),10.1287/trsc.2023.1198
CBD,Traversal,60,30,17,2630,True,optimal,2630,False,Wahlen & Gschwind (2023),10.1287/trsc.2023.1198
CBD,Traversal,60,30,18,2545,True,optimal,2545,False,Wahlen & Gschwind (2023),10.1287/trsc.2023.1198
CBD,Traversal,60,30,19,2510,True,optimal,2510,False,Wahlen & Gschwind (2023),10.1287/trsc.2023.1198
CBD,Traversal,60,30,20,2383,True,optimal,2383,False,Wahlen & Gschwind (2023),10.1287/trsc.2023.1198
CBD,Traversal,60,30,21,2687,True,optimal,2687,False,Wahlen & Gschwind (2023),10.1287/trsc.2023.1198
CBD,Traversal,60,30,22,2937,True,optimal,2937,False,Wahlen & Gschwind (2023),10.1287/trsc.2023.1198
CBD,Traversal,60,30,23,2621,True,optimal,2621,False,Wahlen & Gschwind (2023),10.1287/trsc.2023.1198
CBD,Traversal,60,30,24,3051,True,optimal,3051,False,Wahlen & Gschwind (2023),10.1287/trsc.2023.1198
CBD,Traversal,60,30,25,2939,True,optimal,2939,False,Wahlen & Gschwind (2023),10.1287/trsc.2023.1198
CBD,Traversal,60,30,26,2501,True,optimal,2501,False,Wahlen & Gschwind (2023),10.1287/trsc.2023.1198
CBD,Traversal,60,30,27,3089,True,optimal,3089,False,Wahlen & Gschwind (2023),10.1287/trsc.2023.1198
CBD,Traversal,60,30,28,2585,True,optimal,2585,False,Wahlen & Gschwind (2023),10.1287/trsc.2023.1198
CBD,Traversal,60,30,29,2608,True,optimal,2608,False,Wahlen & Gschwind (2023),10.1287/trsc.2023.1198
CBD,Traversal,60,30,30,2927,True,optimal,2927,False,Wahlen & Gschwind (2023),10.1287/trsc.2023.1198
CBD,Traversal,60,30,31,2872,True,optimal,2872,False,Wahlen & Gschwind (2023),10.1287/trsc.2023.1198
CBD,Traversal,60,30,32,2606,True,optimal,2606,False,Wahlen & Gschwind (2023),10.1287/trsc.2023.1198
CBD,Traversal,60,30,33,2733,True,optimal,2733,False,Wahlen & Gschwind (2023),10.1287/trsc.2023.1198
CBD,Traversal,60,30,34,2857,True,optimal,2857,False,Wahlen & Gschwind (2023),10.1287/trsc.2023.1198
CBD,Traversal,60,30,35,2959,True,optimal,2959,False,Wahlen & Gschwind (2023),10.1287/trsc.2023.1198
CBD,Traversal,60,30,36,2790,True,optimal,2790,False,Wahlen & Gschwind (2023),10.1287/trsc.2023.1198
CBD,Traversal,60,30,37,3028,True,optimal,3028,False,Wahlen & Gschwind (2023),10.1287/trsc.2023.1198
CBD,Traversal,60,30,38,2819,True,optimal,2819,False,Wahlen & Gschwind (2023),10.1287/trsc.2023.1198
CBD,Traversal,60,30,39,2850,True,optimal,2850,False,Wahlen & Gschwind (2023),10.1287/trsc.2023.1198
CBD,Traversal,60,40,0,4196,True,optimal,4196,False,Wahlen & Gschwind (2023),10.1287/trsc.2023.1198
CBD,Traversal,60,40,1,3556,True,optimal,3556,False,Wahlen & Gschwind (2023),10.1287/trsc.2023.1198
CBD,Traversal,60,40,2,3729,True,optimal,3729,False,Wahlen & Gschwind (2023),10.1287/trsc.2023.1198
CBD,Traversal,60,40,3,3876,True,optimal,3876,False,Wahlen & Gschwind (2023),10.1287/trsc.2023.1198
CBD,Traversal,60,40,4,4112,True,optimal,4112,False,Wahlen & Gschwind (2023),10.1287/trsc.2023.1198
CBD,Traversal,60,40,5,3690,True,optimal,3690,False,Wahlen & Gschwind (2023),10.1287/trsc.2023.1198
CBD,Traversal,60,40,6,3541,True,optimal,3541,False,Wahlen & Gschwind (2023),10.1287/trsc.2023.1198
CBD,Traversal,60,40,7,3287,True,optimal,3287,False,Wahlen & Gschwind (2023),10.1287/trsc.2023.1198
CBD,Traversal,60,40,8,3581,True,optimal,3581,False,Wahlen & Gschwind (2023),10.1287/trsc.2023.1198
CBD,Traversal,60,40,9,3523,True,optimal,3523,False,Wahlen & Gschwind (2023),10.1287/trsc.2023.1198
CBD,Traversal,60,40,10,3753,True,optimal,3753,False,Wahlen & Gschwind (2023),10.1287/trsc.2023.1198
CBD,Traversal,60,40,11,3353,True,optimal,3353,False,Wahlen & Gschwind (2023),10.1287/trsc.2023.1198
CBD,Traversal,60,40,12,3314,True,optimal,3314,False,Wahlen & Gschwind (2023),10.1287/trsc.2023.1198
CBD,Traversal,60,40,13,3492,True,optimal,3492,False,Wahlen & Gschwind (2023),10.1287/trsc.2023.1198
CBD,Traversal,60,40,14,3582,True,optimal,3582,False,Wahlen & Gschwind (2023),10.1287/trsc.2023.1198
CBD,Traversal,60,40,15,3767,True,optimal,3767,False,Wahlen & Gschwind (2023),10.1287/trsc.2023.1198
CBD,Traversal,60,40,16,3610,True,optimal,3610,False,Wahlen & Gschwind (2023),10.1287/trsc.2023.1198
CBD,Traversal,60,40,17,3691,True,optimal,3691,False,Wahlen & Gschwind (2023),10.1287/trsc.2023.1198
CBD,Traversal,60,40,18,3713,True,optimal,3713,False,Wahlen & Gschwind (2023),10.1287/trsc.2023.1198
CBD,Traversal,60,40,19,3773,True,optimal,3773,False,Wahlen & Gschwind (2023),10.1287/trsc.2023.1198
CBD,Traversal,60,40,20,4063,True,optimal,4063,False,Wahlen & Gschwind (2023),10.1287/trsc.2023.1198
CBD,Traversal,60,40,21,3745,True,optimal,3745,False,Wahlen & Gschwind (2023),10.1287/trsc.2023.1198
CBD,Traversal,60,40,22,3341,True,optimal,3341,False,Wahlen & Gschwind (2023),10.1287/trsc.2023.1198
CBD,Traversal,60,40,23,3244,True,optimal,3244,False,Wahlen & Gschwind (2023),10.1287/trsc.2023.1198
CBD,Traversal,60,40,24,3688,True,optimal,3688,False,Wahlen & Gschwind (2023),10.1287/trsc.2023.1198
CBD,Traversal,60,40,25,3666,True,optimal,3666,False,Wahlen & Gschwind (2023),10.1287/trsc.2023.1198
CBD,Traversal,60,40,26,3595,True,optimal,3595,False,Wahlen & Gschwind (2023),10.1287/trsc.2023.1198
CBD,Traversal,60,40,27,3290,True,optimal,3290,False,Wahlen & Gschwind (2023),10.1287/trsc.2023.1198
CBD,Traversal,60,40,28,3580,True,optimal,3580,False,Wahlen & Gschwind (2023),10.1287/trsc.2023.1198
CBD,Traversal,60,40,29,3762,True,optimal,3762,False,Wahlen & Gschwind (2023),10.1287/trsc.2023.1198
CBD,Traversal,60,40,30,3562,True,optimal,3562,False,Wahlen & Gschwind (2023),10.1287/trsc.2023.1198
CBD,Traversal,60,40,31,4059,True,optimal,4059,False,Wahlen & Gschwind (2023),10.1287/trsc.2023.1198
CBD,Traversal,60,40,32,3358,True,optimal,3358,False,Wahlen & Gschwind (2023),10.1287/trsc.2023.1198
CBD,Traversal,60,40,33,3659,True,optimal,3659,False,Wahlen & Gschwind (2023),10.1287/trsc.2023.1198
CBD,Traversal,60,40,34,3437,True,optimal,3437,False,Wahlen & Gschwind (2023),10.1287/trsc.2023.1198
CBD,Traversal,60,40,35,3756,True,optimal,3756,False,Wahlen & Gschwind (2023),10.1287/trsc.2023.1198
CBD,Traversal,60,40,36,3676,True,optimal,3676,False,Wahlen & Gschwind (2023),10.1287/trsc.2023.1198
CBD,Traversal,60,40,37,3684,True,optimal,3684,False,Wahlen & Gschwind (2023),10.1287/trsc.2023.1198
CBD,Traversal,60,40,38,3740,True,optimal,3740,False,Wahlen & Gschwind (2023),10.1287/trsc.2023.1198
CBD,Traversal,60,40,39,3637,True,optimal,3637,False,Wahlen & Gschwind (2023),10.1287/trsc.2023.1198
CBD,Traversal,60,50,0,4668,True,optimal,4668,False,Wahlen & Gschwind (2023),10.1287/trsc.2023.1198
CBD,Traversal,60,50,1,4458,True,optimal,4458,False,Wahlen & Gschwind (2023),10.1287/trsc.2023.1198
CBD,Traversal,60,50,2,4211,True,optimal,4211,False,Wahlen & Gschwind (2023),10.1287/trsc.2023.1198
CBD,Traversal,60,50,3,4336,True,optimal,4336,False,Wahlen & Gschwind (2023),10.1287/trsc.2023.1198
CBD,Traversal,60,50,4,5055,True,optimal,5055,False,Wahlen & Gschwind (2023),10.1287/trsc.2023.1198
CBD,Traversal,60,50,5,4739,True,optimal,4739,False,Wahlen & Gschwind (2023),10.1287/trsc.2023.1198
CBD,Traversal,60,50,6,5236,True,optimal,5236,False,Wahlen & Gschwind (2023),10.1287/trsc.2023.1198
CBD,Traversal,60,50,7,4562,True,optimal,4562,False,Wahlen & Gschwind (2023),10.1287/trsc.2023.1198
CBD,Traversal,60,50,8,4338,True,optimal,4338,False,Wahlen & Gschwind (2023),10.1287/trsc.2023.1198
CBD,Traversal,60,50,9,4524,True,optimal,4524,False,Wahlen & Gschwind (2023),10.1287/trsc.2023.1198
CBD,Traversal,60,50,10,4174,True,optimal,4174,False,Wahlen & Gschwind (2023),10.1287/trsc.2023.1198
CBD,Traversal,60,50,11,4205,True,optimal,4205,False,Wahlen & Gschwind (2023),10.1287/trsc.2023.1198
CBD,Traversal,60,50,12,4415,True,optimal,4415,False,Wahlen & Gschwind (2023),10.1287/trsc.2023.1198
CBD,Traversal,60,50,13,4811,True,optimal,4811,False,Wahlen & Gschwind (2023),10.1287/trsc.2023.1198
CBD,Traversal,60,50,14,4804,True,optimal,4804,False,Wahlen & Gschwind (2023),10.1287/trsc.2023.1198
CBD,Traversal,60,50,15,4846,True,optimal,4846,False,Wahlen & Gschwind (2023),10.1287/trsc.2023.1198
CBD,Traversal,60,50,16,4330,True,optimal,4330,False,Wahlen & Gschwind (2023),10.1287/trsc.2023.1198
CBD,Traversal,60,50,17,4991,True,optimal,4991,False,Wahlen & Gschwind (2023),10.1287/trsc.2023.1198
CBD,Traversal,60,50,18,4410,True,optimal,4410,False,Wahlen & Gschwind (2023),10.1287/trsc.2023.1198
CBD,Traversal,60,50,19,4730,True,optimal,4730,False,Wahlen & Gschwind (2023),10.1287/trsc.2023.1198
CBD,Traversal,60,50,20,4400,True,optimal,4400,False,Wahlen & Gschwind (2023),10.1287/trsc.2023.1198
CBD,Traversal,60,50,21,4900,True,optimal,4900,False,Wahlen & Gschwind (2023),10.1287/trsc.2023.1198
CBD,Traversal,60,50,22,4008,True,optimal,4008,False,Wahlen & Gschwind (2023),10.1287/trsc.2023.1198
CBD,Traversal,60,50,23,4349,True,optimal,4349,False,Wahlen & Gschwind (2023),10.1287/trsc.2023.1198
CBD,Traversal,60,50,24,4449,True,optimal,4449,False,Wahlen & Gschwind (2023),10.1287/trsc.2023.1198
CBD,Traversal,60,50,25,4713,True,optimal,4713,False,Wahlen & Gschwind (2023),10.1287/trsc.2023.1198
CBD,Traversal,60,50,26,4105,True,optimal,4105,False,Wahlen & Gschwind (2023),10.1287/trsc.2023.1198
CBD,Traversal,60,50,27,4476,True,optimal,4476,False,Wahlen & Gschwind (2023),10.1287/trsc.2023.1198
CBD,Traversal,60,50,28,4469,True,optimal,4469,False,Wahlen & Gschwind (2023),10.1287/trsc.2023.1198
CBD,Traversal,60,50,29,4344,True,optimal,4344,False,Wahlen & Gschwind (2023),10.1287/trsc.2023.1198
CBD,Traversal,60,50,30,4633,True,optimal,4633,False,Wahlen & Gschwind (2023),10.1287/trsc.2023.1198
CBD,Traversal,60,50,31,4670,True,optimal,4670,False,Wahlen & Gschwind (2023),10.1287/trsc.2023.1198
CBD,Traversal,60,50,32,4596,True,optimal,4596,False,Wahlen & Gschwind (2023),10.1287/trsc.2023.1198
CBD,Traversal,60,50,33,4053,True,optimal,4053,False,Wahlen & Gschwind (2023),10.1287/trsc.2023.1198
CBD,Traversal,60,50,34,4983,True,optimal,4983,False,Wahlen & Gschwind (2023),10.1287/trsc.2023.1198
CBD,Traversal,60,50,35,4453,True,optimal,4453,False,Wahlen & Gschwind (2023),10.1287/trsc.2023.1198
CBD,Traversal,60,50,36,4489,True,optimal,4489,False,Wahlen & Gschwind (2023),10.1287/trsc.2023.1198
CBD,Traversal,60,50,37,4002,True,optimal,4002,False,Wahlen & Gschwind (2023),10.1287/trsc.2023.1198
CBD,Traversal,60,50,38,4398,True,optimal,4398,False,Wahlen & Gschwind (2023),10.1287/trsc.2023.1198
CBD,Traversal,60,50,39,4737,True,optimal,4737,False,Wahlen & Gschwind (2023),10.1287/trsc.2023.1198
CBD,Traversal,60,60,0,5508,True,optimal,5508,False,Wahlen & Gschwind (2023),10.1287/trsc.2023.1198
CBD,Traversal,60,60,1,5529,True,optimal,5529,False,Wahlen & Gschwind (2023),10.1287/trsc.2023.1198
CBD,Traversal,60,60,2,5257,True,optimal,5257,False,Wahlen & Gschwind (2023),10.1287/trsc.2023.1198
CBD,Traversal,60,60,3,5322,True,optimal,5322,False,Wahlen & Gschwind (2023),10.1287/trsc.2023.1198
CBD,Traversal,60,60,4,5566,True,optimal,5566,False,Wahlen & Gschwind (2023),10.1287/trsc.2023.1198
CBD,Traversal,60,60,5,5042,True,optimal,5042,False,Wahlen & Gschwind (2023),10.1287/trsc.2023.1198
CBD,Traversal,60,60,6,4998,True,optimal,4998,False,Wahlen & Gschwind (2023),10.1287/trsc.2023.1198
CBD,Traversal,60,60,7,4682,True,optimal,4682,False,Wahlen & Gschwind (2023),10.1287/trsc.2023.1198
CBD,Traversal,60,60,8,5375,True,optimal,5375,False,Wahlen & Gschwind (2023),10.1287/trsc.2023.1198
CBD,Traversal,60,60,9,4867,True,optimal,4867,False,Wahlen & Gschwind (2023),10.1287/trsc.2023.1198
CBD,Traversal,60,60,10,5079,True,optimal,5079,False,Wahlen & Gschwind (2023),10.1287/trsc.2023.1198
CBD,Traversal,60,60,11,5365,True,optimal,5365,False,Wahlen & Gschwind (2023),10.1287/trsc.2023.1198
CBD,Traversal,60,60,12,5518,True,optimal,5518,False,Wahlen & Gschwind (2023),10.1287/trsc.2023.1198
CBD,Traversal,60,60,13,5356,True,optimal,5356,False,Wahlen & Gschwind (2023),10.1287/trsc.2023.1198
CBD,Traversal,60,60,14,5503,True,optimal,5503,False,Wahlen & Gschwind (2023),10.1287/trsc.2023.1198
CBD,Traversal,60,60,15,4925,True,optimal,4925,False,Wahlen & Gschwind (2023),10.1287/trsc.2023.1198
CBD,Traversal,60,60,16,5061,True,optimal,5061,False,Wahlen & Gschwind (2023),10.1287/trsc.2023.1198
CBD,Traversal,60,60,17,5491,True,optimal,5491,False,Wahlen & Gschwind (2023),10.1287/trsc.2023.1198
CBD,Traversal,60,60,18,5828,True,optimal,5828,False,Wahlen & Gschwind (2023),10.1287/trsc.2023.1198
CBD,Traversal,60,60,19,5230,True,optimal,5230,False,Wahlen & Gschwind (2023),10.1287/trsc.2023.1198
CBD,Traversal,60,60,20,5142,True,optimal,5142,False,Wahlen & Gschwind (2023),10.1287/trsc.2023.1198
CBD,Traversal,60,60,21,5622,True,optimal,5622,False,Wahlen & Gschwind (2023),10.1287/trsc.2023.1198
CBD,Traversal,60,60,22,5210,True,optimal,5210,False,Wahlen & Gschwind (2023),10.1287/trsc.2023.1198
CBD,Traversal,60,60,23,5484,True,optimal,5484,False,Wahlen & Gschwind (2023),10.1287/trsc.2023.1198
CBD,Traversal,60,60,24,4668,True,optimal,4668,False,Wahlen & Gschwind (2023),10.1287/trsc.2023.1198
CBD,Traversal,60,60,25,5396,True,optimal,5396,False,Wahlen & Gschwind (2023),10.1287/trsc.2023.1198
CBD,Traversal,60,60,26,5113,True,optimal,5113,False,Wahlen & Gschwind (2023),10.1287/trsc.2023.1198
CBD,Traversal,60,60,27,5460,True,optimal,5460,False,Wahlen & Gschwind (2023),10.1287/trsc.2023.1198
CBD,Traversal,60,60,28,6503,True,optimal,6503,False,Wahlen & Gschwind (2023),10.1287/trsc.2023.1198
CBD,Traversal,60,60,29,5875,True,optimal,5875,False,Wahlen & Gschwind (2023),10.1287/trsc.2023.1198
CBD,Traversal,60,60,30,5136,True,optimal,5136,False,Wahlen & Gschwind (2023),10.1287/trsc.2023.1198
CBD,Traversal,60,60,31,5022,True,optimal,5022,False,Wahlen & Gschwind (2023),10.1287/trsc.2023.1198
CBD,Traversal,60,60,32,5174,True,optimal,5174,False,Wahlen & Gschwind (2023),10.1287/trsc.2023.1198
CBD,Traversal,60,60,33,4962,True,optimal,4962,False,Wahlen & Gschwind (2023),10.1287/trsc.2023.1198
CBD,Traversal,60,60,34,5261,True,optimal,5261,False,Wahlen & Gschwind (2023),10.1287/trsc.2023.1198
CBD,Traversal,60,60,35,5556,True,optimal,5556,False,Wahlen & Gschwind (2023),10.1287/trsc.2023.1198
CBD,Traversal,60,60,36,4640,True,optimal,4640,False,Wahlen & Gschwind (2023),10.1287/trsc.2023.1198
CBD,Traversal,60,60,37,4911,True,optimal,4911,False,Wahlen & Gschwind (2023),10.1287/trsc.2023.1198
CBD,Traversal,60,60,38,5263,True,optimal,5263,False,Wahlen & Gschwind (2023),10.1287/trsc.2023.1198
CBD,Traversal,60,60,39,5333,True,optimal,5333,False,Wahlen & Gschwind (2023),10.1287/trsc.2023.1198
CBD,Traversal,60,70,0,5554,True,optimal,5554,False,Wahlen & Gschwind (2023),10.1287/trsc.2023.1198
CBD,Traversal,60,70,1,6066,True,optimal,6066,False,Wahlen & Gschwind (2023),10.1287/trsc.2023.1198
CBD,Traversal,60,70,2,6360,True,optimal,6360,False,Wahlen & Gschwind (2023),10.1287/trsc.2023.1198
CBD,Traversal,60,70,3,5736,True,optimal,5736,False,Wahlen & Gschwind (2023),10.1287/trsc.2023.1198
CBD,Traversal,60,70,4,6458,True,optimal,6458,False,Wahlen & Gschwind (2023),10.1287/trsc.2023.1198
CBD,Traversal,60,70,5,5685,True,optimal,5685,False,Wahlen & Gschwind (2023),10.1287/trsc.2023.1198
CBD,Traversal,60,70,6,6642,True,optimal,6642,False,Wahlen & Gschwind (2023),10.1287/trsc.2023.1198
CBD,Traversal,60,70,7,6593,True,optimal,6593,False,Wahlen & Gschwind (2023),10.1287/trsc.2023.1198
CBD,Traversal,60,70,8,5816,True,optimal,5816,False,Wahlen & Gschwind (2023),10.1287/trsc.2023.1198
CBD,Traversal,60,70,9,6324,True,optimal,6324,False,Wahlen & Gschwind (2023),10.1287/trsc.2023.1198
CBD,Traversal,60,70,10,6370,True,optimal,6370,False,Wahlen & Gschwind (2023),10.1287/trsc.2023.1198
CBD,Traversal,60,70,11,6868,True,optimal,6868,False,Wahlen & Gschwind (2023),10.1287/trsc.2023.1198
CBD,Traversal,60,70,12,6502,True,optimal,6502,False,Wahlen & Gschwind (2023),10.1287/trsc.2023.1198
CBD,Traversal,60,70,13,5945,True,optimal,5945,False,Wahlen & Gschwind (2023),10.1287/trsc.2023.1198
CBD,Traversal,60,70,14,5797,True,optimal,5797,False,Wahlen & Gschwind (2023),10.1287/trsc.2023.1198
CBD,Traversal,60,70,15,6098,True,optimal,6098,False,Wahlen & Gschwind (2023),10.1287/trsc.2023.1198
CBD,Traversal,60,70,16,6196,True,optimal,6196,False,Wahlen & Gschwind (2023),10.1287/trsc.2023.1198
CBD,Traversal,60,70,17,6120,True,optimal,6120,False,Wahlen & Gschwind (2023),10.1287/trsc.2023.1198
CBD,Traversal,60,70,18,6074,True,optimal,6074,False,Wahlen & Gschwind (2023),10.1287/trsc.2023.1198
CBD,Traversal,60,70,19,6658,True,optimal,6658,False,Wahlen & Gschwind (2023),10.1287/trsc.2023.1198
CBD,Traversal,60,70,20,5599,True,optimal,5599,False,Wahlen & Gschwind (2023),10.1287/trsc.2023.1198
CBD,Traversal,60,70,21,6073,True,optimal,6073,False,Wahlen & Gschwind (2023),10.1287/trsc.2023.1198
CBD,Traversal,60,70,22,6015,True,optimal,6015,False,Wahlen & Gschwind (2023),10.1287/trsc.2023.1198
CBD,Traversal,60,70,23,5847,True,optimal,5847,False,Wahlen & Gschwind (2023),10.1287/trsc.2023.1198
CBD,Traversal,60,70,24,6261,True,optimal,6261,False,Wahlen & Gschwind (2023),10.1287/trsc.2023.1198
CBD,Traversal,60,70,25,6040,True,optimal,6040,False,Wahlen & Gschwind (2023),10.1287/trsc.2023.1198
CBD,Traversal,60,70,26,6141,True,optimal,6141,False,Wahlen & Gschwind (2023),10.1287/trsc.2023.1198
CBD,Traversal,60,70,27,6067,True,optimal,6067,False,Wahlen & Gschwind (2023),10.1287/trsc.2023.1198
CBD,Traversal,60,70,28,5971,True,optimal,5971,False,Wahlen & Gschwind (2023),10.1287/trsc.2023.1198
CBD,Traversal,60,70,29,6039,True,optimal,6039,False,Wahlen & Gschwind (2023),10.1287/trsc.2023.1198
CBD,Traversal,60,70,30,6278,True,optimal,6278,False,Wahlen & Gschwind (2023),10.1287/trsc.2023.1198
CBD,Traversal,60,70,31,5937,True,optimal,5937,False,Wahlen & Gschwind (2023),10.1287/trsc.2023.1198
CBD,Traversal,60,70,32,6092,True,optimal,6092,False,Wahlen & Gschwind (2023),10.1287/trsc.2023.1198
CBD,Traversal,60,70,33,6106,True,optimal,6106,False,Wahlen & Gschwind (2023),10.1287/trsc.2023.1198
CBD,Traversal,60,70,34,6521,True,optimal,6521,False,Wahlen & Gschwind (2023),10.1287/trsc.2023.1198
CBD,Traversal,60,70,35,5735,True,optimal,5735,False,Wahlen & Gschwind (2023),10.1287/trsc.2023.1198
CBD,Traversal,60,70,36,5787,True,optimal,5787,False,Wahlen & Gschwind (2023),10.1287/trsc.2023.1198
CBD,Traversal,60,70,37,6454,True,optimal,6454,False,Wahlen & Gschwind (2023),10.1287/trsc.2023.1198
CBD,Traversal,60,70,38,5782,True,optimal,5782,False,Wahlen & Gschwind (2023),10.1287/trsc.2023.1198
CBD,Traversal,60,70,39,6421,True,optimal,6421,False,Wahlen & Gschwind (2023),10.1287/trsc.2023.1198
CBD,Traversal,60,80,0,7073,True,optimal,7073,False,Wahlen & Gschwind (2023),10.1287/trsc.2023.1198
CBD,Traversal,60,80,1,6579,True,optimal,6579,False,Wahlen & Gschwind (2023),10.1287/trsc.2023.1198
CBD,Traversal,60,80,2,7101,True,optimal,7101,False,Wahlen & Gschwind (2023),10.1287/trsc.2023.1198
CBD,Traversal,60,80,3,7396,True,optimal,7396,False,Wahlen & Gschwind (2023),10.1287/trsc.2023.1198
CBD,Traversal,60,80,4,6594,True,optimal,6594,False,Wahlen & Gschwind (2023),10.1287/trsc.2023.1198
CBD,Traversal,60,80,5,5935,True,optimal,5935,False,Wahlen & Gschwind (2023),10.1287/trsc.2023.1198
CBD,Traversal,60,80,6,8013,True,optimal,8013,False,Wahlen & Gschwind (2023),10.1287/trsc.2023.1198
CBD,Traversal,60,80,7,7038,True,optimal,7038,False,Wahlen & Gschwind (2023),10.1287/trsc.2023.1198
CBD,Traversal,60,80,8,6899,True,optimal,6899,False,Wahlen & Gschwind (2023),10.1287/trsc.2023.1198
CBD,Traversal,60,80,9,6697,True,optimal,6697,False,Wahlen & Gschwind (2023),10.1287/trsc.2023.1198
CBD,Traversal,60,80,10,6298,True,optimal,6298,False,Wahlen & Gschwind (2023),10.1287/trsc.2023.1198
CBD,Traversal,60,80,11,7143,True,optimal,7143,False,Wahlen & Gschwind (2023),10.1287/trsc.2023.1198
CBD,Traversal,60,80,12,7255,True,optimal,7255,False,Wahlen & Gschwind (2023),10.1287/trsc.2023.1198
CBD,Traversal,60,80,13,6966,True,optimal,6966,False,Wahlen & Gschwind (2023),10.1287/trsc.2023.1198
CBD,Traversal,60,80,14,7650,True,optimal,7650,False,Wahlen & Gschwind (2023),10.1287/trsc.2023.1198
CBD,Traversal,60,80,15,6093,True,optimal,6093,False,Wahlen & Gschwind (2023),10.1287/trsc.2023.1198
CBD,Traversal,60,80,16,7636,True,optimal,7636,False,Wahlen & Gschwind (2023),10.1287/trsc.2023.1198
CBD,Traversal,60,80,17,7108,True,optimal,7108,False,Wahlen & Gschwind (2023),10.1287/trsc.2023.1198
CBD,Traversal,60,80,18,7207,True,optimal,7207,False,Wahlen & Gschwind (2023),10.1287/trsc.2023.1198
CBD,Traversal,60,80,19,7530,True,optimal,7530,False,Wahlen & Gschwind (2023),10.1287/trsc.2023.1198
CBD,Traversal,60,80,20,6825,True,optimal,6825,False,Wahlen & Gschwind (2023),10.1287/trsc.2023.1198
CBD,Traversal,60,80,21,6426,True,optimal,6426,False,Wahlen & Gschwind (2023),10.1287/trsc.2023.1198
CBD,Traversal,60,80,22,7502,True,optimal,7502,False,Wahlen & Gschwind (2023),10.1287/trsc.2023.1198
CBD,Traversal,60,80,23,6639,True,optimal,6639,False,Wahlen & Gschwind (2023),10.1287/trsc.2023.1198
CBD,Traversal,60,80,24,7160,True,optimal,7160,False,Wahlen & Gschwind (2023),10.1287/trsc.2023.1198
CBD,Traversal,60,80,25,7267,True,optimal,7267,False,Wahlen & Gschwind (2023),10.1287/trsc.2023.1198
CBD,Traversal,60,80,26,6605,True,optimal,6605,False,Wahlen & Gschwind (2023),10.1287/trsc.2023.1198
CBD,Traversal,60,80,27,6986,True,optimal,6986,False,Wahlen & Gschwind (2023),10.1287/trsc.2023.1198
CBD,Traversal,60,80,28,6895,True,optimal,6895,False,Wahlen & Gschwind (2023),10.1287/trsc.2023.1198
CBD,Traversal,60,80,29,6821,True,optimal,6821,False,Wahlen & Gschwind (2023),10.1287/trsc.2023.1198
CBD,Traversal,60,80,30,6763,True,optimal,6763,False,Wahlen & Gschwind (2023),10.1287/trsc.2023.1198
CBD,Traversal,60,80,31,6716,True,optimal,6716,False,Wahlen & Gschwind (2023),10.1287/trsc.2023.1198
CBD,Traversal,60,80,32,6918,True,optimal,6918,False,Wahlen & Gschwind (2023),10.1287/trsc.2023.1198
CBD,Traversal,60,80,33,6942,True,optimal,6942,False,Wahlen & Gschwind (2023),10.1287/trsc.2023.1198
CBD,Traversal,60,80,34,6680,True,optimal,6680,False,Wahlen & Gschwind (2023),10.1287/trsc.2023.1198
CBD,Traversal,60,80,35,6570,True,optimal,6570,False,Wahlen & Gschwind (2023),10.1287/trsc.2023.1198
CBD,Traversal,60,80,36,7138,True,optimal,7138,False,Wahlen & Gschwind (2023),10.1287/trsc.2023.1198
CBD,Traversal,60,80,37,7226,True,optimal,7226,False,Wahlen & Gschwind (2023),10.1287/trsc.2023.1198
CBD,Traversal,60,80,38,6397,True,optimal,6397,False,Wahlen & Gschwind (2023),10.1287/trsc.2023.1198
CBD,Traversal,60,80,39,6490,True,optimal,6490,False,Wahlen & Gschwind (2023),10.1287/trsc.2023.1198
CBD,Traversal,60,90,0,8119,True,optimal,8119,False,Wahlen & Gschwind (2023),10.1287/trsc.2023.1198
CBD,Traversal,60,90,1,7986,True,optimal,7986,False,Wahlen & Gschwind (2023),10.1287/trsc.2023.1198
CBD,Traversal,60,90,2,8029,True,optimal,8029,False,Wahlen & Gschwind (2023),10.1287/trsc.2023.1198
CBD,Traversal,60,90,3,8022,True,optimal,8022,False,Wahlen & Gschwind (2023),10.1287/trsc.2023.1198
CBD,Traversal,60,90,4,7135,True,optimal,7135,False,Wahlen & Gschwind (2023),10.1287/trsc.2023.1198
CBD,Traversal,60,90,5,8122,True,optimal,8122,False,Wahlen & Gschwind (2023),10.1287/trsc.2023.1198
CBD,Traversal,60,90,6,7582,True,optimal,7582,False,Wahlen & Gschwind (2023),10.1287/trsc.2023.1198
CBD,Traversal,60,90,7,7819,True,optimal,7819,False,Wahlen & Gschwind (2023),10.1287/trsc.2023.1198
CBD,Traversal,60,90,8,7669,True,optimal,7669,False,Wahlen & Gschwind (2023),10.1287/trsc.2023.1198
CBD,Traversal,60,90,9,7639,True,optimal,7639,False,Wahlen & Gschwind (2023),10.1287/trsc.2023.1198
CBD,Traversal,60,90,10,6992,True,optimal,6992,False,Wahlen & Gschwind (2023),10.1287/trsc.2023.1198
CBD,Traversal,60,90,11,7528,True,optimal,7528,False,Wahlen & Gschwind (2023),10.1287/trsc.2023.1198
CBD,Traversal,60,90,12,7125,True,optimal,7125,False,Wahlen & Gschwind (2023),10.1287/trsc.2023.1198
CBD,Traversal,60,90,13,8190,True,optimal,8190,False,Wahlen & Gschwind (2023),10.1287/trsc.2023.1198
CBD,Traversal,60,90,14,7976,True,optimal,7976,False,Wahlen & Gschwind (2023),10.1287/trsc.2023.1198
CBD,Traversal,60,90,15,7712,True,optimal,7712,False,Wahlen & Gschwind (2023),10.1287/trsc.2023.1198
CBD,Traversal,60,90,16,8155,False,optimal,8155,False,Wahlen & Gschwind (2023),10.1287/trsc.2023.1198
CBD,Traversal,60,90,17,7730,True,optimal,7730,False,Wahlen & Gschwind (2023),10.1287/trsc.2023.1198
CBD,Traversal,60,90,18,8303,True,optimal,8303,False,Wahlen & Gschwind (2023),10.1287/trsc.2023.1198
CBD,Traversal,60,90,19,7546,True,optimal,7546,False,Wahlen & Gschwind (2023),10.1287/trsc.2023.1198
CBD,Traversal,60,90,20,7368,True,optimal,7368,False,Wahlen & Gschwind (2023),10.1287/trsc.2023.1198
CBD,Traversal,60,90,21,7854,True,optimal,7854,False,Wahlen & Gschwind (2023),10.1287/trsc.2023.1198
CBD,Traversal,60,90,22,8130,True,optimal,8130,False,Wahlen & Gschwind (2023),10.1287/trsc.2023.1198
CBD,Traversal,60,90,23,8047,True,optimal,8047,False,Wahlen & Gschwind (2023),10.1287/trsc.2023.1198
CBD,Traversal,60,90,24,8407,True,optimal,8407,False,Wahlen & Gschwind (2023),10.1287/trsc.2023.1198
CBD,Traversal,60,90,25,6829,True,optimal,6829,False,Wahlen & Gschwind (2023),10.1287/trsc.2023.1198
CBD,Traversal,60,90,26,7547,True,optimal,7547,False,Wahlen & Gschwind (2023),10.1287/trsc.2023.1198
CBD,Traversal,60,90,27,7896,True,optimal,7896,False,Wahlen & Gschwind (2023),10.1287/trsc.2023.1198
CBD,Traversal,60,90,28,8091,True,optimal,8091,False,Wahlen & Gschwind (2023),10.1287/trsc.2023.1198
CBD,Traversal,60,90,29,7683,True,optimal,7683,False,Wahlen & Gschwind (2023),10.1287/trsc.2023.1198
CBD,Traversal,60,90,30,7633,True,optimal,7633,False,Wahlen & Gschwind (2023),10.1287/trsc.2023.1198
CBD,Traversal,60,90,31,7034,True,optimal,7034,False,Wahlen & Gschwind (2023),10.1287/trsc.2023.1198
CBD,Traversal,60,90,32,7000,True,optimal,7000,False,Wahlen & Gschwind (2023),10.1287/trsc.2023.1198
CBD,Traversal,60,90,33,7249,True,optimal,7249,False,Wahlen & Gschwind (2023),10.1287/trsc.2023.1198
CBD,Traversal,60,90,34,7651,True,optimal,7651,False,Wahlen & Gschwind (2023),10.1287/trsc.2023.1198
CBD,Traversal,60,90,35,7626,True,optimal,7626,False,Wahlen & Gschwind (2023),10.1287/trsc.2023.1198
CBD,Traversal,60,90,36,7603,True,optimal,7603,False,Wahlen & Gschwind (2023),10.1287/trsc.2023.1198
CBD,Traversal,60,90,37,7506,True,optimal,7506,False,Wahlen & Gschwind (2023),10.1287/trsc.2023.1198
CBD,Traversal,60,90,38,7454,True,optimal,7454,False,Wahlen & Gschwind (2023),10.1287/trsc.2023.1198
CBD,Traversal,60,90,39,7920,True,optimal,7920,False,Wahlen & Gschwind (2023),10.1287/trsc.2023.1198
CBD,Traversal,60,100,0,8144,True,optimal,8144,False,Wahlen & Gschwind (2023),10.1287/trsc.2023.1198
CBD,Traversal,60,100,1,8664,True,optimal,8664,False,Wahlen & Gschwind (2023),10.1287/trsc.2023.1198
CBD,Traversal,60,100,2,8036,True,optimal,8036,False,Wahlen & Gschwind (2023),10.1287/trsc.2023.1198
CBD,Traversal,60,100,3,7707,True,optimal,7707,False,Wahlen & Gschwind (2023),10.1287/trsc.2023.1198
CBD,Traversal,60,100,4,8715,True,optimal,8715,False,Wahlen & Gschwind (2023),10.1287/trsc.2023.1198
CBD,Traversal,60,100,5,8474,True,optimal,8474,False,Wahlen & Gschwind (2023),10.1287/trsc.2023.1198
CBD,Traversal,60,100,6,8478,True,optimal,8478,False,Wahlen & Gschwind (2023),10.1287/trsc.2023.1198
CBD,Traversal,60,100,7,8731,True,optimal,8731,False,Wahlen & Gschwind (2023),10.1287/trsc.2023.1198
CBD,Traversal,60,100,8,8995,True,optimal,8995,False,Wahlen & Gschwind (2023),10.1287/trsc.2023.1198
CBD,Traversal,60,100,9,8083,False,optimal,8083,False,Wahlen & Gschwind (2023),10.1287/trsc.2023.1198
CBD,Traversal,60,100,10,8455,True,optimal,8455,False,Wahlen & Gschwind (2023),10.1287/trsc.2023.1198
CBD,Traversal,60,100,11,8518,True,optimal,8518,False,Wahlen & Gschwind (2023),10.1287/trsc.2023.1198
CBD,Traversal,60,100,12,8417,False,optimal,8417,False,Wahlen & Gschwind (2023),10.1287/trsc.2023.1198
CBD,Traversal,60,100,13,8454,True,optimal,8454,False,Wahlen & Gschwind (2023),10.1287/trsc.2023.1198
CBD,Traversal,60,100,14,8479,False,optimal,8479,False,Wahlen & Gschwind (2023),10.1287/trsc.2023.1198
CBD,Traversal,60,100,15,8305,True,optimal,8305,False,Wahlen & Gschwind (2023),10.1287/trsc.2023.1198
CBD,Traversal,60,100,16,7986,True,optimal,7986,False,Wahlen & Gschwind (2023),10.1287/trsc.2023.1198
CBD,Traversal,60,100,17,9109,True,optimal,9109,False,Wahlen & Gschwind (2023),10.1287/trsc.2023.1198
CBD,Traversal,60,100,18,8254,False,optimal,8254,False,Wahlen & Gschwind (2023),10.1287/trsc.2023.1198
CBD,Traversal,60,100,19,8437,True,optimal,8437,False,Wahlen & Gschwind (2023),10.1287/trsc.2023.1198
CBD,Traversal,60,100,20,8445,True,optimal,8445,False,Wahlen & Gschwind (2023),10.1287/trsc.2023.1198
CBD,Traversal,60,100,21,8354,False,optimal,8354,False,Wahlen & Gschwind (2023),10.1287/trsc.2023.1198
CBD,Traversal,60,100,22,8074,True,optimal,8074,False,Wahlen & Gschwind (2023),10.1287/trsc.2023.1198
CBD,Traversal,60,100,23,9049,True,optimal,9049,False,Wahlen & Gschwind (2023),10.1287/trsc.2023.1198
CBD,Traversal,60,100,24,8737,True,optimal,8737,False,Wahlen & Gschwind (2023),10.1287/trsc.2023.1198
CBD,Traversal,60,100,25,8741,True,optimal,8741,False,Wahlen & Gschwind (2023),10.1287/trsc.2023.1198
CBD,Traversal,60,100,26,8604,True,optimal,8604,False,Wahlen & Gschwind (2023),10.1287/trsc.2023.1198
CBD,Traversal,60,100,27,8516,False,optimal,8516,False,Wahlen & Gschwind (2023),10.1287/trsc.2023.1198
CBD,Traversal,60,100,28,9190,True,optimal,9190,False,Wahlen & Gschwind (2023),10.1287/trsc.2023.1198
CBD,Traversal,60,100,29,8374,False,optimal,8374,False,Wahlen & Gschwind (2023),10.1287/trsc.2023.1198
CBD,Traversal,60,100,30,8078,True,optimal,8078,False,Wahlen & Gschwind (2023),10.1287/trsc.2023.1198
CBD,Traversal,60,100,31,8273,True,optimal,8273,False,Wahlen & Gschwind (2023),10.1287/trsc.2023.1198
CBD,Traversal,60,100,32,9202,True,optimal,9202,False,Wahlen & Gschwind (2023),10.1287/trsc.2023.1198
CBD,Traversal,60,100,33,9014,True,optimal,9014,False,Wahlen & Gschwind (2023),10.1287/trsc.2023.1198
CBD,Traversal,60,100,34,8442,True,optimal,8442,False,Wahlen & Gschwind (2023),10.1287/trsc.2023.1198
CBD,Traversal,60,100,35,8160,True,optimal,8160,False,Wahlen & Gschwind (2023),10.1287/trsc.2023.1198
CBD,Traversal,60,100,36,8728,True,optimal,8728,False,Wahlen & Gschwind (2023),10.1287/trsc.2023.1198
CBD,Traversal,60,100,37,8148,True,optimal,8148,False,Wahlen & Gschwind (2023),10.1287/trsc.2023.1198
CBD,Traversal,60,100,38,8362,True,optimal,8362,False,Wahlen & Gschwind (2023),10.1287/trsc.2023.1198
CBD,Traversal,60,100,39,8517,False,optimal,8517,False,Wahlen & Gschwind (2023),10.1287/trsc.2023.1198
CBD,Traversal,75,20,0,1640,True,optimal,1640,False,Wahlen & Gschwind (2023),10.1287/trsc.2023.1198
CBD,Traversal,75,20,1,1584,True,optimal,1584,False,Wahlen & Gschwind (2023),10.1287/trsc.2023.1198
CBD,Traversal,75,20,2,1621,True,optimal,1621,False,Wahlen & Gschwind (2023),10.1287/trsc.2023.1198
CBD,Traversal,75,20,3,1521,True,optimal,1521,False,Wahlen & Gschwind (2023),10.1287/trsc.2023.1198
CBD,Traversal,75,20,4,1839,True,optimal,1839,False,Wahlen & Gschwind (2023),10.1287/trsc.2023.1198
CBD,Traversal,75,20,5,1573,True,optimal,1573,False,Wahlen & Gschwind (2023),10.1287/trsc.2023.1198
CBD,Traversal,75,20,6,1556,True,optimal,1556,False,Wahlen & Gschwind (2023),10.1287/trsc.2023.1198
CBD,Traversal,75,20,7,1631,True,optimal,1631,False,Wahlen & Gschwind (2023),10.1287/trsc.2023.1198
CBD,Traversal,75,20,8,1622,True,optimal,1622,False,Wahlen & Gschwind (2023),10.1287/trsc.2023.1198
CBD,Traversal,75,20,9,1517,True,optimal,1517,False,Wahlen & Gschwind (2023),10.1287/trsc.2023.1198
CBD,Traversal,75,20,10,1777,True,optimal,1777,False,Wahlen & Gschwind (2023),10.1287/trsc.2023.1198
CBD,Traversal,75,20,11,1602,True,optimal,1602,False,Wahlen & Gschwind (2023),10.1287/trsc.2023.1198
CBD,Traversal,75,20,12,1553,True,optimal,1553,False,Wahlen & Gschwind (2023),10.1287/trsc.2023.1198
CBD,Traversal,75,20,13,1636,True,optimal,1636,False,Wahlen & Gschwind (2023),10.1287/trsc.2023.1198
CBD,Traversal,75,20,14,1888,True,optimal,1888,False,Wahlen & Gschwind (2023),10.1287/trsc.2023.1198
CBD,Traversal,75,20,15,1900,True,optimal,1900,False,Wahlen & Gschwind (2023),10.1287/trsc.2023.1198
CBD,Traversal,75,20,16,1762,True,optimal,1762,False,Wahlen & Gschwind (2023),10.1287/trsc.2023.1198
CBD,Traversal,75,20,17,1545,True,optimal,1545,False,Wahlen & Gschwind (2023),10.1287/trsc.2023.1198
CBD,Traversal,75,20,18,1462,True,optimal,1462,False,Wahlen & Gschwind (2023),10.1287/trsc.2023.1198
CBD,Traversal,75,20,19,1588,True,optimal,1588,False,Wahlen & Gschwind (2023),10.1287/trsc.2023.1198
CBD,Traversal,75,20,20,1617,True,optimal,1617,False,Wahlen & Gschwind (2023),10.1287/trsc.2023.1198
CBD,Traversal,75,20,21,1668,True,optimal,1668,False,Wahlen & Gschwind (2023),10.1287/trsc.2023.1198
CBD,Traversal,75,20,22,1562,True,optimal,1562,False,Wahlen & Gschwind (2023),10.1287/trsc.2023.1198
CBD,Traversal,75,20,23,1424,True,optimal,1424,False,Wahlen & Gschwind (2023),10.1287/trsc.2023.1198
CBD,Traversal,75,20,24,1631,True,optimal,1631,False,Wahlen & Gschwind (2023),10.1287/trsc.2023.1198
CBD,Traversal,75,20,25,1538,True,optimal,1538,False,Wahlen & Gschwind (2023),10.1287/trsc.2023.1198
CBD,Traversal,75,20,26,1482,True,optimal,1482,False,Wahlen & Gschwind (2023),10.1287/trsc.2023.1198
CBD,Traversal,75,20,27,1767,True,optimal,1767,False,Wahlen & Gschwind (2023),10.1287/trsc.2023.1198
CBD,Traversal,75,20,28,1526,True,optimal,1526,False,Wahlen & Gschwind (2023),10.1287/trsc.2023.1198
CBD,Traversal,75,20,29,1553,True,optimal,1553,False,Wahlen & Gschwind (2023),10.1287/trsc.2023.1198
CBD,Traversal,75,20,30,1548,True,optimal,1548,False,Wahlen & Gschwind (2023),10.1287/trsc.2023.1198
CBD,Traversal,75,20,31,1445,True,optimal,1445,False,Wahlen & Gschwind (2023),10.1287/trsc.2023.1198
CBD,Traversal,75,20,32,1510,True,optimal,1510,False,Wahlen & Gschwind (2023),10.1287/trsc.2023.1198
CBD,Traversal,75,20,33,1486,True,optimal,1486,False,Wahlen & Gschwind (2023),10.1287/trsc.2023.1198
CBD,Traversal,75,20,34,1597,True,optimal,1597,False,Wahlen & Gschwind (2023),10.1287/trsc.2023.1198
CBD,Traversal,75,20,35,1567,True,optimal,1567,False,Wahlen & Gschwind (2023),10.1287/trsc.2023.1198
CBD,Traversal,75,20,36,1883,True,optimal,1883,False,Wahlen & Gschwind (2023),10.1287/trsc.2023.1198
CBD,Traversal,75,20,37,1593,True,optimal,1593,False,Wahlen & Gschwind (2023),10.1287/trsc.2023.1198
CBD,Traversal,75,20,38,1502,True,optimal,1502,False,Wahlen & Gschwind (2023),10.1287/trsc.2023.1198
CBD,Traversal,75,20,39,1588,True,optimal,1588,False,Wahlen & Gschwind (2023),10.1287/trsc.2023.1198
CBD,Traversal,75,30,0,2208,True,optimal,2208,False,Wahlen & Gschwind (2023),10.1287/trsc.2023.1198
CBD,Traversal,75,30,1,2240,True,optimal,2240,False,Wahlen & Gschwind (2023),10.1287/trsc.2023.1198
CBD,Traversal,75,30,2,2760,True,optimal,2760,False,Wahlen & Gschwind (2023),10.1287/trsc.2023.1198
CBD,Traversal,75,30,3,2113,True,optimal,2113,False,Wahlen & Gschwind (2023),10.1287/trsc.2023.1198
CBD,Traversal,75,30,4,2278,True,optimal,2278,False,Wahlen & Gschwind (2023),10.1287/trsc.2023.1198
CBD,Traversal,75,30,5,2391,True,optimal,2391,False,Wahlen & Gschwind (2023),10.1287/trsc.2023.1198
CBD,Traversal,75,30,6,2294,True,optimal,2294,False,Wahlen & Gschwind (2023),10.1287/trsc.2023.1198
CBD,Traversal,75,30,7,2368,True,optimal,2368,False,Wahlen & Gschwind (2023),10.1287/trsc.2023.1198
CBD,Traversal,75,30,8,2319,True,optimal,2319,False,Wahlen & Gschwind (2023),10.1287/trsc.2023.1198
CBD,Traversal,75,30,9,2326,True,optimal,2326,False,Wahlen & Gschwind (2023),10.1287/trsc.2023.1198
CBD,Traversal,75,30,10,2588,True,optimal,2588,False,Wahlen & Gschwind (2023),10.1287/trsc.2023.1198
CBD,Traversal,75,30,11,2374,True,optimal,2374,False,Wahlen & Gschwind (2023),10.1287/trsc.2023.1198
CBD,Traversal,75,30,12,2171,True,optimal,2171,False,Wahlen & Gschwind (2023),10.1287/trsc.2023.1198
CBD,Traversal,75,30,13,2544,True,optimal,2544,False,Wahlen & Gschwind (2023),10.1287/trsc.2023.1198
CBD,Traversal,75,30,14,2357,True,optimal,2357,False,Wahlen & Gschwind (2023),10.1287/trsc.2023.1198
CBD,Traversal,75,30,15,2135,True,optimal,2135,False,Wahlen & Gschwind (2023),10.1287/trsc.2023.1198
CBD,Traversal,75,30,16,2813,True,optimal,2813,False,Wahlen & Gschwind (2023),10.1287/trsc.2023.1198
CBD,Traversal,75,30,17,1807,True,optimal,1807,False,Wahlen & Gschwind (2023),10.1287/trsc.2023.1198
CBD,Traversal,75,30,18,2246,True,optimal,2246,False,Wahlen & Gschwind (2023),10.1287/trsc.2023.1198
CBD,Traversal,75,30,19,1932,True,optimal,1932,False,Wahlen & Gschwind (2023),10.1287/trsc.2023.1198
CBD,Traversal,75,30,20,2242,True,optimal,2242,False,Wahlen & Gschwind (2023),10.1287/trsc.2023.1198
CBD,Traversal,75,30,21,2330,True,optimal,2330,False,Wahlen & Gschwind (2023),10.1287/trsc.2023.1198
CBD,Traversal,75,30,22,2322,True,optimal,2322,False,Wahlen & Gschwind (2023),10.1287/trsc.2023.1198
CBD,Traversal,75,30,23,2341,True,optimal,2341,False,Wahlen & Gschwind (2023),10.1287/trsc.2023.1198
CBD,Traversal,75,30,24,2286,True,optimal,2286,False,Wahlen & Gschwind (2023),10.1287/trsc.2023.1198
CBD,Traversal,75,30,25,2368,True,optimal,2368,False,Wahlen & Gschwind (2023),10.1287/trsc.2023.1198
CBD,Traversal,75,30,26,2671,True,optimal,2671,False,Wahlen & Gschwind (2023),10.1287/trsc.2023.1198
CBD,Traversal,75,30,27,2329,True,optimal,2329,False,Wahlen & Gschwind (2023),10.1287/trsc.2023.1198
CBD,Traversal,75,30,28,2430,True,optimal,2430,False,Wahlen & Gschwind (2023),10.1287/trsc.2023.1198
CBD,Traversal,75,30,29,2364,True,optimal,2364,False,Wahlen & Gschwind (2023),10.1287/trsc.2023.1198
CBD,Traversal,75,30,30,2674,True,optimal,2674,False,Wahlen & Gschwind (2023),10.1287/trsc.2023.1198
CBD,Traversal,75,30,31,2241,True,optimal,2241,False,Wahlen & Gschwind (2023),10.1287/trsc.2023.1198
CBD,Traversal,75,30,32,2391,True,optimal,2391,False,Wahlen & Gschwind (2023),10.1287/trsc.2023.1198
CBD,Traversal,75,30,33,2295,True,optimal,2295,False,Wahlen & Gschwind (2023),10.1287/trsc.2023.1198
CBD,Traversal,75,30,34,2391,True,optimal,2391,False,Wahlen & Gschwind (2023),10.1287/trsc.2023.1198
CBD,Traversal,75,30,35,2360,True,optimal,2360,False,Wahlen & Gschwind (2023),10.1287/trsc.2023.1198
CBD,Traversal,75,30,36,2082,True,optimal,2082,False,Wahlen & Gschwind (2023),10.1287/trsc.2023.1198
CBD,Traversal,75,30,37,2389,True,optimal,2389,False,Wahlen & Gschwind (2023),10.1287/trsc.2023.1198
CBD,Traversal,75,30,38,2299,True,optimal,2299,False,Wahlen & Gschwind (2023),10.1287/trsc.2023.1198
CBD,Traversal,75,30,39,2214,True,optimal,2214,False,Wahlen & Gschwind (2023),10.1287/trsc.2023.1198
CBD,Traversal,75,40,0,3104,True,optimal,3104,False,Wahlen & Gschwind (2023),10.1287/trsc.2023.1198
CBD,Traversal,75,40,1,2974,True,optimal,2974,False,Wahlen & Gschwind (2023),10.1287/trsc.2023.1198
CBD,Traversal,75,40,2,3472,True,optimal,3472,False,Wahlen & Gschwind (2023),10.1287/trsc.2023.1198
CBD,Traversal,75,40,3,2945,True,optimal,2945,False,Wahlen & Gschwind (2023),10.1287/trsc.2023.1198
CBD,Traversal,75,40,4,3139,True,optimal,3139,False,Wahlen & Gschwind (2023),10.1287/trsc.2023.1198
CBD,Traversal,75,40,5,2900,True,optimal,2900,False,Wahlen & Gschwind (2023),10.1287/trsc.2023.1198
CBD,Traversal,75,40,6,2862,True,optimal,2862,False,Wahlen & Gschwind (2023),10.1287/trsc.2023.1198
CBD,Traversal,75,40,7,3049,True,optimal,3049,False,Wahlen & Gschwind (2023),10.1287/trsc.2023.1198
CBD,Traversal,75,40,8,2710,True,optimal,2710,False,Wahlen & Gschwind (2023),10.1287/trsc.2023.1198
CBD,Traversal,75,40,9,2882,True,optimal,2882,False,Wahlen & Gschwind (2023),10.1287/trsc.2023.1198
CBD,Traversal,75,40,10,2970,True,optimal,2970,False,Wahlen & Gschwind (2023),10.1287/trsc.2023.1198
CBD,Traversal,75,40,11,2925,True,optimal,2925,False,Wahlen & Gschwind (2023),10.1287/trsc.2023.1198
CBD,Traversal,75,40,12,3208,True,optimal,3208,False,Wahlen & Gschwind (2023),10.1287/trsc.2023.1198
CBD,Traversal,75,40,13,3123,True,optimal,3123,False,Wahlen & Gschwind (2023),10.1287/trsc.2023.1198
CBD,Traversal,75,40,14,2989,True,optimal,2989,False,Wahlen & Gschwind (2023),10.1287/trsc.2023.1198
CBD,Traversal,75,40,15,2741,True,optimal,2741,False,Wahlen & Gschwind (2023),10.1287/trsc.2023.1198
CBD,Traversal,75,40,16,2834,True,optimal,2834,False,Wahlen & Gschwind (2023),10.1287/trsc.2023.1198
CBD,Traversal,75,40,17,2870,True,optimal,2870,False,Wahlen & Gschwind (2023),10.1287/trsc.2023.1198
CBD,Traversal,75,40,18,3012,True,optimal,3012,False,Wahlen & Gschwind (2023),10.1287/trsc.2023.1198
CBD,Traversal,75,40,19,3086,True,optimal,3086,False,Wahlen & Gschwind (2023),10.1287/trsc.2023.1198
CBD,Traversal,75,40,20,2547,True,optimal,2547,False,Wahlen & Gschwind (2023),10.1287/trsc.2023.1198
CBD,Traversal,75,40,21,2954,True,optimal,2954,False,Wahlen & Gschwind (2023),10.1287/trsc.2023.1198
CBD,Traversal,75,40,22,3359,True,optimal,3359,False,Wahlen & Gschwind (2023),10.1287/trsc.2023.1198
CBD,Traversal,75,40,23,2964,True,optimal,2964,False,Wahlen & Gschwind (2023),10.1287/trsc.2023.1198
CBD,Traversal,75,40,24,3136,True,optimal,3136,False,Wahlen & Gschwind (2023),10.1287/trsc.2023.1198
CBD,Traversal,75,40,25,2994,True,optimal,2994,False,Wahlen & Gschwind (2023),10.1287/trsc.2023.1198
CBD,Traversal,75,40,26,3034,True,optimal,3034,False,Wahlen & Gschwind (2023),10.1287/trsc.2023.1198
CBD,Traversal,75,40,27,3106,True,optimal,3106,False,Wahlen & Gschwind (2023),10.1287/trsc.2023.1198
CBD,Traversal,75,40,28,2834,True,optimal,2834,False,Wahlen & Gschwind (2023),10.1287/trsc.2023.1198
CBD,Traversal,75,40,29,2413,True,optimal,2413,False,Wahlen & Gschwind (2023),10.1287/trsc.2023.1198
CBD,Traversal,75,40,30,3004,True,optimal,3004,False,Wahlen & Gschwind (2023),10.1287/trsc.2023.1198
CBD,Traversal,75,40,31,2887,True,optimal,2887,False,Wahlen & Gschwind (2023),10.1287/trsc.2023.1198
CBD,Traversal,75,40,32,3139,True,optimal,3139,False,Wahlen & Gschwind (2023),10.1287/trsc.2023.1198
CBD,Traversal,75,40,33,3057,True,optimal,3057,False,Wahlen & Gschwind (2023),10.1287/trsc.2023.1198
CBD,Traversal,75,40,34,3101,True,optimal,3101,False,Wahlen & Gschwind (2023),10.1287/trsc.2023.1198
CBD,Traversal,75,40,35,2961,True,optimal,2961,False,Wahlen & Gschwind (2023),10.1287/trsc.2023.1198
CBD,Traversal,75,40,36,2987,True,optimal,2987,False,Wahlen & Gschwind (2023),10.1287/trsc.2023.1198
CBD,Traversal,75,40,37,3117,True,optimal,3117,False,Wahlen & Gschwind (2023),10.1287/trsc.2023.1198
CBD,Traversal,75,40,38,2889,True,optimal,2889,False,Wahlen & Gschwind (2023),10.1287/trsc.2023.1198
CBD,Traversal,75,40,39,3129,True,optimal,3129,False,Wahlen & Gschwind (2023),10.1287/trsc.2023.1198
CBD,Traversal,75,50,0,3778,True,optimal,3778,False,Wahlen & Gschwind (2023),10.1287/trsc.2023.1198
CBD,Traversal,75,50,1,3886,True,optimal,3886,False,Wahlen & Gschwind (2023),10.1287/trsc.2023.1198
CBD,Traversal,75,50,2,3780,True,optimal,3780,False,Wahlen & Gschwind (2023),10.1287/trsc.2023.1198
CBD,Traversal,75,50,3,3710,True,optimal,3710,False,Wahlen & Gschwind (2023),10.1287/trsc.2023.1198
CBD,Traversal,75,50,4,3647,True,optimal,3647,False,Wahlen & Gschwind (2023),10.1287/trsc.2023.1198
CBD,Traversal,75,50,5,3564,True,optimal,3564,False,Wahlen & Gschwind (2023),10.1287/trsc.2023.1198
CBD,Traversal,75,50,6,3614,True,optimal,3614,False,Wahlen & Gschwind (2023),10.1287/trsc.2023.1198
CBD,Traversal,75,50,7,3742,True,optimal,3742,False,Wahlen & Gschwind (2023),10.1287/trsc.2023.1198
CBD,Traversal,75,50,8,3799,True,optimal,3799,False,Wahlen & Gschwind (2023),10.1287/trsc.2023.1198
CBD,Traversal,75,50,9,4126,True,optimal,4126,False,Wahlen & Gschwind (2023),10.1287/trsc.2023.1198
CBD,Traversal,75,50,10,3668,True,optimal,3668,False,Wahlen & Gschwind (2023),10.1287/trsc.2023.1198
CBD,Traversal,75,50,11,4140,True,optimal,4140,False,Wahlen & Gschwind (2023),10.1287/trsc.2023.1198
CBD,Traversal,75,50,12,4209,True,optimal,4209,False,Wahlen & Gschwind (2023),10.1287/trsc.2023.1198
CBD,Traversal,75,50,13,3488,True,optimal,3488,False,Wahlen & Gschwind (2023),10.1287/trsc.2023.1198
CBD,Traversal,75,50,14,3387,True,optimal,3387,False,Wahlen & Gschwind (2023),10.1287/trsc.2023.1198
CBD,Traversal,75,50,15,3663,True,optimal,3663,False,Wahlen & Gschwind (2023),10.1287/trsc.2023.1198
CBD,Traversal,75,50,16,3859,True,optimal,3859,False,Wahlen & Gschwind (2023),10.1287/trsc.2023.1198
CBD,Traversal,75,50,17,4105,True,optimal,4105,False,Wahlen & Gschwind (2023),10.1287/trsc.2023.1198
CBD,Traversal,75,50,18,4123,True,optimal,4123,False,Wahlen & Gschwind (2023),10.1287/trsc.2023.1198
CBD,Traversal,75,50,19,3840,True,optimal,3840,False,Wahlen & Gschwind (2023),10.1287/trsc.2023.1198
CBD,Traversal,75,50,20,3833,True,optimal,3833,False,Wahlen & Gschwind (2023),10.1287/trsc.2023.1198
CBD,Traversal,75,50,21,3865,True,optimal,3865,False,Wahlen & Gschwind (2023),10.1287/trsc.2023.1198
CBD,Traversal,75,50,22,3729,True,optimal,3729,False,Wahlen & Gschwind (2023),10.1287/trsc.2023.1198
CBD,Traversal,75,50,23,3690,True,optimal,3690,False,Wahlen & Gschwind (2023),10.1287/trsc.2023.1198
CBD,Traversal,75,50,24,3736,True,optimal,3736,False,Wahlen & Gschwind (2023),10.1287/trsc.2023.1198
CBD,Traversal,75,50,25,3772,True,optimal,3772,False,Wahlen & Gschwind (2023),10.1287/trsc.2023.1198
CBD,Traversal,75,50,26,3641,True,optimal,3641,False,Wahlen & Gschwind (2023),10.1287/trsc.2023.1198
CBD,Traversal,75,50,27,3319,True,optimal,3319,False,Wahlen & Gschwind (2023),10.1287/trsc.2023.1198
CBD,Traversal,75,50,28,3708,True,optimal,3708,False,Wahlen & Gschwind (2023),10.1287/trsc.2023.1198
CBD,Traversal,75,50,29,3759,True,optimal,3759,False,Wahlen & Gschwind (2023),10.1287/trsc.2023.1198
CBD,Traversal,75,50,30,3669,True,optimal,3669,False,Wahlen & Gschwind (2023),10.1287/trsc.2023.1198
CBD,Traversal,75,50,31,3682,True,optimal,3682,False,Wahlen & Gschwind (2023),10.1287/trsc.2023.1198
CBD,Traversal,75,50,32,3418,True,optimal,3418,False,Wahlen & Gschwind (2023),10.1287/trsc.2023.1198
CBD,Traversal,75,50,33,3663,True,optimal,3663,False,Wahlen & Gschwind (2023),10.1287/trsc.2023.1198
CBD,Traversal,75,50,34,3619,True,optimal,3619,False,Wahlen & Gschwind (2023),10.1287/trsc.2023.1198
CBD,Traversal,75,50,35,3565,True,optimal,3565,False,Wahlen & Gschwind (2023),10.1287/trsc.2023.1198
CBD,Traversal,75,50,36,3561,True,optimal,3561,False,Wahlen & Gschwind (2023),10.1287/trsc.2023.1198
CBD,Traversal,75,50,37,3774,True,optimal,3774,False,Wahlen & Gschwind (2023),10.1287/trsc.2023.1198
CBD,Traversal,75,50,38,4200,True,optimal,4200,False,Wahlen & Gschwind (2023),10.1287/trsc.2023.1198
CBD,Traversal,75,50,39,3647,True,optimal,3647,False,Wahlen & Gschwind (2023),10.1287/trsc.2023.1198
CBD,Traversal,75,60,0,3949,True,optimal,3949,False,Wahlen & Gschwind (2023),10.1287/trsc.2023.1198
CBD,Traversal,75,60,1,4844,True,optimal,4844,False,Wahlen & Gschwind (2023),10.1287/trsc.2023.1198
CBD,Traversal,75,60,2,4353,True,optimal,4353,False,Wahlen & Gschwind (2023),10.1287/trsc.2023.1198
CBD,Traversal,75,60,3,4406,True,optimal,4406,False,Wahlen & Gschwind (2023),10.1287/trsc.2023.1198
CBD,Traversal,75,60,4,4139,True,optimal,4139,False,Wahlen & Gschwind (2023),10.1287/trsc.2023.1198
CBD,Traversal,75,60,5,4106,True,optimal,4106,False,Wahlen & Gschwind (2023),10.1287/trsc.2023.1198
CBD,Traversal,75,60,6,4129,True,optimal,4129,False,Wahlen & Gschwind (2023),10.1287/trsc.2023.1198
CBD,Traversal,75,60,7,4328,True,optimal,4328,False,Wahlen & Gschwind (2023),10.1287/trsc.2023.1198
CBD,Traversal,75,60,8,4540,True,optimal,4540,False,Wahlen & Gschwind (2023),10.1287/trsc.2023.1198
CBD,Traversal,75,60,9,4457,True,optimal,4457,False,Wahlen & Gschwind (2023),10.1287/trsc.2023.1198
CBD,Traversal,75,60,10,4623,True,optimal,4623,False,Wahlen & Gschwind (2023),10.1287/trsc.2023.1198
CBD,Traversal,75,60,11,4202,True,optimal,4202,False,Wahlen & Gschwind (2023),10.1287/trsc.2023.1198
CBD,Traversal,75,60,12,4894,True,optimal,4894,False,Wahlen & Gschwind (2023),10.1287/trsc.2023.1198
CBD,Traversal,75,60,13,4934,True,optimal,4934,False,Wahlen & Gschwind (2023),10.1287/trsc.2023.1198
CBD,Traversal,75,60,14,4283,True,optimal,4283,False,Wahlen & Gschwind (2023),10.1287/trsc.2023.1198
CBD,Traversal,75,60,15,4150,True,optimal,4150,False,Wahlen & Gschwind (2023),10.1287/trsc.2023.1198
CBD,Traversal,75,60,16,4087,True,optimal,4087,False,Wahlen & Gschwind (2023),10.1287/trsc.2023.1198
CBD,Traversal,75,60,17,4593,True,optimal,4593,False,Wahlen & Gschwind (2023),10.1287/trsc.2023.1198
CBD,Traversal,75,60,18,4003,True,optimal,4003,False,Wahlen & Gschwind (2023),10.1287/trsc.2023.1198
CBD,Traversal,75,60,19,4558,True,optimal,4558,False,Wahlen & Gschwind (2023),10.1287/trsc.2023.1198
CBD,Traversal,75,60,20,4599,True,optimal,4599,False,Wahlen & Gschwind (2023),10.1287/trsc.2023.1198
CBD,Traversal,75,60,21,4030,True,optimal,4030,False,Wahlen & Gschwind (2023),10.1287/trsc.2023.1198
CBD,Traversal,75,60,22,4305,True,optimal,4305,False,Wahlen & Gschwind (2023),10.1287/trsc.2023.1198
CBD,Traversal,75,60,23,4583,True,optimal,4583,False,Wahlen & Gschwind (2023),10.1287/trsc.2023.1198
CBD,Traversal,75,60,24,3782,True,optimal,3782,False,Wahlen & Gschwind (2023),10.1287/trsc.2023.1198
CBD,Traversal,75,60,25,3762,True,optimal,3762,False,Wahlen & Gschwind (2023),10.1287/trsc.2023.1198
CBD,Traversal,75,60,26,4461,True,optimal,4461,False,Wahlen & Gschwind (2023),10.1287/trsc.2023.1198
CBD,Traversal,75,60,27,4591,True,optimal,4591,False,Wahlen & Gschwind (2023),10.1287/trsc.2023.1198
CBD,Traversal,75,60,28,4024,True,optimal,4024,False,Wahlen & Gschwind (2023),10.1287/trsc.2023.1198
CBD,Traversal,75,60,29,4610,True,optimal,4610,False,Wahlen & Gschwind (2023),10.1287/trsc.2023.1198
CBD,Traversal,75,60,30,4119,True,optimal,4119,False,Wahlen & Gschwind (2023),10.1287/trsc.2023.1198
CBD,Traversal,75,60,31,4353,True,optimal,4353,False,Wahlen & Gschwind (2023),10.1287/trsc.2023.1198
CBD,Traversal,75,60,32,4362,True,optimal,4362,False,Wahlen & Gschwind (2023),10.1287/trsc.2023.1198
CBD,Traversal,75,60,33,4798,True,optimal,4798,False,Wahlen & Gschwind (2023),10.1287/trsc.2023.1198
CBD,Traversal,75,60,34,4862,True,optimal,4862,False,Wahlen & Gschwind (2023),10.1287/trsc.2023.1198
CBD,Traversal,75,60,35,4519,True,optimal,4519,False,Wahlen & Gschwind (2023),10.1287/trsc.2023.1198
CBD,Traversal,75,60,36,4603,True,optimal,4603,False,Wahlen & Gschwind (2023),10.1287/trsc.2023.1198
CBD,Traversal,75,60,37,4399,True,optimal,4399,False,Wahlen & Gschwind (2023),10.1287/trsc.2023.1198
CBD,Traversal,75,60,38,4340,True,optimal,4340,False,Wahlen & Gschwind (2023),10.1287/trsc.2023.1198
CBD,Traversal,75,60,39,4226,True,optimal,4226,False,Wahlen & Gschwind (2023),10.1287/trsc.2023.1198
CBD,Traversal,75,70,0,4958,True,optimal,4958,False,Wahlen & Gschwind (2023),10.1287/trsc.2023.1198
CBD,Traversal,75,70,1,5118,False,optimal,5118,False,Wahlen & Gschwind (2023),10.1287/trsc.2023.1198
CBD,Traversal,75,70,2,4972,True,optimal,4972,False,Wahlen & Gschwind (2023),10.1287/trsc.2023.1198
CBD,Traversal,75,70,3,4989,True,optimal,4989,False,Wahlen & Gschwind (2023),10.1287/trsc.2023.1198
CBD,Traversal,75,70,4,5024,True,optimal,5024,False,Wahlen & Gschwind (2023),10.1287/trsc.2023.1198
CBD,Traversal,75,70,5,4834,True,optimal,4834,False,Wahlen & Gschwind (2023),10.1287/trsc.2023.1198
CBD,Traversal,75,70,6,5356,True,optimal,5356,False,Wahlen & Gschwind (2023),10.1287/trsc.2023.1198
CBD,Traversal,75,70,7,4770,True,optimal,4770,False,Wahlen & Gschwind (2023),10.1287/trsc.2023.1198
CBD,Traversal,75,70,8,4624,True,optimal,4624,False,Wahlen & Gschwind (2023),10.1287/trsc.2023.1198
CBD,Traversal,75,70,9,5329,True,optimal,5329,False,Wahlen & Gschwind (2023),10.1287/trsc.2023.1198
CBD,Traversal,75,70,10,5202,True,optimal,5202,False,Wahlen & Gschwind (2023),10.1287/trsc.2023.1198
CBD,Traversal,75,70,11,5309,True,optimal,5309,False,Wahlen & Gschwind (2023),10.1287/trsc.2023.1198
CBD,Traversal,75,70,12,5314,True,optimal,5314,False,Wahlen & Gschwind (2023),10.1287/trsc.2023.1198
CBD,Traversal,75,70,13,5028,True,optimal,5028,False,Wahlen & Gschwind (2023),10.1287/trsc.2023.1198
CBD,Traversal,75,70,14,5486,True,optimal,5486,False,Wahlen & Gschwind (2023),10.1287/trsc.2023.1198
CBD,Traversal,75,70,15,4725,True,optimal,4725,False,Wahlen & Gschwind (2023),10.1287/trsc.2023.1198
CBD,Traversal,75,70,16,5102,True,optimal,5102,False,Wahlen & Gschwind (2023),10.1287/trsc.2023.1198
CBD,Traversal,75,70,17,5636,True,optimal,5636,False,Wahlen & Gschwind (2023),10.1287/trsc.2023.1198
CBD,Traversal,75,70,18,5516,True,optimal,5516,False,Wahlen & Gschwind (2023),10.1287/trsc.2023.1198
CBD,Traversal,75,70,19,5165,True,optimal,5165,False,Wahlen & Gschwind (2023),10.1287/trsc.2023.1198
CBD,Traversal,75,70,20,5457,True,optimal,5457,False,Wahlen & Gschwind (2023),10.1287/trsc.2023.1198
CBD,Traversal,75,70,21,4933,True,optimal,4933,False,Wahlen & Gschwind (2023),10.1287/trsc.2023.1198
CBD,Traversal,75,70,22,5126,True,optimal,5126,False,Wahlen & Gschwind (2023),10.1287/trsc.2023.1198
CBD,Traversal,75,70,23,4666,True,optimal,4666,False,Wahlen & Gschwind (2023),10.1287/trsc.2023.1198
CBD,Traversal,75,70,24,4758,True,optimal,4758,False,Wahlen & Gschwind (2023),10.1287/trsc.2023.1198
CBD,Traversal,75,70,25,5089,True,optimal,5089,False,Wahlen & Gschwind (2023),10.1287/trsc.2023.1198
CBD,Traversal,75,70,26,4839,False,optimal,4839,False,Wahlen & Gschwind (2023),10.1287/trsc.2023.1198
CBD,Traversal,75,70,27,4913,True,optimal,4913,False,Wahlen & Gschwind (2023),10.1287/trsc.2023.1198
CBD,Traversal,75,70,28,4777,True,optimal,4777,False,Wahlen & Gschwind (2023),10.1287/trsc.2023.1198
CBD,Traversal,75,70,29,4488,True,optimal,4488,False,Wahlen & Gschwind (2023),10.1287/trsc.2023.1198
CBD,Traversal,75,70,30,5018,True,optimal,5018,False,Wahlen & Gschwind (2023),10.1287/trsc.2023.1198
CBD,Traversal,75,70,31,4630,True,optimal,4630,False,Wahlen & Gschwind (2023),10.1287/trsc.2023.1198
CBD,Traversal,75,70,32,5189,True,optimal,5189,False,Wahlen & Gschwind (2023),10.1287/trsc.2023.1198
CBD,Traversal,75,70,33,5142,True,optimal,5142,False,Wahlen & Gschwind (2023),10.1287/trsc.2023.1198
CBD,Traversal,75,70,34,5241,True,optimal,5241,False,Wahlen & Gschwind (2023),10.1287/trsc.2023.1198
CBD,Traversal,75,70,35,4811,True,optimal,4811,False,Wahlen & Gschwind (2023),10.1287/trsc.2023.1198
CBD,Traversal,75,70,36,4767,True,optimal,4767,False,Wahlen & Gschwind (2023),10.1287/trsc.2023.1198
CBD,Traversal,75,70,37,4743,True,optimal,4743,False,Wahlen & Gschwind (2023),10.1287/trsc.2023.1198
CBD,Traversal,75,70,38,4918,True,optimal,4918,False,Wahlen & Gschwind (2023),10.1287/trsc.2023.1198
CBD,Traversal,75,70,39,4733,True,optimal,4733,False,Wahlen & Gschwind (2023),10.1287/trsc.2023.1198
CBD,Traversal,75,80,0,5853,True,optimal,5853,False,Wahlen & Gschwind (2023),10.1287/trsc.2023.1198
CBD,Traversal,75,80,1,5684,True,optimal,5684,False,Wahlen & Gschwind (2023),10.1287/trsc.2023.1198
CBD,Traversal,75,80,2,5457,True,optimal,5457,False,Wahlen & Gschwind (2023),10.1287/trsc.2023.1198
CBD,Traversal,75,80,3,6312,True,optimal,6312,False,Wahlen & Gschwind (2023),10.1287/trsc.2023.1198
CBD,Traversal,75,80,4,5503,True,optimal,5503,False,Wahlen & Gschwind (2023),10.1287/trsc.2023.1198
CBD,Traversal,75,80,5,5877,True,optimal,5877,False,Wahlen & Gschwind (2023),10.1287/trsc.2023.1198
CBD,Traversal,75,80,6,5343,True,optimal,5343,False,Wahlen & Gschwind (2023),10.1287/trsc.2023.1198
CBD,Traversal,75,80,7,5409,True,optimal,5409,False,Wahlen & Gschwind (2023),10.1287/trsc.2023.1198
CBD,Traversal,75,80,8,5848,True,optimal,5848,False,Wahlen & Gschwind (2023),10.1287/trsc.2023.1198
CBD,Traversal,75,80,9,5481,False,optimal,5481,False,Wahlen & Gschwind (2023),10.1287/trsc.2023.1198
CBD,Traversal,75,80,10,6306,True,optimal,6306,False,Wahlen & Gschwind (2023),10.1287/trsc.2023.1198
CBD,Traversal,75,80,11,5875,False,optimal,5875,False,Wahlen & Gschwind (2023),10.1287/trsc.2023.1198
CBD,Traversal,75,80,12,5417,True,optimal,5417,False,Wahlen & Gschwind (2023),10.1287/trsc.2023.1198
CBD,Traversal,75,80,13,5628,True,optimal,5628,False,Wahlen & Gschwind (2023),10.1287/trsc.2023.1198
CBD,Traversal,75,80,14,5370,True,optimal,5370,False,Wahlen & Gschwind (2023),10.1287/trsc.2023.1198
CBD,Traversal,75,80,15,5904,True,optimal,5904,False,Wahlen & Gschwind (2023),10.1287/trsc.2023.1198
CBD,Traversal,75,80,16,5408,True,optimal,5408,False,Wahlen & Gschwind (2023),10.1287/trsc.2023.1198
CBD,Traversal,75,80,17,5812,True,optimal,5812,False,Wahlen & Gschwind (2023),10.1287/trsc.2023.1198
CBD,Traversal,75,80,18,5577,True,optimal,5577,False,Wahlen & Gschwind (2023),10.1287/trsc.2023.1198
CBD,Traversal,75,80,19,6253,True,optimal,6253,False,Wahlen & Gschwind (2023),10.1287/trsc.2023.1198
CBD,Traversal,75,80,20,5897,True,optimal,5897,False,Wahlen & Gschwind (2023),10.1287/trsc.2023.1198
CBD,Traversal,75,80,21,5493,True,optimal,5493,False,Wahlen & Gschwind (2023),10.1287/trsc.2023.1198
CBD,Traversal,75,80,22,5566,True,optimal,5566,False,Wahlen & Gschwind (2023),10.1287/trsc.2023.1198
CBD,Traversal,75,80,23,5702,True,optimal,5702,False,Wahlen & Gschwind (2023),10.1287/trsc.2023.1198
CBD,Traversal,75,80,24,5973,True,optimal,5973,False,Wahlen & Gschwind (2023),10.1287/trsc.2023.1198
CBD,Traversal,75,80,25,5778,True,optimal,5778,False,Wahlen & Gschwind (2023),10.1287/trsc.2023.1198
CBD,Traversal,75,80,26,5469,True,optimal,5469,False,Wahlen & Gschwind (2023),10.1287/trsc.2023.1198
CBD,Traversal,75,80,27,5781,True,optimal,5781,False,Wahlen & Gschwind (2023),10.1287/trsc.2023.1198
CBD,Traversal,75,80,28,5467,True,optimal,5467,False,Wahlen & Gschwind (2023),10.1287/trsc.2023.1198
CBD,Traversal,75,80,29,6342,True,optimal,6342,False,Wahlen & Gschwind (2023),10.1287/trsc.2023.1198
CBD,Traversal,75,80,30,6100,True,optimal,6100,False,Wahlen & Gschwind (2023),10.1287/trsc.2023.1198
CBD,Traversal,75,80,31,5317,True,optimal,5317,False,Wahlen & Gschwind (2023),10.1287/trsc.2023.1198
CBD,Traversal,75,80,32,5262,True,optimal,5262,False,Wahlen & Gschwind (2023),10.1287/trsc.2023.1198
CBD,Traversal,75,80,33,5482,True,optimal,5482,False,Wahlen & Gschwind (2023),10.1287/trsc.2023.1198
CBD,Traversal,75,80,34,6248,True,optimal,6248,False,Wahlen & Gschwind (2023),10.1287/trsc.2023.1198
CBD,Traversal,75,80,35,5418,True,optimal,5418,False,Wahlen & Gschwind (2023),10.1287/trsc.2023.1198
CBD,Traversal,75,80,36,5406,True,optimal,5406,False,Wahlen & Gschwind (2023),10.1287/trsc.2023.1198
CBD,Traversal,75,80,37,6013,True,optimal,6013,False,Wahlen & Gschwind (2023),10.1287/trsc.2023.1198
CBD,Traversal,75,80,38,5820,True,optimal,5820,False,Wahlen & Gschwind (2023),10.1287/trsc.2023.1198
CBD,Traversal,75,80,39,5685,True,optimal,5685,False,Wahlen & Gschwind (2023),10.1287/trsc.2023.1198
CBD,Traversal,75,90,0,5845,True,optimal,5845,False,Wahlen & Gschwind (2023),10.1287/trsc.2023.1198
CBD,Traversal,75,90,1,6117,True,optimal,6117,False,Wahlen & Gschwind (2023),10.1287/trsc.2023.1198
CBD,Traversal,75,90,2,6615,True,optimal,6615,False,Wahlen & Gschwind (2023),10.1287/trsc.2023.1198
CBD,Traversal,75,90,3,6128,True,optimal,6128,False,Wahlen & Gschwind (2023),10.1287/trsc.2023.1198
CBD,Traversal,75,90,4,6290,True,optimal,6290,False,Wahlen & Gschwind (2023),10.1287/trsc.2023.1198
CBD,Traversal,75,90,5,6151,True,optimal,6151,False,Wahlen & Gschwind (2023),10.1287/trsc.2023.1198
CBD,Traversal,75,90,6,6585,False,optimal,6585,False,Wahlen & Gschwind (2023),10.1287/trsc.2023.1198
CBD,Traversal,75,90,7,6965,True,optimal,6965,False,Wahlen & Gschwind (2023),10.1287/trsc.2023.1198
CBD,Traversal,75,90,8,6298,True,optimal,6298,False,Wahlen & Gschwind (2023),10.1287/trsc.2023.1198
CBD,Traversal,75,90,9,6382,True,optimal,6382,False,Wahlen & Gschwind (2023),10.1287/trsc.2023.1198
CBD,Traversal,75,90,10,6842,True,optimal,6842,False,Wahlen & Gschwind (2023),10.1287/trsc.2023.1198
CBD,Traversal,75,90,11,6000,False,optimal,6000,False,Wahlen & Gschwind (2023),10.1287/trsc.2023.1198
CBD,Traversal,75,90,12,6060,True,optimal,6060,False,Wahlen & Gschwind (2023),10.1287/trsc.2023.1198
CBD,Traversal,75,90,13,6041,True,optimal,6041,False,Wahlen & Gschwind (2023),10.1287/trsc.2023.1198
CBD,Traversal,75,90,14,6211,True,optimal,6211,False,Wahlen & Gschwind (2023),10.1287/trsc.2023.1198
CBD,Traversal,75,90,15,5694,True,optimal,5694,False,Wahlen & Gschwind (2023),10.1287/trsc.2023.1198
CBD,Traversal,75,90,16,6235,True,optimal,6235,False,Wahlen & Gschwind (2023),10.1287/trsc.2023.1198
CBD,Traversal,75,90,17,6264,True,optimal,6264,False,Wahlen & Gschwind (2023),10.1287/trsc.2023.1198
CBD,Traversal,75,90,18,6149,False,optimal,6149,False,Wahlen & Gschwind (2023),10.1287/trsc.2023.1198
CBD,Traversal,75,90,19,6485,False,optimal,6485,False,Wahlen & Gschwind (2023),10.1287/trsc.2023.1198
CBD,Traversal,75,90,20,6212,False,optimal,6212,False,Wahlen & Gschwind (2023),10.1287/trsc.2023.1198
CBD,Traversal,75,90,21,5886,False,optimal,5886,False,Wahlen & Gschwind (2023),10.1287/trsc.2023.1198
CBD,Traversal,75,90,22,6619,True,optimal,6619,False,Wahlen & Gschwind (2023),10.1287/trsc.2023.1198
CBD,Traversal,75,90,23,6740,True,optimal,6740,False,Wahlen & Gschwind (2023),10.1287/trsc.2023.1198
CBD,Traversal,75,90,24,6422,True,optimal,6422,False,Wahlen & Gschwind (2023),10.1287/trsc.2023.1198
CBD,Traversal,75,90,25,6205,True,optimal,6205,False,Wahlen & Gschwind (2023),10.1287/trsc.2023.1198
CBD,Traversal,75,90,26,6609,True,optimal,6609,False,Wahlen & Gschwind (2023),10.1287/trsc.2023.1198
CBD,Traversal,75,90,27,6649,True,optimal,6649,False,Wahlen & Gschwind (2023),10.1287/trsc.2023.1198
CBD,Traversal,75,90,28,6181,True,optimal,6181,False,Wahlen & Gschwind (2023),10.1287/trsc.2023.1198
CBD,Traversal,75,90,29,6529,True,optimal,6529,False,Wahlen & Gschwind (2023),10.1287/trsc.2023.1198
CBD,Traversal,75,90,30,6258,True,optimal,6258,False,Wahlen & Gschwind (2023),10.1287/trsc.2023.1198
CBD,Traversal,75,90,31,6186,True,optimal,6186,False,Wahlen & Gschwind (2023),10.1287/trsc.2023.1198
CBD,Traversal,75,90,32,6206,True,optimal,6206,False,Wahlen & Gschwind (2023),10.1287/trsc.2023.1198
CBD,Traversal,75,90,33,6248,True,optimal,6248,False,Wahlen & Gschwind (2023),10.1287/trsc.2023.1198
CBD,Traversal,75,90,34,6173,True,optimal,6173,False,Wahlen & Gschwind (2023),10.1287/trsc.2023.1198
CBD,Traversal,75,90,35,5970,True,optimal,5970,False,Wahlen & Gschwind (2023),10.1287/trsc.2023.1198
CBD,Traversal,75,90,36,6312,True,optimal,6312,False,Wahlen & Gschwind (2023),10.1287/trsc.2023.1198
CBD,Traversal,75,90,37,6516,False,optimal,6516,False,Wahlen & Gschwind (2023),10.1287/trsc.2023.1198
CBD,Traversal,75,90,38,6909,False,optimal,6909,False,Wahlen & Gschwind (2023),10.1287/trsc.2023.1198
CBD,Traversal,75,90,39,6720,True,optimal,6720,False,Wahlen & Gschwind (2023),10.1287/trsc.2023.1198
CBD,Traversal,75,100,0,7003,True,optimal,7003,False,Wahlen & Gschwind (2023),10.1287/trsc.2023.1198
CBD,Traversal,75,100,1,7501,True,optimal,7501,False,Wahlen & Gschwind (2023),10.1287/trsc.2023.1198
CBD,Traversal,75,100,2,7002,True,optimal,7002,False,Wahlen & Gschwind (2023),10.1287/trsc.2023.1198
CBD,Traversal,75,100,3,7539,True,optimal,7539,False,Wahlen & Gschwind (2023),10.1287/trsc.2023.1198
CBD,Traversal,75,100,4,6861,True,optimal,6861,False,Wahlen & Gschwind (2023),10.1287/trsc.2023.1198
CBD,Traversal,75,100,5,7664,True,optimal,7664,False,Wahlen & Gschwind (2023),10.1287/trsc.2023.1198
CBD,Traversal,75,100,6,6911,False,optimal,6911,False,Wahlen & Gschwind (2023),10.1287/trsc.2023.1198
CBD,Traversal,75,100,7,6562,True,optimal,6562,False,Wahlen & Gschwind (2023),10.1287/trsc.2023.1198
CBD,Traversal,75,100,8,6842,True,optimal,6842,False,Wahlen & Gschwind (2023),10.1287/trsc.2023.1198
CBD,Traversal,75,100,9,7766,False,optimal,7766,False,Wahlen & Gschwind (2023),10.1287/trsc.2023.1198
CBD,Traversal,75,100,10,6940,True,optimal,6940,False,Wahlen & Gschwind (2023),10.1287/trsc.2023.1198
CBD,Traversal,75,100,11,7008,False,optimal,7008,False,Wahlen & Gschwind (2023),10.1287/trsc.2023.1198
CBD,Traversal,75,100,12,6863,True,optimal,6863,False,Wahlen & Gschwind (2023),10.1287/trsc.2023.1198
CBD,Traversal,75,100,13,7082,True,optimal,7082,False,Wahlen & Gschwind (2023),10.1287/trsc.2023.1198
CBD,Traversal,75,100,14,6614,False,optimal,6614,False,Wahlen & Gschwind (2023),10.1287/trsc.2023.1198
CBD,Traversal,75,100,15,6893,False,optimal,6893,False,Wahlen & Gschwind (2023),10.1287/trsc.2023.1198
CBD,Traversal,75,100,16,7292,True,optimal,7292,False,Wahlen & Gschwind (2023),10.1287/trsc.2023.1198
CBD,Traversal,75,100,17,6998,False,optimal,6998,False,Wahlen & Gschwind (2023),10.1287/trsc.2023.1198
CBD,Traversal,75,100,18,6899,True,optimal,6899,False,Wahlen & Gschwind (2023),10.1287/trsc.2023.1198
CBD,Traversal,75,100,19,7377,False,optimal,7377,False,Wahlen & Gschwind (2023),10.1287/trsc.2023.1198
CBD,Traversal,75,100,20,6912,True,optimal,6912,False,Wahlen & Gschwind (2023),10.1287/trsc.2023.1198
CBD,Traversal,75,100,21,6796,False,optimal,6796,False,Wahlen & Gschwind (2023),10.1287/trsc.2023.1198
CBD,Traversal,75,100,22,6794,False,optimal,6794,False,Wahlen & Gschwind (2023),10.1287/trsc.2023.1198
CBD,Traversal,75,100,23,6794,True,optimal,6794,False,Wahlen & Gschwind (2023),10.1287/trsc.2023.1198
CBD,Traversal,75,100,24,6795,True,optimal,6795,False,Wahlen & Gschwind (2023),10.1287/trsc.2023.1198
CBD,Traversal,75,100,25,7372,False,optimal,7372,False,Wahlen & Gschwind (2023),10.1287/trsc.2023.1198
CBD,Traversal,75,100,26,6937,False,optimal,6937,False,Wahlen & Gschwind (2023),10.1287/trsc.2023.1198
CBD,Traversal,75,100,27,6448,False,optimal,6448,False,Wahlen & Gschwind (2023),10.1287/trsc.2023.1198
CBD,Traversal,75,100,28,7027,True,optimal,7027,False,Wahlen & Gschwind (2023),10.1287/trsc.2023.1198
CBD,Traversal,75,100,29,6913,False,optimal,6913,False,Wahlen & Gschwind (2023),10.1287/trsc.2023.1198
CBD,Traversal,75,100,30,7146,False,optimal,7146,False,Wahlen & Gschwind (2023),10.1287/trsc.2023.1198
CBD,Traversal,75,100,31,7430,True,optimal,7430,False,Wahlen & Gschwind (2023),10.1287/trsc.2023.1198
CBD,Traversal,75,100,32,7085,True,optimal,7085,False,Wahlen & Gschwind (2023),10.1287/trsc.2023.1198
CBD,Traversal,75,100,33,6680,True,optimal,6680,False,Wahlen & Gschwind (2023),10.1287/trsc.2023.1198
CBD,Traversal,75,100,34,6960,False,optimal,6960,False,Wahlen & Gschwind (2023),10.1287/trsc.2023.1198
CBD,Traversal,75,100,35,6881,False,optimal,6881,False,Wahlen & Gschwind (2023),10.1287/trsc.2023.1198
CBD,Traversal,75,100,36,6574,True,optimal,6574,False,Wahlen & Gschwind (2023),10.1287/trsc.2023.1198
CBD,Traversal,75,100,37,6968,False,optimal,6968,False,Wahlen & Gschwind (2023),10.1287/trsc.2023.1198
CBD,Traversal,75,100,38,7114,True,optimal,7114,False,Wahlen & Gschwind (2023),10.1287/trsc.2023.1198
CBD,Traversal,75,100,39,7268,False,optimal,7268,False,Wahlen & Gschwind (2023),10.1287/trsc.2023.1198
UDD,LargestGap,30,20,0,4316,True,optimal,4316,False,Wahlen & Gschwind (2023),10.1287/trsc.2023.1198
UDD,LargestGap,30,20,1,4531,True,optimal,4531,False,Wahlen & Gschwind (2023),10.1287/trsc.2023.1198
UDD,LargestGap,30,20,2,4982,True,optimal,4982,False,Wahlen & Gschwind (2023),10.1287/trsc.2023.1198
UDD,LargestGap,30,20,3,3671,True,optimal,3671,False,Wahlen & Gschwind (2023),10.1287/trsc.2023.1198
UDD,LargestGap,30,20,4,3464,True,optimal,3464,False,Wahlen & Gschwind (2023),10.1287/trsc.2023.1198
UDD,LargestGap,30,20,5,4511,True,optimal,4511,False,Wahlen & Gschwind (2023),10.1287/trsc.2023.1198
UDD,LargestGap,30,20,6,4541,True,optimal,4541,False,Wahlen & Gschwind (2023),10.1287/trsc.2023.1198
UDD,LargestGap,30,20,7,5157,True,optimal,5157,False,Wahlen & Gschwind (2023),10.1287/trsc.2023.1198
UDD,LargestGap,30,20,8,5582,True,optimal,5582,False,Wahlen & Gschwind (2023),10.1287/trsc.2023.1198
UDD,LargestGap,30,20,9,5395,True,optimal,5395,False,Wahlen & Gschwind (2023),10.1287/trsc.2023.1198
UDD,LargestGap,30,20,10,5194,True,optimal,5194,False,Wahlen & Gschwind (2023),10.1287/trsc.2023.1198
UDD,LargestGap,30,20,11,4229,True,optimal,4229,False,Wahlen & Gschwind (2023),10.1287/trsc.2023.1198
UDD,LargestGap,30,20,12,4751,True,optimal,4751,False,Wahlen & Gschwind (2023),10.1287/trsc.2023.1198
UDD,LargestGap,30,20,13,5169,True,optimal,5169,False,Wahlen & Gschwind (2023),10.1287/trsc.2023.1198
UDD,LargestGap,30,20,14,5222,True,optimal,5222,False,Wahlen & Gschwind (2023),10.1287/trsc.2023.1198
UDD,LargestGap,30,20,15,4154,True,optimal,4154,False,Wahlen & Gschwind (2023),10.1287/trsc.2023.1198
UDD,LargestGap,30,20,16,4396,True,optimal,4396,False,Wahlen & Gschwind (2023),10.1287/trsc.2023.1198
UDD,LargestGap,30,20,17,4439,True,optimal,4439,False,Wahlen & Gschwind (2023),10.1287/trsc.2023.1198
UDD,LargestGap,30,20,18,4965,True,optimal,4965,False,Wahlen & Gschwind (2023),10.1287/trsc.2023.1198
UDD,LargestGap,30,20,19,3749,True,optimal,3749,False,Wahlen & Gschwind (2023),10.1287/trsc.2023.1198
UDD,LargestGap,30,20,20,4166,True,optimal,4166,False,Wahlen & Gschwind (2023),10.1287/trsc.2023.1198
UDD,LargestGap,30,20,21,4813,True,optimal,4813,False,Wahlen & Gschwind (2023),10.1287/trsc.2023.1198
UDD,LargestGap,30,20,22,4218,True,optimal,4218,False,Wahlen & Gschwind (2023),10.1287/trsc.2023.1198
UDD,LargestGap,30,20,23,6181,True,optimal,6181,False,Wahlen & Gschwind (2023),10.1287/trsc.2023.1198
UDD,LargestGap,30,20,24,3242,True,optimal,3242,False,Wahlen & Gschwind (2023),10.1287/trsc.2023.1198
UDD,LargestGap,30,20,25,5347,True,optimal,5347,False,Wahlen & Gschwind (2023),10.1287/trsc.2023.1198
UDD,LargestGap,30,20,26,5119,True,optimal,5119,False,Wahlen & Gschwind (2023),10.1287/trsc.2023.1198
UDD,LargestGap,30,20,27,5208,True,optimal,5208,False,Wahlen & Gschwind (2023),10.1287/trsc.2023.1198
UDD,LargestGap,30,20,28,4593,True,optimal,4593,False,Wahlen & Gschwind (2023),10.1287/trsc.2023.1198
UDD,LargestGap,30,20,29,4819,True,optimal,4819,False,Wahlen & Gschwind (2023),10.1287/trsc.2023.1198
UDD,LargestGap,30,20,30,4258,True,optimal,4258,False,Wahlen & Gschwind (2023),10.1287/trsc.2023.1198
UDD,LargestGap,30,20,31,5864,True,optimal,5864,False,Wahlen & Gschwind (2023),10.1287/trsc.2023.1198
UDD,LargestGap,30,20,32,4387,True,optimal,4387,False,Wahlen & Gschwind (2023),10.1287/trsc.2023.1198
UDD,LargestGap,30,20,33,5203,True,optimal,5203,False,Wahlen & Gschwind (2023),10.1287/trsc.2023.1198
UDD,LargestGap,30,20,34,3780,True,optimal,3780,False,Wahlen & Gschwind (2023),10.1287/trsc.2023.1198
UDD,LargestGap,30,20,35,3962,True,optimal,3962,False,Wahlen & Gschwind (2023),10.1287/trsc.2023.1198
UDD,LargestGap,30,20,36,4692,True,optimal,4692,False,Wahlen & Gschwind (2023),10.1287/trsc.2023.1198
UDD,LargestGap,30,20,37,4435,True,optimal,4435,False,Wahlen & Gschwind (2023),10.1287/trsc.2023.1198
UDD,LargestGap,30,20,38,3844,True,optimal,3844,False,Wahlen & Gschwind (2023),10.1287/trsc.2023.1198
UDD,LargestGap,30,20,39,4572,True,optimal,4572,False,Wahlen & Gschwind (2023),10.1287/trsc.2023.1198
UDD,LargestGap,30,30,0,6050,True,optimal,6050,False,Wahlen & Gschwind (2023),10.1287/trsc.2023.1198
UDD,LargestGap,30,30,1,6122,True,optimal,6122,False,Wahlen & Gschwind (2023),10.1287/trsc.2023.1198
UDD,LargestGap,30,30,2,6712,True,optimal,6712,False,Wahlen & Gschwind (2023),10.1287/trsc.2023.1198
UDD,LargestGap,30,30,3,7283,True,optimal,7283,False,Wahlen & Gschwind (2023),10.1287/trsc.2023.1198
UDD,LargestGap,30,30,4,8595,True,optimal,8595,False,Wahlen & Gschwind (2023),10.1287/trsc.2023.1198
UDD,LargestGap,30,30,5,8180,True,optimal,8180,False,Wahlen & Gschwind (2023),10.1287/trsc.2023.1198
UDD,LargestGap,30,30,6,6167,True,optimal,6167,False,Wahlen & Gschwind (2023),10.1287/trsc.2023.1198
UDD,LargestGap,30,30,7,7480,True,optimal,7480,False,Wahlen & Gschwind (2023),10.1287/trsc.2023.1198
UDD,LargestGap,30,30,8,6533,True,optimal,6533,False,Wahlen & Gschwind (2023),10.1287/trsc.2023.1198
UDD,LargestGap,30,30,9,6050,True,optimal,6050,False,Wahlen & Gschwind (2023),10.1287/trsc.2023.1198
UDD,LargestGap,30,30,10,6528,True,optimal,6528,False,Wahlen & Gschwind (2023),10.1287/trsc.2023.1198
UDD,LargestGap,30,30,11,5581,True,optimal,5581,False,Wahlen & Gschwind (2023),10.1287/trsc.2023.1198
UDD,LargestGap,30,30,12,7080,True,optimal,7080,False,Wahlen & Gschwind (2023),10.1287/trsc.2023.1198
UDD,LargestGap,30,30,13,6622,True,optimal,6622,False,Wahlen & Gschwind (2023),10.1287/trsc.2023.1198
UDD,LargestGap,30,30,14,6866,True,optimal,6866,False,Wahlen & Gschwind (2023),10.1287/trsc.2023.1198
UDD,LargestGap,30,30,15,5758,True,optimal,5758,False,Wahlen & Gschwind (2023),10.1287/trsc.2023.1198
UDD,LargestGap,30,30,16,6337,True,optimal,6337,False,Wahlen & Gschwind (2023),10.1287/trsc.2023.1198
UDD,LargestGap,30,30,17,6883,True,optimal,6883,False,Wahlen & Gschwind (2023),10.1287/trsc.2023.1198
UDD,LargestGap,30,30,18,6285,True,optimal,6285,False,Wahlen & Gschwind (2023),10.1287/trsc.2023.1198
UDD,LargestGap,30,30,19,6664,True,optimal,6664,False,Wahlen & Gschwind (2023),10.1287/trsc.2023.1198
UDD,LargestGap,30,30,20,5417,True,optimal,5417,False,Wahlen & Gschwind (2023),10.1287/trsc.2023.1198
UDD,LargestGap,30,30,21,5714,True,optimal,5714,False,Wahlen & Gschwind (2023),10.1287/trsc.2023.1198
UDD,LargestGap,30,30,22,7898,True,optimal,7898,False,Wahlen & Gschwind (2023),10.1287/trsc.2023.1198
UDD,LargestGap,30,30,23,7083,True,optimal,7083,False,Wahlen & Gschwind (2023),10.1287/trsc.2023.1198
UDD,LargestGap,30,30,24,8942,True,optimal,8942,False,Wahlen & Gschwind (2023),10.1287/trsc.2023.1198
UDD,LargestGap,30,30,25,6301,True,optimal,6301,False,Wahlen & Gschwind (2023),10.1287/trsc.2023.1198
UDD,LargestGap,30,30,26,6702,True,optimal,6702,False,Wahlen & Gschwind (2023),10.1287/trsc.2023.1198
UDD,LargestGap,30,30,27,8162,True,optimal,8162,False,Wahlen & Gschwind (2023),10.1287/trsc.2023.1198
UDD,LargestGap,30,30,28,6014,True,optimal,6014,False,Wahlen & Gschwind (2023),10.1287/trsc.2023.1198
UDD,LargestGap,30,30,29,6819,True,optimal,6819,False,Wahlen & Gschwind (2023),10.1287/trsc.2023.1198
UDD,LargestGap,30,30,30,7377,True,optimal,7377,False,Wahlen & Gschwind (2023),10.1287/trsc.2023.1198
UDD,LargestGap,30,30,31,8100,True,optimal,8100,False,Wahlen & Gschwind (2023),10.1287/trsc.2023.1198
UDD,LargestGap,30,30,32,6848,True,optimal,6848,False,Wahlen & Gschwind (2023),10.1287/trsc.2023.1198
UDD,LargestGap,30,30,33,6258,True,optimal,6258,False,Wahlen & Gschwind (2023),10.1287/trsc.2023.1198
UDD,LargestGap,30,30,34,6916,True,optimal,6916,False,Wahlen & Gschwind (2023),10.1287/trsc.2023.1198
UDD,LargestGap,30,30,35,7881,True,optimal,7881,False,Wahlen & Gschwind (2023),10.1287/trsc.2023.1198
UDD,LargestGap,30,30,36,7904,True,optimal,7904,False,Wahlen & Gschwind (2023),10.1287/trsc.2023.1198
UDD,LargestGap,30,30,37,6371,True,optimal,6371,False,Wahlen & Gschwind (2023),10.1287/trsc.2023.1198
UDD,LargestGap,30,30,38,7835,True,optimal,7835,False,Wahlen & Gschwind (2023),10.1287/trsc.2023.1198
UDD,LargestGap,30,30,39,8035,True,optimal,8035,False,Wahlen & Gschwind (2023),10.1287/trsc.2023.1198
UDD,LargestGap,30,40,0,9690,True,optimal,9690,False,Wahlen & Gschwind (2023),10.1287/trsc.2023.1198
UDD,LargestGap,30,40,1,9030,True,optimal,9030,False,Wahlen & Gschwind (2023),10.1287/trsc.2023.1198
UDD,LargestGap,30,40,2,8152,True,optimal,8152,False,Wahlen & Gschwind (2023),10.1287/trsc.2023.1198
UDD,LargestGap,30,40,3,8362,True,optimal,8362,False,Wahlen & Gschwind (2023),10.1287/trsc.2023.1198
UDD,LargestGap,30,40,4,8519,True,optimal,8519,False,Wahlen & Gschwind (2023),10.1287/trsc.2023.1198
UDD,LargestGap,30,40,5,9194,True,optimal,9194,False,Wahlen & Gschwind (2023),10.1287/trsc.2023.1198
UDD,LargestGap,30,40,6,8238,True,optimal,8238,False,Wahlen & Gschwind (2023),10.1287/trsc.2023.1198
UDD,LargestGap,30,40,7,7865,True,optimal,7865,False,Wahlen & Gschwind (2023),10.1287/trsc.2023.1198
UDD,LargestGap,30,40,8,9394,True,optimal,9394,False,Wahlen & Gschwind (2023),10.1287/trsc.2023.1198
UDD,LargestGap,30,40,9,8673,True,optimal,8673,False,Wahlen & Gschwind (2023),10.1287/trsc.2023.1198
UDD,LargestGap,30,40,10,9241,True,optimal,9241,False,Wahlen & Gschwind (2023),10.1287/trsc.2023.1198
UDD,LargestGap,30,40,11,10001,True,optimal,10001,False,Wahlen & Gschwind (2023),10.1287/trsc.2023.1198
UDD,LargestGap,30,40,12,8664,True,optimal,8664,False,Wahlen & Gschwind (2023),10.1287/trsc.2023.1198
UDD,LargestGap,30,40,13,9564,True,optimal,9564,False,Wahlen & Gschwind (2023),10.1287/trsc.2023.1198
UDD,LargestGap,30,40,14,8427,True,optimal,8427,False,Wahlen & Gschwind (2023),10.1287/trsc.2023.1198
UDD,LargestGap,30,40,15,7850,True,optimal,7850,False,Wahlen & Gschwind (2023),10.1287/trsc.2023.1198
UDD,LargestGap,30,40,16,9422,True,optimal,9422,False,Wahlen & Gschwind (2023),10.1287/trsc.2023.1198
UDD,LargestGap,30,40,17,7639,True,optimal,7639,False,Wahlen & Gschwind (2023),10.1287/trsc.2023.1198
UDD,LargestGap,30,40,18,9607,True,optimal,9607,False,Wahlen & Gschwind (2023),10.1287/trsc.2023.1198
UDD,LargestGap,30,40,19,9320,True,optimal,9320,False,Wahlen & Gschwind (2023),10.1287/trsc.2023.1198
UDD,LargestGap,30,40,20,9515,True,optimal,9515,False,Wahlen & Gschwind (2023),10.1287/trsc.2023.1198
UDD,LargestGap,30,40,21,10252,True,optimal,10252,False,Wahlen & Gschwind (2023),10.1287/trsc.2023.1198
UDD,LargestGap,30,40,22,7824,True,optimal,7824,False,Wahlen & Gschwind (2023),10.1287/trsc.2023.1198
UDD,LargestGap,30,40,23,9013,True,optimal,9013,False,Wahlen & Gschwind (2023),10.1287/trsc.2023.1198
UDD,LargestGap,30,40,24,9214,True,optimal,9214,False,Wahlen & Gschwind (2023),10.1287/trsc.2023.1198
UDD,LargestGap,30,40,25,7525,True,optimal,7525,False,Wahlen & Gschwind (2023),10.1287/trsc.2023.1198
UDD,LargestGap,30,40,26,7818,True,optimal,7818,False,Wahlen & Gschwind (2023),10.1287/trsc.2023.1198
UDD,LargestGap,30,40,27,8933,True,optimal,8933,False,Wahlen & Gschwind (2023),10.1287/trsc.2023.1198
UDD,LargestGap,30,40,28,8342,True,optimal,8342,False,Wahlen & Gschwind (2023),10.1287/trsc.2023.1198
UDD,LargestGap,30,40,29,8466,True,optimal,8466,False,Wahlen & Gschwind (2023),10.1287/trsc.2023.1198
UDD,LargestGap,30,40,30,9748,True,optimal,9748,False,Wahlen & Gschwind (2023),10.1287/trsc.2023.1198
UDD,LargestGap,30,40,31,10170,True,optimal,10170,False,Wahlen & Gschwind (2023),10.1287/trsc.2023.1198
UDD,LargestGap,30,40,32,8234,True,optimal,8234,False,Wahlen & Gschwind (2023),10.1287/trsc.2023.1198
UDD,LargestGap,30,40,33,9631,True,optimal,9631,False,Wahlen & Gschwind (2023),10.1287/trsc.2023.1198
UDD,LargestGap,30,40,34,10465,True,optimal,10465,False,Wahlen & Gschwind (2023),10.1287/trsc.2023.1198
UDD,LargestGap,30,40,35,8676,True,optimal,8676,False,Wahlen & Gschwind (2023),10.1287/trsc.2023.1198
UDD,LargestGap,30,40,36,8484,True,optimal,8484,False,Wahlen & Gschwind (2023),10.1287/trsc.2023.1198
UDD,LargestGap,30,40,37,8429,True,optimal,8429,False,Wahlen & Gschwind (2023),10.1287/trsc.2023.1198
UDD,LargestGap,30,40,38,8504,True,optimal,8504,False,Wahlen & Gschwind (2023),10.1287/trsc.2023.1198
UDD,LargestGap,30,40,39,8844,True,optimal,8844,False,Wahlen & Gschwind (2023),10.1287/trsc.2023.1198
UDD,LargestGap,30,50,0,12688,True,optimal,12688,False,Wahlen & Gschwind (2023),10.1287/trsc.2023.1198
UDD,LargestGap,30,50,1,10383,True,optimal,10383,False,Wahlen & Gschwind (2023),10.1287/trsc.2023.1198
UDD,LargestGap,30,50,2,12547,True,optimal,12547,False,Wahlen & Gschwind (2023),10.1287/trsc.2023.1198
UDD,LargestGap,30,50,3,10757,True,optimal,10757,False,Wahlen & Gschwind (2023),10.1287/trsc.2023.1198
UDD,LargestGap,30,50,4,10021,True,optimal,10021,False,Wahlen & Gschwind (2023),10.1287/trsc.2023.1198
UDD,LargestGap,30,50,5,13152,True,optimal,13152,False,Wahlen & Gschwind (2023),10.1287/trsc.2023.1198
UDD,LargestGap,30,50,6,10501,True,optimal,10501,False,Wahlen & Gschwind (2023),10.1287/trsc.2023.1198
UDD,LargestGap,30,50,7,12860,True,optimal,12860,False,Wahlen & Gschwind (2023),10.1287/trsc.2023.1198
UDD,LargestGap,30,50,8,12262,True,optimal,12262,False,Wahlen & Gschwind (2023),10.1287/trsc.2023.1198
UDD,LargestGap,30,50,9,11052,True,optimal,11052,False,Wahlen & Gschwind (2023),10.1287/trsc.2023.1198
UDD,LargestGap,30,50,10,11177,True,optimal,11177,False,Wahlen & Gschwind (2023),10.1287/trsc.2023.1198
UDD,LargestGap,30,50,11,11644,True,optimal,11644,False,Wahlen & Gschwind (2023),10.1287/trsc.2023.1198
UDD,LargestGap,30,50,12,10903,True,optimal,10903,False,Wahlen & Gschwind (2023),10.1287/trsc.2023.1198
UDD,LargestGap,30,50,13,12060,True,optimal,12060,False,Wahlen & Gschwind (2023),10.1287/trsc.2023.1198
UDD,LargestGap,30,50,14,11174,True,optimal,11174,False,Wahlen & Gschwind (2023),10.1287/trsc.2023.1198
UDD,LargestGap,30,50,15,11692,True,optimal,11692,False,Wahlen & Gschwind (2023),10.1287/trsc.2023.1198
UDD,LargestGap,30,50,16,11630,True,optimal,11630,False,Wahlen & Gschwind (2023),10.1287/trsc.2023.1198
UDD,LargestGap,30,50,17,11646,True,optimal,11646,False,Wahlen & Gschwind (2023),10.1287/trsc.2023.1198
UDD,LargestGap,30,50,18,11794,True,optimal,11794,False,Wahlen & Gschwind (2023),10.1287/trsc.2023.1198
UDD,LargestGap,30,50,19,11053,True,optimal,11053,False,Wahlen & Gschwind (2023),10.1287/trsc.2023.1198
UDD,LargestGap,30,50,20,13327,True,optimal,13327,False,Wahlen & Gschwind (2023),10.1287/trsc.2023.1198
UDD,LargestGap,30,50,21,12801,True,optimal,12801,False,Wahlen & Gschwind (2023),10.1287/trsc.2023.1198
UDD,LargestGap,30,50,22,12339,True,optimal,12339,False,Wahlen & Gschwind (2023),10.1287/trsc.2023.1198
UDD,LargestGap,30,50,23,9986,True,optimal,9986,False,Wahlen & Gschwind (2023),10.1287/trsc.2023.1198
UDD,LargestGap,30,50,24,10239,True,optimal,10239,False,Wahlen & Gschwind (2023),10.1287/trsc.2023.1198
UDD,LargestGap,30,50,25,10326,True,optimal,10326,False,Wahlen & Gschwind (2023),10.1287/trsc.2023.1198
UDD,LargestGap,30,50,26,12255,True,optimal,12255,False,Wahlen & Gschwind (2023),10.1287/trsc.2023.1198
UDD,LargestGap,30,50,27,11813,True,optimal,11813,False,Wahlen & Gschwind (2023),10.1287/trsc.2023.1198
UDD,LargestGap,30,50,28,10078,True,optimal,10078,False,Wahlen & Gschwind (2023),10.1287/trsc.2023.1198
UDD,LargestGap,30,50,29,10628,True,optimal,10628,False,Wahlen & Gschwind (2023),10.1287/trsc.2023.1198
UDD,LargestGap,30,50,30,11825,True,optimal,11825,False,Wahlen & Gschwind (2023),10.1287/trsc.2023.1198
UDD,LargestGap,30,50,31,9867,True,optimal,9867,False,Wahlen & Gschwind (2023),10.1287/trsc.2023.1198
UDD,LargestGap,30,50,32,12346,True,optimal,12346,False,Wahlen & Gschwind (2023),10.1287/trsc.2023.1198
UDD,LargestGap,30,50,33,12044,True,optimal,12044,False,Wahlen & Gschwind (2023),10.1287/trsc.2023.1198
UDD,LargestGap,30,50,34,12332,True,optimal,12332,False,Wahlen & Gschwind (2023),10.1287/trsc.2023.1198
UDD,LargestGap,30,50,35,11886,True,optimal,11886,False,Wahlen & Gschwind (2023),10.1287/trsc.2023.1198
UDD,LargestGap,30,50,36,9323,True,optimal,9323,False,Wahlen & Gschwind (2023),10.1287/trsc.2023.1198
UDD,LargestGap,30,50,37,10409,True,optimal,10409,False,Wahlen & Gschwind (2023),10.1287/trsc.2023.1198
UDD,LargestGap,30,50,38,11987,True,optimal,11987,False,Wahlen & Gschwind (2023),10.1287/trsc.2023.1198
UDD,LargestGap,30,50,39,10177,True,optimal,10177,False,Wahlen & Gschwind (2023),10.1287/trsc.2023.1198
UDD,LargestGap,30,60,0,13457,True,optimal,13457,False,Wahlen & Gschwind (2023),10.1287/trsc.2023.1198
UDD,LargestGap,30,60,1,14052,True,optimal,14052,False,Wahlen & Gschwind (2023),10.1287/trsc.2023.1198
UDD,LargestGap,30,60,2,15291,True,optimal,15291,False,Wahlen & Gschwind (2023),10.1287/trsc.2023.1198
UDD,LargestGap,30,60,3,12760,True,optimal,12760,False,Wahlen & Gschwind (2023),10.1287/trsc.2023.1198
UDD,LargestGap,30,60,4,14799,True,optimal,14799,False,Wahlen & Gschwind (2023),10.1287/trsc.2023.1198
UDD,LargestGap,30,60,5,12032,True,optimal,12032,False,Wahlen & Gschwind (2023),10.1287/trsc.2023.1198
UDD,LargestGap,30,60,6,15252,True,optimal,15252,False,Wahlen & Gschwind (2023),10.1287/trsc.2023.1198
UDD,LargestGap,30,60,7,12501,True,optimal,12501,False,Wahlen & Gschwind (2023),10.1287/trsc.2023.1198
UDD,LargestGap,30,60,8,12396,True,optimal,12396,False,Wahlen & Gschwind (2023),10.1287/trsc.2023.1198
UDD,LargestGap,30,60,9,15080,True,optimal,15080,False,Wahlen & Gschwind (2023),10.1287/trsc.2023.1198
UDD,LargestGap,30,60,10,12389,True,optimal,12389,False,Wahlen & Gschwind (2023),10.1287/trsc.2023.1198
UDD,LargestGap,30,60,11,12559,True,optimal,12559,False,Wahlen & Gschwind (2023),10.1287/trsc.2023.1198
UDD,LargestGap,30,60,12,13863,True,optimal,13863,False,Wahlen & Gschwind (2023),10.1287/trsc.2023.1198
UDD,LargestGap,30,60,13,16963,True,optimal,16963,False,Wahlen & Gschwind (2023),10.1287/trsc.2023.1198
UDD,LargestGap,30,60,14,13100,True,optimal,13100,False,Wahlen & Gschwind (2023),10.1287/trsc.2023.1198
UDD,LargestGap,30,60,15,12722,True,optimal,12722,False,Wahlen & Gschwind (2023),10.1287/trsc.2023.1198
UDD,LargestGap,30,60,16,14367,True,optimal,14367,False,Wahlen & Gschwind (2023),10.1287/trsc.2023.1198
UDD,LargestGap,30,60,17,13408,True,optimal,13408,False,Wahlen & Gschwind (2023),10.1287/trsc.2023.1198
UDD,LargestGap,30,60,18,12576,True,optimal,12576,False,Wahlen & Gschwind (2023),10.1287/trsc.2023.1198
UDD,LargestGap,30,60,19,12353,True,optimal,12353,False,Wahlen & Gschwind (2023),10.1287/trsc.2023.1198
UDD,LargestGap,30,60,20,13936,True,optimal,13936,False,Wahlen & Gschwind (2023),10.1287/trsc.2023.1198
UDD,LargestGap,30,60,21,12497,True,optimal,12497,False,Wahlen & Gschwind (2023),10.1287/trsc.2023.1198
UDD,LargestGap,30,60,22,14243,True,optimal,14243,False,Wahlen & Gschwind (2023),10.1287/trsc.2023.1198
UDD,LargestGap,30,60,23,13504,True,optimal,13504,False,Wahlen & Gschwind (2023),10.1287/trsc.2023.1198
UDD,LargestGap,30,60,24,14021,True,optimal,14021,False,Wahlen & Gschwind (2023),10.1287/trsc.2023.1198
UDD,LargestGap,30,60,25,12699,True,optimal,12699,False,Wahlen & Gschwind (2023),10.1287/trsc.2023.1198
UDD,LargestGap,30,60,26,12759,True,optimal,12759,False,Wahlen & Gschwind (2023),10.1287/trsc.2023.1198
UDD,LargestGap,30,60,27,12175,True,optimal,12175,False,Wahlen & Gschwind (2023),10.1287/trsc.2023.1198
UDD,LargestGap,30,60,28,16009,True,optimal,16009,False,Wahlen & Gschwind (2023),10.1287/trsc.2023.1198
UDD,LargestGap,30,60,29,15115,True,optimal,15115,False,Wahlen & Gschwind (2023),10.1287/trsc.2023.1198
UDD,LargestGap,30,60,30,16041,True,optimal,16041,False,Wahlen & Gschwind (2023),10.1287/trsc.2023.1198
UDD,LargestGap,30,60,31,13448,True,optimal,13448,False,Wahlen & Gschwind (2023),10.1287/trsc.2023.1198
UDD,LargestGap,30,60,32,13220,True,optimal,13220,False,Wahlen & Gschwind (2023),10.1287/trsc.2023.1198
UDD,LargestGap,30,60,33,13506,True,optimal,13506,False,Wahlen & Gschwind (2023),10.1287/trsc.2023.1198
UDD,LargestGap,30,60,34,15104,True,optimal,15104,False,Wahlen & Gschwind (2023),10.1287/trsc.2023.1198
UDD,LargestGap,30,60,35,13318,True,optimal,13318,False,Wahlen & Gschwind (2023),10.1287/trsc.2023.1198
UDD,LargestGap,30,60,36,14177,True,optimal,14177,False,Wahlen & Gschwind (2023),10.1287/trsc.2023.1198
UDD,LargestGap,30,60,37,13185,True,optimal,13185,False,Wahlen & Gschwind (2023),10.1287/trsc.2023.1198
UDD,LargestGap,30,60,38,11807,True,optimal,11807,False,Wahlen & Gschwind (2023),10.1287/trsc.2023.1198
UDD,LargestGap,30,60,39,12996,True,optimal,12996,False,Wahlen & Gschwind (2023),10.1287/trsc.2023.1198
UDD,LargestGap,30,70,0,13755,True,optimal,13755,False,Wahlen & Gschwind (2023),10.1287/trsc.2023.1198
UDD,LargestGap,30,70,1,15004,True,optimal,15004,False,Wahlen & Gschwind (2023),10.1287/trsc.2023.1198
UDD,LargestGap,30,70,2,15560,True,optimal,15560,False,Wahlen & Gschwind (2023),10.1287/trsc.2023.1198
UDD,LargestGap,30,70,3,14634,True,optimal,14634,False,Wahlen & Gschwind (2023),10.1287/trsc.2023.1198
UDD,LargestGap,30,70,4,16186,True,optimal,16186,False,Wahlen & Gschwind (2023),10.1287/trsc.2023.1198
UDD,LargestGap,30,70,5,17132,True,optimal,17132,False,Wahlen & Gschwind (2023),10.1287/trsc.2023.1198
UDD,LargestGap,30,70,6,16664,True,optimal,16664,False,Wahlen & Gschwind (2023),10.1287/trsc.2023.1198
UDD,LargestGap,30,70,7,16302,True,optimal,16302,False,Wahlen & Gschwind (2023),10.1287/trsc.2023.1198
UDD,LargestGap,30,70,8,15871,True,optimal,15871,False,Wahlen & Gschwind (2023),10.1287/trsc.2023.1198
UDD,LargestGap,30,70,9,15326,True,optimal,15326,False,Wahlen & Gschwind (2023),10.1287/trsc.2023.1198
UDD,LargestGap,30,70,10,14995,True,optimal,14995,False,Wahlen & Gschwind (2023),10.1287/trsc.2023.1198
UDD,LargestGap,30,70,11,15652,True,optimal,15652,False,Wahlen & Gschwind (2023),10.1287/trsc.2023.1198
UDD,LargestGap,30,70,12,14211,True,optimal,14211,False,Wahlen & Gschwind (2023),10.1287/trsc.2023.1198
UDD,LargestGap,30,70,13,17131,True,optimal,17131,False,Wahlen & Gschwind (2023),10.1287/trsc.2023.1198
UDD,LargestGap,30,70,14,15703,True,optimal,15703,False,Wahlen & Gschwind (2023),10.1287/trsc.2023.1198
UDD,LargestGap,30,70,15,18314,True,optimal,18314,False,Wahlen & Gschwind (2023),10.1287/trsc.2023.1198
UDD,LargestGap,30,70,16,15801,True,optimal,15801,False,Wahlen & Gschwind (2023),10.1287/trsc.2023.1198
UDD,LargestGap,30,70,17,15954,True,optimal,15954,False,Wahlen & Gschwind (2023),10.1287/trsc.2023.1198
UDD,LargestGap,30,70,18,14541,True,optimal,14541,False,Wahlen & Gschwind (2023),10.1287/trsc.2023.1198
UDD,LargestGap,30,70,19,13823,True,optimal,13823,False,Wahlen & Gschwind (2023),10.1287/trsc.2023.1198
UDD,LargestGap,30,70,20,16253,True,optimal,16253,False,Wahlen & Gschwind (2023),10.1287/trsc.2023.1198
UDD,LargestGap,30,70,21,14375,True,optimal,14375,False,Wahlen & Gschwind (2023),10.1287/trsc.2023.1198
UDD,LargestGap,30,70,22,13606,True,optimal,13606,False,Wahlen & Gschwind (2023),10.1287/trsc.2023.1198
UDD,LargestGap,30,70,23,17116,True,optimal,17116,False,Wahlen & Gschwind (2023),10.1287/trsc.2023.1198
UDD,LargestGap,30,70,24,15108,True,optimal,15108,False,Wahlen & Gschwind (2023),10.1287/trsc.2023.1198
UDD,LargestGap,30,70,25,13965,True,optimal,13965,False,Wahlen & Gschwind (2023),10.1287/trsc.2023.1198
UDD,LargestGap,30,70,26,14549,True,optimal,14549,False,Wahlen & Gschwind (2023),10.1287/trsc.2023.1198
UDD,LargestGap,30,70,27,14911,True,optimal,14911,False,Wahlen & Gschwind (2023),10.1287/trsc.2023.1198
UDD,LargestGap,30,70,28,13377,True,optimal,13377,False,Wahlen & Gschwind (2023),10.1287/trsc.2023.1198
UDD,LargestGap,30,70,29,16851,True,optimal,16851,False,Wahlen & Gschwind (2023),10.1287/trsc.2023.1198
UDD,LargestGap,30,70,30,16242,True,optimal,16242,False,Wahlen & Gschwind (2023),10.1287/trsc.2023.1198
UDD,LargestGap,30,70,31,14504,True,optimal,14504,False,Wahlen & Gschwind (2023),10.1287/trsc.2023.1198
UDD,LargestGap,30,70,32,16631,True,optimal,16631,False,Wahlen & Gschwind (2023),10.1287/trsc.2023.1198
UDD,LargestGap,30,70,33,14291,True,optimal,14291,False,Wahlen & Gschwind (2023),10.1287/trsc.2023.1198
UDD,LargestGap,30,70,34,15511,True,optimal,15511,False,Wahlen & Gschwind (2023),10.1287/trsc.2023.1198
UDD,LargestGap,30,70,35,17140,True,optimal,17140,False,Wahlen & Gschwind (2023),10.1287/trsc.2023.1198
UDD,LargestGap,30,70,36,14606,True,optimal,14606,False,Wahlen & Gschwind (2023),10.1287/trsc.2023.1198
UDD,LargestGap,30,70,37,15991,True,optimal,15991,False,Wahlen & Gschwind (2023),10.1287/trsc.2023.1198
UDD,LargestGap,30,70,38,15143,True,optimal,15143,False,Wahlen & Gschwind (2023),10.1287/trsc.2023.1198
UDD,LargestGap,30,70,39,16332,True,optimal,16332,False,Wahlen & Gschwind (2023),10.1287/trsc.2023.1198
UDD,LargestGap,30,80,0,17161,True,optimal,17161,False,Wahlen & Gschwind (2023),10.1287/trsc.2023.1198
UDD,LargestGap,30,80,1,15900,True,optimal,15900,False,Wahlen & Gschwind (2023),10.1287/trsc.2023.1198
UDD,LargestGap,30,80,2,16372,True,optimal,16372,False,Wahlen & Gschwind (2023),10.1287/trsc.2023.1198
UDD,LargestGap,30,80,3,18538,True,optimal,18538,False,Wahlen & Gschwind (2023),10.1287/trsc.2023.1198
UDD,LargestGap,30,80,4,17328,True,optimal,17328,False,Wahlen & Gschwind (2023),10.1287/trsc.2023.1198
UDD,LargestGap,30,80,5,16508,True,optimal,16508,False,Wahlen & Gschwind (2023),10.1287/trsc.2023.1198
UDD,LargestGap,30,80,6,16851,True,optimal,16851,False,Wahlen & Gschwind (2023),10.1287/trsc.2023.1198
UDD,LargestGap,30,80,7,16316,True,optimal,16316,False,Wahlen & Gschwind (2023),10.1287/trsc.2023.1198
UDD,LargestGap,30,80,8,16687,True,optimal,16687,False,Wahlen & Gschwind (2023),10.1287/trsc.2023.1198
UDD,LargestGap,30,80,9,18503,True,optimal,18503,False,Wahlen & Gschwind (2023),10.1287/trsc.2023.1198
UDD,LargestGap,30,80,10,19970,True,optimal,19970,False,Wahlen & Gschwind (2023),10.1287/trsc.2023.1198
UDD,LargestGap,30,80,11,18451,True,optimal,18451,False,Wahlen & Gschwind (2023),10.1287/trsc.2023.1198
UDD,LargestGap,30,80,12,17616,True,optimal,17616,False,Wahlen & Gschwind (2023),10.1287/trsc.2023.1198
UDD,LargestGap,30,80,13,16132,True,optimal,16132,False,Wahlen & Gschwind (2023),10.1287/trsc.2023.1198
UDD,LargestGap,30,80,14,17947,True,optimal,17947,False,Wahlen & Gschwind (2023),10.1287/trsc.2023.1198
UDD,LargestGap,30,80,15,19769,True,optimal,19769,False,Wahlen & Gschwind (2023),10.1287/trsc.2023.1198
UDD,LargestGap,30,80,16,17219,True,optimal,17219,False,Wahlen & Gschwind (2023),10.1287/trsc.2023.1198
UDD,LargestGap,30,80,17,18892,True,optimal,18892,False,Wahlen & Gschwind (2023),10.1287/trsc.2023.1198
UDD,LargestGap,30,80,18,18235,True,optimal,18235,False,Wahlen & Gschwind (2023),10.1287/trsc.2023.1198
UDD,LargestGap,30,80,19,18561,True,optimal,18561,False,Wahlen & Gschwind (2023),10.1287/trsc.2023.1198
UDD,LargestGap,30,80,20,18169,True,optimal,18169,False,Wahlen & Gschwind (2023),10.1287/trsc.2023.1198
UDD,LargestGap,30,80,21,18938,True,optimal,18938,False,Wahlen & Gschwind (2023),10.1287/trsc.2023.1198
UDD,LargestGap,30,80,22,17514,True,optimal,17514,False,Wahlen & Gschwind (2023),10.1287/trsc.2023.1198
UDD,LargestGap,30,80,23,17511,True,optimal,17511,False,Wahlen & Gschwind (2023),10.1287/trsc.2023.1198
UDD,LargestGap,30,80,24,17828,True,optimal,17828,False,Wahlen & Gschwind (2023),10.1287/trsc.2023.1198
UDD,LargestGap,30,80,25,17257,True,optimal,17257,False,Wahlen & Gschwind (2023),10.1287/trsc.2023.1198
UDD,LargestGap,30,80,26,17734,True,optimal,17734,False,Wahlen & Gschwind (2023),10.1287/trsc.2023.1198
UDD,LargestGap,30,80,27,18607,True,optimal,18607,False,Wahlen & Gschwind (2023),10.1287/trsc.2023.1198
UDD,LargestGap,30,80,28,16722,True,optimal,16722,False,Wahlen & Gschwind (2023),10.1287/trsc.2023.1198
UDD,LargestGap,30,80,29,17991,True,optimal,17991,False,Wahlen & Gschwind (2023),10.1287/trsc.2023.1198
UDD,LargestGap,30,80,30,18804,True,optimal,18804,False,Wahlen & Gschwind (2023),10.1287/trsc.2023.1198
UDD,LargestGap,30,80,31,16827,True,optimal,16827,False,Wahlen & Gschwind (2023),10.1287/trsc.2023.1198
UDD,LargestGap,30,80,32,17581,True,optimal,17581,False,Wahlen & Gschwind (2023),10.1287/trsc.2023.1198
UDD,LargestGap,30,80,33,17783,True,optimal,17783,False,Wahlen & Gschwind (2023),10.1287/trsc.2023.1198
UDD,LargestGap,30,80,34,17150,True,optimal,17150,False,Wahlen & Gschwind (2023),10.1287/trsc.2023.1198
UDD,LargestGap,30,80,35,17593,True,optimal,17593,False,Wahlen & Gschwind (2023),10.1287/trsc.2023.1198
UDD,LargestGap,30,80,36,17264,True,optimal,17264,False,Wahlen & Gschwind (2023),10.1287/trsc.2023.1198
UDD,LargestGap,30,80,37,16240,True,optimal,16240,False,Wahlen & Gschwind (2023),10.1287/trsc.2023.1198
UDD,LargestGap,30,80,38,17120,True,optimal,17120,False,Wahlen & Gschwind (2023),10.1287/trsc.2023.1198
UDD,LargestGap,30,80,39,17438,True,optimal,17438,False,Wahlen & Gschwind (2023),10.1287/trsc.2023.1198
UDD,LargestGap,30,90,0,18751,True,optimal,18751,False,Wahlen & Gschwind (2023),10.1287/trsc.2023.1198
UDD,LargestGap,30,90,1,20958,True,optimal,20958,False,Wahlen & Gschwind (2023),10.1287/trsc.2023.1198
UDD,LargestGap,30,90,2,20329,True,optimal,20329,False,Wahlen & Gschwind (2023),10.1287/trsc.2023.1198
UDD,LargestGap,30,90,3,19003,True,optimal,19003,False,Wahlen & Gschwind (2023),10.1287/trsc.2023.1198
UDD,LargestGap,30,90,4,19117,True,optimal,19117,False,Wahlen & Gschwind (2023),10.1287/trsc.2023.1198
UDD,LargestGap,30,90,5,18953,True,optimal,18953,False,Wahlen & Gschwind (2023),10.1287/trsc.2023.1198
UDD,LargestGap,30,90,6,16568,True,optimal,16568,False,Wahlen & Gschwind (2023),10.1287/trsc.2023.1198
UDD,LargestGap,30,90,7,18877,True,optimal,18877,False,Wahlen & Gschwind (2023),10.1287/trsc.2023.1198
UDD,LargestGap,30,90,8,19299,True,optimal,19299,False,Wahlen & Gschwind (2023),10.1287/trsc.2023.1198
UDD,LargestGap,30,90,9,19805,True,optimal,19805,False,Wahlen & Gschwind (2023),10.1287/trsc.2023.1198
UDD,LargestGap,30,90,10,20690,True,optimal,20690,False,Wahlen & Gschwind (2023),10.1287/trsc.2023.1198
UDD,LargestGap,30,90,11,19811,True,optimal,19811,False,Wahlen & Gschwind (2023),10.1287/trsc.2023.1198
UDD,LargestGap,30,90,12,18718,True,optimal,18718,False,Wahlen & Gschwind (2023),10.1287/trsc.2023.1198
UDD,LargestGap,30,90,13,18632,True,optimal,18632,False,Wahlen & Gschwind (2023),10.1287/trsc.2023.1198
UDD,LargestGap,30,90,14,18742,True,optimal,18742,False,Wahlen & Gschwind (2023),10.1287/trsc.2023.1198
UDD,LargestGap,30,90,15,21213,True,optimal,21213,False,Wahlen & Gschwind (2023),10.1287/trsc.2023.1198
UDD,LargestGap,30,90,16,21761,True,optimal,21761,False,Wahlen & Gschwind (2023),10.1287/trsc.2023.1198
UDD,LargestGap,30,90,17,20235,True,optimal,20235,False,Wahlen & Gschwind (2023),10.1287/trsc.2023.1198
UDD,LargestGap,30,90,18,21085,True,optimal,21085,False,Wahlen & Gschwind (2023),10.1287/trsc.2023.1198
UDD,LargestGap,30,90,19,20727,True,optimal,20727,False,Wahlen & Gschwind (2023),10.1287/trsc.2023.1198
UDD,LargestGap,30,90,20,21366,True,optimal,21366,False,Wahlen & Gschwind (2023),10.1287/trsc.2023.1198
UDD,LargestGap,30,90,21,19289,True,optimal,19289,False,Wahlen & Gschwind (2023),10.1287/trsc.2023.1198
UDD,LargestGap,30,90,22,18824,True,optimal,18824,False,Wahlen & Gschwind (2023),10.1287/trsc.2023.1198
UDD,LargestGap,30,90,23,19651,True,optimal,19651,False,Wahlen & Gschwind (2023),10.1287/trsc.2023.1198
UDD,LargestGap,30,90,24,18431,True,optimal,18431,False,Wahlen & Gschwind (2023),10.1287/trsc.2023.1198
UDD,LargestGap,30,90,25,18623,True,optimal,18623,False,Wahlen & Gschwind (2023),10.1287/trsc.2023.1198
UDD,LargestGap,30,90,26,19009,True,optimal,19009,False,Wahlen & Gschwind (2023),10.1287/trsc.2023.1198
UDD,LargestGap,30,90,27,17784,True,optimal,17784,False,Wahlen & Gschwind (2023),10.1287/trsc.2023.1198
UDD,LargestGap,30,90,28,19298,True,optimal,19298,False,Wahlen & Gschwind (2023),10.1287/trsc.2023.1198
UDD,LargestGap,30,90,29,20183,True,optimal,20183,False,Wahlen & Gschwind (2023),10.1287/trsc.2023.1198
UDD,LargestGap,30,90,30,23584,True,optimal,23584,False,Wahlen & Gschwind (2023),10.1287/trsc.2023.1198
UDD,LargestGap,30,90,31,19782,True,optimal,19782,False,Wahlen & Gschwind (2023),10.1287/trsc.2023.1198
UDD,LargestGap,30,90,32,18318,True,optimal,18318,False,Wahlen & Gschwind (2023),10.1287/trsc.2023.1198
UDD,LargestGap,30,90,33,20266,True,optimal,20266,False,Wahlen & Gschwind (2023),10.1287/trsc.2023.1198
UDD,LargestGap,30,90,34,20081,True,optimal,20081,False,Wahlen & Gschwind (2023),10.1287/trsc.2023.1198
UDD,LargestGap,30,90,35,19481,True,optimal,19481,False,Wahlen & Gschwind (2023),10.1287/trsc.2023.1198
UDD,LargestGap,30,90,36,19346,True,optimal,19346,False,Wahlen & Gschwind (2023),10.1287/trsc.2023.1198
UDD,LargestGap,30,90,37,20363,True,optimal,20363,False,Wahlen & Gschwind (2023),10.1287/trsc.2023.1198
UDD,LargestGap,30,90,38,19404,True,optimal,19404,False,Wahlen & Gschwind (2023),10.1287/trsc.2023.1198
UDD,LargestGap,30,90,39,19645,True,optimal,19645,False,Wahlen & Gschwind (2023),10.1287/trsc.2023.1198
UDD,LargestGap,30,100,0,22688,True,optimal,22688,False,Wahlen & Gschwind (2023),10.1287/trsc.2023.1198
UDD,LargestGap,30,100,1,18729,True,optimal,18729,False,Wahlen & Gschwind (2023),10.1287/trsc.2023.1198
UDD,LargestGap,30,100,2,22202,True,optimal,22202,False,Wahlen & Gschwind (2023),10.1287/trsc.2023.1198
UDD,LargestGap,30,100,3,20721,True,optimal,20721,False,Wahlen & Gschwind (2023),10.1287/trsc.2023.1198
UDD,LargestGap,30,100,4,19796,True,optimal,19796,False,Wahlen & Gschwind (2023),10.1287/trsc.2023.1198
UDD,LargestGap,30,100,5,24129,True,optimal,24129,False,Wahlen & Gschwind (2023),10.1287/trsc.2023.1198
UDD,LargestGap,30,100,6,22018,True,optimal,22018,False,Wahlen & Gschwind (2023),10.1287/trsc.2023.1198
UDD,LargestGap,30,100,7,20658,True,optimal,20658,False,Wahlen & Gschwind (2023),10.1287/trsc.2023.1198
UDD,LargestGap,30,100,8,20091,True,optimal,20091,False,Wahlen & Gschwind (2023),10.1287/trsc.2023.1198
UDD,LargestGap,30,100,9,22007,True,optimal,22007,False,Wahlen & Gschwind (2023),10.1287/trsc.2023.1198
UDD,LargestGap,30,100,10,22035,True,optimal,22035,False,Wahlen & Gschwind (2023),10.1287/trsc.2023.1198
UDD,LargestGap,30,100,11,24222,True,optimal,24222,False,Wahlen & Gschwind (2023),10.1287/trsc.2023.1198
UDD,LargestGap,30,100,12,24279,True,optimal,24279,False,Wahlen & Gschwind (2023),10.1287/trsc.2023.1198
UDD,LargestGap,30,100,13,22015,True,optimal,22015,False,Wahlen & Gschwind (2023),10.1287/trsc.2023.1198
UDD,LargestGap,30,100,14,24039,True,optimal,24039,False,Wahlen & Gschwind (2023),10.1287/trsc.2023.1198
UDD,LargestGap,30,100,15,23559,True,optimal,23559,False,Wahlen & Gschwind (2023),10.1287/trsc.2023.1198
UDD,LargestGap,30,100,16,22908,True,optimal,22908,False,Wahlen & Gschwind (2023),10.1287/trsc.2023.1198
UDD,LargestGap,30,100,17,21308,True,optimal,21308,False,Wahlen & Gschwind (2023),10.1287/trsc.2023.1198
UDD,LargestGap,30,100,18,22532,True,optimal,22532,False,Wahlen & Gschwind (2023),10.1287/trsc.2023.1198
UDD,LargestGap,30,100,19,19514,True,optimal,19514,False,Wahlen & Gschwind (2023),10.1287/trsc.2023.1198
UDD,LargestGap,30,100,20,21644,True,optimal,21644,False,Wahlen & Gschwind (2023),10.1287/trsc.2023.1198
UDD,LargestGap,30,100,21,22344,True,optimal,22344,False,Wahlen & Gschwind (2023),10.1287/trsc.2023.1198
UDD,LargestGap,30,100,22,20523,True,optimal,20523,False,Wahlen & Gschwind (2023),10.1287/trsc.2023.1198
UDD,LargestGap,30,100,23,20851,True,optimal,20851,False,Wahlen & Gschwind (2023),10.1287/trsc.2023.1198
UDD,LargestGap,30,100,24,24059,True,optimal,24059,False,Wahlen & Gschwind (2023),10.1287/trsc.2023.1198
UDD,LargestGap,30,100,25,26539,True,optimal,26539,False,Wahlen & Gschwind (2023),10.1287/trsc.2023.1198
UDD,LargestGap,30,100,26,22907,True,optimal,22907,False,Wahlen & Gschwind (2023),10.1287/trsc.2023.1198
UDD,LargestGap,30,100,27,22628,True,optimal,22628,False,Wahlen & Gschwind (2023),10.1287/trsc.2023.1198
UDD,LargestGap,30,100,28,22018,True,optimal,22018,False,Wahlen & Gschwind (2023),10.1287/trsc.2023.1198
UDD,LargestGap,30,100,29,20524,True,optimal,20524,False,Wahlen & Gschwind (2023),10.1287/trsc.2023.1198
UDD,LargestGap,30,100,30,20730,True,optimal,20730,False,Wahlen & Gschwind (2023),10.1287/trsc.2023.1198
UDD,LargestGap,30,100,31,20827,True,optimal,20827,False,Wahlen & Gschwind (2023),10.1287/trsc.2023.1198
UDD,LargestGap,30,100,32,20777,True,optimal,20777,False,Wahlen & Gschwind (2023),10.1287/trsc.2023.1198
UDD,LargestGap,30,100,33,21406,True,optimal,21406,False,Wahlen & Gschwind (2023),10.1287/trsc.2023.1198
UDD,LargestGap,30,100,34,21609,True,optimal,21609,False,Wahlen & Gschwind (2023),10.1287/trsc.2023.1198
UDD,LargestGap,30,100,35,22348,True,optimal,22348,False,Wahlen & Gschwind (2023),10.1287/trsc.2023.1198
UDD,LargestGap,30,100,36,21378,True,optimal,21378,False,Wahlen & Gschwind (2023),10.1287/trsc.2023.1198
UDD,LargestGap,30,100,37,21854,True,optimal,21854,False,Wahlen & Gschwind (2023),10.1287/trsc.2023.1198
UDD,LargestGap,30,100,38,20621,True,optimal,20621,False,Wahlen & Gschwind (2023),10.1287/trsc.2023.1198
UDD,LargestGap,30,100,39,22191,True,optimal,22191,False,Wahlen & Gschwind (2023),10.1287/trsc.2023.1198
UDD,LargestGap,45,20,0,3328,True,optimal,3328,False,Wahlen & Gschwind (2023),10.1287/trsc.2023.1198
UDD,LargestGap,45,20,1,3241,True,optimal,3241,False,Wahlen & Gschwind (2023),10.1287/trsc.2023.1198
UDD,LargestGap,45,20,2,3230,True,optimal,3230,False,Wahlen & Gschwind (2023),10.1287/trsc.2023.1198
UDD,LargestGap,45,20,3,2930,True,optimal,2930,False,Wahlen & Gschwind (2023),10.1287/trsc.2023.1198
UDD,LargestGap,45,20,4,3202,True,optimal,3202,False,Wahlen & Gschwind (2023),10.1287/trsc.2023.1198
UDD,LargestGap,45,20,5,3258,True,optimal,3258,False,Wahlen & Gschwind (2023),10.1287/trsc.2023.1198
UDD,LargestGap,45,20,6,3331,True,optimal,3331,False,Wahlen & Gschwind (2023),10.1287/trsc.2023.1198
UDD,LargestGap,45,20,7,2896,True,optimal,2896,False,Wahlen & Gschwind (2023),10.1287/trsc.2023.1198
UDD,LargestGap,45,20,8,3454,True,optimal,3454,False,Wahlen & Gschwind (2023),10.1287/trsc.2023.1198
UDD,LargestGap,45,20,9,3453,True,optimal,3453,False,Wahlen & Gschwind (2023),10.1287/trsc.2023.1198
UDD,LargestGap,45,20,10,3404,True,optimal,3404,False,Wahlen & Gschwind (2023),10.1287/trsc.2023.1198
UDD,LargestGap,45,20,11,3839,True,optimal,3839,False,Wahlen & Gschwind (2023),10.1287/trsc.2023.1198
UDD,LargestGap,45,20,12,3334,True,optimal,3334,False,Wahlen & Gschwind (2023),10.1287/trsc.2023.1198
UDD,LargestGap,45,20,13,3402,True,optimal,3402,False,Wahlen & Gschwind (2023),10.1287/trsc.2023.1198
UDD,LargestGap,45,20,14,2957,True,optimal,2957,False,Wahlen & Gschwind (2023),10.1287/trsc.2023.1198
UDD,LargestGap,45,20,15,2768,True,optimal,2768,False,Wahlen & Gschwind (2023),10.1287/trsc.2023.1198
UDD,LargestGap,45,20,16,3273,True,optimal,3273,False,Wahlen & Gschwind (2023),10.1287/trsc.2023.1198
UDD,LargestGap,45,20,17,3438,True,optimal,3438,False,Wahlen & Gschwind (2023),10.1287/trsc.2023.1198
UDD,LargestGap,45,20,18,3737,True,optimal,3737,False,Wahlen & Gschwind (2023),10.1287/trsc.2023.1198
UDD,LargestGap,45,20,19,2816,True,optimal,2816,False,Wahlen & Gschwind (2023),10.1287/trsc.2023.1198
UDD,LargestGap,45,20,20,3750,True,optimal,3750,False,Wahlen & Gschwind (2023),10.1287/trsc.2023.1198
UDD,LargestGap,45,20,21,3932,True,optimal,3932,False,Wahlen & Gschwind (2023),10.1287/trsc.2023.1198
UDD,LargestGap,45,20,22,3169,True,optimal,3169,False,Wahlen & Gschwind (2023),10.1287/trsc.2023.1198
UDD,LargestGap,45,20,23,3970,True,optimal,3970,False,Wahlen & Gschwind (2023),10.1287/trsc.2023.1198
UDD,LargestGap,45,20,24,2801,True,optimal,2801,False,Wahlen & Gschwind (2023),10.1287/trsc.2023.1198
UDD,LargestGap,45,20,25,3714,True,optimal,3714,False,Wahlen & Gschwind (2023),10.1287/trsc.2023.1198
UDD,LargestGap,45,20,26,3360,True,optimal,3360,False,Wahlen & Gschwind (2023),10.1287/trsc.2023.1198
UDD,LargestGap,45,20,27,2923,True,optimal,2923,False,Wahlen & Gschwind (2023),10.1287/trsc.2023.1198
UDD,LargestGap,45,20,28,3966,True,optimal,3966,False,Wahlen & Gschwind (2023),10.1287/trsc.2023.1198
UDD,LargestGap,45,20,29,3934,True,optimal,3934,False,Wahlen & Gschwind (2023),10.1287/trsc.2023.1198
UDD,LargestGap,45,20,30,3275,True,optimal,3275,False,Wahlen & Gschwind (2023),10.1287/trsc.2023.1198
UDD,LargestGap,45,20,31,3347,True,optimal,3347,False,Wahlen & Gschwind (2023),10.1287/trsc.2023.1198
UDD,LargestGap,45,20,32,3202,True,optimal,3202,False,Wahlen & Gschwind (2023),10.1287/trsc.2023.1198
UDD,LargestGap,45,20,33,3374,True,optimal,3374,False,Wahlen & Gschwind (2023),10.1287/trsc.2023.1198
UDD,LargestGap,45,20,34,3339,True,optimal,3339,False,Wahlen & Gschwind (2023),10.1287/trsc.2023.1198
UDD,LargestGap,45,20,35,2887,True,optimal,2887,False,Wahlen & Gschwind (2023),10.1287/trsc.2023.1198
UDD,LargestGap,45,20,36,3339,True,optimal,3339,False,Wahlen & Gschwind (2023),10.1287/trsc.2023.1198
UDD,LargestGap,45,20,37,3263,True,optimal,3263,False,Wahlen & Gschwind (2023),10.1287/trsc.2023.1198
UDD,LargestGap,45,20,38,3320,True,optimal,3320,False,Wahlen & Gschwind (2023),10.1287/trsc.2023.1198
UDD,LargestGap,45,20,39,3243,True,optimal,3243,False,Wahlen & Gschwind (2023),10.1287/trsc.2023.1198
UDD,LargestGap,45,30,0,5140,True,optimal,5140,False,Wahlen & Gschwind (2023),10.1287/trsc.2023.1198
UDD,LargestGap,45,30,1,5027,True,optimal,5027,False,Wahlen & Gschwind (2023),10.1287/trsc.2023.1198
UDD,LargestGap,45,30,2,4722,True,optimal,4722,False,Wahlen & Gschwind (2023),10.1287/trsc.2023.1198
UDD,LargestGap,45,30,3,4919,True,optimal,4919,False,Wahlen & Gschwind (2023),10.1287/trsc.2023.1198
UDD,LargestGap,45,30,4,5154,True,optimal,5154,False,Wahlen & Gschwind (2023),10.1287/trsc.2023.1198
UDD,LargestGap,45,30,5,5185,True,optimal,5185,False,Wahlen & Gschwind (2023),10.1287/trsc.2023.1198
UDD,LargestGap,45,30,6,4894,True,optimal,4894,False,Wahlen & Gschwind (2023),10.1287/trsc.2023.1198
UDD,LargestGap,45,30,7,4487,True,optimal,4487,False,Wahlen & Gschwind (2023),10.1287/trsc.2023.1198
UDD,LargestGap,45,30,8,4884,True,optimal,4884,False,Wahlen & Gschwind (2023),10.1287/trsc.2023.1198
UDD,LargestGap,45,30,9,5379,True,optimal,5379,False,Wahlen & Gschwind (2023),10.1287/trsc.2023.1198
UDD,LargestGap,45,30,10,4903,True,optimal,4903,False,Wahlen & Gschwind (2023),10.1287/trsc.2023.1198
UDD,LargestGap,45,30,11,4551,True,optimal,4551,False,Wahlen & Gschwind (2023),10.1287/trsc.2023.1198
UDD,LargestGap,45,30,12,4811,True,optimal,4811,False,Wahlen & Gschwind (2023),10.1287/trsc.2023.1198
UDD,LargestGap,45,30,13,3927,True,optimal,3927,False,Wahlen & Gschwind (2023),10.1287/trsc.2023.1198
UDD,LargestGap,45,30,14,4182,True,optimal,4182,False,Wahlen & Gschwind (2023),10.1287/trsc.2023.1198
UDD,LargestGap,45,30,15,4658,True,optimal,4658,False,Wahlen & Gschwind (2023),10.1287/trsc.2023.1198
UDD,LargestGap,45,30,16,5136,True,optimal,5136,False,Wahlen & Gschwind (2023),10.1287/trsc.2023.1198
UDD,LargestGap,45,30,17,5277,True,optimal,5277,False,Wahlen & Gschwind (2023),10.1287/trsc.2023.1198
UDD,LargestGap,45,30,18,4512,True,optimal,4512,False,Wahlen & Gschwind (2023),10.1287/trsc.2023.1198
UDD,LargestGap,45,30,19,4643,True,optimal,4643,False,Wahlen & Gschwind (2023),10.1287/trsc.2023.1198
UDD,LargestGap,45,30,20,4784,True,optimal,4784,False,Wahlen & Gschwind (2023),10.1287/trsc.2023.1198
UDD,LargestGap,45,30,21,4739,True,optimal,4739,False,Wahlen & Gschwind (2023),10.1287/trsc.2023.1198
UDD,LargestGap,45,30,22,4187,True,optimal,4187,False,Wahlen & Gschwind (2023),10.1287/trsc.2023.1198
UDD,LargestGap,45,30,23,4460,True,optimal,4460,False,Wahlen & Gschwind (2023),10.1287/trsc.2023.1198
UDD,LargestGap,45,30,24,4147,True,optimal,4147,False,Wahlen & Gschwind (2023),10.1287/trsc.2023.1198
UDD,LargestGap,45,30,25,4808,True,optimal,4808,False,Wahlen & Gschwind (2023),10.1287/trsc.2023.1198
UDD,LargestGap,45,30,26,4649,True,optimal,4649,False,Wahlen & Gschwind (2023),10.1287/trsc.2023.1198
UDD,LargestGap,45,30,27,4195,True,optimal,4195,False,Wahlen & Gschwind (2023),10.1287/trsc.2023.1198
UDD,LargestGap,45,30,28,4801,True,optimal,4801,False,Wahlen & Gschwind (2023),10.1287/trsc.2023.1198
UDD,LargestGap,45,30,29,4357,True,optimal,4357,False,Wahlen & Gschwind (2023),10.1287/trsc.2023.1198
UDD,LargestGap,45,30,30,4522,True,optimal,4522,False,Wahlen & Gschwind (2023),10.1287/trsc.2023.1198
UDD,LargestGap,45,30,31,4763,True,optimal,4763,False,Wahlen & Gschwind (2023),10.1287/trsc.2023.1198
UDD,LargestGap,45,30,32,5337,True,optimal,5337,False,Wahlen & Gschwind (2023),10.1287/trsc.2023.1198
UDD,LargestGap,45,30,33,4752,True,optimal,4752,False,Wahlen & Gschwind (2023),10.1287/trsc.2023.1198
UDD,LargestGap,45,30,34,4413,True,optimal,4413,False,Wahlen & Gschwind (2023),10.1287/trsc.2023.1198
UDD,LargestGap,45,30,35,4774,True,optimal,4774,False,Wahlen & Gschwind (2023),10.1287/trsc.2023.1198
UDD,LargestGap,45,30,36,4695,True,optimal,4695,False,Wahlen & Gschwind (2023),10.1287/trsc.2023.1198
UDD,LargestGap,45,30,37,4724,True,optimal,4724,False,Wahlen & Gschwind (2023),10.1287/trsc.2023.1198
UDD,LargestGap,45,30,38,4637,True,optimal,4637,False,Wahlen & Gschwind (2023),10.1287/trsc.2023.1198
UDD,LargestGap,45,30,39,4731,True,optimal,4731,False,Wahlen & Gschwind (2023),10.1287/trsc.2023.1198
UDD,LargestGap,45,40,0,7109,True,optimal,7109,False,Wahlen & Gschwind (2023),10.1287/trsc.2023.1198
UDD,LargestGap,45,40,1,6685,True,optimal,6685,False,Wahlen & Gschwind (2023),10.1287/trsc.2023.1198
UDD,LargestGap,45,40,2,6105,True,optimal,6105,False,Wahlen & Gschwind (2023),10.1287/trsc.2023.1198
UDD,LargestGap,45,40,3,5976,True,optimal,5976,False,Wahlen & Gschwind (2023),10.1287/trsc.2023.1198
UDD,LargestGap,45,40,4,6308,True,optimal,6308,False,Wahlen & Gschwind (2023),10.1287/trsc.2023.1198
UDD,LargestGap,45,40,5,5693,True,optimal,5693,False,Wahlen & Gschwind (2023),10.1287/trsc.2023.1198
UDD,LargestGap,45,40,6,6586,True,optimal,6586,False,Wahlen & Gschwind (2023),10.1287/trsc.2023.1198
UDD,LargestGap,45,40,7,6168,True,optimal,6168,False,Wahlen & Gschwind (2023),10.1287/trsc.2023.1198
UDD,LargestGap,45,40,8,7004,True,optimal,7004,False,Wahlen & Gschwind (2023),10.1287/trsc.2023.1198
UDD,LargestGap,45,40,9,5661,True,optimal,5661,False,Wahlen & Gschwind (2023),10.1287/trsc.2023.1198
UDD,LargestGap,45,40,10,6357,True,optimal,6357,False,Wahlen & Gschwind (2023),10.1287/trsc.2023.1198
UDD,LargestGap,45,40,11,6015,True,optimal,6015,False,Wahlen & Gschwind (2023),10.1287/trsc.2023.1198
UDD,LargestGap,45,40,12,6230,True,optimal,6230,False,Wahlen & Gschwind (2023),10.1287/trsc.2023.1198
UDD,LargestGap,45,40,13,6470,True,optimal,6470,False,Wahlen & Gschwind (2023),10.1287/trsc.2023.1198
UDD,LargestGap,45,40,14,6227,True,optimal,6227,False,Wahlen & Gschwind (2023),10.1287/trsc.2023.1198
UDD,LargestGap,45,40,15,6336,True,optimal,6336,False,Wahlen & Gschwind (2023),10.1287/trsc.2023.1198
UDD,LargestGap,45,40,16,6655,True,optimal,6655,False,Wahlen & Gschwind (2023),10.1287/trsc.2023.1198
UDD,LargestGap,45,40,17,6459,True,optimal,6459,False,Wahlen & Gschwind (2023),10.1287/trsc.2023.1198
UDD,LargestGap,45,40,18,6068,True,optimal,6068,False,Wahlen & Gschwind (2023),10.1287/trsc.2023.1198
UDD,LargestGap,45,40,19,7170,True,optimal,7170,False,Wahlen & Gschwind (2023),10.1287/trsc.2023.1198
UDD,LargestGap,45,40,20,6401,True,optimal,6401,False,Wahlen & Gschwind (2023),10.1287/trsc.2023.1198
UDD,LargestGap,45,40,21,6576,True,optimal,6576,False,Wahlen & Gschwind (2023),10.1287/trsc.2023.1198
UDD,LargestGap,45,40,22,6712,True,optimal,6712,False,Wahlen & Gschwind (2023),10.1287/trsc.2023.1198
UDD,LargestGap,45,40,23,6471,True,optimal,6471,False,Wahlen & Gschwind (2023),10.1287/trsc.2023.1198
UDD,LargestGap,45,40,24,6697,True,optimal,6697,False,Wahlen & Gschwind (2023),10.1287/trsc.2023.1198
UDD,LargestGap,45,40,25,6385,True,optimal,6385,False,Wahlen & Gschwind (2023),10.1287/trsc.2023.1198
UDD,LargestGap,45,40,26,6130,True,optimal,6130,False,Wahlen & Gschwind (2023),10.1287/trsc.2023.1198
UDD,LargestGap,45,40,27,6065,True,optimal,6065,False,Wahlen & Gschwind (2023),10.1287/trsc.2023.1198
UDD,LargestGap,45,40,28,6416,True,optimal,6416,False,Wahlen & Gschwind (2023),10.1287/trsc.2023.1198
UDD,LargestGap,45,40,29,5519,True,optimal,5519,False,Wahlen & Gschwind (2023),10.1287/trsc.2023.1198
UDD,LargestGap,45,40,30,6548,True,optimal,6548,False,Wahlen & Gschwind (2023),10.1287/trsc.2023.1198
UDD,LargestGap,45,40,31,6592,True,optimal,6592,False,Wahlen & Gschwind (2023),10.1287/trsc.2023.1198
UDD,LargestGap,45,40,32,6695,True,optimal,6695,False,Wahlen & Gschwind (2023),10.1287/trsc.2023.1198
UDD,LargestGap,45,40,33,6452,True,optimal,6452,False,Wahlen & Gschwind (2023),10.1287/trsc.2023.1198
UDD,LargestGap,45,40,34,5535,True,optimal,5535,False,Wahlen & Gschwind (2023),10.1287/trsc.2023.1198
UDD,LargestGap,45,40,35,5852,True,optimal,5852,False,Wahlen & Gschwind (2023),10.1287/trsc.2023.1198
UDD,LargestGap,45,40,36,5857,True,optimal,5857,False,Wahlen & Gschwind (2023),10.1287/trsc.2023.1198
UDD,LargestGap,45,40,37,6094,True,optimal,6094,False,Wahlen & Gschwind (2023),10.1287/trsc.2023.1198
UDD,LargestGap,45,40,38,5936,True,optimal,5936,False,Wahlen & Gschwind (2023),10.1287/trsc.2023.1198
UDD,LargestGap,45,40,39,6556,True,optimal,6556,False,Wahlen & Gschwind (2023),10.1287/trsc.2023.1198
UDD,LargestGap,45,50,0,7792,True,optimal,7792,False,Wahlen & Gschwind (2023),10.1287/trsc.2023.1198
UDD,LargestGap,45,50,1,6983,True,optimal,6983,False,Wahlen & Gschwind (2023),10.1287/trsc.2023.1198
UDD,LargestGap,45,50,2,6950,True,optimal,6950,False,Wahlen & Gschwind (2023),10.1287/trsc.2023.1198
UDD,LargestGap,45,50,3,6974,True,optimal,6974,False,Wahlen & Gschwind (2023),10.1287/trsc.2023.1198
UDD,LargestGap,45,50,4,7301,True,optimal,7301,False,Wahlen & Gschwind (2023),10.1287/trsc.2023.1198
UDD,LargestGap,45,50,5,8180,True,optimal,8180,False,Wahlen & Gschwind (2023),10.1287/trsc.2023.1198
UDD,LargestGap,45,50,6,7862,True,optimal,7862,False,Wahlen & Gschwind (2023),10.1287/trsc.2023.1198
UDD,LargestGap,45,50,7,6849,True,optimal,6849,False,Wahlen & Gschwind (2023),10.1287/trsc.2023.1198
UDD,LargestGap,45,50,8,7428,True,optimal,7428,False,Wahlen & Gschwind (2023),10.1287/trsc.2023.1198
UDD,LargestGap,45,50,9,7723,True,optimal,7723,False,Wahlen & Gschwind (2023),10.1287/trsc.2023.1198
UDD,LargestGap,45,50,10,7663,True,optimal,7663,False,Wahlen & Gschwind (2023),10.1287/trsc.2023.1198
UDD,LargestGap,45,50,11,8033,True,optimal,8033,False,Wahlen & Gschwind (2023),10.1287/trsc.2023.1198
UDD,LargestGap,45,50,12,8160,True,optimal,8160,False,Wahlen & Gschwind (2023),10.1287/trsc.2023.1198
UDD,LargestGap,45,50,13,8306,True,optimal,8306,False,Wahlen & Gschwind (2023),10.1287/trsc.2023.1198
UDD,LargestGap,45,50,14,7807,True,optimal,7807,False,Wahlen & Gschwind (2023),10.1287/trsc.2023.1198
UDD,LargestGap,45,50,15,7966,True,optimal,7966,False,Wahlen & Gschwind (2023),10.1287/trsc.2023.1198
UDD,LargestGap,45,50,16,7438,True,optimal,7438,False,Wahlen & Gschwind (2023),10.1287/trsc.2023.1198
UDD,LargestGap,45,50,17,7442,True,optimal,7442,False,Wahlen & Gschwind (2023),10.1287/trsc.2023.1198
UDD,LargestGap,45,50,18,7426,True,optimal,7426,False,Wahlen & Gschwind (2023),10.1287/trsc.2023.1198
UDD,LargestGap,45,50,19,7120,True,optimal,7120,False,Wahlen & Gschwind (2023),10.1287/trsc.2023.1198
UDD,LargestGap,45,50,20,8479,True,optimal,8479,False,Wahlen & Gschwind (2023),10.1287/trsc.2023.1198
UDD,LargestGap,45,50,21,7489,True,optimal,7489,False,Wahlen & Gschwind (2023),10.1287/trsc.2023.1198
UDD,LargestGap,45,50,22,7821,True,optimal,7821,False,Wahlen & Gschwind (2023),10.1287/trsc.2023.1198
UDD,LargestGap,45,50,23,7896,True,optimal,7896,False,Wahlen & Gschwind (2023),10.1287/trsc.2023.1198
UDD,LargestGap,45,50,24,8256,True,optimal,8256,False,Wahlen & Gschwind (2023),10.1287/trsc.2023.1198
UDD,LargestGap,45,50,25,7360,True,optimal,7360,False,Wahlen & Gschwind (2023),10.1287/trsc.2023.1198
UDD,LargestGap,45,50,26,8332,True,optimal,8332,False,Wahlen & Gschwind (2023),10.1287/trsc.2023.1198
UDD,LargestGap,45,50,27,6898,True,optimal,6898,False,Wahlen & Gschwind (2023),10.1287/trsc.2023.1198
UDD,LargestGap,45,50,28,7300,True,optimal,7300,False,Wahlen & Gschwind (2023),10.1287/trsc.2023.1198
UDD,LargestGap,45,50,29,7802,True,optimal,7802,False,Wahlen & Gschwind (2023),10.1287/trsc.2023.1198
UDD,LargestGap,45,50,30,7391,True,optimal,7391,False,Wahlen & Gschwind (2023),10.1287/trsc.2023.1198
UDD,LargestGap,45,50,31,8034,True,optimal,8034,False,Wahlen & Gschwind (2023),10.1287/trsc.2023.1198
UDD,LargestGap,45,50,32,8349,True,optimal,8349,False,Wahlen & Gschwind (2023),10.1287/trsc.2023.1198
UDD,LargestGap,45,50,33,6844,True,optimal,6844,False,Wahlen & Gschwind (2023),10.1287/trsc.2023.1198
UDD,LargestGap,45,50,34,7777,True,optimal,7777,False,Wahlen & Gschwind (2023),10.1287/trsc.2023.1198
UDD,LargestGap,45,50,35,8033,True,optimal,8033,False,Wahlen & Gschwind (2023),10.1287/trsc.2023.1198
UDD,LargestGap,45,50,36,6811,True,optimal,6811,False,Wahlen & Gschwind (2023),10.1287/trsc.2023.1198
UDD,LargestGap,45,50,37,7331,True,optimal,7331,False,Wahlen & Gschwind (2023),10.1287/trsc.2023.1198
UDD,LargestGap,45,50,38,6862,True,optimal,6862,False,Wahlen & Gschwind (2023),10.1287/trsc.2023.1198
UDD,LargestGap,45,50,39,7699,True,optimal,7699,False,Wahlen & Gschwind (2023),10.1287/trsc.2023.1198
UDD,LargestGap,45,60,0,9943,True,optimal,9943,False,Wahlen & Gschwind (2023),10.1287/trsc.2023.1198
UDD,LargestGap,45,60,1,8789,True,optimal,8789,False,Wahlen & Gschwind (2023),10.1287/trsc.2023.1198
UDD,LargestGap,45,60,2,8916,True,optimal,8916,False,Wahlen & Gschwind (2023),10.1287/trsc.2023.1198
UDD,LargestGap,45,60,3,8163,True,optimal,8163,False,Wahlen & Gschwind (2023),10.1287/trsc.2023.1198
UDD,LargestGap,45,60,4,8736,True,optimal,8736,False,Wahlen & Gschwind (2023),10.1287/trsc.2023.1198
UDD,LargestGap,45,60,5,8680,True,optimal,8680,False,Wahlen & Gschwind (2023),10.1287/trsc.2023.1198
UDD,LargestGap,45,60,6,9141,True,optimal,9141,False,Wahlen & Gschwind (2023),10.1287/trsc.2023.1198
UDD,LargestGap,45,60,7,8440,True,optimal,8440,False,Wahlen & Gschwind (2023),10.1287/trsc.2023.1198
UDD,LargestGap,45,60,8,9386,True,optimal,9386,False,Wahlen & Gschwind (2023),10.1287/trsc.2023.1198
UDD,LargestGap,45,60,9,9320,True,optimal,9320,False,Wahlen & Gschwind (2023),10.1287/trsc.2023.1198
UDD,LargestGap,45,60,10,8626,True,optimal,8626,False,Wahlen & Gschwind (2023),10.1287/trsc.2023.1198
UDD,LargestGap,45,60,11,9611,True,optimal,9611,False,Wahlen & Gschwind (2023),10.1287/trsc.2023.1198
UDD,LargestGap,45,60,12,9617,True,optimal,9617,False,Wahlen & Gschwind (2023),10.1287/trsc.2023.1198
UDD,LargestGap,45,60,13,10194,True,optimal,10194,False,Wahlen & Gschwind (2023),10.1287/trsc.2023.1198
UDD,LargestGap,45,60,14,9389,True,optimal,9389,False,Wahlen & Gschwind (2023),10.1287/trsc.2023.1198
UDD,LargestGap,45,60,15,9097,True,optimal,9097,False,Wahlen & Gschwind (2023),10.1287/trsc.2023.1198
UDD,LargestGap,45,60,16,9209,True,optimal,9209,False,Wahlen & Gschwind (2023),10.1287/trsc.2023.1198
UDD,LargestGap,45,60,17,9346,True,optimal,9346,False,Wahlen & Gschwind (2023),10.1287/trsc.2023.1198
UDD,LargestGap,45,60,18,9198,True,optimal,9198,False,Wahlen & Gschwind (2023),10.1287/trsc.2023.1198
UDD,LargestGap,45,60,19,8427,True,optimal,8427,False,Wahlen & Gschwind (2023),10.1287/trsc.2023.1198
UDD,LargestGap,45,60,20,9416,True,optimal,9416,False,Wahlen & Gschwind (2023),10.1287/trsc.2023.1198
UDD,LargestGap,45,60,21,10442,True,optimal,10442,False,Wahlen & Gschwind (2023),10.1287/trsc.2023.1198
UDD,LargestGap,45,60,22,10252,True,optimal,10252,False,Wahlen & Gschwind (2023),10.1287/trsc.2023.1198
UDD,LargestGap,45,60,23,9020,True,optimal,9020,False,Wahlen & Gschwind (2023),10.1287/trsc.2023.1198
UDD,LargestGap,45,60,24,8537,True,optimal,8537,False,Wahlen & Gschwind (2023),10.1287/trsc.2023.1198
UDD,LargestGap,45,60,25,8748,True,optimal,8748,False,Wahlen & Gschwind (2023),10.1287/trsc.2023.1198
UDD,LargestGap,45,60,26,10297,True,optimal,10297,False,Wahlen & Gschwind (2023),10.1287/trsc.2023.1198
UDD,LargestGap,45,60,27,8691,True,optimal,8691,False,Wahlen & Gschwind (2023),10.1287/trsc.2023.1198
UDD,LargestGap,45,60,28,10082,True,optimal,10082,False,Wahlen & Gschwind (2023),10.1287/trsc.2023.1198
UDD,LargestGap,45,60,29,9155,True,optimal,9155,False,Wahlen & Gschwind (2023),10.1287/trsc.2023.1198
UDD,LargestGap,45,60,30,9898,True,optimal,9898,False,Wahlen & Gschwind (2023),10.1287/trsc.2023.1198
UDD,LargestGap,45,60,31,8697,True,optimal,8697,False,Wahlen & Gschwind (2023),10.1287/trsc.2023.1198
UDD,LargestGap,45,60,32,9414,True,optimal,9414,False,Wahlen & Gschwind (2023),10.1287/trsc.2023.1198
UDD,LargestGap,45,60,33,8963,True,optimal,8963,False,Wahlen & Gschwind (2023),10.1287/trsc.2023.1198
UDD,LargestGap,45,60,34,8334,True,optimal,8334,False,Wahlen & Gschwind (2023),10.1287/trsc.2023.1198
UDD,LargestGap,45,60,35,8650,True,optimal,8650,False,Wahlen & Gschwind (2023),10.1287/trsc.2023.1198
UDD,LargestGap,45,60,36,9533,True,optimal,9533,False,Wahlen & Gschwind (2023),10.1287/trsc.2023.1198
UDD,LargestGap,45,60,37,9223,True,optimal,9223,False,Wahlen & Gschwind (2023),10.1287/trsc.2023.1198
UDD,LargestGap,45,60,38,9046,True,optimal,9046,False,Wahlen & Gschwind (2023),10.1287/trsc.2023.1198
UDD,LargestGap,45,60,39,9049,True,optimal,9049,False,Wahlen & Gschwind (2023),10.1287/trsc.2023.1198
UDD,LargestGap,45,70,0,10599,True,optimal,10599,False,Wahlen & Gschwind (2023),10.1287/trsc.2023.1198
UDD,LargestGap,45,70,1,11139,True,optimal,11139,False,Wahlen & Gschwind (2023),10.1287/trsc.2023.1198
UDD,LargestGap,45,70,2,11010,True,optimal,11010,False,Wahlen & Gschwind (2023),10.1287/trsc.2023.1198
UDD,LargestGap,45,70,3,10108,True,optimal,10108,False,Wahlen & Gschwind (2023),10.1287/trsc.2023.1198
UDD,LargestGap,45,70,4,10415,True,optimal,10415,False,Wahlen & Gschwind (2023),10.1287/trsc.2023.1198
UDD,LargestGap,45,70,5,11056,True,optimal,11056,False,Wahlen & Gschwind (2023),10.1287/trsc.2023.1198
UDD,LargestGap,45,70,6,10778,True,optimal,10778,False,Wahlen & Gschwind (2023),10.1287/trsc.2023.1198
UDD,LargestGap,45,70,7,11342,True,optimal,11342,False,Wahlen & Gschwind (2023),10.1287/trsc.2023.1198
UDD,LargestGap,45,70,8,10332,True,optimal,10332,False,Wahlen & Gschwind (2023),10.1287/trsc.2023.1198
UDD,LargestGap,45,70,9,10084,True,optimal,10084,False,Wahlen & Gschwind (2023),10.1287/trsc.2023.1198
UDD,LargestGap,45,70,10,10616,True,optimal,10616,False,Wahlen & Gschwind (2023),10.1287/trsc.2023.1198
UDD,LargestGap,45,70,11,10883,True,optimal,10883,False,Wahlen & Gschwind (2023),10.1287/trsc.2023.1198
UDD,LargestGap,45,70,12,10087,True,optimal,10087,False,Wahlen & Gschwind (2023),10.1287/trsc.2023.1198
UDD,LargestGap,45,70,13,11128,True,optimal,11128,False,Wahlen & Gschwind (2023),10.1287/trsc.2023.1198
UDD,LargestGap,45,70,14,10949,True,optimal,10949,False,Wahlen & Gschwind (2023),10.1287/trsc.2023.1198
UDD,LargestGap,45,70,15,10678,True,optimal,10678,False,Wahlen & Gschwind (2023),10.1287/trsc.2023.1198
UDD,LargestGap,45,70,16,11335,True,optimal,11335,False,Wahlen & Gschwind (2023),10.1287/trsc.2023.1198
UDD,LargestGap,45,70,17,10908,True,optimal,10908,False,Wahlen & Gschwind (2023),10.1287/trsc.2023.1198
UDD,LargestGap,45,70,18,10025,True,optimal,10025,False,Wahlen & Gschwind (2023),10.1287/trsc.2023.1198
UDD,LargestGap,45,70,19,10177,True,optimal,10177,False,Wahlen & Gschwind (2023),10.1287/trsc.2023.1198
UDD,LargestGap,45,70,20,10193,True,optimal,10193,False,Wahlen & Gschwind (2023),10.1287/trsc.2023.1198
UDD,LargestGap,45,70,21,11194,True,optimal,11194,False,Wahlen & Gschwind (2023),10.1287/trsc.2023.1198
UDD,LargestGap,45,70,22,10621,True,optimal,10621,False,Wahlen & Gschwind (2023),10.1287/trsc.2023.1198
UDD,LargestGap,45,70,23,11782,True,optimal,11782,False,Wahlen & Gschwind (2023),10.1287/trsc.2023.1198
UDD,LargestGap,45,70,24,10653,True,optimal,10653,False,Wahlen & Gschwind (2023),10.1287/trsc.2023.1198
UDD,LargestGap,45,70,25,10762,True,optimal,10762,False,Wahlen & Gschwind (2023),10.1287/trsc.2023.1198
UDD,LargestGap,45,70,26,10290,True,optimal,10290,False,Wahlen & Gschwind (2023),10.1287/trsc.2023.1198
UDD,LargestGap,45,70,27,11236,True,optimal,11236,False,Wahlen & Gschwind (2023),10.1287/trsc.2023.1198
UDD,LargestGap,45,70,28,11930,True,optimal,11930,False,Wahlen & Gschwind (2023),10.1287/trsc.2023.1198
UDD,LargestGap,45,70,29,10999,True,optimal,10999,False,Wahlen & Gschwind (2023),10.1287/trsc.2023.1198
UDD,LargestGap,45,70,30,10484,True,optimal,10484,False,Wahlen & Gschwind (2023),10.1287/trsc.2023.1198
UDD,LargestGap,45,70,31,10162,True,optimal,10162,False,Wahlen & Gschwind (2023),10.1287/trsc.2023.1198
UDD,LargestGap,45,70,32,11652,True,optimal,11652,False,Wahlen & Gschwind (2023),10.1287/trsc.2023.1198
UDD,LargestGap,45,70,33,10582,True,optimal,10582,False,Wahlen & Gschwind (2023),10.1287/trsc.2023.1198
UDD,LargestGap,45,70,34,11131,True,optimal,11131,False,Wahlen & Gschwind (2023),10.1287/trsc.2023.1198
UDD,LargestGap,45,70,35,11559,True,optimal,11559,False,Wahlen & Gschwind (2023),10.1287/trsc.2023.1198
UDD,LargestGap,45,70,36,10026,True,optimal,10026,False,Wahlen & Gschwind (2023),10.1287/trsc.2023.1198
UDD,LargestGap,45,70,37,11542,True,optimal,11542,False,Wahlen & Gschwind (2023),10.1287/trsc.2023.1198
UDD,LargestGap,45,70,38,11119,True,optimal,11119,False,Wahlen & Gschwind (2023),10.1287/trsc.2023.1198
UDD,LargestGap,45,70,39,9004,True,optimal,9004,False,Wahlen & Gschwind (2023),10.1287/trsc.2023.1198
UDD,LargestGap,45,80,0,11491,True,optimal,11491,False,Wahlen & Gschwind (2023),10.1287/trsc.2023.1198
UDD,LargestGap,45,80,1,12078,True,optimal,12078,False,Wahlen & Gschwind (2023),10.1287/trsc.2023.1198
UDD,LargestGap,45,80,2,11821,True,optimal,11821,False,Wahlen & Gschwind (2023),10.1287/trsc.2023.1198
UDD,LargestGap,45,80,3,11620,True,optimal,11620,False,Wahlen & Gschwind (2023),10.1287/trsc.2023.1198
UDD,LargestGap,45,80,4,12676,True,optimal,12676,False,Wahlen & Gschwind (2023),10.1287/trsc.2023.1198
UDD,LargestGap,45,80,5,12064,True,optimal,12064,False,Wahlen & Gschwind (2023),10.1287/trsc.2023.1198
UDD,LargestGap,45,80,6,11393,True,optimal,11393,False,Wahlen & Gschwind (2023),10.1287/trsc.2023.1198
UDD,LargestGap,45,80,7,12893,True,optimal,12893,False,Wahlen & Gschwind (2023),10.1287/trsc.2023.1198
UDD,LargestGap,45,80,8,11422,True,optimal,11422,False,Wahlen & Gschwind (2023),10.1287/trsc.2023.1198
UDD,LargestGap,45,80,9,11524,True,optimal,11524,False,Wahlen & Gschwind (2023),10.1287/trsc.2023.1198
UDD,LargestGap,45,80,10,11510,True,optimal,11510,False,Wahlen & Gschwind (2023),10.1287/trsc.2023.1198
UDD,LargestGap,45,80,11,12428,True,optimal,12428,False,Wahlen & Gschwind (2023),10.1287/trsc.2023.1198
UDD,LargestGap,45,80,12,11420,True,optimal,11420,False,Wahlen & Gschwind (2023),10.1287/trsc.2023.1198
UDD,LargestGap,45,80,13,11057,True,optimal,11057,False,Wahlen & Gschwind (2023),10.1287/trsc.2023.1198
UDD,LargestGap,45,80,14,12051,True,optimal,12051,False,Wahlen & Gschwind (2023),10.1287/trsc.2023.1198
UDD,LargestGap,45,80,15,11625,True,optimal,11625,False,Wahlen & Gschwind (2023),10.1287/trsc.2023.1198
UDD,LargestGap,45,80,16,12530,True,optimal,12530,False,Wahlen & Gschwind (2023),10.1287/trsc.2023.1198
UDD,LargestGap,45,80,17,12511,True,optimal,12511,False,Wahlen & Gschwind (2023),10.1287/trsc.2023.1198
UDD,LargestGap,45,80,18,11475,True,optimal,11475,False,Wahlen & Gschwind (2023),10.1287/trsc.2023.1198
UDD,LargestGap,45,80,19,11966,True,optimal,11966,False,Wahlen & Gschwind (2023),10.1287/trsc.2023.1198
UDD,LargestGap,45,80,20,11880,True,optimal,11880,False,Wahlen & Gschwind (2023),10.1287/trsc.2023.1198
UDD,LargestGap,45,80,21,14364,True,optimal,14364,False,Wahlen & Gschwind (2023),10.1287/trsc.2023.1198
UDD,LargestGap,45,80,22,13786,True,optimal,13786,False,Wahlen & Gschwind (2023),10.1287/trsc.2023.1198
UDD,LargestGap,45,80,23,12817,True,optimal,12817,False,Wahlen & Gschwind (2023),10.1287/trsc.2023.1198
UDD,LargestGap,45,80,24,12722,True,optimal,12722,False,Wahlen & Gschwind (2023),10.1287/trsc.2023.1198
UDD,LargestGap,45,80,25,11630,True,optimal,11630,False,Wahlen & Gschwind (2023),10.1287/trsc.2023.1198
UDD,LargestGap,45,80,26,11447,True,optimal,11447,False,Wahlen & Gschwind (2023),10.1287/trsc.2023.1198
UDD,LargestGap,45,80,27,12663,True,optimal,12663,False,Wahlen & Gschwind (2023),10.1287/trsc.2023.1198
UDD,LargestGap,45,80,28,11341,True,optimal,11341,False,Wahlen & Gschwind (2023),10.1287/trsc.2023.1198
UDD,LargestGap,45,80,29,11016,True,optimal,11016,False,Wahlen & Gschwind (2023),10.1287/trsc.2023.1198
UDD,LargestGap,45,80,30,12179,True,optimal,12179,False,Wahlen & Gschwind (2023),10.1287/trsc.2023.1198
UDD,LargestGap,45,80,31,11435,True,optimal,11435,False,Wahlen & Gschwind (2023),10.1287/trsc.2023.1198
UDD,LargestGap,45,80,32,12533,True,optimal,12533,False,Wahlen & Gschwind (2023),10.1287/trsc.2023.1198
UDD,LargestGap,45,80,33,11174,True,optimal,11174,False,Wahlen & Gschwind (2023),10.1287/trsc.2023.1198
UDD,LargestGap,45,80,34,11670,True,optimal,11670,False,Wahlen & Gschwind (2023),10.1287/trsc.2023.1198
UDD,LargestGap,45,80,35,10740,True,optimal,10740,False,Wahlen & Gschwind (2023),10.1287/trsc.2023.1198
UDD,LargestGap,45,80,36,12275,True,optimal,12275,False,Wahlen & Gschwind (2023),10.1287/trsc.2023.1198
UDD,LargestGap,45,80,37,12051,True,optimal,12051,False,Wahlen & Gschwind (2023),10.1287/trsc.2023.1198
UDD,LargestGap,45,80,38,11680,True,optimal,11680,False,Wahlen & Gschwind (2023),10.1287/trsc.2023.1198
UDD,LargestGap,45,80,39,11715,True,optimal,11715,False,Wahlen & Gschwind (2023),10.1287/trsc.2023.1198
UDD,LargestGap,45,90,0,12000,True,optimal,12000,False,Wahlen & Gschwind (2023),10.1287/trsc.2023.1198
UDD,LargestGap,45,90,1,12338,True,optimal,12338,False,Wahlen & Gschwind (2023),10.1287/trsc.2023.1198
UDD,LargestGap,45,90,2,12919,True,optimal,12919,False,Wahlen & Gschwind (2023),10.1287/trsc.2023.1198
UDD,LargestGap,45,90,3,13145,True,optimal,13145,False,Wahlen & Gschwind (2023),10.1287/trsc.2023.1198
UDD,LargestGap,45,90,4,13968,True,optimal,13968,False,Wahlen & Gschwind (2023),10.1287/trsc.2023.1198
UDD,LargestGap,45,90,5,12969,True,optimal,12969,False,Wahlen & Gschwind (2023),10.1287/trsc.2023.1198
UDD,LargestGap,45,90,6,13208,True,optimal,13208,False,Wahlen & Gschwind (2023),10.1287/trsc.2023.1198
UDD,LargestGap,45,90,7,13258,True,optimal,13258,False,Wahlen & Gschwind (2023),10.1287/trsc.2023.1198
UDD,LargestGap,45,90,8,12474,False,optimal,12474,False,Wahlen & Gschwind (2023),10.1287/trsc.2023.1198
UDD,LargestGap,45,90,9,13835,True,optimal,13835,False,Wahlen & Gschwind (2023),10.1287/trsc.2023.1198
UDD,LargestGap,45,90,10,12663,True,optimal,12663,False,Wahlen & Gschwind (2023),10.1287/trsc.2023.1198
UDD,LargestGap,45,90,11,13906,True,optimal,13906,False,Wahlen & Gschwind (2023),10.1287/trsc.2023.1198
UDD,LargestGap,45,90,12,12182,True,optimal,12182,False,Wahlen & Gschwind (2023),10.1287/trsc.2023.1198
UDD,LargestGap,45,90,13,13963,True,optimal,13963,False,Wahlen & Gschwind (2023),10.1287/trsc.2023.1198
UDD,LargestGap,45,90,14,13337,True,optimal,13337,False,Wahlen & Gschwind (2023),10.1287/trsc.2023.1198
UDD,LargestGap,45,90,15,15331,True,optimal,15331,False,Wahlen & Gschwind (2023),10.1287/trsc.2023.1198
UDD,LargestGap,45,90,16,12347,True,optimal,12347,False,Wahlen & Gschwind (2023),10.1287/trsc.2023.1198
UDD,LargestGap,45,90,17,14537,True,optimal,14537,False,Wahlen & Gschwind (2023),10.1287/trsc.2023.1198
UDD,LargestGap,45,90,18,13969,True,optimal,13969,False,Wahlen & Gschwind (2023),10.1287/trsc.2023.1198
UDD,LargestGap,45,90,19,13501,True,optimal,13501,False,Wahlen & Gschwind (2023),10.1287/trsc.2023.1198
UDD,LargestGap,45,90,20,13131,True,optimal,13131,False,Wahlen & Gschwind (2023),10.1287/trsc.2023.1198
UDD,LargestGap,45,90,21,13118,True,optimal,13118,False,Wahlen & Gschwind (2023),10.1287/trsc.2023.1198
UDD,LargestGap,45,90,22,15009,True,optimal,15009,False,Wahlen & Gschwind (2023),10.1287/trsc.2023.1198
UDD,LargestGap,45,90,23,14459,True,optimal,14459,False,Wahlen & Gschwind (2023),10.1287/trsc.2023.1198
UDD,LargestGap,45,90,24,13837,True,optimal,13837,False,Wahlen & Gschwind (2023),10.1287/trsc.2023.1198
UDD,LargestGap,45,90,25,13381,True,optimal,13381,False,Wahlen & Gschwind (2023),10.1287/trsc.2023.1198
UDD,LargestGap,45,90,26,14566,True,optimal,14566,False,Wahlen & Gschwind (2023),10.1287/trsc.2023.1198
UDD,LargestGap,45,90,27,14227,True,optimal,14227,False,Wahlen & Gschwind (2023),10.1287/trsc.2023.1198
UDD,LargestGap,45,90,28,15084,True,optimal,15084,False,Wahlen & Gschwind (2023),10.1287/trsc.2023.1198
UDD,LargestGap,45,90,29,12248,True,optimal,12248,False,Wahlen & Gschwind (2023),10.1287/trsc.2023.1198
UDD,LargestGap,45,90,30,13491,True,optimal,13491,False,Wahlen & Gschwind (2023),10.1287/trsc.2023.1198
UDD,LargestGap,45,90,31,13271,True,optimal,13271,False,Wahlen & Gschwind (2023),10.1287/trsc.2023.1198
UDD,LargestGap,45,90,32,12826,True,optimal,12826,False,Wahlen & Gschwind (2023),10.1287/trsc.2023.1198
UDD,LargestGap,45,90,33,13764,True,optimal,13764,False,Wahlen & Gschwind (2023),10.1287/trsc.2023.1198
UDD,LargestGap,45,90,34,13504,True,optimal,13504,False,Wahlen & Gschwind (2023),10.1287/trsc.2023.1198
UDD,LargestGap,45,90,35,13678,True,optimal,13678,False,Wahlen & Gschwind (2023),10.1287/trsc.2023.1198
UDD,LargestGap,45,90,36,12896,True,optimal,12896,False,Wahlen & Gschwind (2023),10.1287/trsc.2023.1198
UDD,LargestGap,45,90,37,14609,True,optimal,14609,False,Wahlen & Gschwind (2023),10.1287/trsc.2023.1198
UDD,LargestGap,45,90,38,13054,True,optimal,13054,False,Wahlen & Gschwind (2023),10.1287/trsc.2023.1198
UDD,LargestGap,45,90,39,14298,True,optimal,14298,False,Wahlen & Gschwind (2023),10.1287/trsc.2023.1198
UDD,LargestGap,45,100,0,13894,True,optimal,13894,False,Wahlen & Gschwind (2023),10.1287/trsc.2023.1198
UDD,LargestGap,45,100,1,14213,True,optimal,14213,False,Wahlen & Gschwind (2023),10.1287/trsc.2023.1198
UDD,LargestGap,45,100,2,15415,True,optimal,15415,False,Wahlen & Gschwind (2023),10.1287/trsc.2023.1198
UDD,LargestGap,45,100,3,14719,True,optimal,14719,False,Wahlen & Gschwind (2023),10.1287/trsc.2023.1198
UDD,LargestGap,45,100,4,15426,True,optimal,15426,False,Wahlen & Gschwind (2023),10.1287/trsc.2023.1198
UDD,LargestGap,45,100,5,14892,True,optimal,14892,False,Wahlen & Gschwind (2023),10.1287/trsc.2023.1198
UDD,LargestGap,45,100,6,15695,True,optimal,15695,False,Wahlen & Gschwind (2023),10.1287/trsc.2023.1198
UDD,LargestGap,45,100,7,15053,True,optimal,15053,False,Wahlen & Gschwind (2023),10.1287/trsc.2023.1198
UDD,LargestGap,45,100,8,15240,True,optimal,15240,False,Wahlen & Gschwind (2023),10.1287/trsc.2023.1198
UDD,LargestGap,45,100,9,15932,True,optimal,15932,False,Wahlen & Gschwind (2023),10.1287/trsc.2023.1198
UDD,LargestGap,45,100,10,14597,True,optimal,14597,False,Wahlen & Gschwind (2023),10.1287/trsc.2023.1198
UDD,LargestGap,45,100,11,14539,True,optimal,14539,False,Wahlen & Gschwind (2023),10.1287/trsc.2023.1198
UDD,LargestGap,45,100,12,15121,False,optimal,15121,False,Wahlen & Gschwind (2023),10.1287/trsc.2023.1198
UDD,LargestGap,45,100,13,14829,True,optimal,14829,False,Wahlen & Gschwind (2023),10.1287/trsc.2023.1198
UDD,LargestGap,45,100,14,15723,True,optimal,15723,False,Wahlen & Gschwind (2023),10.1287/trsc.2023.1198
UDD,LargestGap,45,100,15,14481,True,optimal,14481,False,Wahlen & Gschwind (2023),10.1287/trsc.2023.1198
UDD,LargestGap,45,100,16,15544,True,optimal,15544,False,Wahlen & Gschwind (2023),10.1287/trsc.2023.1198
UDD,LargestGap,45,100,17,14336,True,optimal,14336,False,Wahlen & Gschwind (2023),10.1287/trsc.2023.1198
UDD,LargestGap,45,100,18,14680,True,optimal,14680,False,Wahlen & Gschwind (2023),10.1287/trsc.2023.1198
UDD,LargestGap,45,100,19,14667,True,optimal,14667,False,Wahlen & Gschwind (2023),10.1287/trsc.2023.1198
UDD,LargestGap,45,100,20,15694,False,optimal,15694,False,Wahlen & Gschwind (2023),10.1287/trsc.2023.1198
UDD,LargestGap,45,100,21,15576,True,optimal,15576,False,Wahlen & Gschwind (2023),10.1287/trsc.2023.1198
UDD,LargestGap,45,100,22,14888,True,optimal,14888,False,Wahlen & Gschwind (2023),10.1287/trsc.2023.1198
UDD,LargestGap,45,100,23,15103,False,optimal,15103,False,Wahlen & Gschwind (2023),10.1287/trsc.2023.1198
UDD,LargestGap,45,100,24,14770,True,optimal,14770,False,Wahlen & Gschwind (2023),10.1287/trsc.2023.1198
UDD,LargestGap,45,100,25,15893,True,optimal,15893,False,Wahlen & Gschwind (2023),10.1287/trsc.2023.1198
UDD,LargestGap,45,100,26,14738,False,optimal,14738,False,Wahlen & Gschwind (2023),10.1287/trsc.2023.1198
UDD,LargestGap,45,100,27,14537,False,optimal,14537,False,Wahlen & Gschwind (2023),10.1287/trsc.2023.1198
UDD,LargestGap,45,100,28,14895,True,optimal,14895,False,Wahlen & Gschwind (2023),10.1287/trsc.2023.1198
UDD,LargestGap,45,100,29,14999,True,optimal,14999,False,Wahlen & Gschwind (2023),10.1287/trsc.2023.1198
UDD,LargestGap,45,100,30,14698,True,optimal,14698,False,Wahlen & Gschwind (2023),10.1287/trsc.2023.1198
UDD,LargestGap,45,100,31,15346,True,optimal,15346,False,Wahlen & Gschwind (2023),10.1287/trsc.2023.1198
UDD,LargestGap,45,100,32,14478,True,optimal,14478,False,Wahlen & Gschwind (2023),10.1287/trsc.2023.1198
UDD,LargestGap,45,100,33,14210,True,optimal,14210,False,Wahlen & Gschwind (2023),10.1287/trsc.2023.1198
UDD,LargestGap,45,100,34,15264,True,optimal,15264,False,Wahlen & Gschwind (2023),10.1287/trsc.2023.1198
UDD,LargestGap,45,100,35,15342,True,optimal,15342,False,Wahlen & Gschwind (2023),10.1287/trsc.2023.1198
UDD,LargestGap,45,100,36,13733,True,optimal,13733,False,Wahlen & Gschwind (2023),10.1287/trsc.2023.1198
UDD,LargestGap,45,100,37,14394,True,optimal,14394,False,Wahlen & Gschwind (2023),10.1287/trsc.2023.1198
UDD,LargestGap,45,100,38,14929,True,optimal,14929,False,Wahlen & Gschwind (2023),10.1287/trsc.2023.1198
UDD,LargestGap,45,100,39,14451,True,optimal,14451,False,Wahlen & Gschwind (2023),10.1287/trsc.2023.1198
UDD,LargestGap,60,20,0,2767,True,optimal,2767,False,Wahlen & Gschwind (2023),10.1287/trsc.2023.1198
UDD,LargestGap,60,20,1,2497,True,optimal,2497,False,Wahlen & Gschwind (2023),10.1287/trsc.2023.1198
UDD,LargestGap,60,20,2,2514,True,optimal,2514,False,Wahlen & Gschwind (2023),10.1287/trsc.2023.1198
UDD,LargestGap,60,20,3,2305,True,optimal,2305,False,Wahlen & Gschwind (2023),10.1287/trsc.2023.1198
UDD,LargestGap,60,20,4,2401,True,optimal,2401,False,Wahlen & Gschwind (2023),10.1287/trsc.2023.1198
UDD,LargestGap,60,20,5,2494,True,optimal,2494,False,Wahlen & Gschwind (2023),10.1287/trsc.2023.1198
UDD,LargestGap,60,20,6,2309,True,optimal,2309,False,Wahlen & Gschwind (2023),10.1287/trsc.2023.1198
UDD,LargestGap,60,20,7,2504,True,optimal,2504,False,Wahlen & Gschwind (2023),10.1287/trsc.2023.1198
UDD,LargestGap,60,20,8,2558,True,optimal,2558,False,Wahlen & Gschwind (2023),10.1287/trsc.2023.1198
UDD,LargestGap,60,20,9,2871,True,optimal,2871,False,Wahlen & Gschwind (2023),10.1287/trsc.2023.1198
UDD,LargestGap,60,20,10,3016,True,optimal,3016,False,Wahlen & Gschwind (2023),10.1287/trsc.2023.1198
UDD,LargestGap,60,20,11,2834,True,optimal,2834,False,Wahlen & Gschwind (2023),10.1287/trsc.2023.1198
UDD,LargestGap,60,20,12,2840,True,optimal,2840,False,Wahlen & Gschwind (2023),10.1287/trsc.2023.1198
UDD,LargestGap,60,20,13,3037,True,optimal,3037,False,Wahlen & Gschwind (2023),10.1287/trsc.2023.1198
UDD,LargestGap,60,20,14,2419,True,optimal,2419,False,Wahlen & Gschwind (2023),10.1287/trsc.2023.1198
UDD,LargestGap,60,20,15,2521,True,optimal,2521,False,Wahlen & Gschwind (2023),10.1287/trsc.2023.1198
UDD,LargestGap,60,20,16,2874,True,optimal,2874,False,Wahlen & Gschwind (2023),10.1287/trsc.2023.1198
UDD,LargestGap,60,20,17,2416,True,optimal,2416,False,Wahlen & Gschwind (2023),10.1287/trsc.2023.1198
UDD,LargestGap,60,20,18,2454,True,optimal,2454,False,Wahlen & Gschwind (2023),10.1287/trsc.2023.1198
UDD,LargestGap,60,20,19,2403,True,optimal,2403,False,Wahlen & Gschwind (2023),10.1287/trsc.2023.1198
UDD,LargestGap,60,20,20,2351,True,optimal,2351,False,Wahlen & Gschwind (2023),10.1287/trsc.2023.1198
UDD,LargestGap,60,20,21,2518,True,optimal,2518,False,Wahlen & Gschwind (2023),10.1287/trsc.2023.1198
UDD,LargestGap,60,20,22,2752,True,optimal,2752,False,Wahlen & Gschwind (2023),10.1287/trsc.2023.1198
UDD,LargestGap,60,20,23,2471,True,optimal,2471,False,Wahlen & Gschwind (2023),10.1287/trsc.2023.1198
UDD,LargestGap,60,20,24,2929,True,optimal,2929,False,Wahlen & Gschwind (2023),10.1287/trsc.2023.1198
UDD,LargestGap,60,20,25,2514,True,optimal,2514,False,Wahlen & Gschwind (2023),10.1287/trsc.2023.1198
UDD,LargestGap,60,20,26,2359,True,optimal,2359,False,Wahlen & Gschwind (2023),10.1287/trsc.2023.1198
UDD,LargestGap,60,20,27,2519,True,optimal,2519,False,Wahlen & Gschwind (2023),10.1287/trsc.2023.1198
UDD,LargestGap,60,20,28,2460,True,optimal,2460,False,Wahlen & Gschwind (2023),10.1287/trsc.2023.1198
UDD,LargestGap,60,20,29,2397,True,optimal,2397,False,Wahlen & Gschwind (2023),10.1287/trsc.2023.1198
UDD,LargestGap,60,20,30,2433,True,optimal,2433,False,Wahlen & Gschwind (2023),10.1287/trsc.2023.1198
UDD,LargestGap,60,20,31,2536,True,optimal,2536,False,Wahlen & Gschwind (2023),10.1287/trsc.2023.1198
UDD,LargestGap,60,20,32,2846,True,optimal,2846,False,Wahlen & Gschwind (2023),10.1287/trsc.2023.1198
UDD,LargestGap,60,20,33,2391,True,optimal,2391,False,Wahlen & Gschwind (2023),10.1287/trsc.2023.1198
UDD,LargestGap,60,20,34,2492,True,optimal,2492,False,Wahlen & Gschwind (2023),10.1287/trsc.2023.1198
UDD,LargestGap,60,20,35,2453,True,optimal,2453,False,Wahlen & Gschwind (2023),10.1287/trsc.2023.1198
UDD,LargestGap,60,20,36,2465,True,optimal,2465,False,Wahlen & Gschwind (2023),10.1287/trsc.2023.1198
UDD,LargestGap,60,20,37,2332,True,optimal,2332,False,Wahlen & Gschwind (2023),10.1287/trsc.2023.1198
UDD,LargestGap,60,20,38,1985,True,optimal,1985,False,Wahlen & Gschwind (2023),10.1287/trsc.2023.1198
UDD,LargestGap,60,20,39,1829,True,optimal,1829,False,Wahlen & Gschwind (2023),10.1287/trsc.2023.1198
UDD,LargestGap,60,30,0,3917,True,optimal,3917,False,Wahlen & Gschwind (2023),10.1287/trsc.2023.1198
UDD,LargestGap,60,30,1,3959,True,optimal,3959,False,Wahlen & Gschwind (2023),10.1287/trsc.2023.1198
UDD,LargestGap,60,30,2,3506,True,optimal,3506,False,Wahlen & Gschwind (2023),10.1287/trsc.2023.1198
UDD,LargestGap,60,30,3,3452,True,optimal,3452,False,Wahlen & Gschwind (2023),10.1287/trsc.2023.1198
UDD,LargestGap,60,30,4,3972,True,optimal,3972,False,Wahlen & Gschwind (2023),10.1287/trsc.2023.1198
UDD,LargestGap,60,30,5,4376,True,optimal,4376,False,Wahlen & Gschwind (2023),10.1287/trsc.2023.1198
UDD,LargestGap,60,30,6,3468,True,optimal,3468,False,Wahlen & Gschwind (2023),10.1287/trsc.2023.1198
UDD,LargestGap,60,30,7,3856,True,optimal,3856,False,Wahlen & Gschwind (2023),10.1287/trsc.2023.1198
UDD,LargestGap,60,30,8,3871,True,optimal,3871,False,Wahlen & Gschwind (2023),10.1287/trsc.2023.1198
UDD,LargestGap,60,30,9,3509,True,optimal,3509,False,Wahlen & Gschwind (2023),10.1287/trsc.2023.1198
UDD,LargestGap,60,30,10,3737,True,optimal,3737,False,Wahlen & Gschwind (2023),10.1287/trsc.2023.1198
UDD,LargestGap,60,30,11,3916,True,optimal,3916,False,Wahlen & Gschwind (2023),10.1287/trsc.2023.1198
UDD,LargestGap,60,30,12,4163,True,optimal,4163,False,Wahlen & Gschwind (2023),10.1287/trsc.2023.1198
UDD,LargestGap,60,30,13,3912,True,optimal,3912,False,Wahlen & Gschwind (2023),10.1287/trsc.2023.1198
UDD,LargestGap,60,30,14,4322,True,optimal,4322,False,Wahlen & Gschwind (2023),10.1287/trsc.2023.1198
UDD,LargestGap,60,30,15,3518,True,optimal,3518,False,Wahlen & Gschwind (2023),10.1287/trsc.2023.1198
UDD,LargestGap,60,30,16,3643,True,optimal,3643,False,Wahlen & Gschwind (2023),10.1287/trsc.2023.1198
UDD,LargestGap,60,30,17,3779,True,optimal,3779,False,Wahlen & Gschwind (2023),10.1287/trsc.2023.1198
UDD,LargestGap,60,30,18,3902,True,optimal,3902,False,Wahlen & Gschwind (2023),10.1287/trsc.2023.1198
UDD,LargestGap,60,30,19,3885,True,optimal,3885,False,Wahlen & Gschwind (2023),10.1287/trsc.2023.1198
UDD,LargestGap,60,30,20,3988,True,optimal,3988,False,Wahlen & Gschwind (2023),10.1287/trsc.2023.1198
UDD,LargestGap,60,30,21,3427,True,optimal,3427,False,Wahlen & Gschwind (2023),10.1287/trsc.2023.1198
UDD,LargestGap,60,30,22,3962,True,optimal,3962,False,Wahlen & Gschwind (2023),10.1287/trsc.2023.1198
UDD,LargestGap,60,30,23,3870,True,optimal,3870,False,Wahlen & Gschwind (2023),10.1287/trsc.2023.1198
UDD,LargestGap,60,30,24,3372,True,optimal,3372,False,Wahlen & Gschwind (2023),10.1287/trsc.2023.1198
UDD,LargestGap,60,30,25,3929,True,optimal,3929,False,Wahlen & Gschwind (2023),10.1287/trsc.2023.1198
UDD,LargestGap,60,30,26,3992,True,optimal,3992,False,Wahlen & Gschwind (2023),10.1287/trsc.2023.1198
UDD,LargestGap,60,30,27,4083,True,optimal,4083,False,Wahlen & Gschwind (2023),10.1287/trsc.2023.1198
UDD,LargestGap,60,30,28,3432,True,optimal,3432,False,Wahlen & Gschwind (2023),10.1287/trsc.2023.1198
UDD,LargestGap,60,30,29,3821,True,optimal,3821,False,Wahlen & Gschwind (2023),10.1287/trsc.2023.1198
UDD,LargestGap,60,30,30,3394,True,optimal,3394,False,Wahlen & Gschwind (2023),10.1287/trsc.2023.1198
UDD,LargestGap,60,30,31,3871,True,optimal,3871,False,Wahlen & Gschwind (2023),10.1287/trsc.2023.1198
UDD,LargestGap,60,30,32,3991,True,optimal,3991,False,Wahlen & Gschwind (2023),10.1287/trsc.2023.1198
UDD,LargestGap,60,30,33,3466,True,optimal,3466,False,Wahlen & Gschwind (2023),10.1287/trsc.2023.1198
UDD,LargestGap,60,30,34,4601,True,optimal,4601,False,Wahlen & Gschwind (2023),10.1287/trsc.2023.1198
UDD,LargestGap,60,30,35,3358,True,optimal,3358,False,Wahlen & Gschwind (2023),10.1287/trsc.2023.1198
UDD,LargestGap,60,30,36,3356,True,optimal,3356,False,Wahlen & Gschwind (2023),10.1287/trsc.2023.1198
UDD,LargestGap,60,30,37,3421,True,optimal,3421,False,Wahlen & Gschwind (2023),10.1287/trsc.2023.1198
UDD,LargestGap,60,30,38,3914,True,optimal,3914,False,Wahlen & Gschwind (2023),10.1287/trsc.2023.1198
UDD,LargestGap,60,30,39,3821,True,optimal,3821,False,Wahlen & Gschwind (2023),10.1287/trsc.2023.1198
UDD,LargestGap,60,40,0,4899,True,optimal,4899,False,Wahlen & Gschwind (2023),10.1287/trsc.2023.1198
UDD,LargestGap,60,40,1,4281,True,optimal,4281,False,Wahlen & Gschwind (2023),10.1287/trsc.2023.1198
UDD,LargestGap,60,40,2,4757,True,optimal,4757,False,Wahlen & Gschwind (2023),10.1287/trsc.2023.1198
UDD,LargestGap,60,40,3,4962,True,optimal,4962,False,Wahlen & Gschwind (2023),10.1287/trsc.2023.1198
UDD,LargestGap,60,40,4,5225,True,optimal,5225,False,Wahlen & Gschwind (2023),10.1287/trsc.2023.1198
UDD,LargestGap,60,40,5,4869,True,optimal,4869,False,Wahlen & Gschwind (2023),10.1287/trsc.2023.1198
UDD,LargestGap,60,40,6,4791,True,optimal,4791,False,Wahlen & Gschwind (2023),10.1287/trsc.2023.1198
UDD,LargestGap,60,40,7,5376,True,optimal,5376,False,Wahlen & Gschwind (2023),10.1287/trsc.2023.1198
UDD,LargestGap,60,40,8,4734,True,optimal,4734,False,Wahlen & Gschwind (2023),10.1287/trsc.2023.1198
UDD,LargestGap,60,40,9,4884,True,optimal,4884,False,Wahlen & Gschwind (2023),10.1287/trsc.2023.1198
UDD,LargestGap,60,40,10,5234,True,optimal,5234,False,Wahlen & Gschwind (2023),10.1287/trsc.2023.1198
UDD,LargestGap,60,40,11,5380,True,optimal,5380,False,Wahlen & Gschwind (2023),10.1287/trsc.2023.1198
UDD,LargestGap,60,40,12,4829,True,optimal,4829,False,Wahlen & Gschwind (2023),10.1287/trsc.2023.1198
UDD,LargestGap,60,40,13,4936,True,optimal,4936,False,Wahlen & Gschwind (2023),10.1287/trsc.2023.1198
UDD,LargestGap,60,40,14,3831,True,optimal,3831,False,Wahlen & Gschwind (2023),10.1287/trsc.2023.1198
UDD,LargestGap,60,40,15,4955,True,optimal,4955,False,Wahlen & Gschwind (2023),10.1287/trsc.2023.1198
UDD,LargestGap,60,40,16,4227,True,optimal,4227,False,Wahlen & Gschwind (2023),10.1287/trsc.2023.1198
UDD,LargestGap,60,40,17,4964,True,optimal,4964,False,Wahlen & Gschwind (2023),10.1287/trsc.2023.1198
UDD,LargestGap,60,40,18,4905,True,optimal,4905,False,Wahlen & Gschwind (2023),10.1287/trsc.2023.1198
UDD,LargestGap,60,40,19,4783,True,optimal,4783,False,Wahlen & Gschwind (2023),10.1287/trsc.2023.1198
UDD,LargestGap,60,40,20,4908,True,optimal,4908,False,Wahlen & Gschwind (2023),10.1287/trsc.2023.1198
UDD,LargestGap,60,40,21,4545,True,optimal,4545,False,Wahlen & Gschwind (2023),10.1287/trsc.2023.1198
UDD,LargestGap,60,40,22,4816,True,optimal,4816,False,Wahlen & Gschwind (2023),10.1287/trsc.2023.1198
UDD,LargestGap,60,40,23,4750,True,optimal,4750,False,Wahlen & Gschwind (2023),10.1287/trsc.2023.1198
UDD,LargestGap,60,40,24,4942,True,optimal,4942,False,Wahlen & Gschwind (2023),10.1287/trsc.2023.1198
UDD,LargestGap,60,40,25,4883,True,optimal,4883,False,Wahlen & Gschwind (2023),10.1287/trsc.2023.1198
UDD,LargestGap,60,40,26,4325,True,optimal,4325,False,Wahlen & Gschwind (2023),10.1287/trsc.2023.1198
UDD,LargestGap,60,40,27,4675,True,optimal,4675,False,Wahlen & Gschwind (2023),10.1287/trsc.2023.1198
UDD,LargestGap,60,40,28,4781,True,optimal,4781,False,Wahlen & Gschwind (2023),10.1287/trsc.2023.1198
UDD,LargestGap,60,40,29,4967,True,optimal,4967,False,Wahlen & Gschwind (2023),10.1287/trsc.2023.1198
UDD,LargestGap,60,40,30,5319,True,optimal,5319,False,Wahlen & Gschwind (2023),10.1287/trsc.2023.1198
UDD,LargestGap,60,40,31,4438,True,optimal,4438,False,Wahlen & Gschwind (2023),10.1287/trsc.2023.1198
UDD,LargestGap,60,40,32,4946,True,optimal,4946,False,Wahlen & Gschwind (2023),10.1287/trsc.2023.1198
UDD,LargestGap,60,40,33,4273,True,optimal,4273,False,Wahlen & Gschwind (2023),10.1287/trsc.2023.1198
UDD,LargestGap,60,40,34,4678,True,optimal,4678,False,Wahlen & Gschwind (2023),10.1287/trsc.2023.1198
UDD,LargestGap,60,40,35,4804,True,optimal,4804,False,Wahlen & Gschwind (2023),10.1287/trsc.2023.1198
UDD,LargestGap,60,40,36,4959,True,optimal,4959,False,Wahlen & Gschwind (2023),10.1287/trsc.2023.1198
UDD,LargestGap,60,40,37,4933,True,optimal,4933,False,Wahlen & Gschwind (2023),10.1287/trsc.2023.1198
UDD,LargestGap,60,40,38,4792,True,optimal,4792,False,Wahlen & Gschwind (2023),10.1287/trsc.2023.1198
UDD,LargestGap,60,40,39,4719,True,optimal,4719,False,Wahlen & Gschwind (2023),10.1287/trsc.2023.1198
UDD,LargestGap,60,50,0,6596,True,optimal,6596,False,Wahlen & Gschwind (2023),10.1287/trsc.2023.1198
UDD,LargestGap,60,50,1,5699,True,optimal,5699,False,Wahlen & Gschwind (2023),10.1287/trsc.2023.1198
UDD,LargestGap,60,50,2,5296,True,optimal,5296,False,Wahlen & Gschwind (2023),10.1287/trsc.2023.1198
UDD,LargestGap,60,50,3,5614,True,optimal,5614,False,Wahlen & Gschwind (2023),10.1287/trsc.2023.1198
UDD,LargestGap,60,50,4,6075,True,optimal,6075,False,Wahlen & Gschwind (2023),10.1287/trsc.2023.1198
UDD,LargestGap,60,50,5,5606,True,optimal,5606,False,Wahlen & Gschwind (2023),10.1287/trsc.2023.1198
UDD,LargestGap,60,50,6,5371,True,optimal,5371,False,Wahlen & Gschwind (2023),10.1287/trsc.2023.1198
UDD,LargestGap,60,50,7,5630,True,optimal,5630,False,Wahlen & Gschwind (2023),10.1287/trsc.2023.1198
UDD,LargestGap,60,50,8,6195,True,optimal,6195,False,Wahlen & Gschwind (2023),10.1287/trsc.2023.1198
UDD,LargestGap,60,50,9,5900,True,optimal,5900,False,Wahlen & Gschwind (2023),10.1287/trsc.2023.1198
UDD,LargestGap,60,50,10,6552,True,optimal,6552,False,Wahlen & Gschwind (2023),10.1287/trsc.2023.1198
UDD,LargestGap,60,50,11,6312,True,optimal,6312,False,Wahlen & Gschwind (2023),10.1287/trsc.2023.1198
UDD,LargestGap,60,50,12,5854,True,optimal,5854,False,Wahlen & Gschwind (2023),10.1287/trsc.2023.1198
UDD,LargestGap,60,50,13,5134,True,optimal,5134,False,Wahlen & Gschwind (2023),10.1287/trsc.2023.1198
UDD,LargestGap,60,50,14,6627,True,optimal,6627,False,Wahlen & Gschwind (2023),10.1287/trsc.2023.1198
UDD,LargestGap,60,50,15,6247,True,optimal,6247,False,Wahlen & Gschwind (2023),10.1287/trsc.2023.1198
UDD,LargestGap,60,50,16,6358,True,optimal,6358,False,Wahlen & Gschwind (2023),10.1287/trsc.2023.1198
UDD,LargestGap,60,50,17,6227,True,optimal,6227,False,Wahlen & Gschwind (2023),10.1287/trsc.2023.1198
UDD,LargestGap,60,50,18,6027,True,optimal,6027,False,Wahlen & Gschwind (2023),10.1287/trsc.2023.1198
UDD,LargestGap,60,50,19,5912,True,optimal,5912,False,Wahlen & Gschwind (2023),10.1287/trsc.2023.1198
UDD,LargestGap,60,50,20,5791,True,optimal,5791,False,Wahlen & Gschwind (2023),10.1287/trsc.2023.1198
UDD,LargestGap,60,50,21,5574,True,optimal,5574,False,Wahlen & Gschwind (2023),10.1287/trsc.2023.1198
UDD,LargestGap,60,50,22,5296,True,optimal,5296,False,Wahlen & Gschwind (2023),10.1287/trsc.2023.1198
UDD,LargestGap,60,50,23,6151,True,optimal,6151,False,Wahlen & Gschwind (2023),10.1287/trsc.2023.1198
UDD,LargestGap,60,50,24,6307,True,optimal,6307,False,Wahlen & Gschwind (2023),10.1287/trsc.2023.1198
UDD,LargestGap,60,50,25,5786,True,optimal,5786,False,Wahlen & Gschwind (2023),10.1287/trsc.2023.1198
UDD,LargestGap,60,50,26,6393,True,optimal,6393,False,Wahlen & Gschwind (2023),10.1287/trsc.2023.1198
UDD,LargestGap,60,50,27,5702,True,optimal,5702,False,Wahlen & Gschwind (2023),10.1287/trsc.2023.1198
UDD,LargestGap,60,50,28,5884,True,optimal,5884,False,Wahlen & Gschwind (2023),10.1287/trsc.2023.1198
UDD,LargestGap,60,50,29,5813,True,optimal,5813,False,Wahlen & Gschwind (2023),10.1287/trsc.2023.1198
UDD,LargestGap,60,50,30,6416,True,optimal,6416,False,Wahlen & Gschwind (2023),10.1287/trsc.2023.1198
UDD,LargestGap,60,50,31,6438,True,optimal,6438,False,Wahlen & Gschwind (2023),10.1287/trsc.2023.1198
UDD,LargestGap,60,50,32,6254,True,optimal,6254,False,Wahlen & Gschwind (2023),10.1287/trsc.2023.1198
UDD,LargestGap,60,50,33,6145,True,optimal,6145,False,Wahlen & Gschwind (2023),10.1287/trsc.2023.1198
UDD,LargestGap,60,50,34,6760,True,optimal,6760,False,Wahlen & Gschwind (2023),10.1287/trsc.2023.1198
UDD,LargestGap,60,50,35,5721,True,optimal,5721,False,Wahlen & Gschwind (2023),10.1287/trsc.2023.1198
UDD,LargestGap,60,50,36,5880,True,optimal,5880,False,Wahlen & Gschwind (2023),10.1287/trsc.2023.1198
UDD,LargestGap,60,50,37,5237,True,optimal,5237,False,Wahlen & Gschwind (2023),10.1287/trsc.2023.1198
UDD,LargestGap,60,50,38,5966,True,optimal,5966,False,Wahlen & Gschwind (2023),10.1287/trsc.2023.1198
UDD,LargestGap,60,50,39,6369,True,optimal,6369,False,Wahlen & Gschwind (2023),10.1287/trsc.2023.1198
UDD,LargestGap,60,60,0,7147,True,optimal,7147,False,Wahlen & Gschwind (2023),10.1287/trsc.2023.1198
UDD,LargestGap,60,60,1,6966,True,optimal,6966,False,Wahlen & Gschwind (2023),10.1287/trsc.2023.1198
UDD,LargestGap,60,60,2,6722,True,optimal,6722,False,Wahlen & Gschwind (2023),10.1287/trsc.2023.1198
UDD,LargestGap,60,60,3,7698,True,optimal,7698,False,Wahlen & Gschwind (2023),10.1287/trsc.2023.1198
UDD,LargestGap,60,60,4,7117,True,optimal,7117,False,Wahlen & Gschwind (2023),10.1287/trsc.2023.1198
UDD,LargestGap,60,60,5,6575,True,optimal,6575,False,Wahlen & Gschwind (2023),10.1287/trsc.2023.1198
UDD,LargestGap,60,60,6,6854,True,optimal,6854,False,Wahlen & Gschwind (2023),10.1287/trsc.2023.1198
UDD,LargestGap,60,60,7,7186,True,optimal,7186,False,Wahlen & Gschwind (2023),10.1287/trsc.2023.1198
UDD,LargestGap,60,60,8,6930,True,optimal,6930,False,Wahlen & Gschwind (2023),10.1287/trsc.2023.1198
UDD,LargestGap,60,60,9,6548,True,optimal,6548,False,Wahlen & Gschwind (2023),10.1287/trsc.2023.1198
UDD,LargestGap,60,60,10,7543,True,optimal,7543,False,Wahlen & Gschwind (2023),10.1287/trsc.2023.1198
UDD,LargestGap,60,60,11,7190,True,optimal,7190,False,Wahlen & Gschwind (2023),10.1287/trsc.2023.1198
UDD,LargestGap,60,60,12,6680,True,optimal,6680,False,Wahlen & Gschwind (2023),10.1287/trsc.2023.1198
UDD,LargestGap,60,60,13,7220,True,optimal,7220,False,Wahlen & Gschwind (2023),10.1287/trsc.2023.1198
UDD,LargestGap,60,60,14,6653,True,optimal,6653,False,Wahlen & Gschwind (2023),10.1287/trsc.2023.1198
UDD,LargestGap,60,60,15,6508,True,optimal,6508,False,Wahlen & Gschwind (2023),10.1287/trsc.2023.1198
UDD,LargestGap,60,60,16,7011,True,optimal,7011,False,Wahlen & Gschwind (2023),10.1287/trsc.2023.1198
UDD,LargestGap,60,60,17,7060,True,optimal,7060,False,Wahlen & Gschwind (2023),10.1287/trsc.2023.1198
UDD,LargestGap,60,60,18,7743,True,optimal,7743,False,Wahlen & Gschwind (2023),10.1287/trsc.2023.1198
UDD,LargestGap,60,60,19,7262,True,optimal,7262,False,Wahlen & Gschwind (2023),10.1287/trsc.2023.1198
UDD,LargestGap,60,60,20,6480,True,optimal,6480,False,Wahlen & Gschwind (2023),10.1287/trsc.2023.1198
UDD,LargestGap,60,60,21,7203,True,optimal,7203,False,Wahlen & Gschwind (2023),10.1287/trsc.2023.1198
UDD,LargestGap,60,60,22,7228,True,optimal,7228,False,Wahlen & Gschwind (2023),10.1287/trsc.2023.1198
UDD,LargestGap,60,60,23,7732,True,optimal,7732,False,Wahlen & Gschwind (2023),10.1287/trsc.2023.1198
UDD,LargestGap,60,60,24,7214,True,optimal,7214,False,Wahlen & Gschwind (2023),10.1287/trsc.2023.1198
UDD,LargestGap,60,60,25,7528,True,optimal,7528,False,Wahlen & Gschwind (2023),10.1287/trsc.2023.1198
UDD,LargestGap,60,60,26,7218,True,optimal,7218,False,Wahlen & Gschwind (2023),10.1287/trsc.2023.1198
UDD,LargestGap,60,60,27,7187,True,optimal,7187,False,Wahlen & Gschwind (2023),10.1287/trsc.2023.1198
UDD,LargestGap,60,60,28,6615,True,optimal,6615,False,Wahlen & Gschwind (2023),10.1287/trsc.2023.1198
UDD,LargestGap,60,60,29,7225,True,optimal,7225,False,Wahlen & Gschwind (2023),10.1287/trsc.2023.1198
UDD,LargestGap,60,60,30,6742,True,optimal,6742,False,Wahlen & Gschwind (2023),10.1287/trsc.2023.1198
UDD,LargestGap,60,60,31,6933,True,optimal,6933,False,Wahlen & Gschwind (2023),10.1287/trsc.2023.1198
UDD,LargestGap,60,60,32,7311,True,optimal,7311,False,Wahlen & Gschwind (2023),10.1287/trsc.2023.1198
UDD,LargestGap,60,60,33,7168,True,optimal,7168,False,Wahlen & Gschwind (2023),10.1287/trsc.2023.1198
UDD,LargestGap,60,60,34,6667,True,optimal,6667,False,Wahlen & Gschwind (2023),10.1287/trsc.2023.1198
UDD,LargestGap,60,60,35,7083,True,optimal,7083,False,Wahlen & Gschwind (2023),10.1287/trsc.2023.1198
UDD,LargestGap,60,60,36,7112,True,optimal,7112,False,Wahlen & Gschwind (2023),10.1287/trsc.2023.1198
UDD,LargestGap,60,60,37,6134,True,optimal,6134,False,Wahlen & Gschwind (2023),10.1287/trsc.2023.1198
UDD,LargestGap,60,60,38,6634,True,optimal,6634,False,Wahlen & Gschwind (2023),10.1287/trsc.2023.1198
UDD,LargestGap,60,60,39,6824,True,optimal,6824,False,Wahlen & Gschwind (2023),10.1287/trsc.2023.1198
UDD,LargestGap,60,70,0,8442,True,optimal,8442,False,Wahlen & Gschwind (2023),10.1287/trsc.2023.1198
UDD,LargestGap,60,70,1,9086,True,optimal,9086,False,Wahlen & Gschwind (2023),10.1287/trsc.2023.1198
UDD,LargestGap,60,70,2,8073,True,optimal,8073,False,Wahlen & Gschwind (2023),10.1287/trsc.2023.1198
UDD,LargestGap,60,70,3,7629,True,optimal,7629,False,Wahlen & Gschwind (2023),10.1287/trsc.2023.1198
UDD,LargestGap,60,70,4,8204,True,optimal,8204,False,Wahlen & Gschwind (2023),10.1287/trsc.2023.1198
UDD,LargestGap,60,70,5,8162,True,optimal,8162,False,Wahlen & Gschwind (2023),10.1287/trsc.2023.1198
UDD,LargestGap,60,70,6,8788,True,optimal,8788,False,Wahlen & Gschwind (2023),10.1287/trsc.2023.1198
UDD,LargestGap,60,70,7,8217,True,optimal,8217,False,Wahlen & Gschwind (2023),10.1287/trsc.2023.1198
UDD,LargestGap,60,70,8,8597,True,optimal,8597,False,Wahlen & Gschwind (2023),10.1287/trsc.2023.1198
UDD,LargestGap,60,70,9,7992,True,optimal,7992,False,Wahlen & Gschwind (2023),10.1287/trsc.2023.1198
UDD,LargestGap,60,70,10,8205,True,optimal,8205,False,Wahlen & Gschwind (2023),10.1287/trsc.2023.1198
UDD,LargestGap,60,70,11,8498,True,optimal,8498,False,Wahlen & Gschwind (2023),10.1287/trsc.2023.1198
UDD,LargestGap,60,70,12,7041,True,optimal,7041,False,Wahlen & Gschwind (2023),10.1287/trsc.2023.1198
UDD,LargestGap,60,70,13,8688,True,optimal,8688,False,Wahlen & Gschwind (2023),10.1287/trsc.2023.1198
UDD,LargestGap,60,70,14,8253,True,optimal,8253,False,Wahlen & Gschwind (2023),10.1287/trsc.2023.1198
UDD,LargestGap,60,70,15,7751,True,optimal,7751,False,Wahlen & Gschwind (2023),10.1287/trsc.2023.1198
UDD,LargestGap,60,70,16,9031,True,optimal,9031,False,Wahlen & Gschwind (2023),10.1287/trsc.2023.1198
UDD,LargestGap,60,70,17,8507,True,optimal,8507,False,Wahlen & Gschwind (2023),10.1287/trsc.2023.1198
UDD,LargestGap,60,70,18,7618,True,optimal,7618,False,Wahlen & Gschwind (2023),10.1287/trsc.2023.1198
UDD,LargestGap,60,70,19,7479,False,optimal,7479,False,Wahlen & Gschwind (2023),10.1287/trsc.2023.1198
UDD,LargestGap,60,70,20,8585,True,optimal,8585,False,Wahlen & Gschwind (2023),10.1287/trsc.2023.1198
UDD,LargestGap,60,70,21,8200,True,optimal,8200,False,Wahlen & Gschwind (2023),10.1287/trsc.2023.1198
UDD,LargestGap,60,70,22,8596,True,optimal,8596,False,Wahlen & Gschwind (2023),10.1287/trsc.2023.1198
UDD,LargestGap,60,70,23,8457,True,optimal,8457,False,Wahlen & Gschwind (2023),10.1287/trsc.2023.1198
UDD,LargestGap,60,70,24,8417,True,optimal,8417,False,Wahlen & Gschwind (2023),10.1287/trsc.2023.1198
UDD,LargestGap,60,70,25,8432,True,optimal,8432,False,Wahlen & Gschwind (2023),10.1287/trsc.2023.1198
UDD,LargestGap,60,70,26,7555,True,optimal,7555,False,Wahlen & Gschwind (2023),10.1287/trsc.2023.1198
UDD,LargestGap,60,70,27,8025,True,optimal,8025,False,Wahlen & Gschwind (2023),10.1287/trsc.2023.1198
UDD,LargestGap,60,70,28,7919,True,optimal,7919,False,Wahlen & Gschwind (2023),10.1287/trsc.2023.1198
UDD,LargestGap,60,70,29,8788,True,optimal,8788,False,Wahlen & Gschwind (2023),10.1287/trsc.2023.1198
UDD,LargestGap,60,70,30,8190,True,optimal,8190,False,Wahlen & Gschwind (2023),10.1287/trsc.2023.1198
UDD,LargestGap,60,70,31,8645,True,optimal,8645,False,Wahlen & Gschwind (2023),10.1287/trsc.2023.1198
UDD,LargestGap,60,70,32,7524,True,optimal,7524,False,Wahlen & Gschwind (2023),10.1287/trsc.2023.1198
UDD,LargestGap,60,70,33,8598,True,optimal,8598,False,Wahlen & Gschwind (2023),10.1287/trsc.2023.1198
UDD,LargestGap,60,70,34,8056,True,optimal,8056,False,Wahlen & Gschwind (2023),10.1287/trsc.2023.1198
UDD,LargestGap,60,70,35,8002,True,optimal,8002,False,Wahlen & Gschwind (2023),10.1287/trsc.2023.1198
UDD,LargestGap,60,70,36,8050,True,optimal,8050,False,Wahlen & Gschwind (2023),10.1287/trsc.2023.1198
UDD,LargestGap,60,70,37,8576,False,optimal,8576,False,Wahlen & Gschwind (2023),10.1287/trsc.2023.1198
UDD,LargestGap,60,70,38,7938,True,optimal,7938,False,Wahlen & Gschwind (2023),10.1287/trsc.2023.1198
UDD,LargestGap,60,70,39,8078,False,optimal,8078,False,Wahlen & Gschwind (2023),10.1287/trsc.2023.1198
UDD,LargestGap,60,80,0,9553,True,optimal,9553,False,Wahlen & Gschwind (2023),10.1287/trsc.2023.1198
UDD,LargestGap,60,80,1,9191,True,optimal,9191,False,Wahlen & Gschwind (2023),10.1287/trsc.2023.1198
UDD,LargestGap,60,80,2,10197,True,optimal,10197,False,Wahlen & Gschwind (2023),10.1287/trsc.2023.1198
UDD,LargestGap,60,80,3,8998,False,optimal,8998,False,Wahlen & Gschwind (2023),10.1287/trsc.2023.1198
UDD,LargestGap,60,80,4,8985,True,optimal,8985,False,Wahlen & Gschwind (2023),10.1287/trsc.2023.1198
UDD,LargestGap,60,80,5,9929,True,optimal,9929,False,Wahlen & Gschwind (2023),10.1287/trsc.2023.1198
UDD,LargestGap,60,80,6,9429,True,optimal,9429,False,Wahlen & Gschwind (2023),10.1287/trsc.2023.1198
UDD,LargestGap,60,80,7,10030,True,optimal,10030,False,Wahlen & Gschwind (2023),10.1287/trsc.2023.1198
UDD,LargestGap,60,80,8,10581,False,optimal,10581,False,Wahlen & Gschwind (2023),10.1287/trsc.2023.1198
UDD,LargestGap,60,80,9,9361,True,optimal,9361,False,Wahlen & Gschwind (2023),10.1287/trsc.2023.1198
UDD,LargestGap,60,80,10,11241,False,optimal,11241,False,Wahlen & Gschwind (2023),10.1287/trsc.2023.1198
UDD,LargestGap,60,80,11,9501,False,optimal,9501,False,Wahlen & Gschwind (2023),10.1287/trsc.2023.1198
UDD,LargestGap,60,80,12,10186,True,optimal,10186,False,Wahlen & Gschwind (2023),10.1287/trsc.2023.1198
UDD,LargestGap,60,80,13,8374,False,optimal,8374,False,Wahlen & Gschwind (2023),10.1287/trsc.2023.1198
UDD,LargestGap,60,80,14,9573,True,optimal,9573,False,Wahlen & Gschwind (2023),10.1287/trsc.2023.1198
UDD,LargestGap,60,80,15,10050,True,optimal,10050,False,Wahlen & Gschwind (2023),10.1287/trsc.2023.1198
UDD,LargestGap,60,80,16,8926,True,optimal,8926,False,Wahlen & Gschwind (2023),10.1287/trsc.2023.1198
UDD,LargestGap,60,80,17,9775,True,optimal,9775,False,Wahlen & Gschwind (2023),10.1287/trsc.2023.1198
UDD,LargestGap,60,80,18,9250,True,optimal,9250,False,Wahlen & Gschwind (2023),10.1287/trsc.2023.1198
UDD,LargestGap,60,80,19,9947,True,optimal,9947,False,Wahlen & Gschwind (2023),10.1287/trsc.2023.1198
UDD,LargestGap,60,80,20,9675,True,optimal,9675,False,Wahlen & Gschwind (2023),10.1287/trsc.2023.1198
UDD,LargestGap,60,80,21,9666,True,optimal,9666,False,Wahlen & Gschwind (2023),10.1287/trsc.2023.1198
UDD,LargestGap,60,80,22,8996,True,optimal,8996,False,Wahlen & Gschwind (2023),10.1287/trsc.2023.1198
UDD,LargestGap,60,80,23,9532,True,optimal,9532,False,Wahlen & Gschwind (2023),10.1287/trsc.2023.1198
UDD,LargestGap,60,80,24,8701,True,optimal,8701,False,Wahlen & Gschwind (2023),10.1287/trsc.2023.1198
UDD,LargestGap,60,80,25,9188,True,optimal,9188,False,Wahlen & Gschwind (2023),10.1287/trsc.2023.1198
UDD,LargestGap,60,80,26,9029,True,optimal,9029,False,Wahlen & Gschwind (2023),10.1287/trsc.2023.1198
UDD,LargestGap,60,80,27,9067,True,optimal,9067,False,Wahlen & Gschwind (2023),10.1287/trsc.2023.1198
UDD,LargestGap,60,80,28,9708,True,optimal,9708,False,Wahlen & Gschwind (2023),10.1287/trsc.2023.1198
UDD,LargestGap,60,80,29,8789,True,optimal,8789,False,Wahlen & Gschwind (2023),10.1287/trsc.2023.1198
UDD,LargestGap,60,80,30,10187,True,optimal,10187,False,Wahlen & Gschwind (2023),10.1287/trsc.2023.1198
UDD,LargestGap,60,80,31,11100,False,optimal,11100,False,Wahlen & Gschwind (2023),10.1287/trsc.2023.1198
UDD,LargestGap,60,80,32,9666,True,optimal,9666,False,Wahlen & Gschwind (2023),10.1287/trsc.2023.1198
UDD,LargestGap,60,80,33,9032,True,optimal,9032,False,Wahlen & Gschwind (2023),10.1287/trsc.2023.1198
UDD,LargestGap,60,80,34,10118,True,optimal,10118,False,Wahlen & Gschwind (2023),10.1287/trsc.2023.1198
UDD,LargestGap,60,80,35,8624,True,optimal,8624,False,Wahlen & Gschwind (2023),10.1287/trsc.2023.1198
UDD,LargestGap,60,80,36,8427,True,optimal,8427,False,Wahlen & Gschwind (2023),10.1287/trsc.2023.1198
UDD,LargestGap,60,80,37,9812,True,optimal,9812,False,Wahlen & Gschwind (2023),10.1287/trsc.2023.1198
UDD,LargestGap,60,80,38,8670,True,optimal,8670,False,Wahlen & Gschwind (2023),10.1287/trsc.2023.1198
UDD,LargestGap,60,80,39,9431,False,optimal,9431,False,Wahlen & Gschwind (2023),10.1287/trsc.2023.1198
UDD,LargestGap,60,90,0,9920,True,optimal,9920,False,Wahlen & Gschwind (2023),10.1287/trsc.2023.1198
UDD,LargestGap,60,90,1,9917,True,optimal,9917,False,Wahlen & Gschwind (2023),10.1287/trsc.2023.1198
UDD,LargestGap,60,90,2,10678,True,optimal,10678,False,Wahlen & Gschwind (2023),10.1287/trsc.2023.1198
UDD,LargestGap,60,90,3,11687,True,optimal,11687,False,Wahlen & Gschwind (2023),10.1287/trsc.2023.1198
UDD,LargestGap,60,90,4,10620,True,optimal,10620,False,Wahlen & Gschwind (2023),10.1287/trsc.2023.1198
UDD,LargestGap,60,90,5,10643,True,optimal,10643,False,Wahlen & Gschwind (2023),10.1287/trsc.2023.1198
UDD,LargestGap,60,90,6,11039,True,optimal,11039,False,Wahlen & Gschwind (2023),10.1287/trsc.2023.1198
UDD,LargestGap,60,90,7,11322,True,optimal,11322,False,Wahlen & Gschwind (2023),10.1287/trsc.2023.1198
UDD,LargestGap,60,90,8,10450,True,optimal,10450,False,Wahlen & Gschwind (2023),10.1287/trsc.2023.1198
UDD,LargestGap,60,90,9,11063,True,optimal,11063,False,Wahlen & Gschwind (2023),10.1287/trsc.2023.1198
UDD,LargestGap,60,90,10,9900,True,optimal,9900,False,Wahlen & Gschwind (2023),10.1287/trsc.2023.1198
UDD,LargestGap,60,90,11,10073,True,optimal,10073,False,Wahlen & Gschwind (2023),10.1287/trsc.2023.1198
UDD,LargestGap,60,90,12,9469,True,optimal,9469,False,Wahlen & Gschwind (2023),10.1287/trsc.2023.1198
UDD,LargestGap,60,90,13,11218,True,optimal,11218,False,Wahlen & Gschwind (2023),10.1287/trsc.2023.1198
UDD,LargestGap,60,90,14,9957,True,optimal,9957,False,Wahlen & Gschwind (2023),10.1287/trsc.2023.1198
UDD,LargestGap,60,90,15,10391,True,optimal,10391,False,Wahlen & Gschwind (2023),10.1287/trsc.2023.1198
UDD,LargestGap,60,90,16,9817,True,optimal,9817,False,Wahlen & Gschwind (2023),10.1287/trsc.2023.1198
UDD,LargestGap,60,90,17,10816,True,optimal,10816,False,Wahlen & Gschwind (2023),10.1287/trsc.2023.1198
UDD,LargestGap,60,90,18,10683,True,optimal,10683,False,Wahlen & Gschwind (2023),10.1287/trsc.2023.1198
UDD,LargestGap,60,90,19,10324,False,optimal,10324,False,Wahlen & Gschwind (2023),10.1287/trsc.2023.1198
UDD,LargestGap,60,90,20,11560,True,optimal,11560,False,Wahlen & Gschwind (2023),10.1287/trsc.2023.1198
UDD,LargestGap,60,90,21,11474,True,optimal,11474,False,Wahlen & Gschwind (2023),10.1287/trsc.2023.1198
UDD,LargestGap,60,90,22,9853,True,optimal,9853,False,Wahlen & Gschwind (2023),10.1287/trsc.2023.1198
UDD,LargestGap,60,90,23,10597,True,optimal,10597,False,Wahlen & Gschwind (2023),10.1287/trsc.2023.1198
UDD,LargestGap,60,90,24,9889,False,optimal,9889,False,Wahlen & Gschwind (2023),10.1287/trsc.2023.1198
UDD,LargestGap,60,90,25,9894,False,optimal,9894,False,Wahlen & Gschwind (2023),10.1287/trsc.2023.1198
UDD,LargestGap,60,90,26,10714,True,optimal,10714,False,Wahlen & Gschwind (2023),10.1287/trsc.2023.1198
UDD,LargestGap,60,90,27,10968,True,optimal,10968,False,Wahlen & Gschwind (2023),10.1287/trsc.2023.1198
UDD,LargestGap,60,90,28,10413,True,optimal,10413,False,Wahlen & Gschwind (2023),10.1287/trsc.2023.1198
UDD,LargestGap,60,90,29,10780,True,optimal,10780,False,Wahlen & Gschwind (2023),10.1287/trsc.2023.1198
UDD,LargestGap,60,90,30,10333,True,optimal,10333,False,Wahlen & Gschwind (2023),10.1287/trsc.2023.1198
UDD,LargestGap,60,90,31,11431,False,optimal,11431,False,Wahlen & Gschwind (2023),10.1287/trsc.2023.1198
UDD,LargestGap,60,90,32,11031,True,optimal,11031,False,Wahlen & Gschwind (2023),10.1287/trsc.2023.1198
UDD,LargestGap,60,90,33,9879,False,optimal,9879,False,Wahlen & Gschwind (2023),10.1287/trsc.2023.1198
UDD,LargestGap,60,90,34,10752,True,optimal,10752,False,Wahlen & Gschwind (2023),10.1287/trsc.2023.1198
UDD,LargestGap,60,90,35,10203,False,optimal,10203,False,Wahlen & Gschwind (2023),10.1287/trsc.2023.1198
UDD,LargestGap,60,90,36,10777,False,optimal,10777,False,Wahlen & Gschwind (2023),10.1287/trsc.2023.1198
UDD,LargestGap,60,90,37,10012,True,optimal,10012,False,Wahlen & Gschwind (2023),10.1287/trsc.2023.1198
UDD,LargestGap,60,90,38,10413,True,optimal,10413,False,Wahlen & Gschwind (2023),10.1287/trsc.2023.1198
UDD,LargestGap,60,90,39,9990,True,optimal,9990,False,Wahlen & Gschwind (2023),10.1287/trsc.2023.1198
UDD,LargestGap,60,100,0,12845,True,optimal,12845,False,Wahlen & Gschwind (2023),10.1287/trsc.2023.1198
UDD,LargestGap,60,100,1,11765,True,optimal,11765,False,Wahlen & Gschwind (2023),10.1287/trsc.2023.1198
UDD,LargestGap,60,100,2,11687,True,optimal,11687,False,Wahlen & Gschwind (2023),10.1287/trsc.2023.1198
UDD,LargestGap,60,100,3,12258,False,optimal,12258,False,Wahlen & Gschwind (2023),10.1287/trsc.2023.1198
UDD,LargestGap,60,100,4,11904,False,optimal,11904,False,Wahlen & Gschwind (2023),10.1287/trsc.2023.1198
UDD,LargestGap,60,100,5,11410,True,optimal,11410,False,Wahlen & Gschwind (2023),10.1287/trsc.2023.1198
UDD,LargestGap,60,100,6,10808,False,optimal,10808,False,Wahlen & Gschwind (2023),10.1287/trsc.2023.1198
UDD,LargestGap,60,100,7,11366,True,optimal,11366,False,Wahlen & Gschwind (2023),10.1287/trsc.2023.1198
UDD,LargestGap,60,100,8,11119,False,optimal,11119,False,Wahlen & Gschwind (2023),10.1287/trsc.2023.1198
UDD,LargestGap,60,100,9,11197,True,optimal,11197,False,Wahlen & Gschwind (2023),10.1287/trsc.2023.1198
UDD,LargestGap,60,100,10,11564,True,optimal,11564,False,Wahlen & Gschwind (2023),10.1287/trsc.2023.1198
UDD,LargestGap,60,100,11,11340,True,optimal,11340,False,Wahlen & Gschwind (2023),10.1287/trsc.2023.1198
UDD,LargestGap,60,100,12,11966,True,optimal,11966,False,Wahlen & Gschwind (2023),10.1287/trsc.2023.1198
UDD,LargestGap,60,100,13,12014,True,optimal,12014,False,Wahlen & Gschwind (2023),10.1287/trsc.2023.1198
UDD,LargestGap,60,100,14,11959,True,optimal,11959,False,Wahlen & Gschwind (2023),10.1287/trsc.2023.1198
UDD,LargestGap,60,100,15,11433,True,optimal,11433,False,Wahlen & Gschwind (2023),10.1287/trsc.2023.1198
UDD,LargestGap,60,100,16,12070,True,optimal,12070,False,Wahlen & Gschwind (2023),10.1287/trsc.2023.1198
UDD,LargestGap,60,100,17,11372,True,optimal,11372,False,Wahlen & Gschwind (2023),10.1287/trsc.2023.1198
UDD,LargestGap,60,100,18,11735,False,optimal,11735,False,Wahlen & Gschwind (2023),10.1287/trsc.2023.1198
UDD,LargestGap,60,100,19,10870,True,optimal,10870,False,Wahlen & Gschwind (2023),10.1287/trsc.2023.1198
UDD,LargestGap,60,100,20,11992,True,optimal,11992,False,Wahlen & Gschwind (2023),10.1287/trsc.2023.1198
UDD,LargestGap,60,100,21,10658,True,optimal,10658,False,Wahlen & Gschwind (2023),10.1287/trsc.2023.1198
UDD,LargestGap,60,100,22,11923,True,optimal,11923,False,Wahlen & Gschwind (2023),10.1287/trsc.2023.1198
UDD,LargestGap,60,100,23,12418,True,optimal,12418,False,Wahlen & Gschwind (2023),10.1287/trsc.2023.1198
UDD,LargestGap,60,100,24,10943,True,optimal,10943,False,Wahlen & Gschwind (2023),10.1287/trsc.2023.1198
UDD,LargestGap,60,100,25,11675,True,optimal,11675,False,Wahlen & Gschwind (2023),10.1287/trsc.2023.1198
UDD,LargestGap,60,100,26,11493,True,optimal,11493,False,Wahlen & Gschwind (2023),10.1287/trsc.2023.1198
UDD,LargestGap,60,100,27,11238,False,optimal,11238,False,Wahlen & Gschwind (2023),10.1287/trsc.2023.1198
UDD,LargestGap,60,100,28,11861,True,optimal,11861,False,Wahlen & Gschwind (2023),10.1287/trsc.2023.1198
UDD,LargestGap,60,100,29,10383,True,optimal,10383,False,Wahlen & Gschwind (2023),10.1287/trsc.2023.1198
UDD,LargestGap,60,100,30,11377,True,optimal,11377,False,Wahlen & Gschwind (2023),10.1287/trsc.2023.1198
UDD,LargestGap,60,100,31,11318,True,optimal,11318,False,Wahlen & Gschwind (2023),10.1287/trsc.2023.1198
UDD,LargestGap,60,100,32,11575,True,optimal,11575,False,Wahlen & Gschwind (2023),10.1287/trsc.2023.1198
UDD,LargestGap,60,100,33,11732,False,optimal,11732,False,Wahlen & Gschwind (2023),10.1287/trsc.2023.1198
UDD,LargestGap,60,100,34,11361,False,optimal,11361,False,Wahlen & Gschwind (2023),10.1287/trsc.2023.1198
UDD,LargestGap,60,100,35,12035,True,optimal,12035,False,Wahlen & Gschwind (2023),10.1287/trsc.2023.1198
UDD,LargestGap,60,100,36,11358,True,optimal,11358,False,Wahlen & Gschwind (2023),10.1287/trsc.2023.1198
UDD,LargestGap,60,100,37,11405,True,optimal,11405,False,Wahlen & Gschwind (2023),10.1287/trsc.2023.1198
UDD,LargestGap,60,100,38,11235,True,optimal,11235,False,Wahlen & Gschwind (2023),10.1287/trsc.2023.1198
UDD,LargestGap,60,100,39,11157,True,optimal,11157,False,Wahlen & Gschwind (2023),10.1287/trsc.2023.1198
UDD,LargestGap,75,20,0,2044,True,optimal,2044,False,Wahlen & Gschwind (2023),10.1287/trsc.2023.1198
UDD,LargestGap,75,20,1,2579,True,optimal,2579,False,Wahlen & Gschwind (2023),10.1287/trsc.2023.1198
UDD,LargestGap,75,20,2,2130,True,optimal,2130,False,Wahlen & Gschwind (2023),10.1287/trsc.2023.1198
UDD,LargestGap,75,20,3,1967,True,optimal,1967,False,Wahlen & Gschwind (2023),10.1287/trsc.2023.1198
UDD,LargestGap,75,20,4,1570,True,optimal,1570,False,Wahlen & Gschwind (2023),10.1287/trsc.2023.1198
UDD,LargestGap,75,20,5,2294,True,optimal,2294,False,Wahlen & Gschwind (2023),10.1287/trsc.2023.1198
UDD,LargestGap,75,20,6,1874,True,optimal,1874,False,Wahlen & Gschwind (2023),10.1287/trsc.2023.1198
UDD,LargestGap,75,20,7,2459,True,optimal,2459,False,Wahlen & Gschwind (2023),10.1287/trsc.2023.1198
UDD,LargestGap,75,20,8,1893,True,optimal,1893,False,Wahlen & Gschwind (2023),10.1287/trsc.2023.1198
UDD,LargestGap,75,20,9,1957,True,optimal,1957,False,Wahlen & Gschwind (2023),10.1287/trsc.2023.1198
UDD,LargestGap,75,20,10,2007,True,optimal,2007,False,Wahlen & Gschwind (2023),10.1287/trsc.2023.1198
UDD,LargestGap,75,20,11,2531,True,optimal,2531,False,Wahlen & Gschwind (2023),10.1287/trsc.2023.1198
UDD,LargestGap,75,20,12,2495,True,optimal,2495,False,Wahlen & Gschwind (2023),10.1287/trsc.2023.1198
UDD,LargestGap,75,20,13,2058,True,optimal,2058,False,Wahlen & Gschwind (2023),10.1287/trsc.2023.1198
UDD,LargestGap,75,20,14,1938,True,optimal,1938,False,Wahlen & Gschwind (2023),10.1287/trsc.2023.1198
UDD,LargestGap,75,20,15,1868,True,optimal,1868,False,Wahlen & Gschwind (2023),10.1287/trsc.2023.1198
UDD,LargestGap,75,20,16,2065,True,optimal,2065,False,Wahlen & Gschwind (2023),10.1287/trsc.2023.1198
UDD,LargestGap,75,20,17,2031,True,optimal,2031,False,Wahlen & Gschwind (2023),10.1287/trsc.2023.1198
UDD,LargestGap,75,20,18,2073,True,optimal,2073,False,Wahlen & Gschwind (2023),10.1287/trsc.2023.1198
UDD,LargestGap,75,20,19,2068,True,optimal,2068,False,Wahlen & Gschwind (2023),10.1287/trsc.2023.1198
UDD,LargestGap,75,20,20,2424,True,optimal,2424,False,Wahlen & Gschwind (2023),10.1287/trsc.2023.1198
UDD,LargestGap,75,20,21,2072,True,optimal,2072,False,Wahlen & Gschwind (2023),10.1287/trsc.2023.1198
UDD,LargestGap,75,20,22,1978,True,optimal,1978,False,Wahlen & Gschwind (2023),10.1287/trsc.2023.1198
UDD,LargestGap,75,20,23,2329,True,optimal,2329,False,Wahlen & Gschwind (2023),10.1287/trsc.2023.1198
UDD,LargestGap,75,20,24,2091,True,optimal,2091,False,Wahlen & Gschwind (2023),10.1287/trsc.2023.1198
UDD,LargestGap,75,20,25,2284,True,optimal,2284,False,Wahlen & Gschwind (2023),10.1287/trsc.2023.1198
UDD,LargestGap,75,20,26,2077,True,optimal,2077,False,Wahlen & Gschwind (2023),10.1287/trsc.2023.1198
UDD,LargestGap,75,20,27,2288,True,optimal,2288,False,Wahlen & Gschwind (2023),10.1287/trsc.2023.1198
UDD,LargestGap,75,20,28,2094,True,optimal,2094,False,Wahlen & Gschwind (2023),10.1287/trsc.2023.1198
UDD,LargestGap,75,20,29,2035,True,optimal,2035,False,Wahlen & Gschwind (2023),10.1287/trsc.2023.1198
UDD,LargestGap,75,20,30,2041,True,optimal,2041,False,Wahlen & Gschwind (2023),10.1287/trsc.2023.1198
UDD,LargestGap,75,20,31,2076,True,optimal,2076,False,Wahlen & Gschwind (2023),10.1287/trsc.2023.1198
UDD,LargestGap,75,20,32,1573,True,optimal,1573,False,Wahlen & Gschwind (2023),10.1287/trsc.2023.1198
UDD,LargestGap,75,20,33,2098,True,optimal,2098,False,Wahlen & Gschwind (2023),10.1287/trsc.2023.1198
UDD,LargestGap,75,20,34,2246,True,optimal,2246,False,Wahlen & Gschwind (2023),10.1287/trsc.2023.1198
UDD,LargestGap,75,20,35,1898,True,optimal,1898,False,Wahlen & Gschwind (2023),10.1287/trsc.2023.1198
UDD,LargestGap,75,20,36,1928,True,optimal,1928,False,Wahlen & Gschwind (2023),10.1287/trsc.2023.1198
UDD,LargestGap,75,20,37,2312,True,optimal,2312,False,Wahlen & Gschwind (2023),10.1287/trsc.2023.1198
UDD,LargestGap,75,20,38,2039,True,optimal,2039,False,Wahlen & Gschwind (2023),10.1287/trsc.2023.1198
UDD,LargestGap,75,20,39,2028,True,optimal,2028,False,Wahlen & Gschwind (2023),10.1287/trsc.2023.1198
UDD,LargestGap,75,30,0,3022,True,optimal,3022,False,Wahlen & Gschwind (2023),10.1287/trsc.2023.1198
UDD,LargestGap,75,30,1,2539,True,optimal,2539,False,Wahlen & Gschwind (2023),10.1287/trsc.2023.1198
UDD,LargestGap,75,30,2,3043,True,optimal,3043,False,Wahlen & Gschwind (2023),10.1287/trsc.2023.1198
UDD,LargestGap,75,30,3,3036,True,optimal,3036,False,Wahlen & Gschwind (2023),10.1287/trsc.2023.1198
UDD,LargestGap,75,30,4,3081,True,optimal,3081,False,Wahlen & Gschwind (2023),10.1287/trsc.2023.1198
UDD,LargestGap,75,30,5,3254,True,optimal,3254,False,Wahlen & Gschwind (2023),10.1287/trsc.2023.1198
UDD,LargestGap,75,30,6,3012,True,optimal,3012,False,Wahlen & Gschwind (2023),10.1287/trsc.2023.1198
UDD,LargestGap,75,30,7,2909,True,optimal,2909,False,Wahlen & Gschwind (2023),10.1287/trsc.2023.1198
UDD,LargestGap,75,30,8,2861,True,optimal,2861,False,Wahlen & Gschwind (2023),10.1287/trsc.2023.1198
UDD,LargestGap,75,30,9,2841,True,optimal,2841,False,Wahlen & Gschwind (2023),10.1287/trsc.2023.1198
UDD,LargestGap,75,30,10,3103,True,optimal,3103,False,Wahlen & Gschwind (2023),10.1287/trsc.2023.1198
UDD,LargestGap,75,30,11,3511,True,optimal,3511,False,Wahlen & Gschwind (2023),10.1287/trsc.2023.1198
UDD,LargestGap,75,30,12,3097,True,optimal,3097,False,Wahlen & Gschwind (2023),10.1287/trsc.2023.1198
UDD,LargestGap,75,30,13,2917,True,optimal,2917,False,Wahlen & Gschwind (2023),10.1287/trsc.2023.1198
UDD,LargestGap,75,30,14,3495,True,optimal,3495,False,Wahlen & Gschwind (2023),10.1287/trsc.2023.1198
UDD,LargestGap,75,30,15,3079,True,optimal,3079,False,Wahlen & Gschwind (2023),10.1287/trsc.2023.1198
UDD,LargestGap,75,30,16,3415,True,optimal,3415,False,Wahlen & Gschwind (2023),10.1287/trsc.2023.1198
UDD,LargestGap,75,30,17,3056,True,optimal,3056,False,Wahlen & Gschwind (2023),10.1287/trsc.2023.1198
UDD,LargestGap,75,30,18,2841,True,optimal,2841,False,Wahlen & Gschwind (2023),10.1287/trsc.2023.1198
UDD,LargestGap,75,30,19,2973,True,optimal,2973,False,Wahlen & Gschwind (2023),10.1287/trsc.2023.1198
UDD,LargestGap,75,30,20,3033,True,optimal,3033,False,Wahlen & Gschwind (2023),10.1287/trsc.2023.1198
UDD,LargestGap,75,30,21,3298,True,optimal,3298,False,Wahlen & Gschwind (2023),10.1287/trsc.2023.1198
UDD,LargestGap,75,30,22,2822,True,optimal,2822,False,Wahlen & Gschwind (2023),10.1287/trsc.2023.1198
UDD,LargestGap,75,30,23,3071,True,optimal,3071,False,Wahlen & Gschwind (2023),10.1287/trsc.2023.1198
UDD,LargestGap,75,30,24,3046,True,optimal,3046,False,Wahlen & Gschwind (2023),10.1287/trsc.2023.1198
UDD,LargestGap,75,30,25,3586,True,optimal,3586,False,Wahlen & Gschwind (2023),10.1287/trsc.2023.1198
UDD,LargestGap,75,30,26,2842,True,optimal,2842,False,Wahlen & Gschwind (2023),10.1287/trsc.2023.1198
UDD,LargestGap,75,30,27,3061,True,optimal,3061,False,Wahlen & Gschwind (2023),10.1287/trsc.2023.1198
UDD,LargestGap,75,30,28,3070,True,optimal,3070,False,Wahlen & Gschwind (2023),10.1287/trsc.2023.1198
UDD,LargestGap,75,30,29,2930,True,optimal,2930,False,Wahlen & Gschwind (2023),10.1287/trsc.2023.1198
UDD,LargestGap,75,30,30,2903,True,optimal,2903,False,Wahlen & Gschwind (2023),10.1287/trsc.2023.1198
UDD,LargestGap,75,30,31,2917,True,optimal,2917,False,Wahlen & Gschwind (2023),10.1287/trsc.2023.1198
UDD,LargestGap,75,30,32,3354,True,optimal,3354,False,Wahlen & Gschwind (2023),10.1287/trsc.2023.1198
UDD,LargestGap,75,30,33,3594,True,optimal,3594,False,Wahlen & Gschwind (2023),10.1287/trsc.2023.1198
UDD,LargestGap,75,30,34,3078,True,optimal,3078,False,Wahlen & Gschwind (2023),10.1287/trsc.2023.1198
UDD,LargestGap,75,30,35,3286,True,optimal,3286,False,Wahlen & Gschwind (2023),10.1287/trsc.2023.1198
UDD,LargestGap,75,30,36,2943,True,optimal,2943,False,Wahlen & Gschwind (2023),10.1287/trsc.2023.1198
UDD,LargestGap,75,30,37,3484,True,optimal,3484,False,Wahlen & Gschwind (2023),10.1287/trsc.2023.1198
UDD,LargestGap,75,30,38,3630,True,optimal,3630,False,Wahlen & Gschwind (2023),10.1287/trsc.2023.1198
UDD,LargestGap,75,30,39,2980,True,optimal,2980,False,Wahlen & Gschwind (2023),10.1287/trsc.2023.1198
UDD,LargestGap,75,40,0,3982,True,optimal,3982,False,Wahlen & Gschwind (2023),10.1287/trsc.2023.1198
UDD,LargestGap,75,40,1,4030,True,optimal,4030,False,Wahlen & Gschwind (2023),10.1287/trsc.2023.1198
UDD,LargestGap,75,40,2,4037,True,optimal,4037,False,Wahlen & Gschwind (2023),10.1287/trsc.2023.1198
UDD,LargestGap,75,40,3,3783,True,optimal,3783,False,Wahlen & Gschwind (2023),10.1287/trsc.2023.1198
UDD,LargestGap,75,40,4,3952,True,optimal,3952,False,Wahlen & Gschwind (2023),10.1287/trsc.2023.1198
UDD,LargestGap,75,40,5,4418,True,optimal,4418,False,Wahlen & Gschwind (2023),10.1287/trsc.2023.1198
UDD,LargestGap,75,40,6,3358,True,optimal,3358,False,Wahlen & Gschwind (2023),10.1287/trsc.2023.1198
UDD,LargestGap,75,40,7,3986,True,optimal,3986,False,Wahlen & Gschwind (2023),10.1287/trsc.2023.1198
UDD,LargestGap,75,40,8,4313,True,optimal,4313,False,Wahlen & Gschwind (2023),10.1287/trsc.2023.1198
UDD,LargestGap,75,40,9,3906,True,optimal,3906,False,Wahlen & Gschwind (2023),10.1287/trsc.2023.1198
UDD,LargestGap,75,40,10,4007,True,optimal,4007,False,Wahlen & Gschwind (2023),10.1287/trsc.2023.1198
UDD,LargestGap,75,40,11,3781,True,optimal,3781,False,Wahlen & Gschwind (2023),10.1287/trsc.2023.1198
UDD,LargestGap,75,40,12,4430,True,optimal,4430,False,Wahlen & Gschwind (2023),10.1287/trsc.2023.1198
UDD,LargestGap,75,40,13,3941,True,optimal,3941,False,Wahlen & Gschwind (2023),10.1287/trsc.2023.1198
UDD,LargestGap,75,40,14,4046,True,optimal,4046,False,Wahlen & Gschwind (2023),10.1287/trsc.2023.1198
UDD,LargestGap,75,40,15,4016,True,optimal,4016,False,Wahlen & Gschwind (2023),10.1287/trsc.2023.1198
UDD,LargestGap,75,40,16,4018,True,optimal,4018,False,Wahlen & Gschwind (2023),10.1287/trsc.2023.1198
UDD,LargestGap,75,40,17,4048,True,optimal,4048,False,Wahlen & Gschwind (2023),10.1287/trsc.2023.1198
UDD,LargestGap,75,40,18,3971,True,optimal,3971,False,Wahlen & Gschwind (2023),10.1287/trsc.2023.1198
UDD,LargestGap,75,40,19,3922,True,optimal,3922,False,Wahlen & Gschwind (2023),10.1287/trsc.2023.1198
UDD,LargestGap,75,40,20,4001,True,optimal,4001,False,Wahlen & Gschwind (2023),10.1287/trsc.2023.1198
UDD,LargestGap,75,40,21,3952,True,optimal,3952,False,Wahlen & Gschwind (2023),10.1287/trsc.2023.1198
UDD,LargestGap,75,40,22,4472,True,optimal,4472,False,Wahlen & Gschwind (2023),10.1287/trsc.2023.1198
UDD,LargestGap,75,40,23,3957,True,optimal,3957,False,Wahlen & Gschwind (2023),10.1287/trsc.2023.1198
UDD,LargestGap,75,40,24,4088,True,optimal,4088,False,Wahlen & Gschwind (2023),10.1287/trsc.2023.1198
UDD,LargestGap,75,40,25,3884,True,optimal,3884,False,Wahlen & Gschwind (2023),10.1287/trsc.2023.1198
UDD,LargestGap,75,40,26,4304,True,optimal,4304,False,Wahlen & Gschwind (2023),10.1287/trsc.2023.1198
UDD,LargestGap,75,40,27,3988,True,optimal,3988,False,Wahlen & Gschwind (2023),10.1287/trsc.2023.1198
UDD,LargestGap,75,40,28,4020,True,optimal,4020,False,Wahlen & Gschwind (2023),10.1287/trsc.2023.1198
UDD,LargestGap,75,40,29,3899,True,optimal,3899,False,Wahlen & Gschwind (2023),10.1287/trsc.2023.1198
UDD,LargestGap,75,40,30,4042,True,optimal,4042,False,Wahlen & Gschwind (2023),10.1287/trsc.2023.1198
UDD,LargestGap,75,40,31,4331,True,optimal,4331,False,Wahlen & Gschwind (2023),10.1287/trsc.2023.1198
UDD,LargestGap,75,40,32,3875,True,optimal,3875,False,Wahlen & Gschwind (2023),10.1287/trsc.2023.1198
UDD,LargestGap,75,40,33,4455,True,optimal,4455,False,Wahlen & Gschwind (2023),10.1287/trsc.2023.1198
UDD,LargestGap,75,40,34,4409,True,optimal,4409,False,Wahlen & Gschwind (2023),10.1287/trsc.2023.1198
UDD,LargestGap,75,40,35,4205,True,optimal,4205,False,Wahlen & Gschwind (2023),10.1287/trsc.2023.1198
UDD,LargestGap,75,40,36,4021,True,optimal,4021,False,Wahlen & Gschwind (2023),10.1287/trsc.2023.1198
UDD,LargestGap,75,40,37,3834,True,optimal,3834,False,Wahlen & Gschwind (2023),10.1287/trsc.2023.1198
UDD,LargestGap,75,40,38,3943,True,optimal,3943,False,Wahlen & Gschwind (2023),10.1287/trsc.2023.1198
UDD,LargestGap,75,40,39,3862,True,optimal,3862,False,Wahlen & Gschwind (2023),10.1287/trsc.2023.1198
UDD,LargestGap,75,50,0,4802,True,optimal,4802,False,Wahlen & Gschwind (2023),10.1287/trsc.2023.1198
UDD,LargestGap,75,50,1,5051,True,optimal,5051,False,Wahlen & Gschwind (2023),10.1287/trsc.2023.1198
UDD,LargestGap,75,50,2,4852,True,optimal,4852,False,Wahlen & Gschwind (2023),10.1287/trsc.2023.1198
UDD,LargestGap,75,50,3,4882,True,optimal,4882,False,Wahlen & Gschwind (2023),10.1287/trsc.2023.1198
UDD,LargestGap,75,50,4,4801,True,optimal,4801,False,Wahlen & Gschwind (2023),10.1287/trsc.2023.1198
UDD,LargestGap,75,50,5,4316,True,optimal,4316,False,Wahlen & Gschwind (2023),10.1287/trsc.2023.1198
UDD,LargestGap,75,50,6,5328,True,optimal,5328,False,Wahlen & Gschwind (2023),10.1287/trsc.2023.1198
UDD,LargestGap,75,50,7,4940,True,optimal,4940,False,Wahlen & Gschwind (2023),10.1287/trsc.2023.1198
UDD,LargestGap,75,50,8,5094,True,optimal,5094,False,Wahlen & Gschwind (2023),10.1287/trsc.2023.1198
UDD,LargestGap,75,50,9,5319,True,optimal,5319,False,Wahlen & Gschwind (2023),10.1287/trsc.2023.1198
UDD,LargestGap,75,50,10,4823,True,optimal,4823,False,Wahlen & Gschwind (2023),10.1287/trsc.2023.1198
UDD,LargestGap,75,50,11,5464,True,optimal,5464,False,Wahlen & Gschwind (2023),10.1287/trsc.2023.1198
UDD,LargestGap,75,50,12,5443,True,optimal,5443,False,Wahlen & Gschwind (2023),10.1287/trsc.2023.1198
UDD,LargestGap,75,50,13,4972,True,optimal,4972,False,Wahlen & Gschwind (2023),10.1287/trsc.2023.1198
UDD,LargestGap,75,50,14,4863,True,optimal,4863,False,Wahlen & Gschwind (2023),10.1287/trsc.2023.1198
UDD,LargestGap,75,50,15,4986,True,optimal,4986,False,Wahlen & Gschwind (2023),10.1287/trsc.2023.1198
UDD,LargestGap,75,50,16,5334,True,optimal,5334,False,Wahlen & Gschwind (2023),10.1287/trsc.2023.1198
UDD,LargestGap,75,50,17,5008,True,optimal,5008,False,Wahlen & Gschwind (2023),10.1287/trsc.2023.1198
UDD,LargestGap,75,50,18,5494,True,optimal,5494,False,Wahlen & Gschwind (2023),10.1287/trsc.2023.1198
UDD,LargestGap,75,50,19,4441,True,optimal,4441,False,Wahlen & Gschwind (2023),10.1287/trsc.2023.1198
UDD,LargestGap,75,50,20,4838,True,optimal,4838,False,Wahlen & Gschwind (2023),10.1287/trsc.2023.1198
UDD,LargestGap,75,50,21,4939,True,optimal,4939,False,Wahlen & Gschwind (2023),10.1287/trsc.2023.1198
UDD,LargestGap,75,50,22,4901,True,optimal,4901,False,Wahlen & Gschwind (2023),10.1287/trsc.2023.1198
UDD,LargestGap,75,50,23,4811,True,optimal,4811,False,Wahlen & Gschwind (2023),10.1287/trsc.2023.1198
UDD,LargestGap,75,50,24,5042,True,optimal,5042,False,Wahlen & Gschwind (2023),10.1287/trsc.2023.1198
UDD,LargestGap,75,50,25,4917,True,optimal,4917,False,Wahlen & Gschwind (2023),10.1287/trsc.2023.1198
UDD,LargestGap,75,50,26,4378,True,optimal,4378,False,Wahlen & Gschwind (2023),10.1287/trsc.2023.1198
UDD,LargestGap,75,50,27,5373,True,optimal,5373,False,Wahlen & Gschwind (2023),10.1287/trsc.2023.1198
UDD,LargestGap,75,50,28,4934,True,optimal,4934,False,Wahlen & Gschwind (2023),10.1287/trsc.2023.1198
UDD,LargestGap,75,50,29,4924,True,optimal,4924,False,Wahlen & Gschwind (2023),10.1287/trsc.2023.1198
UDD,LargestGap,75,50,30,5044,True,optimal,5044,False,Wahlen & Gschwind (2023),10.1287/trsc.2023.1198
UDD,LargestGap,75,50,31,4927,True,optimal,4927,False,Wahlen & Gschwind (2023),10.1287/trsc.2023.1198
UDD,LargestGap,75,50,32,4958,True,optimal,4958,False,Wahlen & Gschwind (2023),10.1287/trsc.2023.1198
UDD,LargestGap,75,50,33,5462,True,optimal,5462,False,Wahlen & Gschwind (2023),10.1287/trsc.2023.1198
UDD,LargestGap,75,50,34,5413,True,optimal,5413,False,Wahlen & Gschwind (2023),10.1287/trsc.2023.1198
UDD,LargestGap,75,50,35,4785,True,optimal,4785,False,Wahlen & Gschwind (2023),10.1287/trsc.2023.1198
UDD,LargestGap,75,50,36,5060,True,optimal,5060,False,Wahlen & Gschwind (2023),10.1287/trsc.2023.1198
UDD,LargestGap,75,50,37,4785,True,optimal,4785,False,Wahlen & Gschwind (2023),10.1287/trsc.2023.1198
UDD,LargestGap,75,50,38,4753,True,optimal,4753,False,Wahlen & Gschwind (2023),10.1287/trsc.2023.1198
UDD,LargestGap,75,50,39,5021,True,optimal,5021,False,Wahlen & Gschwind (2023),10.1287/trsc.2023.1198
UDD,LargestGap,75,60,0,5360,True,optimal,5360,False,Wahlen & Gschwind (2023),10.1287/trsc.2023.1198
UDD,LargestGap,75,60,1,6496,True,optimal,6496,False,Wahlen & Gschwind (2023),10.1287/trsc.2023.1198
UDD,LargestGap,75,60,2,6011,True,optimal,6011,False,Wahlen & Gschwind (2023),10.1287/trsc.2023.1198
UDD,LargestGap,75,60,3,5962,True,optimal,5962,False,Wahlen & Gschwind (2023),10.1287/trsc.2023.1198
UDD,LargestGap,75,60,4,5927,True,optimal,5927,False,Wahlen & Gschwind (2023),10.1287/trsc.2023.1198
UDD,LargestGap,75,60,5,4928,True,optimal,4928,False,Wahlen & Gschwind (2023),10.1287/trsc.2023.1198
UDD,LargestGap,75,60,6,5490,True,optimal,5490,False,Wahlen & Gschwind (2023),10.1287/trsc.2023.1198
UDD,LargestGap,75,60,7,6469,True,optimal,6469,False,Wahlen & Gschwind (2023),10.1287/trsc.2023.1198
UDD,LargestGap,75,60,8,5791,True,optimal,5791,False,Wahlen & Gschwind (2023),10.1287/trsc.2023.1198
UDD,LargestGap,75,60,9,5348,True,optimal,5348,False,Wahlen & Gschwind (2023),10.1287/trsc.2023.1198
UDD,LargestGap,75,60,10,5912,True,optimal,5912,False,Wahlen & Gschwind (2023),10.1287/trsc.2023.1198
UDD,LargestGap,75,60,11,5932,True,optimal,5932,False,Wahlen & Gschwind (2023),10.1287/trsc.2023.1198
UDD,LargestGap,75,60,12,5999,False,optimal,5999,False,Wahlen & Gschwind (2023),10.1287/trsc.2023.1198
UDD,LargestGap,75,60,13,5818,True,optimal,5818,False,Wahlen & Gschwind (2023),10.1287/trsc.2023.1198
UDD,LargestGap,75,60,14,5708,True,optimal,5708,False,Wahlen & Gschwind (2023),10.1287/trsc.2023.1198
UDD,LargestGap,75,60,15,6340,True,optimal,6340,False,Wahlen & Gschwind (2023),10.1287/trsc.2023.1198
UDD,LargestGap,75,60,16,6197,True,optimal,6197,False,Wahlen & Gschwind (2023),10.1287/trsc.2023.1198
UDD,LargestGap,75,60,17,5946,True,optimal,5946,False,Wahlen & Gschwind (2023),10.1287/trsc.2023.1198
UDD,LargestGap,75,60,18,5890,True,optimal,5890,False,Wahlen & Gschwind (2023),10.1287/trsc.2023.1198
UDD,LargestGap,75,60,19,5932,True,optimal,5932,False,Wahlen & Gschwind (2023),10.1287/trsc.2023.1198
UDD,LargestGap,75,60,20,6404,True,optimal,6404,False,Wahlen & Gschwind (2023),10.1287/trsc.2023.1198
UDD,LargestGap,75,60,21,5843,True,optimal,5843,False,Wahlen & Gschwind (2023),10.1287/trsc.2023.1198
UDD,LargestGap,75,60,22,5847,True,optimal,5847,False,Wahlen & Gschwind (2023),10.1287/trsc.2023.1198
UDD,LargestGap,75,60,23,5927,True,optimal,5927,False,Wahlen & Gschwind (2023),10.1287/trsc.2023.1198
UDD,LargestGap,75,60,24,6483,True,optimal,6483,False,Wahlen & Gschwind (2023),10.1287/trsc.2023.1198
UDD,LargestGap,75,60,25,5601,True,optimal,5601,False,Wahlen & Gschwind (2023),10.1287/trsc.2023.1198
UDD,LargestGap,75,60,26,5890,True,optimal,5890,False,Wahlen & Gschwind (2023),10.1287/trsc.2023.1198
UDD,LargestGap,75,60,27,5790,True,optimal,5790,False,Wahlen & Gschwind (2023),10.1287/trsc.2023.1198
UDD,LargestGap,75,60,28,6176,True,optimal,6176,False,Wahlen & Gschwind (2023),10.1287/trsc.2023.1198
UDD,LargestGap,75,60,29,5891,True,optimal,5891,False,Wahlen & Gschwind (2023),10.1287/trsc.2023.1198
UDD,LargestGap,75,60,30,5784,True,optimal,5784,False,Wahlen & Gschwind (2023),10.1287/trsc.2023.1198
UDD,LargestGap,75,60,31,5946,True,optimal,5946,False,Wahlen & Gschwind (2023),10.1287/trsc.2023.1198
UDD,LargestGap,75,60,32,5445,True,optimal,5445,False,Wahlen & Gschwind (2023),10.1287/trsc.2023.1198
UDD,LargestGap,75,60,33,5891,True,optimal,5891,False,Wahlen & Gschwind (2023),10.1287/trsc.2023.1198
UDD,LargestGap,75,60,34,6033,True,optimal,6033,False,Wahlen & Gschwind (2023),10.1287/trsc.2023.1198
UDD,LargestGap,75,60,35,5889,True,optimal,5889,False,Wahlen & Gschwind (2023),10.1287/trsc.2023.1198
UDD,LargestGap,75,60,36,5875,True,optimal,5875,False,Wahlen & Gschwind (2023),10.1287/trsc.2023.1198
UDD,LargestGap,75,60,37,6255,True,optimal,6255,False,Wahlen & Gschwind (2023),10.1287/trsc.2023.1198
UDD,LargestGap,75,60,38,6764,True,optimal,6764,False,Wahlen & Gschwind (2023),10.1287/trsc.2023.1198
UDD,LargestGap,75,60,39,5706,True,optimal,5706,False,Wahlen & Gschwind (2023),10.1287/trsc.2023.1198
UDD,LargestGap,75,70,0,6469,True,optimal,6469,False,Wahlen & Gschwind (2023),10.1287/trsc.2023.1198
UDD,LargestGap,75,70,1,6827,True,optimal,6827,False,Wahlen & Gschwind (2023),10.1287/trsc.2023.1198
UDD,LargestGap,75,70,2,6881,False,optimal,6881,False,Wahlen & Gschwind (2023),10.1287/trsc.2023.1198
UDD,LargestGap,75,70,3,6824,True,optimal,6824,False,Wahlen & Gschwind (2023),10.1287/trsc.2023.1198
UDD,LargestGap,75,70,4,6815,True,optimal,6815,False,Wahlen & Gschwind (2023),10.1287/trsc.2023.1198
UDD,LargestGap,75,70,5,6587,True,optimal,6587,False,Wahlen & Gschwind (2023),10.1287/trsc.2023.1198
UDD,LargestGap,75,70,6,6591,True,optimal,6591,False,Wahlen & Gschwind (2023),10.1287/trsc.2023.1198
UDD,LargestGap,75,70,7,6329,True,optimal,6329,False,Wahlen & Gschwind (2023),10.1287/trsc.2023.1198
UDD,LargestGap,75,70,8,6472,True,optimal,6472,False,Wahlen & Gschwind (2023),10.1287/trsc.2023.1198
UDD,LargestGap,75,70,9,6366,True,optimal,6366,False,Wahlen & Gschwind (2023),10.1287/trsc.2023.1198
UDD,LargestGap,75,70,10,6949,True,optimal,6949,False,Wahlen & Gschwind (2023),10.1287/trsc.2023.1198
UDD,LargestGap,75,70,11,6715,True,optimal,6715,False,Wahlen & Gschwind (2023),10.1287/trsc.2023.1198
UDD,LargestGap,75,70,12,7333,True,optimal,7333,False,Wahlen & Gschwind (2023),10.1287/trsc.2023.1198
UDD,LargestGap,75,70,13,6823,True,optimal,6823,False,Wahlen & Gschwind (2023),10.1287/trsc.2023.1198
UDD,LargestGap,75,70,14,6661,True,optimal,6661,False,Wahlen & Gschwind (2023),10.1287/trsc.2023.1198
UDD,LargestGap,75,70,15,5828,True,optimal,5828,False,Wahlen & Gschwind (2023),10.1287/trsc.2023.1198
UDD,LargestGap,75,70,16,7150,True,optimal,7150,False,Wahlen & Gschwind (2023),10.1287/trsc.2023.1198
UDD,LargestGap,75,70,17,6519,True,optimal,6519,False,Wahlen & Gschwind (2023),10.1287/trsc.2023.1198
UDD,LargestGap,75,70,18,6245,True,optimal,6245,False,Wahlen & Gschwind (2023),10.1287/trsc.2023.1198
UDD,LargestGap,75,70,19,6815,True,optimal,6815,False,Wahlen & Gschwind (2023),10.1287/trsc.2023.1198
UDD,LargestGap,75,70,20,6799,True,optimal,6799,False,Wahlen & Gschwind (2023),10.1287/trsc.2023.1198
UDD,LargestGap,75,70,21,6897,True,optimal,6897,False,Wahlen & Gschwind (2023),10.1287/trsc.2023.1198
UDD,LargestGap,75,70,22,6516,True,optimal,6516,False,Wahlen & Gschwind (2023),10.1287/trsc.2023.1198
UDD,LargestGap,75,70,23,6716,True,optimal,6716,False,Wahlen & Gschwind (2023),10.1287/trsc.2023.1198
UDD,LargestGap,75,70,24,7053,True,optimal,7053,False,Wahlen & Gschwind (2023),10.1287/trsc.2023.1198
UDD,LargestGap,75,70,25,6839,False,optimal,6839,False,Wahlen & Gschwind (2023),10.1287/trsc.2023.1198
UDD,LargestGap,75,70,26,6751,True,optimal,6751,False,Wahlen & Gschwind (2023),10.1287/trsc.2023.1198
UDD,LargestGap,75,70,27,6742,True,optimal,6742,False,Wahlen & Gschwind (2023),10.1287/trsc.2023.1198
UDD,LargestGap,75,70,28,6615,True,optimal,6615,False,Wahlen & Gschwind (2023),10.1287/trsc.2023.1198
UDD,LargestGap,75,70,29,6332,True,optimal,6332,False,Wahlen & Gschwind (2023),10.1287/trsc.2023.1198
UDD,LargestGap,75,70,30,6369,True,optimal,6369,False,Wahlen & Gschwind (2023),10.1287/trsc.2023.1198
UDD,LargestGap,75,70,31,7145,True,optimal,7145,False,Wahlen & Gschwind (2023),10.1287/trsc.2023.1198
UDD,LargestGap,75,70,32,6245,True,optimal,6245,False,Wahlen & Gschwind (2023),10.1287/trsc.2023.1198
UDD,LargestGap,75,70,33,6791,False,optimal,6791,False,Wahlen & Gschwind (2023),10.1287/trsc.2023.1198
UDD,LargestGap,75,70,34,6661,True,optimal,6661,False,Wahlen & Gschwind (2023),10.1287/trsc.2023.1198
UDD,LargestGap,75,70,35,6397,True,optimal,6397,False,Wahlen & Gschwind (2023),10.1287/trsc.2023.1198
UDD,LargestGap,75,70,36,7331,True,optimal,7331,False,Wahlen & Gschwind (2023),10.1287/trsc.2023.1198
UDD,LargestGap,75,70,37,6406,True,optimal,6406,False,Wahlen & Gschwind (2023),10.1287/trsc.2023.1198
UDD,LargestGap,75,70,38,6753,True,optimal,6753,False,Wahlen & Gschwind (2023),10.1287/trsc.2023.1198
UDD,LargestGap,75,70,39,7408,True,optimal,7408,False,Wahlen & Gschwind (2023),10.1287/trsc.2023.1198
UDD,LargestGap,75,80,0,7880,True,optimal,7880,False,Wahlen & Gschwind (2023),10.1287/trsc.2023.1198
UDD,LargestGap,75,80,1,7031,False,optimal,7031,False,Wahlen & Gschwind (2023),10.1287/trsc.2023.1198
UDD,LargestGap,75,80,2,7429,False,optimal,7429,False,Wahlen & Gschwind (2023),10.1287/trsc.2023.1198
UDD,LargestGap,75,80,3,7764,True,optimal,7764,False,Wahlen & Gschwind (2023),10.1287/trsc.2023.1198
UDD,LargestGap,75,80,4,7136,True,optimal,7136,False,Wahlen & Gschwind (2023),10.1287/trsc.2023.1198
UDD,LargestGap,75,80,5,7783,False,optimal,7783,False,Wahlen & Gschwind (2023),10.1287/trsc.2023.1198
UDD,LargestGap,75,80,6,8142,True,optimal,8142,False,Wahlen & Gschwind (2023),10.1287/trsc.2023.1198
UDD,LargestGap,75,80,7,7815,False,optimal,7815,False,Wahlen & Gschwind (2023),10.1287/trsc.2023.1198
UDD,LargestGap,75,80,8,7710,True,optimal,7710,False,Wahlen & Gschwind (2023),10.1287/trsc.2023.1198
UDD,LargestGap,75,80,9,7839,True,optimal,7839,False,Wahlen & Gschwind (2023),10.1287/trsc.2023.1198
UDD,LargestGap,75,80,10,7613,False,optimal,7613,False,Wahlen & Gschwind (2023),10.1287/trsc.2023.1198
UDD,LargestGap,75,80,11,7708,False,optimal,7708,False,Wahlen & Gschwind (2023),10.1287/trsc.2023.1198
UDD,LargestGap,75,80,12,7505,True,optimal,7505,False,Wahlen & Gschwind (2023),10.1287/trsc.2023.1198
UDD,LargestGap,75,80,13,7358,False,optimal,7358,False,Wahlen & Gschwind (2023),10.1287/trsc.2023.1198
UDD,LargestGap,75,80,14,7468,True,optimal,7468,False,Wahlen & Gschwind (2023),10.1287/trsc.2023.1198
UDD,LargestGap,75,80,15,7832,False,optimal,7832,False,Wahlen & Gschwind (2023),10.1287/trsc.2023.1198
UDD,LargestGap,75,80,16,7889,True,optimal,7889,False,Wahlen & Gschwind (2023),10.1287/trsc.2023.1198
UDD,LargestGap,75,80,17,7939,True,optimal,7939,False,Wahlen & Gschwind (2023),10.1287/trsc.2023.1198
UDD,LargestGap,75,80,18,7210,True,optimal,7210,False,Wahlen & Gschwind (2023),10.1287/trsc.2023.1198
UDD,LargestGap,75,80,19,8170,False,optimal,8170,False,Wahlen & Gschwind (2023),10.1287/trsc.2023.1198
UDD,LargestGap,75,80,20,7838,True,optimal,7838,False,Wahlen & Gschwind (2023),10.1287/trsc.2023.1198
UDD,LargestGap,75,80,21,7865,True,optimal,7865,False,Wahlen & Gschwind (2023),10.1287/trsc.2023.1198
UDD,LargestGap,75,80,22,8270,True,optimal,8270,False,Wahlen & Gschwind (2023),10.1287/trsc.2023.1198
UDD,LargestGap,75,80,23,7389,True,optimal,7389,False,Wahlen & Gschwind (2023),10.1287/trsc.2023.1198
UDD,LargestGap,75,80,24,8474,False,optimal,8474,False,Wahlen & Gschwind (2023),10.1287/trsc.2023.1198
UDD,LargestGap,75,80,25,7611,True,optimal,7611,False,Wahlen & Gschwind (2023),10.1287/trsc.2023.1198
UDD,LargestGap,75,80,26,7767,False,optimal,7767,False,Wahlen & Gschwind (2023),10.1287/trsc.2023.1198
UDD,LargestGap,75,80,27,7798,True,optimal,7798,False,Wahlen & Gschwind (2023),10.1287/trsc.2023.1198
UDD,LargestGap,75,80,28,7254,False,optimal,7254,False,Wahlen & Gschwind (2023),10.1287/trsc.2023.1198
UDD,LargestGap,75,80,29,7410,True,optimal,7410,False,Wahlen & Gschwind (2023),10.1287/trsc.2023.1198
UDD,LargestGap,75,80,30,7844,True,optimal,7844,False,Wahlen & Gschwind (2023),10.1287/trsc.2023.1198
UDD,LargestGap,75,80,31,7203,False,optimal,7203,False,Wahlen & Gschwind (2023),10.1287/trsc.2023.1198
UDD,LargestGap,75,80,32,8297,False,optimal,8297,False,Wahlen & Gschwind (2023),10.1287/trsc.2023.1198
UDD,LargestGap,75,80,33,7768,False,optimal,7768,False,Wahlen & Gschwind (2023),10.1287/trsc.2023.1198
UDD,LargestGap,75,80,34,7905,True,optimal,7905,False,Wahlen & Gschwind (2023),10.1287/trsc.2023.1198
UDD,LargestGap,75,80,35,7897,False,optimal,7897,False,Wahlen & Gschwind (2023),10.1287/trsc.2023.1198
UDD,LargestGap,75,80,36,7293,True,optimal,7293,False,Wahlen & Gschwind (2023),10.1287/trsc.2023.1198
UDD,LargestGap,75,80,37,8017,True,optimal,8017,False,Wahlen & Gschwind (2023),10.1287/trsc.2023.1198
UDD,LargestGap,75,80,38,8257,False,optimal,8257,False,Wahlen & Gschwind (2023),10.1287/trsc.2023.1198
UDD,LargestGap,75,80,39,7620,True,optimal,7620,False,Wahlen & Gschwind (2023),10.1287/trsc.2023.1198
UDD,LargestGap,75,90,0,8252,False,optimal,8252,False,Wahlen & Gschwind (2023),10.1287/trsc.2023.1198
UDD,LargestGap,75,90,1,8784,False,optimal,8784,False,Wahlen & Gschwind (2023),10.1287/trsc.2023.1198
UDD,LargestGap,75,90,2,8214,False,optimal,8214,False,Wahlen & Gschwind (2023),10.1287/trsc.2023.1198
UDD,LargestGap,75,90,3,8656,False,optimal,8656,False,Wahlen & Gschwind (2023),10.1287/trsc.2023.1198
UDD,LargestGap,75,90,4,9336,False,optimal,9336,False,Wahlen & Gschwind (2023),10.1287/trsc.2023.1198
UDD,LargestGap,75,90,5,8327,True,optimal,8327,False,Wahlen & Gschwind (2023),10.1287/trsc.2023.1198
UDD,LargestGap,75,90,6,8674,False,optimal,8674,False,Wahlen & Gschwind (2023),10.1287/trsc.2023.1198
UDD,LargestGap,75,90,7,8119,True,optimal,8119,False,Wahlen & Gschwind (2023),10.1287/trsc.2023.1198
UDD,LargestGap,75,90,8,7626,False,optimal,7626,False,Wahlen & Gschwind (2023),10.1287/trsc.2023.1198
UDD,LargestGap,75,90,9,8700,False,optimal,8700,False,Wahlen & Gschwind (2023),10.1287/trsc.2023.1198
UDD,LargestGap,75,90,10,9202,False,optimal,9202,False,Wahlen & Gschwind (2023),10.1287/trsc.2023.1198
UDD,LargestGap,75,90,11,8274,False,optimal,8274,False,Wahlen & Gschwind (2023),10.1287/trsc.2023.1198
UDD,LargestGap,75,90,12,8160,True,optimal,8160,False,Wahlen & Gschwind (2023),10.1287/trsc.2023.1198
UDD,LargestGap,75,90,13,8676,True,optimal,8676,False,Wahlen & Gschwind (2023),10.1287/trsc.2023.1198
UDD,LargestGap,75,90,14,8287,True,optimal,8287,False,Wahlen & Gschwind (2023),10.1287/trsc.2023.1198
UDD,LargestGap,75,90,15,8273,False,optimal,8273,False,Wahlen & Gschwind (2023),10.1287/trsc.2023.1198
UDD,LargestGap,75,90,16,8255,True,optimal,8255,False,Wahlen & Gschwind (2023),10.1287/trsc.2023.1198
UDD,LargestGap,75,90,17,8262,True,optimal,8262,False,Wahlen & Gschwind (2023),10.1287/trsc.2023.1198
UDD,LargestGap,75,90,18,8819,False,optimal,8819,False,Wahlen & Gschwind (2023),10.1287/trsc.2023.1198
UDD,LargestGap,75,90,19,8791,False,optimal,8791,False,Wahlen & Gschwind (2023),10.1287/trsc.2023.1198
UDD,LargestGap,75,90,20,8771,False,optimal,8771,False,Wahlen & Gschwind (2023),10.1287/trsc.2023.1198
UDD,LargestGap,75,90,21,9377,False,optimal,9377,False,Wahlen & Gschwind (2023),10.1287/trsc.2023.1198
UDD,LargestGap,75,90,22,8596,True,optimal,8596,False,Wahlen & Gschwind (2023),10.1287/trsc.2023.1198
UDD,LargestGap,75,90,23,7720,True,optimal,7720,False,Wahlen & Gschwind (2023),10.1287/trsc.2023.1198
UDD,LargestGap,75,90,24,8846,True,optimal,8846,False,Wahlen & Gschwind (2023),10.1287/trsc.2023.1198
UDD,LargestGap,75,90,25,8879,True,optimal,8879,False,Wahlen & Gschwind (2023),10.1287/trsc.2023.1198
UDD,LargestGap,75,90,26,8278,True,optimal,8278,False,Wahlen & Gschwind (2023),10.1287/trsc.2023.1198
UDD,LargestGap,75,90,27,8521,False,optimal,8521,False,Wahlen & Gschwind (2023),10.1287/trsc.2023.1198
UDD,LargestGap,75,90,28,8390,True,optimal,8390,False,Wahlen & Gschwind (2023),10.1287/trsc.2023.1198
UDD,LargestGap,75,90,29,8319,False,optimal,8319,False,Wahlen & Gschwind (2023),10.1287/trsc.2023.1198
UDD,LargestGap,75,90,30,8759,False,optimal,8759,False,Wahlen & Gschwind (2023),10.1287/trsc.2023.1198
UDD,LargestGap,75,90,31,8695,True,optimal,8695,False,Wahlen & Gschwind (2023),10.1287/trsc.2023.1198
UDD,LargestGap,75,90,32,8480,True,optimal,8480,False,Wahlen & Gschwind (2023),10.1287/trsc.2023.1198
UDD,LargestGap,75,90,33,8882,True,optimal,8882,False,Wahlen & Gschwind (2023),10.1287/trsc.2023.1198
UDD,LargestGap,75,90,34,8904,True,optimal,8904,False,Wahlen & Gschwind (2023),10.1287/trsc.2023.1198
UDD,LargestGap,75,90,35,8714,False,optimal,8714,False,Wahlen & Gschwind (2023),10.1287/trsc.2023.1198
UDD,LargestGap,75,90,36,8781,True,optimal,8781,False,Wahlen & Gschwind (2023),10.1287/trsc.2023.1198
UDD,LargestGap,75,90,37,8547,False,optimal,8547,False,Wahlen & Gschwind (2023),10.1287/trsc.2023.1198
UDD,LargestGap,75,90,38,8876,False,optimal,8876,False,Wahlen & Gschwind (2023),10.1287/trsc.2023.1198
UDD,LargestGap,75,90,39,8138,False,optimal,8138,False,Wahlen & Gschwind (2023),10.1287/trsc.2023.1198
UDD,LargestGap,75,100,0,9290,False,optimal,9290,False,Wahlen & Gschwind (2023),10.1287/trsc.2023.1198
UDD,LargestGap,75,100,1,8599,False,optimal,8599,False,Wahlen & Gschwind (2023),10.1287/trsc.2023.1198
UDD,LargestGap,75,100,2,9453,False,combined,9498,True,Wahlen & Gschwind (2023),10.1287/trsc.2023.1198
UDD,LargestGap,75,100,3,9171,False,optimal,9171,False,Wahlen & Gschwind (2023),10.1287/trsc.2023.1198
UDD,LargestGap,75,100,4,8709,False,optimal,8709,False,Wahlen & Gschwind (2023),10.1287/trsc.2023.1198
UDD,LargestGap,75,100,5,10068,True,optimal,10068,False,Wahlen & Gschwind (2023),10.1287/trsc.2023.1198
UDD,LargestGap,75,100,6,9373,False,optimal,9373,False,Wahlen & Gschwind (2023),10.1287/trsc.2023.1198
UDD,LargestGap,75,100,7,9056,False,optimal,9056,False,Wahlen & Gschwind (2023),10.1287/trsc.2023.1198
UDD,LargestGap,75,100,8,9357,False,optimal,9357,False,Wahlen & Gschwind (2023),10.1287/trsc.2023.1198
UDD,LargestGap,75,100,9,9136,False,optimal,9136,False,Wahlen & Gschwind (2023),10.1287/trsc.2023.1198
UDD,LargestGap,75,100,10,9573,False,optimal,9573,False,Wahlen & Gschwind (2023),10.1287/trsc.2023.1198
UDD,LargestGap,75,100,11,8550,True,optimal,8550,False,Wahlen & Gschwind (2023),10.1287/trsc.2023.1198
UDD,LargestGap,75,100,12,9710,False,optimal,9710,False,Wahlen & Gschwind (2023),10.1287/trsc.2023.1198
UDD,LargestGap,75,100,13,9146,False,optimal,9146,False,Wahlen & Gschwind (2023),10.1287/trsc.2023.1198
UDD,LargestGap,75,100,14,9342,False,optimal,9342,False,Wahlen & Gschwind (2023),10.1287/trsc.2023.1198
UDD,LargestGap,75,100,15,9278,False,optimal,9278,False,Wahlen & Gschwind (2023),10.1287/trsc.2023.1198
UDD,LargestGap,75,100,16,9248,False,optimal,9248,False,Wahlen & Gschwind (2023),10.1287/trsc.2023.1198
UDD,LargestGap,75,100,17,9216,False,optimal,9216,False,Wahlen & Gschwind (2023),10.1287/trsc.2023.1198
UDD,LargestGap,75,100,18,9443,False,optimal,9443,False,Wahlen & Gschwind (2023),10.1287/trsc.2023.1198
UDD,LargestGap,75,100,19,9246,False,optimal,9246,False,Wahlen & Gschwind (2023),10.1287/trsc.2023.1198
UDD,LargestGap,75,100,20,9726,True,optimal,9726,False,Wahlen & Gschwind (2023),10.1287/trsc.2023.1198
UDD,LargestGap,75,100,21,9652,False,optimal,9652,False,Wahlen & Gschwind (2023),10.1287/trsc.2023.1198
UDD,LargestGap,75,100,22,9997,False,optimal,9997,False,Wahlen & Gschwind (2023),10.1287/trsc.2023.1198
UDD,LargestGap,75,100,23,9073,False,optimal,9073,False,Wahlen & Gschwind (2023),10.1287/trsc.2023.1198
UDD,LargestGap,75,100,24,9110,False,optimal,9110,False,Wahlen & Gschwind (2023),10.1287/trsc.2023.1198
UDD,LargestGap,75,100,25,9281,False,optimal,9281,False,Wahlen & Gschwind (2023),10.1287/trsc.2023.1198
UDD,LargestGap,75,100,26,9403,False,optimal,9403,False,Wahlen & Gschwind (2023),10.1287/trsc.2023.1198
UDD,LargestGap,75,100,27,9073,False,optimal,9073,False,Wahlen & Gschwind (2023),10.1287/trsc.2023.1198
UDD,LargestGap,75,100,28,10112,False,optimal,10112,False,Wahlen & Gschwind (2023),10.1287/trsc.2023.1198
UDD,LargestGap,75,100,29,10039,False,optimal,10039,False,Wahlen & Gschwind (2023),10.1287/trsc.2023.1198
UDD,LargestGap,75,100,30,9135,False,optimal,9135,False,Wahlen & Gschwind (2023),10.1287/trsc.2023.1198
UDD,LargestGap,75,100,31,9812,False,optimal,9812,False,Wahlen & Gschwind (2023),10.1287/trsc.2023.1198
UDD,LargestGap,75,100,32,9172,False,optimal,9172,False,Wahlen & Gschwind (2023),10.1287/trsc.2023.1198
UDD,LargestGap,75,100,33,9803,False,optimal,9803,False,Wahlen & Gschwind (2023),10.1287/trsc.2023.1198
UDD,LargestGap,75,100,34,9421,True,optimal,9421,False,Wahlen & Gschwind (2023),10.1287/trsc.2023.1198
UDD,LargestGap,75,100,35,9666,False,optimal,9666,False,Wahlen & Gschwind (2023),10.1287/trsc.2023.1198
UDD,LargestGap,75,100,36,9257,True,optimal,9257,False,Wahlen & Gschwind (2023),10.1287/trsc.2023.1198
UDD,LargestGap,75,100,37,9158,False,optimal,9158,False,Wahlen & Gschwind (2023),10.1287/trsc.2023.1198
UDD,LargestGap,75,100,38,9597,False,optimal,9597,False,Wahlen & Gschwind (2023),10.1287/trsc.2023.1198
UDD,LargestGap,75,100,39,10326,False,optimal,10326,False,Wahlen & Gschwind (2023),10.1287/trsc.2023.1198
UDD,Traversal,30,20,0,5067,True,optimal,5067,False,Wahlen & Gschwind (2023),10.1287/trsc.2023.1198
UDD,Traversal,30,20,1,4536,True,optimal,4536,False,Wahlen & Gschwind (2023),10.1287/trsc.2023.1198
UDD,Traversal,30,20,2,4409,True,optimal,4409,False,Wahlen & Gschwind (2023),10.1287/trsc.2023.1198
UDD,Traversal,30,20,3,5091,True,optimal,5091,False,Wahlen & Gschwind (2023),10.1287/trsc.2023.1198
UDD,Traversal,30,20,4,4035,True,optimal,4035,False,Wahlen & Gschwind (2023),10.1287/trsc.2023.1198
UDD,Traversal,30,20,5,4630,True,optimal,4630,False,Wahlen & Gschwind (2023),10.1287/trsc.2023.1198
UDD,Traversal,30,20,6,5527,True,optimal,5527,False,Wahlen & Gschwind (2023),10.1287/trsc.2023.1198
UDD,Traversal,30,20,7,4530,True,optimal,4530,False,Wahlen & Gschwind (2023),10.1287/trsc.2023.1198
UDD,Traversal,30,20,8,4435,True,optimal,4435,False,Wahlen & Gschwind (2023),10.1287/trsc.2023.1198
UDD,Traversal,30,20,9,3677,True,optimal,3677,False,Wahlen & Gschwind (2023),10.1287/trsc.2023.1198
UDD,Traversal,30,20,10,4154,True,optimal,4154,False,Wahlen & Gschwind (2023),10.1287/trsc.2023.1198
UDD,Traversal,30,20,11,5430,True,optimal,5430,False,Wahlen & Gschwind (2023),10.1287/trsc.2023.1198
UDD,Traversal,30,20,12,5910,True,optimal,5910,False,Wahlen & Gschwind (2023),10.1287/trsc.2023.1198
UDD,Traversal,30,20,13,5226,True,optimal,5226,False,Wahlen & Gschwind (2023),10.1287/trsc.2023.1198
UDD,Traversal,30,20,14,4534,True,optimal,4534,False,Wahlen & Gschwind (2023),10.1287/trsc.2023.1198
UDD,Traversal,30,20,15,3538,True,optimal,3538,False,Wahlen & Gschwind (2023),10.1287/trsc.2023.1198
UDD,Traversal,30,20,16,5106,True,optimal,5106,False,Wahlen & Gschwind (2023),10.1287/trsc.2023.1198
UDD,Traversal,30,20,17,5395,True,optimal,5395,False,Wahlen & Gschwind (2023),10.1287/trsc.2023.1198
UDD,Traversal,30,20,18,4755,True,optimal,4755,False,Wahlen & Gschwind (2023),10.1287/trsc.2023.1198
UDD,Traversal,30,20,19,4291,True,optimal,4291,False,Wahlen & Gschwind (2023),10.1287/trsc.2023.1198
UDD,Traversal,30,20,20,6302,True,optimal,6302,False,Wahlen & Gschwind (2023),10.1287/trsc.2023.1198
UDD,Traversal,30,20,21,3996,True,optimal,3996,False,Wahlen & Gschwind (2023),10.1287/trsc.2023.1198
UDD,Traversal,30,20,22,3831,True,optimal,3831,False,Wahlen & Gschwind (2023),10.1287/trsc.2023.1198
UDD,Traversal,30,20,23,4823,True,optimal,4823,False,Wahlen & Gschwind (2023),10.1287/trsc.2023.1198
UDD,Traversal,30,20,24,5062,True,optimal,5062,False,Wahlen & Gschwind (2023),10.1287/trsc.2023.1198
UDD,Traversal,30,20,25,4402,True,optimal,4402,False,Wahlen & Gschwind (2023),10.1287/trsc.2023.1198
UDD,Traversal,30,20,26,4357,True,optimal,4357,False,Wahlen & Gschwind (2023),10.1287/trsc.2023.1198
UDD,Traversal,30,20,27,4705,True,optimal,4705,False,Wahlen & Gschwind (2023),10.1287/trsc.2023.1198
UDD,Traversal,30,20,28,4744,True,optimal,4744,False,Wahlen & Gschwind (2023),10.1287/trsc.2023.1198
UDD,Traversal,30,20,29,3958,True,optimal,3958,False,Wahlen & Gschwind (2023),10.1287/trsc.2023.1198
UDD,Traversal,30,20,30,4121,True,optimal,4121,False,Wahlen & Gschwind (2023),10.1287/trsc.2023.1198
UDD,Traversal,30,20,31,5174,True,optimal,5174,False,Wahlen & Gschwind (2023),10.1287/trsc.2023.1198
UDD,Traversal,30,20,32,4739,True,optimal,4739,False,Wahlen & Gschwind (2023),10.1287/trsc.2023.1198
UDD,Traversal,30,20,33,4670,True,optimal,4670,False,Wahlen & Gschwind (2023),10.1287/trsc.2023.1198
UDD,Traversal,30,20,34,4864,True,optimal,4864,False,Wahlen & Gschwind (2023),10.1287/trsc.2023.1198
UDD,Traversal,30,20,35,5481,True,optimal,5481,False,Wahlen & Gschwind (2023),10.1287/trsc.2023.1198
UDD,Traversal,30,20,36,5112,True,optimal,5112,False,Wahlen & Gschwind (2023),10.1287/trsc.2023.1198
UDD,Traversal,30,20,37,4814,True,optimal,4814,False,Wahlen & Gschwind (2023),10.1287/trsc.2023.1198
UDD,Traversal,30,20,38,5448,True,optimal,5448,False,Wahlen & Gschwind (2023),10.1287/trsc.2023.1198
UDD,Traversal,30,20,39,5096,True,optimal,5096,False,Wahlen & Gschwind (2023),10.1287/trsc.2023.1198
UDD,Traversal,30,30,0,7714,True,optimal,7714,False,Wahlen & Gschwind (2023),10.1287/trsc.2023.1198
UDD,Traversal,30,30,1,7353,True,optimal,7353,False,Wahlen & Gschwind (2023),10.1287/trsc.2023.1198
UDD,Traversal,30,30,2,9492,True,optimal,9492,False,Wahlen & Gschwind (2023),10.1287/trsc.2023.1198
UDD,Traversal,30,30,3,6972,True,optimal,6972,False,Wahlen & Gschwind (2023),10.1287/trsc.2023.1198
UDD,Traversal,30,30,4,6613,True,optimal,6613,False,Wahlen & Gschwind (2023),10.1287/trsc.2023.1198
UDD,Traversal,30,30,5,6682,True,optimal,6682,False,Wahlen & Gschwind (2023),10.1287/trsc.2023.1198
UDD,Traversal,30,30,6,6888,True,optimal,6888,False,Wahlen & Gschwind (2023),10.1287/trsc.2023.1198
UDD,Traversal,30,30,7,7069,True,optimal,7069,False,Wahlen & Gschwind (2023),10.1287/trsc.2023.1198
UDD,Traversal,30,30,8,5677,True,optimal,5677,False,Wahlen & Gschwind (2023),10.1287/trsc.2023.1198
UDD,Traversal,30,30,9,7363,True,optimal,7363,False,Wahlen & Gschwind (2023),10.1287/trsc.2023.1198
UDD,Traversal,30,30,10,7395,True,optimal,7395,False,Wahlen & Gschwind (2023),10.1287/trsc.2023.1198
UDD,Traversal,30,30,11,6861,True,optimal,6861,False,Wahlen & Gschwind (2023),10.1287/trsc.2023.1198
UDD,Traversal,30,30,12,5711,True,optimal,5711,False,Wahlen & Gschwind (2023),10.1287/trsc.2023.1198
UDD,Traversal,30,30,13,7797,True,optimal,7797,False,Wahlen & Gschwind (2023),10.1287/trsc.2023.1198
UDD,Traversal,30,30,14,6958,True,optimal,6958,False,Wahlen & Gschwind (2023),10.1287/trsc.2023.1198
UDD,Traversal,30,30,15,6989,True,optimal,6989,False,Wahlen & Gschwind (2023),10.1287/trsc.2023.1198
UDD,Traversal,30,30,16,7846,True,optimal,7846,False,Wahlen & Gschwind (2023),10.1287/trsc.2023.1198
UDD,Traversal,30,30,17,6498,True,optimal,6498,False,Wahlen & Gschwind (2023),10.1287/trsc.2023.1198
UDD,Traversal,30,30,18,6767,True,optimal,6767,False,Wahlen & Gschwind (2023),10.1287/trsc.2023.1198
UDD,Traversal,30,30,19,7758,True,optimal,7758,False,Wahlen & Gschwind (2023),10.1287/trsc.2023.1198
UDD,Traversal,30,30,20,7083,True,optimal,7083,False,Wahlen & Gschwind (2023),10.1287/trsc.2023.1198
UDD,Traversal,30,30,21,6620,True,optimal,6620,False,Wahlen & Gschwind (2023),10.1287/trsc.2023.1198
UDD,Traversal,30,30,22,7504,True,optimal,7504,False,Wahlen & Gschwind (2023),10.1287/trsc.2023.1198
UDD,Traversal,30,30,23,6151,True,optimal,6151,False,Wahlen & Gschwind (2023),10.1287/trsc.2023.1198
UDD,Traversal,30,30,24,6678,True,optimal,6678,False,Wahlen & Gschwind (2023),10.1287/trsc.2023.1198
UDD,Traversal,30,30,25,6052,True,optimal,6052,False,Wahlen & Gschwind (2023),10.1287/trsc.2023.1198
UDD,Traversal,30,30,26,7579,True,optimal,7579,False,Wahlen & Gschwind (2023),10.1287/trsc.2023.1198
UDD,Traversal,30,30,27,7223,True,optimal,7223,False,Wahlen & Gschwind (2023),10.1287/trsc.2023.1198
UDD,Traversal,30,30,28,7716,True,optimal,7716,False,Wahlen & Gschwind (2023),10.1287/trsc.2023.1198
UDD,Traversal,30,30,29,7721,True,optimal,7721,False,Wahlen & Gschwind (2023),10.1287/trsc.2023.1198
UDD,Traversal,30,30,30,5693,True,optimal,5693,False,Wahlen & Gschwind (2023),10.1287/trsc.2023.1198
UDD,Traversal,30,30,31,7426,True,optimal,7426,False,Wahlen & Gschwind (2023),10.1287/trsc.2023.1198
UDD,Traversal,30,30,32,5970,True,optimal,5970,False,Wahlen & Gschwind (2023),10.1287/trsc.2023.1198
UDD,Traversal,30,30,33,6845,True,optimal,6845,False,Wahlen & Gschwind (2023),10.1287/trsc.2023.1198
UDD,Traversal,30,30,34,6841,True,optimal,6841,False,Wahlen & Gschwind (2023),10.1287/trsc.2023.1198
UDD,Traversal,30,30,35,6613,True,optimal,6613,False,Wahlen & Gschwind (2023),10.1287/trsc.2023.1198
UDD,Traversal,30,30,36,5328,True,optimal,5328,False,Wahlen & Gschwind (2023),10.1287/trsc.2023.1198
UDD,Traversal,30,30,37,7330,True,optimal,7330,False,Wahlen & Gschwind (2023),10.1287/trsc.2023.1198
UDD,Traversal,30,30,38,7636,True,optimal,7636,False,Wahlen & Gschwind (2023),10.1287/trsc.2023.1198
UDD,Traversal,30,30,39,6085,True,optimal,6085,False,Wahlen & Gschwind (2023),10.1287/trsc.2023.1198
UDD,Traversal,30,40,0,9246,True,optimal,9246,False,Wahlen & Gschwind (2023),10.1287/trsc.2023.1198
UDD,Traversal,30,40,1,7956,True,optimal,7956,False,Wahlen & Gschwind (2023),10.1287/trsc.2023.1198
UDD,Traversal,30,40,2,9448,True,optimal,9448,False,Wahlen & Gschwind (2023),10.1287/trsc.2023.1198
UDD,Traversal,30,40,3,11307,True,optimal,11307,False,Wahlen & Gschwind (2023),10.1287/trsc.2023.1198
UDD,Traversal,30,40,4,9400,True,optimal,9400,False,Wahlen & Gschwind (2023),10.1287/trsc.2023.1198
UDD,Traversal,30,40,5,8617,True,optimal,8617,False,Wahlen & Gschwind (2023),10.1287/trsc.2023.1198
UDD,Traversal,30,40,6,10157,True,optimal,10157,False,Wahlen & Gschwind (2023),10.1287/trsc.2023.1198
UDD,Traversal,30,40,7,9421,True,optimal,9421,False,Wahlen & Gschwind (2023),10.1287/trsc.2023.1198
UDD,Traversal,30,40,8,9523,True,optimal,9523,False,Wahlen & Gschwind (2023),10.1287/trsc.2023.1198
UDD,Traversal,30,40,9,8704,True,optimal,8704,False,Wahlen & Gschwind (2023),10.1287/trsc.2023.1198
UDD,Traversal,30,40,10,11097,True,optimal,11097,False,Wahlen & Gschwind (2023),10.1287/trsc.2023.1198
UDD,Traversal,30,40,11,9863,True,optimal,9863,False,Wahlen & Gschwind (2023),10.1287/trsc.2023.1198
UDD,Traversal,30,40,12,6988,True,optimal,6988,False,Wahlen & Gschwind (2023),10.1287/trsc.2023.1198
UDD,Traversal,30,40,13,8601,True,optimal,8601,False,Wahlen & Gschwind (2023),10.1287/trsc.2023.1198
UDD,Traversal,30,40,14,7773,True,optimal,7773,False,Wahlen & Gschwind (2023),10.1287/trsc.2023.1198
UDD,Traversal,30,40,15,8305,True,optimal,8305,False,Wahlen & Gschwind (2023),10.1287/trsc.2023.1198
UDD,Traversal,30,40,16,10265,True,optimal,10265,False,Wahlen & Gschwind (2023),10.1287/trsc.2023.1198
UDD,Traversal,30,40,17,10195,True,optimal,10195,False,Wahlen & Gschwind (2023),10.1287/trsc.2023.1198
UDD,Traversal,30,40,18,7302,True,optimal,7302,False,Wahlen & Gschwind (2023),10.1287/trsc.2023.1198
UDD,Traversal,30,40,19,8593,True,optimal,8593,False,Wahlen & Gschwind (2023),10.1287/trsc.2023.1198
UDD,Traversal,30,40,20,8666,True,optimal,8666,False,Wahlen & Gschwind (2023),10.1287/trsc.2023.1198
UDD,Traversal,30,40,21,8581,True,optimal,8581,False,Wahlen & Gschwind (2023),10.1287/trsc.2023.1198
UDD,Traversal,30,40,22,8433,True,optimal,8433,False,Wahlen & Gschwind (2023),10.1287/trsc.2023.1198
UDD,Traversal,30,40,23,8499,True,optimal,8499,False,Wahlen & Gschwind (2023),10.1287/trsc.2023.1198
UDD,Traversal,30,40,24,7948,True,optimal,7948,False,Wahlen & Gschwind (2023),10.1287/trsc.2023.1198
UDD,Traversal,30,40,25,9809,True,optimal,9809,False,Wahlen & Gschwind (2023),10.1287/trsc.2023.1198
UDD,Traversal,30,40,26,8933,True,optimal,8933,False,Wahlen & Gschwind (2023),10.1287/trsc.2023.1198
UDD,Traversal,30,40,27,8282,True,optimal,8282,False,Wahlen & Gschwind (2023),10.1287/trsc.2023.1198
UDD,Traversal,30,40,28,8307,True,optimal,8307,False,Wahlen & Gschwind (2023),10.1287/trsc.2023.1198
UDD,Traversal,30,40,29,8957,True,optimal,8957,False,Wahlen & Gschwind (2023),10.1287/trsc.2023.1198
UDD,Traversal,30,40,30,8588,True,optimal,8588,False,Wahlen & Gschwind (2023),10.1287/trsc.2023.1198
UDD,Traversal,30,40,31,8164,True,optimal,8164,False,Wahlen & Gschwind (2023),10.1287/trsc.2023.1198
UDD,Traversal,30,40,32,8364,True,optimal,8364,False,Wahlen & Gschwind (2023),10.1287/trsc.2023.1198
UDD,Traversal,30,40,33,9999,True,optimal,9999,False,Wahlen & Gschwind (2023),10.1287/trsc.2023.1198
UDD,Traversal,30,40,34,8700,True,optimal,8700,False,Wahlen & Gschwind (2023),10.1287/trsc.2023.1198
UDD,Traversal,30,40,35,8732,True,optimal,8732,False,Wahlen & Gschwind (2023),10.1287/trsc.2023.1198
UDD,Traversal,30,40,36,8896,True,optimal,8896,False,Wahlen & Gschwind (2023),10.1287/trsc.2023.1198
UDD,Traversal,30,40,37,9076,True,optimal,9076,False,Wahlen & Gschwind (2023),10.1287/trsc.2023.1198
UDD,Traversal,30,40,38,8281,True,optimal,8281,False,Wahlen & Gschwind (2023),10.1287/trsc.2023.1198
UDD,Traversal,30,40,39,10280,True,optimal,10280,False,Wahlen & Gschwind (2023),10.1287/trsc.2023.1198
UDD,Traversal,30,50,0,11045,True,optimal,11045,False,Wahlen & Gschwind (2023),10.1287/trsc.2023.1198
UDD,Traversal,30,50,1,12551,True,optimal,12551,False,Wahlen & Gschwind (2023),10.1287/trsc.2023.1198
UDD,Traversal,30,50,2,9355,True,optimal,9355,False,Wahlen & Gschwind (2023),10.1287/trsc.2023.1198
UDD,Traversal,30,50,3,11090,True,optimal,11090,False,Wahlen & Gschwind (2023),10.1287/trsc.2023.1198
UDD,Traversal,30,50,4,10457,True,optimal,10457,False,Wahlen & Gschwind (2023),10.1287/trsc.2023.1198
UDD,Traversal,30,50,5,11740,True,optimal,11740,False,Wahlen & Gschwind (2023),10.1287/trsc.2023.1198
UDD,Traversal,30,50,6,11271,True,optimal,11271,False,Wahlen & Gschwind (2023),10.1287/trsc.2023.1198
UDD,Traversal,30,50,7,12822,True,optimal,12822,False,Wahlen & Gschwind (2023),10.1287/trsc.2023.1198
UDD,Traversal,30,50,8,11994,True,optimal,11994,False,Wahlen & Gschwind (2023),10.1287/trsc.2023.1198
UDD,Traversal,30,50,9,11467,True,optimal,11467,False,Wahlen & Gschwind (2023),10.1287/trsc.2023.1198
UDD,Traversal,30,50,10,10969,True,optimal,10969,False,Wahlen & Gschwind (2023),10.1287/trsc.2023.1198
UDD,Traversal,30,50,11,11332,True,optimal,11332,False,Wahlen & Gschwind (2023),10.1287/trsc.2023.1198
UDD,Traversal,30,50,12,11199,True,optimal,11199,False,Wahlen & Gschwind (2023),10.1287/trsc.2023.1198
UDD,Traversal,30,50,13,11653,True,optimal,11653,False,Wahlen & Gschwind (2023),10.1287/trsc.2023.1198
UDD,Traversal,30,50,14,10723,True,optimal,10723,False,Wahlen & Gschwind (2023),10.1287/trsc.2023.1198
UDD,Traversal,30,50,15,12498,True,optimal,12498,False,Wahlen & Gschwind (2023),10.1287/trsc.2023.1198
UDD,Traversal,30,50,16,12614,True,optimal,12614,False,Wahlen & Gschwind (2023),10.1287/trsc.2023.1198
UDD,Traversal,30,50,17,11496,True,optimal,11496,False,Wahlen & Gschwind (2023),10.1287/trsc.2023.1198
UDD,Traversal,30,50,18,12836,True,optimal,12836,False,Wahlen & Gschwind (2023),10.1287/trsc.2023.1198
UDD,Traversal,30,50,19,11835,True,optimal,11835,False,Wahlen & Gschwind (2023),10.1287/trsc.2023.1198
UDD,Traversal,30,50,20,10641,True,optimal,10641,False,Wahlen & Gschwind (2023),10.1287/trsc.2023.1198
UDD,Traversal,30,50,21,11004,True,optimal,11004,False,Wahlen & Gschwind (2023),10.1287/trsc.2023.1198
UDD,Traversal,30,50,22,11534,True,optimal,11534,False,Wahlen & Gschwind (2023),10.1287/trsc.2023.1198
UDD,Traversal,30,50,23,12616,True,optimal,12616,False,Wahlen & Gschwind (2023),10.1287/trsc.2023.1198
UDD,Traversal,30,50,24,10518,True,optimal,10518,False,Wahlen & Gschwind (2023),10.1287/trsc.2023.1198
UDD,Traversal,30,50,25,10507,True,optimal,10507,False,Wahlen & Gschwind (2023),10.1287/trsc.2023.1198
UDD,Traversal,30,50,26,11252,True,optimal,11252,False,Wahlen & Gschwind (2023),10.1287/trsc.2023.1198
UDD,Traversal,30,50,27,10916,True,optimal,10916,False,Wahlen & Gschwind (2023),10.1287/trsc.2023.1198
UDD,Traversal,30,50,28,12301,True,optimal,12301,False,Wahlen & Gschwind (2023),10.1287/trsc.2023.1198
UDD,Traversal,30,50,29,11566,True,optimal,11566,False,Wahlen & Gschwind (2023),10.1287/trsc.2023.1198
UDD,Traversal,30,50,30,11217,True,optimal,11217,False,Wahlen & Gschwind (2023),10.1287/trsc.2023.1198
UDD,Traversal,30,50,31,11869,True,optimal,11869,False,Wahlen & Gschwind (2023),10.1287/trsc.2023.1198
UDD,Traversal,30,50,32,11888,True,optimal,11888,False,Wahlen & Gschwind (2023),10.1287/trsc.2023.1198
UDD,Traversal,30,50,33,10369,True,optimal,10369,False,Wahlen & Gschwind (2023),10.1287/trsc.2023.1198
UDD,Traversal,30,50,34,11047,True,optimal,11047,False,Wahlen & Gschwind (2023),10.1287/trsc.2023.1198
UDD,Traversal,30,50,35,10886,True,optimal,10886,False,Wahlen & Gschwind (2023),10.1287/trsc.2023.1198
UDD,Traversal,30,50,36,12201,True,optimal,12201,False,Wahlen & Gschwind (2023),10.1287/trsc.2023.1198
UDD,Traversal,30,50,37,11300,True,optimal,11300,False,Wahlen & Gschwind (2023),10.1287/trsc.2023.1198
UDD,Traversal,30,50,38,11054,True,optimal,11054,False,Wahlen & Gschwind (2023),10.1287/trsc.2023.1198
UDD,Traversal,30,50,39,11148,True,optimal,11148,False,Wahlen & Gschwind (2023),10.1287/trsc.2023.1198
UDD,Traversal,30,60,0,14621,True,optimal,14621,False,Wahlen & Gschwind (2023),10.1287/trsc.2023.1198
UDD,Traversal,30,60,1,14731,True,optimal,14731,False,Wahlen & Gschwind (2023),10.1287/trsc.2023.1198
UDD,Traversal,30,60,2,13033,True,optimal,13033,False,Wahlen & Gschwind (2023),10.1287/trsc.2023.1198
UDD,Traversal,30,60,3,13423,True,optimal,13423,False,Wahlen & Gschwind (2023),10.1287/trsc.2023.1198
UDD,Traversal,30,60,4,13881,True,optimal,13881,False,Wahlen & Gschwind (2023),10.1287/trsc.2023.1198
UDD,Traversal,30,60,5,12394,True,optimal,12394,False,Wahlen & Gschwind (2023),10.1287/trsc.2023.1198
UDD,Traversal,30,60,6,12220,True,optimal,12220,False,Wahlen & Gschwind (2023),10.1287/trsc.2023.1198
UDD,Traversal,30,60,7,13453,True,optimal,13453,False,Wahlen & Gschwind (2023),10.1287/trsc.2023.1198
UDD,Traversal,30,60,8,15542,True,optimal,15542,False,Wahlen & Gschwind (2023),10.1287/trsc.2023.1198
UDD,Traversal,30,60,9,12944,True,optimal,12944,False,Wahlen & Gschwind (2023),10.1287/trsc.2023.1198
UDD,Traversal,30,60,10,17722,True,optimal,17722,False,Wahlen & Gschwind (2023),10.1287/trsc.2023.1198
UDD,Traversal,30,60,11,12423,True,optimal,12423,False,Wahlen & Gschwind (2023),10.1287/trsc.2023.1198
UDD,Traversal,30,60,12,13014,True,optimal,13014,False,Wahlen & Gschwind (2023),10.1287/trsc.2023.1198
UDD,Traversal,30,60,13,13334,True,optimal,13334,False,Wahlen & Gschwind (2023),10.1287/trsc.2023.1198
UDD,Traversal,30,60,14,11262,True,optimal,11262,False,Wahlen & Gschwind (2023),10.1287/trsc.2023.1198
UDD,Traversal,30,60,15,13264,True,optimal,13264,False,Wahlen & Gschwind (2023),10.1287/trsc.2023.1198
UDD,Traversal,30,60,16,12944,True,optimal,12944,False,Wahlen & Gschwind (2023),10.1287/trsc.2023.1198
UDD,Traversal,30,60,17,13155,True,optimal,13155,False,Wahlen & Gschwind (2023),10.1287/trsc.2023.1198
UDD,Traversal,30,60,18,12802,True,optimal,12802,False,Wahlen & Gschwind (2023),10.1287/trsc.2023.1198
UDD,Traversal,30,60,19,12233,True,optimal,12233,False,Wahlen & Gschwind (2023),10.1287/trsc.2023.1198
UDD,Traversal,30,60,20,14184,True,optimal,14184,False,Wahlen & Gschwind (2023),10.1287/trsc.2023.1198
UDD,Traversal,30,60,21,12690,True,optimal,12690,False,Wahlen & Gschwind (2023),10.1287/trsc.2023.1198
UDD,Traversal,30,60,22,13497,True,optimal,13497,False,Wahlen & Gschwind (2023),10.1287/trsc.2023.1198
UDD,Traversal,30,60,23,14934,True,optimal,14934,False,Wahlen & Gschwind (2023),10.1287/trsc.2023.1198
UDD,Traversal,30,60,24,13948,True,optimal,13948,False,Wahlen & Gschwind (2023),10.1287/trsc.2023.1198
UDD,Traversal,30,60,25,13138,True,optimal,13138,False,Wahlen & Gschwind (2023),10.1287/trsc.2023.1198
UDD,Traversal,30,60,26,14749,True,optimal,14749,False,Wahlen & Gschwind (2023),10.1287/trsc.2023.1198
UDD,Traversal,30,60,27,11504,True,optimal,11504,False,Wahlen & Gschwind (2023),10.1287/trsc.2023.1198
UDD,Traversal,30,60,28,12604,True,optimal,12604,False,Wahlen & Gschwind (2023),10.1287/trsc.2023.1198
UDD,Traversal,30,60,29,13009,True,optimal,13009,False,Wahlen & Gschwind (2023),10.1287/trsc.2023.1198
UDD,Traversal,30,60,30,12748,True,optimal,12748,False,Wahlen & Gschwind (2023),10.1287/trsc.2023.1198
UDD,Traversal,30,60,31,13464,True,optimal,13464,False,Wahlen & Gschwind (2023),10.1287/trsc.2023.1198
UDD,Traversal,30,60,32,14104,True,optimal,14104,False,Wahlen & Gschwind (2023),10.1287/trsc.2023.1198
UDD,Traversal,30,60,33,11735,True,optimal,11735,False,Wahlen & Gschwind (2023),10.1287/trsc.2023.1198
UDD,Traversal,30,60,34,12741,True,optimal,12741,False,Wahlen & Gschwind (2023),10.1287/trsc.2023.1198
UDD,Traversal,30,60,35,13488,True,optimal,13488,False,Wahlen & Gschwind (2023),10.1287/trsc.2023.1198
UDD,Traversal,30,60,36,12824,True,optimal,12824,False,Wahlen & Gschwind (2023),10.1287/trsc.2023.1198
UDD,Traversal,30,60,37,12261,True,optimal,12261,False,Wahlen & Gschwind (2023),10.1287/trsc.2023.1198
UDD,Traversal,30,60,38,12690,True,optimal,12690,False,Wahlen & Gschwind (2023),10.1287/trsc.2023.1198
UDD,Traversal,30,60,39,10981,True,optimal,10981,False,Wahlen & Gschwind (2023),10.1287/trsc.2023.1198
UDD,Traversal,30,70,0,18190,True,optimal,18190,False,Wahlen & Gschwind (2023),10.1287/trsc.2023.1198
UDD,Traversal,30,70,1,15542,True,optimal,15542,False,Wahlen & Gschwind (2023),10.1287/trsc.2023.1198
UDD,Traversal,30,70,2,15549,True,optimal,15549,False,Wahlen & Gschwind (2023),10.1287/trsc.2023.1198
UDD,Traversal,30,70,3,16809,True,optimal,16809,False,Wahlen & Gschwind (2023),10.1287/trsc.2023.1198
UDD,Traversal,30,70,4,16149,True,optimal,16149,False,Wahlen & Gschwind (2023),10.1287/trsc.2023.1198
UDD,Traversal,30,70,5,16036,True,optimal,16036,False,Wahlen & Gschwind (2023),10.1287/trsc.2023.1198
UDD,Traversal,30,70,6,14661,True,optimal,14661,False,Wahlen & Gschwind (2023),10.1287/trsc.2023.1198
UDD,Traversal,30,70,7,14839,True,optimal,14839,False,Wahlen & Gschwind (2023),10.1287/trsc.2023.1198
UDD,Traversal,30,70,8,17525,True,optimal,17525,False,Wahlen & Gschwind (2023),10.1287/trsc.2023.1198
UDD,Traversal,30,70,9,16705,True,optimal,16705,False,Wahlen & Gschwind (2023),10.1287/trsc.2023.1198
UDD,Traversal,30,70,10,15287,True,optimal,15287,False,Wahlen & Gschwind (2023),10.1287/trsc.2023.1198
UDD,Traversal,30,70,11,15653,True,optimal,15653,False,Wahlen & Gschwind (2023),10.1287/trsc.2023.1198
UDD,Traversal,30,70,12,14742,True,optimal,14742,False,Wahlen & Gschwind (2023),10.1287/trsc.2023.1198
UDD,Traversal,30,70,13,14775,True,optimal,14775,False,Wahlen & Gschwind (2023),10.1287/trsc.2023.1198
UDD,Traversal,30,70,14,15256,True,optimal,15256,False,Wahlen & Gschwind (2023),10.1287/trsc.2023.1198
UDD,Traversal,30,70,15,15952,True,optimal,15952,False,Wahlen & Gschwind (2023),10.1287/trsc.2023.1198
UDD,Traversal,30,70,16,17280,True,optimal,17280,False,Wahlen & Gschwind (2023),10.1287/trsc.2023.1198
UDD,Traversal,30,70,17,14039,True,optimal,14039,False,Wahlen & Gschwind (2023),10.1287/trsc.2023.1198
UDD,Traversal,30,70,18,13596,True,optimal,13596,False,Wahlen & Gschwind (2023),10.1287/trsc.2023.1198
UDD,Traversal,30,70,19,15982,True,optimal,15982,False,Wahlen & Gschwind (2023),10.1287/trsc.2023.1198
UDD,Traversal,30,70,20,16272,True,optimal,16272,False,Wahlen & Gschwind (2023),10.1287/trsc.2023.1198
UDD,Traversal,30,70,21,13383,True,optimal,13383,False,Wahlen & Gschwind (2023),10.1287/trsc.2023.1198
UDD,Traversal,30,70,22,16061,True,optimal,16061,False,Wahlen & Gschwind (2023),10.1287/trsc.2023.1198
UDD,Traversal,30,70,23,14894,True,optimal,14894,False,Wahlen & Gschwind (2023),10.1287/trsc.2023.1198
UDD,Traversal,30,70,24,14747,True,optimal,14747,False,Wahlen & Gschwind (2023),10.1287/trsc.2023.1198
UDD,Traversal,30,70,25,15137,True,optimal,15137,False,Wahlen & Gschwind (2023),10.1287/trsc.2023.1198
UDD,Traversal,30,70,26,14734,True,optimal,14734,False,Wahlen & Gschwind (2023),10.1287/trsc.2023.1198
UDD,Traversal,30,70,27,14620,True,optimal,14620,False,Wahlen & Gschwind (2023),10.1287/trsc.2023.1198
UDD,Traversal,30,70,28,13898,True,optimal,13898,False,Wahlen & Gschwind (2023),10.1287/trsc.2023.1198
UDD,Traversal,30,70,29,14073,True,optimal,14073,False,Wahlen & Gschwind (2023),10.1287/trsc.2023.1198
UDD,Traversal,30,70,30,17856,True,optimal,17856,False,Wahlen & Gschwind (2023),10.1287/trsc.2023.1198
UDD,Traversal,30,70,31,15622,True,optimal,15622,False,Wahlen & Gschwind (2023),10.1287/trsc.2023.1198
UDD,Traversal,30,70,32,13936,True,optimal,13936,False,Wahlen & Gschwind (2023),10.1287/trsc.2023.1198
UDD,Traversal,30,70,33,13621,True,optimal,13621,False,Wahlen & Gschwind (2023),10.1287/trsc.2023.1198
UDD,Traversal,30,70,34,15646,True,optimal,15646,False,Wahlen & Gschwind (2023),10.1287/trsc.2023.1198
UDD,Traversal,30,70,35,15207,True,optimal,15207,False,Wahlen & Gschwind (2023),10.1287/trsc.2023.1198
UDD,Traversal,30,70,36,18059,True,optimal,18059,False,Wahlen & Gschwind (2023),10.1287/trsc.2023.1198
UDD,Traversal,30,70,37,15367,True,optimal,15367,False,Wahlen & Gschwind (2023),10.1287/trsc.2023.1198
UDD,Traversal,30,70,38,15277,True,optimal,15277,False,Wahlen & Gschwind (2023),10.1287/trsc.2023.1198
UDD,Traversal,30,70,39,14398,True,optimal,14398,False,Wahlen & Gschwind (2023),10.1287/trsc.2023.1198
UDD,Traversal,30,80,0,18930,True,optimal,18930,False,Wahlen & Gschwind (2023),10.1287/trsc.2023.1198
UDD,Traversal,30,80,1,18357,True,optimal,18357,False,Wahlen & Gschwind (2023),10.1287/trsc.2023.1198
UDD,Traversal,30,80,2,16778,True,optimal,16778,False,Wahlen & Gschwind (2023),10.1287/trsc.2023.1198
UDD,Traversal,30,80,3,17961,True,optimal,17961,False,Wahlen & Gschwind (2023),10.1287/trsc.2023.1198
UDD,Traversal,30,80,4,19708,True,optimal,19708,False,Wahlen & Gschwind (2023),10.1287/trsc.2023.1198
UDD,Traversal,30,80,5,18142,True,optimal,18142,False,Wahlen & Gschwind (2023),10.1287/trsc.2023.1198
UDD,Traversal,30,80,6,17297,True,optimal,17297,False,Wahlen & Gschwind (2023),10.1287/trsc.2023.1198
UDD,Traversal,30,80,7,16932,True,optimal,16932,False,Wahlen & Gschwind (2023),10.1287/trsc.2023.1198
UDD,Traversal,30,80,8,16334,True,optimal,16334,False,Wahlen & Gschwind (2023),10.1287/trsc.2023.1198
UDD,Traversal,30,80,9,15936,True,optimal,15936,False,Wahlen & Gschwind (2023),10.1287/trsc.2023.1198
UDD,Traversal,30,80,10,17412,True,optimal,17412,False,Wahlen & Gschwind (2023),10.1287/trsc.2023.1198
UDD,Traversal,30,80,11,17342,True,optimal,17342,False,Wahlen & Gschwind (2023),10.1287/trsc.2023.1198
UDD,Traversal,30,80,12,18384,True,optimal,18384,False,Wahlen & Gschwind (2023),10.1287/trsc.2023.1198
UDD,Traversal,30,80,13,17717,True,optimal,17717,False,Wahlen & Gschwind (2023),10.1287/trsc.2023.1198
UDD,Traversal,30,80,14,17832,True,optimal,17832,False,Wahlen & Gschwind (2023),10.1287/trsc.2023.1198
UDD,Traversal,30,80,15,18042,True,optimal,18042,False,Wahlen & Gschwind (2023),10.1287/trsc.2023.1198
UDD,Traversal,30,80,16,16152,True,optimal,16152,False,Wahlen & Gschwind (2023),10.1287/trsc.2023.1198
UDD,Traversal,30,80,17,17089,True,optimal,17089,False,Wahlen & Gschwind (2023),10.1287/trsc.2023.1198
UDD,Traversal,30,80,18,16594,True,optimal,16594,False,Wahlen & Gschwind (2023),10.1287/trsc.2023.1198
UDD,Traversal,30,80,19,17760,True,optimal,17760,False,Wahlen & Gschwind (2023),10.1287/trsc.2023.1198
UDD,Traversal,30,80,20,18657,True,optimal,18657,False,Wahlen & Gschwind (2023),10.1287/trsc.2023.1198
UDD,Traversal,30,80,21,19206,True,optimal,19206,False,Wahlen & Gschwind (2023),10.1287/trsc.2023.1198
UDD,Traversal,30,80,22,16406,True,optimal,16406,False,Wahlen & Gschwind (2023),10.1287/trsc.2023.1198
UDD,Traversal,30,80,23,18120,True,optimal,18120,False,Wahlen & Gschwind (2023),10.1287/trsc.2023.1198
UDD,Traversal,30,80,24,19689,True,optimal,19689,False,Wahlen & Gschwind (2023),10.1287/trsc.2023.1198
UDD,Traversal,30,80,25,17252,True,optimal,17252,False,Wahlen & Gschwind (2023),10.1287/trsc.2023.1198
UDD,Traversal,30,80,26,15564,True,optimal,15564,False,Wahlen & Gschwind (2023),10.1287/trsc.2023.1198
UDD,Traversal,30,80,27,18654,True,optimal,18654,False,Wahlen & Gschwind (2023),10.1287/trsc.2023.1198
UDD,Traversal,30,80,28,17774,True,optimal,17774,False,Wahlen & Gschwind (2023),10.1287/trsc.2023.1198
UDD,Traversal,30,80,29,19834,True,optimal,19834,False,Wahlen & Gschwind (2023),10.1287/trsc.2023.1198
UDD,Traversal,30,80,30,17251,True,optimal,17251,False,Wahlen & Gschwind (2023),10.1287/trsc.2023.1198
UDD,Traversal,30,80,31,16638,True,optimal,16638,False,Wahlen & Gschwind (2023),10.1287/trsc.2023.1198
UDD,Traversal,30,80,32,18218,True,optimal,18218,False,Wahlen & Gschwind (2023),10.1287/trsc.2023.1198
UDD,Traversal,30,80,33,16537,True,optimal,16537,False,Wahlen & Gschwind (2023),10.1287/trsc.2023.1198
UDD,Traversal,30,80,34,18185,True,optimal,18185,False,Wahlen & Gschwind (2023),10.1287/trsc.2023.1198
UDD,Traversal,30,80,35,17003,True,optimal,17003,False,Wahlen & Gschwind (2023),10.1287/trsc.2023.1198
UDD,Traversal,30,80,36,18504,True,optimal,18504,False,Wahlen & Gschwind (2023),10.1287/trsc.2023.1198
UDD,Traversal,30,80,37,17747,True,optimal,17747,False,Wahlen & Gschwind (2023),10.1287/trsc.2023.1198
UDD,Traversal,30,80,38,18341,True,optimal,18341,False,Wahlen & Gschwind (2023),10.1287/trsc.2023.1198
UDD,Traversal,30,80,39,16301,True,optimal,16301,False,Wahlen & Gschwind (2023),10.1287/trsc.2023.1198
UDD,Traversal,30,90,0,19410,True,optimal,19410,False,Wahlen & Gschwind (2023),10.1287/trsc.2023.1198
UDD,Traversal,30,90,1,19020,True,optimal,19020,False,Wahlen & Gschwind (2023),10.1287/trsc.2023.1198
UDD,Traversal,30,90,2,19491,True,optimal,19491,False,Wahlen & Gschwind (2023),10.1287/trsc.2023.1198
UDD,Traversal,30,90,3,20086,True,optimal,20086,False,Wahlen & Gschwind (2023),10.1287/trsc.2023.1198
UDD,Traversal,30,90,4,19108,True,optimal,19108,False,Wahlen & Gschwind (2023),10.1287/trsc.2023.1198
UDD,Traversal,30,90,5,19633,True,optimal,19633,False,Wahlen & Gschwind (2023),10.1287/trsc.2023.1198
UDD,Traversal,30,90,6,19717,True,optimal,19717,False,Wahlen & Gschwind (2023),10.1287/trsc.2023.1198
UDD,Traversal,30,90,7,21090,True,optimal,21090,False,Wahlen & Gschwind (2023),10.1287/trsc.2023.1198
UDD,Traversal,30,90,8,20042,True,optimal,20042,False,Wahlen & Gschwind (2023),10.1287/trsc.2023.1198
UDD,Traversal,30,90,9,18784,True,optimal,18784,False,Wahlen & Gschwind (2023),10.1287/trsc.2023.1198
UDD,Traversal,30,90,10,21981,True,optimal,21981,False,Wahlen & Gschwind (2023),10.1287/trsc.2023.1198
UDD,Traversal,30,90,11,19655,True,optimal,19655,False,Wahlen & Gschwind (2023),10.1287/trsc.2023.1198
UDD,Traversal,30,90,12,17589,True,optimal,17589,False,Wahlen & Gschwind (2023),10.1287/trsc.2023.1198
UDD,Traversal,30,90,13,18445,True,optimal,18445,False,Wahlen & Gschwind (2023),10.1287/trsc.2023.1198
UDD,Traversal,30,90,14,18262,True,optimal,18262,False,Wahlen & Gschwind (2023),10.1287/trsc.2023.1198
UDD,Traversal,30,90,15,20967,True,optimal,20967,False,Wahlen & Gschwind (2023),10.1287/trsc.2023.1198
UDD,Traversal,30,90,16,18133,True,optimal,18133,False,Wahlen & Gschwind (2023),10.1287/trsc.2023.1198
UDD,Traversal,30,90,17,17290,True,optimal,17290,False,Wahlen & Gschwind (2023),10.1287/trsc.2023.1198
UDD,Traversal,30,90,18,19764,True,optimal,19764,False,Wahlen & Gschwind (2023),10.1287/trsc.2023.1198
UDD,Traversal,30,90,19,18334,True,optimal,18334,False,Wahlen & Gschwind (2023),10.1287/trsc.2023.1198
UDD,Traversal,30,90,20,20835,True,optimal,20835,False,Wahlen & Gschwind (2023),10.1287/trsc.2023.1198
UDD,Traversal,30,90,21,18529,True,optimal,18529,False,Wahlen & Gschwind (2023),10.1287/trsc.2023.1198
UDD,Traversal,30,90,22,19463,True,optimal,19463,False,Wahlen & Gschwind (2023),10.1287/trsc.2023.1198
UDD,Traversal,30,90,23,19218,True,optimal,19218,False,Wahlen & Gschwind (2023),10.1287/trsc.2023.1198
UDD,Traversal,30,90,24,18403,True,optimal,18403,False,Wahlen & Gschwind (2023),10.1287/trsc.2023.1198
UDD,Traversal,30,90,25,19083,True,optimal,19083,False,Wahlen & Gschwind (2023),10.1287/trsc.2023.1198
UDD,Traversal,30,90,26,20176,True,optimal,20176,False,Wahlen & Gschwind (2023),10.1287/trsc.2023.1198
UDD,Traversal,30,90,27,18943,True,optimal,18943,False,Wahlen & Gschwind (2023),10.1287/trsc.2023.1198
UDD,Traversal,30,90,28,21184,True,optimal,21184,False,Wahlen & Gschwind (2023),10.1287/trsc.2023.1198
UDD,Traversal,30,90,29,20266,True,optimal,20266,False,Wahlen & Gschwind (2023),10.1287/trsc.2023.1198
UDD,Traversal,30,90,30,22040,True,optimal,22040,False,Wahlen & Gschwind (2023),10.1287/trsc.2023.1198
UDD,Traversal,30,90,31,19147,True,optimal,19147,False,Wahlen & Gschwind (2023),10.1287/trsc.2023.1198
UDD,Traversal,30,90,32,18800,True,optimal,18800,False,Wahlen & Gschwind (2023),10.1287/trsc.2023.1198
UDD,Traversal,30,90,33,20693,True,optimal,20693,False,Wahlen & Gschwind (2023),10.1287/trsc.2023.1198
UDD,Traversal,30,90,34,19692,True,optimal,19692,False,Wahlen & Gschwind (2023),10.1287/trsc.2023.1198
UDD,Traversal,30,90,35,19714,True,optimal,19714,False,Wahlen & Gschwind (2023),10.1287/trsc.2023.1198
UDD,Traversal,30,90,36,20936,True,optimal,20936,False,Wahlen & Gschwind (2023),10.1287/trsc.2023.1198
UDD,Traversal,30,90,37,19131,True,optimal,19131,False,Wahlen & Gschwind (2023),10.1287/trsc.2023.1198
UDD,Traversal,30,90,38,19768,True,optimal,19768,False,Wahlen & Gschwind (2023),10.1287/trsc.2023.1198
UDD,Traversal,30,90,39,19529,True,optimal,19529,False,Wahlen & Gschwind (2023),10.1287/trsc.2023.1198
UDD,Traversal,30,100,0,20397,True,optimal,20397,False,Wahlen & Gschwind (2023),10.1287/trsc.2023.1198
UDD,Traversal,30,100,1,23887,True,optimal,23887,False,Wahlen & Gschwind (2023),10.1287/trsc.2023.1198
UDD,Traversal,30,100,2,22093,True,optimal,22093,False,Wahlen & Gschwind (2023),10.1287/trsc.2023.1198
UDD,Traversal,30,100,3,21831,True,optimal,21831,False,Wahlen & Gschwind (2023),10.1287/trsc.2023.1198
UDD,Traversal,30,100,4,24854,True,optimal,24854,False,Wahlen & Gschwind (2023),10.1287/trsc.2023.1198
UDD,Traversal,30,100,5,21854,True,optimal,21854,False,Wahlen & Gschwind (2023),10.1287/trsc.2023.1198
UDD,Traversal,30,100,6,21375,True,optimal,21375,False,Wahlen & Gschwind (2023),10.1287/trsc.2023.1198
UDD,Traversal,30,100,7,22684,True,optimal,22684,False,Wahlen & Gschwind (2023),10.1287/trsc.2023.1198
UDD,Traversal,30,100,8,22385,True,optimal,22385,False,Wahlen & Gschwind (2023),10.1287/trsc.2023.1198
UDD,Traversal,30,100,9,21107,True,optimal,21107,False,Wahlen & Gschwind (2023),10.1287/trsc.2023.1198
UDD,Traversal,30,100,10,21184,True,optimal,21184,False,Wahlen & Gschwind (2023),10.1287/trsc.2023.1198
UDD,Traversal,30,100,11,20511,True,optimal,20511,False,Wahlen & Gschwind (2023),10.1287/trsc.2023.1198
UDD,Traversal,30,100,12,22257,True,optimal,22257,False,Wahlen & Gschwind (2023),10.1287/trsc.2023.1198
UDD,Traversal,30,100,13,22778,True,optimal,22778,False,Wahlen & Gschwind (2023),10.1287/trsc.2023.1198
UDD,Traversal,30,100,14,20551,True,optimal,20551,False,Wahlen & Gschwind (2023),10.1287/trsc.2023.1198
UDD,Traversal,30,100,15,22267,True,optimal,22267,False,Wahlen & Gschwind (2023),10.1287/trsc.2023.1198
UDD,Traversal,30,100,16,22263,True,optimal,22263,False,Wahlen & Gschwind (2023),10.1287/trsc.2023.1198
UDD,Traversal,30,100,17,21037,True,optimal,21037,False,Wahlen & Gschwind (2023),10.1287/trsc.2023.1198
UDD,Traversal,30,100,18,25656,True,optimal,25656,False,Wahlen & Gschwind (2023),10.1287/trsc.2023.1198
UDD,Traversal,30,100,19,21408,True,optimal,21408,False,Wahlen & Gschwind (2023),10.1287/trsc.2023.1198
UDD,Traversal,30,100,20,22338,True,optimal,22338,False,Wahlen & Gschwind (2023),10.1287/trsc.2023.1198
UDD,Traversal,30,100,21,20397,True,optimal,20397,False,Wahlen & Gschwind (2023),10.1287/trsc.2023.1198
UDD,Traversal,30,100,22,22442,True,optimal,22442,False,Wahlen & Gschwind (2023),10.1287/trsc.2023.1198
UDD,Traversal,30,100,23,20698,True,optimal,20698,False,Wahlen & Gschwind (2023),10.1287/trsc.2023.1198
UDD,Traversal,30,100,24,20229,True,optimal,20229,False,Wahlen & Gschwind (2023),10.1287/trsc.2023.1198
UDD,Traversal,30,100,25,21195,True,optimal,21195,False,Wahlen & Gschwind (2023),10.1287/trsc.2023.1198
UDD,Traversal,30,100,26,21508,True,optimal,21508,False,Wahlen & Gschwind (2023),10.1287/trsc.2023.1198
UDD,Traversal,30,100,27,20272,True,optimal,20272,False,Wahlen & Gschwind (2023),10.1287/trsc.2023.1198
UDD,Traversal,30,100,28,21229,True,optimal,21229,False,Wahlen & Gschwind (2023),10.1287/trsc.2023.1198
UDD,Traversal,30,100,29,20518,True,optimal,20518,False,Wahlen & Gschwind (2023),10.1287/trsc.2023.1198
UDD,Traversal,30,100,30,21978,True,optimal,21978,False,Wahlen & Gschwind (2023),10.1287/trsc.2023.1198
UDD,Traversal,30,100,31,24247,True,optimal,24247,False,Wahlen & Gschwind (2023),10.1287/trsc.2023.1198
UDD,Traversal,30,100,32,20232,True,optimal,20232,False,Wahlen & Gschwind (2023),10.1287/trsc.2023.1198
UDD,Traversal,30,100,33,20734,True,optimal,20734,False,Wahlen & Gschwind (2023),10.1287/trsc.2023.1198
UDD,Traversal,30,100,34,22176,True,optimal,22176,False,Wahlen & Gschwind (2023),10.1287/trsc.2023.1198
UDD,Traversal,30,100,35,22395,True,optimal,22395,False,Wahlen & Gschwind (2023),10.1287/trsc.2023.1198
UDD,Traversal,30,100,36,20219,True,optimal,20219,False,Wahlen & Gschwind (2023),10.1287/trsc.2023.1198
UDD,Traversal,30,100,37,22924,True,optimal,22924,False,Wahlen & Gschwind (2023),10.1287/trsc.2023.1198
UDD,Traversal,30,100,38,24028,True,optimal,24028,False,Wahlen & Gschwind (2023),10.1287/trsc.2023.1198
UDD,Traversal,30,100,39,21158,True,optimal,21158,False,Wahlen & Gschwind (2023),10.1287/trsc.2023.1198
UDD,Traversal,45,20,0,3674,True,optimal,3674,False,Wahlen & Gschwind (2023),10.1287/trsc.2023.1198
UDD,Traversal,45,20,1,2904,True,optimal,2904,False,Wahlen & Gschwind (2023),10.1287/trsc.2023.1198
UDD,Traversal,45,20,2,3513,True,optimal,3513,False,Wahlen & Gschwind (2023),10.1287/trsc.2023.1198
UDD,Traversal,45,20,3,3284,True,optimal,3284,False,Wahlen & Gschwind (2023),10.1287/trsc.2023.1198
UDD,Traversal,45,20,4,3425,True,optimal,3425,False,Wahlen & Gschwind (2023),10.1287/trsc.2023.1198
UDD,Traversal,45,20,5,4183,True,optimal,4183,False,Wahlen & Gschwind (2023),10.1287/trsc.2023.1198
UDD,Traversal,45,20,6,3291,True,optimal,3291,False,Wahlen & Gschwind (2023),10.1287/trsc.2023.1198
UDD,Traversal,45,20,7,2825,True,optimal,2825,False,Wahlen & Gschwind (2023),10.1287/trsc.2023.1198
UDD,Traversal,45,20,8,3842,True,optimal,3842,False,Wahlen & Gschwind (2023),10.1287/trsc.2023.1198
UDD,Traversal,45,20,9,3077,True,optimal,3077,False,Wahlen & Gschwind (2023),10.1287/trsc.2023.1198
UDD,Traversal,45,20,10,2912,True,optimal,2912,False,Wahlen & Gschwind (2023),10.1287/trsc.2023.1198
UDD,Traversal,45,20,11,3757,True,optimal,3757,False,Wahlen & Gschwind (2023),10.1287/trsc.2023.1198
UDD,Traversal,45,20,12,3671,True,optimal,3671,False,Wahlen & Gschwind (2023),10.1287/trsc.2023.1198
UDD,Traversal,45,20,13,3333,True,optimal,3333,False,Wahlen & Gschwind (2023),10.1287/trsc.2023.1198
UDD,Traversal,45,20,14,2866,True,optimal,2866,False,Wahlen & Gschwind (2023),10.1287/trsc.2023.1198
UDD,Traversal,45,20,15,2824,True,optimal,2824,False,Wahlen & Gschwind (2023),10.1287/trsc.2023.1198
UDD,Traversal,45,20,16,3282,True,optimal,3282,False,Wahlen & Gschwind (2023),10.1287/trsc.2023.1198
UDD,Traversal,45,20,17,3192,True,optimal,3192,False,Wahlen & Gschwind (2023),10.1287/trsc.2023.1198
UDD,Traversal,45,20,18,3245,True,optimal,3245,False,Wahlen & Gschwind (2023),10.1287/trsc.2023.1198
UDD,Traversal,45,20,19,2911,True,optimal,2911,False,Wahlen & Gschwind (2023),10.1287/trsc.2023.1198
UDD,Traversal,45,20,20,3466,True,optimal,3466,False,Wahlen & Gschwind (2023),10.1287/trsc.2023.1198
UDD,Traversal,45,20,21,3297,True,optimal,3297,False,Wahlen & Gschwind (2023),10.1287/trsc.2023.1198
UDD,Traversal,45,20,22,2931,True,optimal,2931,False,Wahlen & Gschwind (2023),10.1287/trsc.2023.1198
UDD,Traversal,45,20,23,2704,True,optimal,2704,False,Wahlen & Gschwind (2023),10.1287/trsc.2023.1198
UDD,Traversal,45,20,24,3326,True,optimal,3326,False,Wahlen & Gschwind (2023),10.1287/trsc.2023.1198
UDD,Traversal,45,20,25,2890,True,optimal,2890,False,Wahlen & Gschwind (2023),10.1287/trsc.2023.1198
UDD,Traversal,45,20,26,3138,True,optimal,3138,False,Wahlen & Gschwind (2023),10.1287/trsc.2023.1198
UDD,Traversal,45,20,27,2824,True,optimal,2824,False,Wahlen & Gschwind (2023),10.1287/trsc.2023.1198
UDD,Traversal,45,20,28,2908,True,optimal,2908,False,Wahlen & Gschwind (2023),10.1287/trsc.2023.1198
UDD,Traversal,45,20,29,3069,True,optimal,3069,False,Wahlen & Gschwind (2023),10.1287/trsc.2023.1198
UDD,Traversal,45,20,30,2882,True,optimal,2882,False,Wahlen & Gschwind (2023),10.1287/trsc.2023.1198
UDD,Traversal,45,20,31,3285,True,optimal,3285,False,Wahlen & Gschwind (2023),10.1287/trsc.2023.1198
UDD,Traversal,45,20,32,3242,True,optimal,3242,False,Wahlen & Gschwind (2023),10.1287/trsc.2023.1198
UDD,Traversal,45,20,33,3777,True,optimal,3777,False,Wahlen & Gschwind (2023),10.1287/trsc.2023.1198
UDD,Traversal,45,20,34,3058,True,optimal,3058,False,Wahlen & Gschwind (2023),10.1287/trsc.2023.1198
UDD,Traversal,45,20,35,2797,True,optimal,2797,False,Wahlen & Gschwind (2023),10.1287/trsc.2023.1198
UDD,Traversal,45,20,36,3255,True,optimal,3255,False,Wahlen & Gschwind (2023),10.1287/trsc.2023.1198
UDD,Traversal,45,20,37,2935,True,optimal,2935,False,Wahlen & Gschwind (2023),10.1287/trsc.2023.1198
UDD,Traversal,45,20,38,2957,True,optimal,2957,False,Wahlen & Gschwind (2023),10.1287/trsc.2023.1198
UDD,Traversal,45,20,39,3220,True,optimal,3220,False,Wahlen & Gschwind (2023),10.1287/trsc.2023.1198
UDD,Traversal,45,30,0,4621,True,optimal,4621,False,Wahlen & Gschwind (2023),10.1287/trsc.2023.1198
UDD,Traversal,45,30,1,5664,True,optimal,5664,False,Wahlen & Gschwind (2023),10.1287/trsc.2023.1198
UDD,Traversal,45,30,2,4797,True,optimal,4797,False,Wahlen & Gschwind (2023),10.1287/trsc.2023.1198
UDD,Traversal,45,30,3,4274,True,optimal,4274,False,Wahlen & Gschwind (2023),10.1287/trsc.2023.1198
UDD,Traversal,45,30,4,5198,True,optimal,5198,False,Wahlen & Gschwind (2023),10.1287/trsc.2023.1198
UDD,Traversal,45,30,5,4668,True,optimal,4668,False,Wahlen & Gschwind (2023),10.1287/trsc.2023.1198
UDD,Traversal,45,30,6,5230,True,optimal,5230,False,Wahlen & Gschwind (2023),10.1287/trsc.2023.1198
UDD,Traversal,45,30,7,5259,True,optimal,5259,False,Wahlen & Gschwind (2023),10.1287/trsc.2023.1198
UDD,Traversal,45,30,8,5202,True,optimal,5202,False,Wahlen & Gschwind (2023),10.1287/trsc.2023.1198
UDD,Traversal,45,30,9,4491,True,optimal,4491,False,Wahlen & Gschwind (2023),10.1287/trsc.2023.1198
UDD,Traversal,45,30,10,4747,True,optimal,4747,False,Wahlen & Gschwind (2023),10.1287/trsc.2023.1198
UDD,Traversal,45,30,11,5285,True,optimal,5285,False,Wahlen & Gschwind (2023),10.1287/trsc.2023.1198
UDD,Traversal,45,30,12,4634,True,optimal,4634,False,Wahlen & Gschwind (2023),10.1287/trsc.2023.1198
UDD,Traversal,45,30,13,4807,True,optimal,4807,False,Wahlen & Gschwind (2023),10.1287/trsc.2023.1198
UDD,Traversal,45,30,14,4113,True,optimal,4113,False,Wahlen & Gschwind (2023),10.1287/trsc.2023.1198
UDD,Traversal,45,30,15,5066,True,optimal,5066,False,Wahlen & Gschwind (2023),10.1287/trsc.2023.1198
UDD,Traversal,45,30,16,5146,True,optimal,5146,False,Wahlen & Gschwind (2023),10.1287/trsc.2023.1198
UDD,Traversal,45,30,17,5066,True,optimal,5066,False,Wahlen & Gschwind (2023),10.1287/trsc.2023.1198
UDD,Traversal,45,30,18,4789,True,optimal,4789,False,Wahlen & Gschwind (2023),10.1287/trsc.2023.1198
UDD,Traversal,45,30,19,4707,True,optimal,4707,False,Wahlen & Gschwind (2023),10.1287/trsc.2023.1198
UDD,Traversal,45,30,20,4054,True,optimal,4054,False,Wahlen & Gschwind (2023),10.1287/trsc.2023.1198
UDD,Traversal,45,30,21,5200,True,optimal,5200,False,Wahlen & Gschwind (2023),10.1287/trsc.2023.1198
UDD,Traversal,45,30,22,5518,True,optimal,5518,False,Wahlen & Gschwind (2023),10.1287/trsc.2023.1198
UDD,Traversal,45,30,23,4781,True,optimal,4781,False,Wahlen & Gschwind (2023),10.1287/trsc.2023.1198
UDD,Traversal,45,30,24,4777,True,optimal,4777,False,Wahlen & Gschwind (2023),10.1287/trsc.2023.1198
UDD,Traversal,45,30,25,5305,True,optimal,5305,False,Wahlen & Gschwind (2023),10.1287/trsc.2023.1198
UDD,Traversal,45,30,26,5064,True,optimal,5064,False,Wahlen & Gschwind (2023),10.1287/trsc.2023.1198
UDD,Traversal,45,30,27,4733,True,optimal,4733,False,Wahlen & Gschwind (2023),10.1287/trsc.2023.1198
UDD,Traversal,45,30,28,4907,True,optimal,4907,False,Wahlen & Gschwind (2023),10.1287/trsc.2023.1198
UDD,Traversal,45,30,29,4751,True,optimal,4751,False,Wahlen & Gschwind (2023),10.1287/trsc.2023.1198
UDD,Traversal,45,30,30,4880,True,optimal,4880,False,Wahlen & Gschwind (2023),10.1287/trsc.2023.1198
UDD,Traversal,45,30,31,4697,True,optimal,4697,False,Wahlen & Gschwind (2023),10.1287/trsc.2023.1198
UDD,Traversal,45,30,32,4582,True,optimal,4582,False,Wahlen & Gschwind (2023),10.1287/trsc.2023.1198
UDD,Traversal,45,30,33,4795,True,optimal,4795,False,Wahlen & Gschwind (2023),10.1287/trsc.2023.1198
UDD,Traversal,45,30,34,4798,True,optimal,4798,False,Wahlen & Gschwind (2023),10.1287/trsc.2023.1198
UDD,Traversal,45,30,35,5221,True,optimal,5221,False,Wahlen & Gschwind (2023),10.1287/trsc.2023.1198
UDD,Traversal,45,30,36,4202,True,optimal,4202,False,Wahlen & Gschwind (2023),10.1287/trsc.2023.1198
UDD,Traversal,45,30,37,4102,True,optimal,4102,False,Wahlen & Gschwind (2023),10.1287/trsc.2023.1198
UDD,Traversal,45,30,38,4667,True,optimal,4667,False,Wahlen & Gschwind (2023),10.1287/trsc.2023.1198
UDD,Traversal,45,30,39,4283,True,optimal,4283,False,Wahlen & Gschwind (2023),10.1287/trsc.2023.1198
UDD,Traversal,45,40,0,6085,True,optimal,6085,False,Wahlen & Gschwind (2023),10.1287/trsc.2023.1198
UDD,Traversal,45,40,1,7017,True,optimal,7017,False,Wahlen & Gschwind (2023),10.1287/trsc.2023.1198
UDD,Traversal,45,40,2,6809,True,optimal,6809,False,Wahlen & Gschwind (2023),10.1287/trsc.2023.1198
UDD,Traversal,45,40,3,6632,True,optimal,6632,False,Wahlen & Gschwind (2023),10.1287/trsc.2023.1198
UDD,Traversal,45,40,4,6169,True,optimal,6169,False,Wahlen & Gschwind (2023),10.1287/trsc.2023.1198
UDD,Traversal,45,40,5,5936,True,optimal,5936,False,Wahlen & Gschwind (2023),10.1287/trsc.2023.1198
UDD,Traversal,45,40,6,6165,True,optimal,6165,False,Wahlen & Gschwind (2023),10.1287/trsc.2023.1198
UDD,Traversal,45,40,7,5585,True,optimal,5585,False,Wahlen & Gschwind (2023),10.1287/trsc.2023.1198
UDD,Traversal,45,40,8,6098,True,optimal,6098,False,Wahlen & Gschwind (2023),10.1287/trsc.2023.1198
UDD,Traversal,45,40,9,6021,True,optimal,6021,False,Wahlen & Gschwind (2023),10.1287/trsc.2023.1198
UDD,Traversal,45,40,10,6569,True,optimal,6569,False,Wahlen & Gschwind (2023),10.1287/trsc.2023.1198
UDD,Traversal,45,40,11,7015,True,optimal,7015,False,Wahlen & Gschwind (2023),10.1287/trsc.2023.1198
UDD,Traversal,45,40,12,6148,True,optimal,6148,False,Wahlen & Gschwind (2023),10.1287/trsc.2023.1198
UDD,Traversal,45,40,13,6134,True,optimal,6134,False,Wahlen & Gschwind (2023),10.1287/trsc.2023.1198
UDD,Traversal,45,40,14,6235,True,optimal,6235,False,Wahlen & Gschwind (2023),10.1287/trsc.2023.1198
UDD,Traversal,45,40,15,6516,True,optimal,6516,False,Wahlen & Gschwind (2023),10.1287/trsc.2023.1198
UDD,Traversal,45,40,16,5688,True,optimal,5688,False,Wahlen & Gschwind (2023),10.1287/trsc.2023.1198
UDD,Traversal,45,40,17,5734,True,optimal,5734,False,Wahlen & Gschwind (2023),10.1287/trsc.2023.1198
UDD,Traversal,45,40,18,5784,True,optimal,5784,False,Wahlen & Gschwind (2023),10.1287/trsc.2023.1198
UDD,Traversal,45,40,19,5641,True,optimal,5641,False,Wahlen & Gschwind (2023),10.1287/trsc.2023.1198
UDD,Traversal,45,40,20,6549,True,optimal,6549,False,Wahlen & Gschwind (2023),10.1287/trsc.2023.1198
UDD,Traversal,45,40,21,5981,True,optimal,5981,False,Wahlen & Gschwind (2023),10.1287/trsc.2023.1198
UDD,Traversal,45,40,22,6131,True,optimal,6131,False,Wahlen & Gschwind (2023),10.1287/trsc.2023.1198
UDD,Traversal,45,40,23,5585,True,optimal,5585,False,Wahlen & Gschwind (2023),10.1287/trsc.2023.1198
UDD,Traversal,45,40,24,6545,True,optimal,6545,False,Wahlen & Gschwind (2023),10.1287/trsc.2023.1198
UDD,Traversal,45,40,25,6031,True,optimal,6031,False,Wahlen & Gschwind (2023),10.1287/trsc.2023.1198
UDD,Traversal,45,40,26,6742,True,optimal,6742,False,Wahlen & Gschwind (2023),10.1287/trsc.2023.1198
UDD,Traversal,45,40,27,5648,True,optimal,5648,False,Wahlen & Gschwind (2023),10.1287/trsc.2023.1198
UDD,Traversal,45,40,28,5959,True,optimal,5959,False,Wahlen & Gschwind (2023),10.1287/trsc.2023.1198
UDD,Traversal,45,40,29,6135,True,optimal,6135,False,Wahlen & Gschwind (2023),10.1287/trsc.2023.1198
UDD,Traversal,45,40,30,6219,True,optimal,6219,False,Wahlen & Gschwind (2023),10.1287/trsc.2023.1198
UDD,Traversal,45,40,31,6528,True,optimal,6528,False,Wahlen & Gschwind (2023),10.1287/trsc.2023.1198
UDD,Traversal,45,40,32,5584,True,optimal,5584,False,Wahlen & Gschwind (2023),10.1287/trsc.2023.1198
UDD,Traversal,45,40,33,5484,True,optimal,5484,False,Wahlen & Gschwind (2023),10.1287/trsc.2023.1198
UDD,Traversal,45,40,34,6561,True,optimal,6561,False,Wahlen & Gschwind (2023),10.1287/trsc.2023.1198
UDD,Traversal,45,40,35,5969,True,optimal,5969,False,Wahlen & Gschwind (2023),10.1287/trsc.2023.1198
UDD,Traversal,45,40,36,6786,True,optimal,6786,False,Wahlen & Gschwind (2023),10.1287/trsc.2023.1198
UDD,Traversal,45,40,37,6181,True,optimal,6181,False,Wahlen & Gschwind (2023),10.1287/trsc.2023.1198
UDD,Traversal,45,40,38,6534,True,optimal,6534,False,Wahlen & Gschwind (2023),10.1287/trsc.2023.1198
UDD,Traversal,45,40,39,6756,True,optimal,6756,False,Wahlen & Gschwind (2023),10.1287/trsc.2023.1198
UDD,Traversal,45,50,0,7547,True,optimal,7547,False,Wahlen & Gschwind (2023),10.1287/trsc.2023.1198
UDD,Traversal,45,50,1,7554,True,optimal,7554,False,Wahlen & Gschwind (2023),10.1287/trsc.2023.1198
UDD,Traversal,45,50,2,8477,True,optimal,8477,False,Wahlen & Gschwind (2023),10.1287/trsc.2023.1198
UDD,Traversal,45,50,3,8644,True,optimal,8644,False,Wahlen & Gschwind (2023),10.1287/trsc.2023.1198
UDD,Traversal,45,50,4,7401,True,optimal,7401,False,Wahlen & Gschwind (2023),10.1287/trsc.2023.1198
UDD,Traversal,45,50,5,7846,True,optimal,7846,False,Wahlen & Gschwind (2023),10.1287/trsc.2023.1198
UDD,Traversal,45,50,6,8020,True,optimal,8020,False,Wahlen & Gschwind (2023),10.1287/trsc.2023.1198
UDD,Traversal,45,50,7,8425,True,optimal,8425,False,Wahlen & Gschwind (2023),10.1287/trsc.2023.1198
UDD,Traversal,45,50,8,7822,True,optimal,7822,False,Wahlen & Gschwind (2023),10.1287/trsc.2023.1198
UDD,Traversal,45,50,9,8428,True,optimal,8428,False,Wahlen & Gschwind (2023),10.1287/trsc.2023.1198
UDD,Traversal,45,50,10,8376,True,optimal,8376,False,Wahlen & Gschwind (2023),10.1287/trsc.2023.1198
UDD,Traversal,45,50,11,7830,True,optimal,7830,False,Wahlen & Gschwind (2023),10.1287/trsc.2023.1198
UDD,Traversal,45,50,12,7291,True,optimal,7291,False,Wahlen & Gschwind (2023),10.1287/trsc.2023.1198
UDD,Traversal,45,50,13,7367,True,optimal,7367,False,Wahlen & Gschwind (2023),10.1287/trsc.2023.1198
UDD,Traversal,45,50,14,7026,True,optimal,7026,False,Wahlen & Gschwind (2023),10.1287/trsc.2023.1198
UDD,Traversal,45,50,15,7554,True,optimal,7554,False,Wahlen & Gschwind (2023),10.1287/trsc.2023.1198
UDD,Traversal,45,50,16,7761,True,optimal,7761,False,Wahlen & Gschwind (2023),10.1287/trsc.2023.1198
UDD,Traversal,45,50,17,7918,True,optimal,7918,False,Wahlen & Gschwind (2023),10.1287/trsc.2023.1198
UDD,Traversal,45,50,18,7419,True,optimal,7419,False,Wahlen & Gschwind (2023),10.1287/trsc.2023.1198
UDD,Traversal,45,50,19,7996,True,optimal,7996,False,Wahlen & Gschwind (2023),10.1287/trsc.2023.1198
UDD,Traversal,45,50,20,8136,True,optimal,8136,False,Wahlen & Gschwind (2023),10.1287/trsc.2023.1198
UDD,Traversal,45,50,21,8566,True,optimal,8566,False,Wahlen & Gschwind (2023),10.1287/trsc.2023.1198
UDD,Traversal,45,50,22,7553,True,optimal,7553,False,Wahlen & Gschwind (2023),10.1287/trsc.2023.1198
UDD,Traversal,45,50,23,7571,True,optimal,7571,False,Wahlen & Gschwind (2023),10.1287/trsc.2023.1198
UDD,Traversal,45,50,24,7133,True,optimal,7133,False,Wahlen & Gschwind (2023),10.1287/trsc.2023.1198
UDD,Traversal,45,50,25,7473,True,optimal,7473,False,Wahlen & Gschwind (2023),10.1287/trsc.2023.1198
UDD,Traversal,45,50,26,7452,True,optimal,7452,False,Wahlen & Gschwind (2023),10.1287/trsc.2023.1198
UDD,Traversal,45,50,27,7446,True,optimal,7446,False,Wahlen & Gschwind (2023),10.1287/trsc.2023.1198
UDD,Traversal,45,50,28,7264,True,optimal,7264,False,Wahlen & Gschwind (2023),10.1287/trsc.2023.1198
UDD,Traversal,45,50,29,7198,True,optimal,7198,False,Wahlen & Gschwind (2023),10.1287/trsc.2023.1198
UDD,Traversal,45,50,30,7420,True,optimal,7420,False,Wahlen & Gschwind (2023),10.1287/trsc.2023.1198
UDD,Traversal,45,50,31,7371,True,optimal,7371,False,Wahlen & Gschwind (2023),10.1287/trsc.2023.1198
UDD,Traversal,45,50,32,7744,True,optimal,7744,False,Wahlen & Gschwind (2023),10.1287/trsc.2023.1198
UDD,Traversal,45,50,33,8141,True,optimal,8141,False,Wahlen & Gschwind (2023),10.1287/trsc.2023.1198
UDD,Traversal,45,50,34,7501,True,optimal,7501,False,Wahlen & Gschwind (2023),10.1287/trsc.2023.1198
UDD,Traversal,45,50,35,7644,True,optimal,7644,False,Wahlen & Gschwind (2023),10.1287/trsc.2023.1198
UDD,Traversal,45,50,36,7961,True,optimal,7961,False,Wahlen & Gschwind (2023),10.1287/trsc.2023.1198
UDD,Traversal,45,50,37,7556,True,optimal,7556,False,Wahlen & Gschwind (2023),10.1287/trsc.2023.1198
UDD,Traversal,45,50,38,7783,True,optimal,7783,False,Wahlen & Gschwind (2023),10.1287/trsc.2023.1198
UDD,Traversal,45,50,39,7229,True,optimal,7229,False,Wahlen & Gschwind (2023),10.1287/trsc.2023.1198
UDD,Traversal,45,60,0,9338,True,optimal,9338,False,Wahlen & Gschwind (2023),10.1287/trsc.2023.1198
UDD,Traversal,45,60,1,8951,True,optimal,8951,False,Wahlen & Gschwind (2023),10.1287/trsc.2023.1198
UDD,Traversal,45,60,2,7338,True,optimal,7338,False,Wahlen & Gschwind (2023),10.1287/trsc.2023.1198
UDD,Traversal,45,60,3,8387,True,optimal,8387,False,Wahlen & Gschwind (2023),10.1287/trsc.2023.1198
UDD,Traversal,45,60,4,9145,True,optimal,9145,False,Wahlen & Gschwind (2023),10.1287/trsc.2023.1198
UDD,Traversal,45,60,5,9205,True,optimal,9205,False,Wahlen & Gschwind (2023),10.1287/trsc.2023.1198
UDD,Traversal,45,60,6,9762,True,optimal,9762,False,Wahlen & Gschwind (2023),10.1287/trsc.2023.1198
UDD,Traversal,45,60,7,9491,True,optimal,9491,False,Wahlen & Gschwind (2023),10.1287/trsc.2023.1198
UDD,Traversal,45,60,8,10146,True,optimal,10146,False,Wahlen & Gschwind (2023),10.1287/trsc.2023.1198
UDD,Traversal,45,60,9,9522,True,optimal,9522,False,Wahlen & Gschwind (2023),10.1287/trsc.2023.1198
UDD,Traversal,45,60,10,8651,True,optimal,8651,False,Wahlen & Gschwind (2023),10.1287/trsc.2023.1198
UDD,Traversal,45,60,11,9876,True,optimal,9876,False,Wahlen & Gschwind (2023),10.1287/trsc.2023.1198
UDD,Traversal,45,60,12,9325,True,optimal,9325,False,Wahlen & Gschwind (2023),10.1287/trsc.2023.1198
UDD,Traversal,45,60,13,8781,True,optimal,8781,False,Wahlen & Gschwind (2023),10.1287/trsc.2023.1198
UDD,Traversal,45,60,14,9862,True,optimal,9862,False,Wahlen & Gschwind (2023),10.1287/trsc.2023.1198
UDD,Traversal,45,60,15,8697,True,optimal,8697,False,Wahlen & Gschwind (2023),10.1287/trsc.2023.1198
UDD,Traversal,45,60,16,8733,True,optimal,8733,False,Wahlen & Gschwind (2023),10.1287/trsc.2023.1198
UDD,Traversal,45,60,17,8594,True,optimal,8594,False,Wahlen & Gschwind (2023),10.1287/trsc.2023.1198
UDD,Traversal,45,60,18,9604,True,optimal,9604,False,Wahlen & Gschwind (2023),10.1287/trsc.2023.1198
UDD,Traversal,45,60,19,9189,True,optimal,9189,False,Wahlen & Gschwind (2023),10.1287/trsc.2023.1198
UDD,Traversal,45,60,20,8760,True,optimal,8760,False,Wahlen & Gschwind (2023),10.1287/trsc.2023.1198
UDD,Traversal,45,60,21,9246,True,optimal,9246,False,Wahlen & Gschwind (2023),10.1287/trsc.2023.1198
UDD,Traversal,45,60,22,9528,True,optimal,9528,False,Wahlen & Gschwind (2023),10.1287/trsc.2023.1198
UDD,Traversal,45,60,23,8587,True,optimal,8587,False,Wahlen & Gschwind (2023),10.1287/trsc.2023.1198
UDD,Traversal,45,60,24,9500,True,optimal,9500,False,Wahlen & Gschwind (2023),10.1287/trsc.2023.1198
UDD,Traversal,45,60,25,9150,True,optimal,9150,False,Wahlen & Gschwind (2023),10.1287/trsc.2023.1198
UDD,Traversal,45,60,26,9175,True,optimal,9175,False,Wahlen & Gschwind (2023),10.1287/trsc.2023.1198
UDD,Traversal,45,60,27,9364,True,optimal,9364,False,Wahlen & Gschwind (2023),10.1287/trsc.2023.1198
UDD,Traversal,45,60,28,8977,True,optimal,8977,False,Wahlen & Gschwind (2023),10.1287/trsc.2023.1198
UDD,Traversal,45,60,29,7838,True,optimal,7838,False,Wahlen & Gschwind (2023),10.1287/trsc.2023.1198
UDD,Traversal,45,60,30,9845,True,optimal,9845,False,Wahlen & Gschwind (2023),10.1287/trsc.2023.1198
UDD,Traversal,45,60,31,8409,True,optimal,8409,False,Wahlen & Gschwind (2023),10.1287/trsc.2023.1198
UDD,Traversal,45,60,32,9774,True,optimal,9774,False,Wahlen & Gschwind (2023),10.1287/trsc.2023.1198
UDD,Traversal,45,60,33,9356,True,optimal,9356,False,Wahlen & Gschwind (2023),10.1287/trsc.2023.1198
UDD,Traversal,45,60,34,9412,True,optimal,9412,False,Wahlen & Gschwind (2023),10.1287/trsc.2023.1198
UDD,Traversal,45,60,35,8769,True,optimal,8769,False,Wahlen & Gschwind (2023),10.1287/trsc.2023.1198
UDD,Traversal,45,60,36,9155,True,optimal,9155,False,Wahlen & Gschwind (2023),10.1287/trsc.2023.1198
UDD,Traversal,45,60,37,8057,True,optimal,8057,False,Wahlen & Gschwind (2023),10.1287/trsc.2023.1198
UDD,Traversal,45,60,38,8971,True,optimal,8971,False,Wahlen & Gschwind (2023),10.1287/trsc.2023.1198
UDD,Traversal,45,60,39,8828,True,optimal,8828,False,Wahlen & Gschwind (2023),10.1287/trsc.2023.1198
UDD,Traversal,45,70,0,9544,True,optimal,9544,False,Wahlen & Gschwind (2023),10.1287/trsc.2023.1198
UDD,Traversal,45,70,1,11145,True,optimal,11145,False,Wahlen & Gschwind (2023),10.1287/trsc.2023.1198
UDD,Traversal,45,70,2,11154,True,optimal,11154,False,Wahlen & Gschwind (2023),10.1287/trsc.2023.1198
UDD,Traversal,45,70,3,10206,True,optimal,10206,False,Wahlen & Gschwind (2023),10.1287/trsc.2023.1198
UDD,Traversal,45,70,4,11173,True,optimal,11173,False,Wahlen & Gschwind (2023),10.1287/trsc.2023.1198
UDD,Traversal,45,70,5,10538,True,optimal,10538,False,Wahlen & Gschwind (2023),10.1287/trsc.2023.1198
UDD,Traversal,45,70,6,10322,True,optimal,10322,False,Wahlen & Gschwind (2023),10.1287/trsc.2023.1198
UDD,Traversal,45,70,7,10330,True,optimal,10330,False,Wahlen & Gschwind (2023),10.1287/trsc.2023.1198
UDD,Traversal,45,70,8,10694,True,optimal,10694,False,Wahlen & Gschwind (2023),10.1287/trsc.2023.1198
UDD,Traversal,45,70,9,10868,True,optimal,10868,False,Wahlen & Gschwind (2023),10.1287/trsc.2023.1198
UDD,Traversal,45,70,10,11016,True,optimal,11016,False,Wahlen & Gschwind (2023),10.1287/trsc.2023.1198
UDD,Traversal,45,70,11,10698,True,optimal,10698,False,Wahlen & Gschwind (2023),10.1287/trsc.2023.1198
UDD,Traversal,45,70,12,10834,True,optimal,10834,False,Wahlen & Gschwind (2023),10.1287/trsc.2023.1198
UDD,Traversal,45,70,13,10171,True,optimal,10171,False,Wahlen & Gschwind (2023),10.1287/trsc.2023.1198
UDD,Traversal,45,70,14,11722,True,optimal,11722,False,Wahlen & Gschwind (2023),10.1287/trsc.2023.1198
UDD,Traversal,45,70,15,10910,True,optimal,10910,False,Wahlen & Gschwind (2023),10.1287/trsc.2023.1198
UDD,Traversal,45,70,16,11279,True,optimal,11279,False,Wahlen & Gschwind (2023),10.1287/trsc.2023.1198
UDD,Traversal,45,70,17,10180,True,optimal,10180,False,Wahlen & Gschwind (2023),10.1287/trsc.2023.1198
UDD,Traversal,45,70,18,11071,True,optimal,11071,False,Wahlen & Gschwind (2023),10.1287/trsc.2023.1198
UDD,Traversal,45,70,19,10019,True,optimal,10019,False,Wahlen & Gschwind (2023),10.1287/trsc.2023.1198
UDD,Traversal,45,70,20,10643,True,optimal,10643,False,Wahlen & Gschwind (2023),10.1287/trsc.2023.1198
UDD,Traversal,45,70,21,10846,True,optimal,10846,False,Wahlen & Gschwind (2023),10.1287/trsc.2023.1198
UDD,Traversal,45,70,22,9956,True,optimal,9956,False,Wahlen & Gschwind (2023),10.1287/trsc.2023.1198
UDD,Traversal,45,70,23,10191,True,optimal,10191,False,Wahlen & Gschwind (2023),10.1287/trsc.2023.1198
UDD,Traversal,45,70,24,10649,True,optimal,10649,False,Wahlen & Gschwind (2023),10.1287/trsc.2023.1198
UDD,Traversal,45,70,25,10592,True,optimal,10592,False,Wahlen & Gschwind (2023),10.1287/trsc.2023.1198
UDD,Traversal,45,70,26,10491,True,optimal,10491,False,Wahlen & Gschwind (2023),10.1287/trsc.2023.1198
UDD,Traversal,45,70,27,10841,True,optimal,10841,False,Wahlen & Gschwind (2023),10.1287/trsc.2023.1198
UDD,Traversal,45,70,28,10123,True,optimal,10123,False,Wahlen & Gschwind (2023),10.1287/trsc.2023.1198
UDD,Traversal,45,70,29,10536,True,optimal,10536,False,Wahlen & Gschwind (2023),10.1287/trsc.2023.1198
UDD,Traversal,45,70,30,10116,True,optimal,10116,False,Wahlen & Gschwind (2023),10.1287/trsc.2023.1198
UDD,Traversal,45,70,31,10681,True,optimal,10681,False,Wahlen & Gschwind (2023),10.1287/trsc.2023.1198
UDD,Traversal,45,70,32,9604,True,optimal,9604,False,Wahlen & Gschwind (2023),10.1287/trsc.2023.1198
UDD,Traversal,45,70,33,11209,True,optimal,11209,False,Wahlen & Gschwind (2023),10.1287/trsc.2023.1198
UDD,Traversal,45,70,34,9794,True,optimal,9794,False,Wahlen & Gschwind (2023),10.1287/trsc.2023.1198
UDD,Traversal,45,70,35,10364,True,optimal,10364,False,Wahlen & Gschwind (2023),10.1287/trsc.2023.1198
UDD,Traversal,45,70,36,10024,True,optimal,10024,False,Wahlen & Gschwind (2023),10.1287/trsc.2023.1198
UDD,Traversal,45,70,37,10645,True,optimal,10645,False,Wahlen & Gschwind (2023),10.1287/trsc.2023.1198
UDD,Traversal,45,70,38,10815,True,optimal,10815,False,Wahlen & Gschwind (2023),10.1287/trsc.2023.1198
UDD,Traversal,45,70,39,10824,True,optimal,10824,False,Wahlen & Gschwind (2023),10.1287/trsc.2023.1198
UDD,Traversal,45,80,0,13693,True,optimal,13693,False,Wahlen & Gschwind (2023),10.1287/trsc.2023.1198
UDD,Traversal,45,80,1,12328,True,optimal,12328,False,Wahlen & Gschwind (2023),10.1287/trsc.2023.1198
UDD,Traversal,45,80,2,12219,True,optimal,12219,False,Wahlen & Gschwind (2023),10.1287/trsc.2023.1198
UDD,Traversal,45,80,3,11877,True,optimal,11877,False,Wahlen & Gschwind (2023),10.1287/trsc.2023.1198
UDD,Traversal,45,80,4,11607,True,optimal,11607,False,Wahlen & Gschwind (2023),10.1287/trsc.2023.1198
UDD,Traversal,45,80,5,11820,True,optimal,11820,False,Wahlen & Gschwind (2023),10.1287/trsc.2023.1198
UDD,Traversal,45,80,6,12616,True,optimal,12616,False,Wahlen & Gschwind (2023),10.1287/trsc.2023.1198
UDD,Traversal,45,80,7,12428,True,optimal,12428,False,Wahlen & Gschwind (2023),10.1287/trsc.2023.1198
UDD,Traversal,45,80,8,11099,True,optimal,11099,False,Wahlen & Gschwind (2023),10.1287/trsc.2023.1198
UDD,Traversal,45,80,9,12859,True,optimal,12859,False,Wahlen & Gschwind (2023),10.1287/trsc.2023.1198
UDD,Traversal,45,80,10,12517,True,optimal,12517,False,Wahlen & Gschwind (2023),10.1287/trsc.2023.1198
UDD,Traversal,45,80,11,12523,True,optimal,12523,False,Wahlen & Gschwind (2023),10.1287/trsc.2023.1198
UDD,Traversal,45,80,12,12301,True,optimal,12301,False,Wahlen & Gschwind (2023),10.1287/trsc.2023.1198
UDD,Traversal,45,80,13,13249,True,optimal,13249,False,Wahlen & Gschwind (2023),10.1287/trsc.2023.1198
UDD,Traversal,45,80,14,11337,False,optimal,11337,False,Wahlen & Gschwind (2023),10.1287/trsc.2023.1198
UDD,Traversal,45,80,15,12432,True,optimal,12432,False,Wahlen & Gschwind (2023),10.1287/trsc.2023.1198
UDD,Traversal,45,80,16,12060,True,optimal,12060,False,Wahlen & Gschwind (2023),10.1287/trsc.2023.1198
UDD,Traversal,45,80,17,11792,True,optimal,11792,False,Wahlen & Gschwind (2023),10.1287/trsc.2023.1198
UDD,Traversal,45,80,18,11572,True,optimal,11572,False,Wahlen & Gschwind (2023),10.1287/trsc.2023.1198
UDD,Traversal,45,80,19,11585,True,optimal,11585,False,Wahlen & Gschwind (2023),10.1287/trsc.2023.1198
UDD,Traversal,45,80,20,11357,True,optimal,11357,False,Wahlen & Gschwind (2023),10.1287/trsc.2023.1198
UDD,Traversal,45,80,21,13528,True,optimal,13528,False,Wahlen & Gschwind (2023),10.1287/trsc.2023.1198
UDD,Traversal,45,80,22,11834,True,optimal,11834,False,Wahlen & Gschwind (2023),10.1287/trsc.2023.1198
UDD,Traversal,45,80,23,11295,True,optimal,11295,False,Wahlen & Gschwind (2023),10.1287/trsc.2023.1198
UDD,Traversal,45,80,24,10881,True,optimal,10881,False,Wahlen & Gschwind (2023),10.1287/trsc.2023.1198
UDD,Traversal,45,80,25,12237,True,optimal,12237,False,Wahlen & Gschwind (2023),10.1287/trsc.2023.1198
UDD,Traversal,45,80,26,12016,True,optimal,12016,False,Wahlen & Gschwind (2023),10.1287/trsc.2023.1198
UDD,Traversal,45,80,27,11990,True,optimal,11990,False,Wahlen & Gschwind (2023),10.1287/trsc.2023.1198
UDD,Traversal,45,80,28,12357,True,optimal,12357,False,Wahlen & Gschwind (2023),10.1287/trsc.2023.1198
UDD,Traversal,45,80,29,12442,True,optimal,12442,False,Wahlen & Gschwind (2023),10.1287/trsc.2023.1198
UDD,Traversal,45,80,30,12554,False,optimal,12554,False,Wahlen & Gschwind (2023),10.1287/trsc.2023.1198
UDD,Traversal,45,80,31,12078,True,optimal,12078,False,Wahlen & Gschwind (2023),10.1287/trsc.2023.1198
UDD,Traversal,45,80,32,11754,True,optimal,11754,False,Wahlen & Gschwind (2023),10.1287/trsc.2023.1198
UDD,Traversal,45,80,33,11743,True,optimal,11743,False,Wahlen & Gschwind (2023),10.1287/trsc.2023.1198
UDD,Traversal,45,80,34,10448,True,optimal,10448,False,Wahlen & Gschwind (2023),10.1287/trsc.2023.1198
UDD,Traversal,45,80,35,11958,True,optimal,11958,False,Wahlen & Gschwind (2023),10.1287/trsc.2023.1198
UDD,Traversal,45,80,36,11956,False,optimal,11956,False,Wahlen & Gschwind (2023),10.1287/trsc.2023.1198
UDD,Traversal,45,80,37,11275,True,optimal,11275,False,Wahlen & Gschwind (2023),10.1287/trsc.2023.1198
UDD,Traversal,45,80,38,12133,True,optimal,12133,False,Wahlen & Gschwind (2023),10.1287/trsc.2023.1198
UDD,Traversal,45,80,39,11735,True,optimal,11735,False,Wahlen & Gschwind (2023),10.1287/trsc.2023.1198
UDD,Traversal,45,90,0,13537,True,optimal,13537,False,Wahlen & Gschwind (2023),10.1287/trsc.2023.1198
UDD,Traversal,45,90,1,14165,True,optimal,14165,False,Wahlen & Gschwind (2023),10.1287/trsc.2023.1198
UDD,Traversal,45,90,2,13382,True,optimal,13382,False,Wahlen & Gschwind (2023),10.1287/trsc.2023.1198
UDD,Traversal,45,90,3,14061,True,optimal,14061,False,Wahlen & Gschwind (2023),10.1287/trsc.2023.1198
UDD,Traversal,45,90,4,12438,True,optimal,12438,False,Wahlen & Gschwind (2023),10.1287/trsc.2023.1198
UDD,Traversal,45,90,5,13704,True,optimal,13704,False,Wahlen & Gschwind (2023),10.1287/trsc.2023.1198
UDD,Traversal,45,90,6,13599,True,optimal,13599,False,Wahlen & Gschwind (2023),10.1287/trsc.2023.1198
UDD,Traversal,45,90,7,13874,True,optimal,13874,False,Wahlen & Gschwind (2023),10.1287/trsc.2023.1198
UDD,Traversal,45,90,8,14023,True,optimal,14023,False,Wahlen & Gschwind (2023),10.1287/trsc.2023.1198
UDD,Traversal,45,90,9,13761,True,optimal,13761,False,Wahlen & Gschwind (2023),10.1287/trsc.2023.1198
UDD,Traversal,45,90,10,13872,True,optimal,13872,False,Wahlen & Gschwind (2023),10.1287/trsc.2023.1198
UDD,Traversal,45,90,11,13121,True,optimal,13121,False,Wahlen & Gschwind (2023),10.1287/trsc.2023.1198
UDD,Traversal,45,90,12,15030,True,optimal,15030,False,Wahlen & Gschwind (2023),10.1287/trsc.2023.1198
UDD,Traversal,45,90,13,13629,True,optimal,13629,False,Wahlen & Gschwind (2023),10.1287/trsc.2023.1198
UDD,Traversal,45,90,14,13924,True,optimal,13924,False,Wahlen & Gschwind (2023),10.1287/trsc.2023.1198
UDD,Traversal,45,90,15,12081,True,optimal,12081,False,Wahlen & Gschwind (2023),10.1287/trsc.2023.1198
UDD,Traversal,45,90,16,13005,True,optimal,13005,False,Wahlen & Gschwind (2023),10.1287/trsc.2023.1198
UDD,Traversal,45,90,17,13334,True,optimal,13334,False,Wahlen & Gschwind (2023),10.1287/trsc.2023.1198
UDD,Traversal,45,90,18,13667,False,optimal,13667,False,Wahlen & Gschwind (2023),10.1287/trsc.2023.1198
UDD,Traversal,45,90,19,13829,True,optimal,13829,False,Wahlen & Gschwind (2023),10.1287/trsc.2023.1198
UDD,Traversal,45,90,20,13006,True,optimal,13006,False,Wahlen & Gschwind (2023),10.1287/trsc.2023.1198
UDD,Traversal,45,90,21,13124,True,optimal,13124,False,Wahlen & Gschwind (2023),10.1287/trsc.2023.1198
UDD,Traversal,45,90,22,13020,True,optimal,13020,False,Wahlen & Gschwind (2023),10.1287/trsc.2023.1198
UDD,Traversal,45,90,23,13655,True,optimal,13655,False,Wahlen & Gschwind (2023),10.1287/trsc.2023.1198
UDD,Traversal,45,90,24,12358,True,optimal,12358,False,Wahlen & Gschwind (2023),10.1287/trsc.2023.1198
UDD,Traversal,45,90,25,13329,True,optimal,13329,False,Wahlen & Gschwind (2023),10.1287/trsc.2023.1198
UDD,Traversal,45,90,26,13399,True,optimal,13399,False,Wahlen & Gschwind (2023),10.1287/trsc.2023.1198
UDD,Traversal,45,90,27,13044,True,optimal,13044,False,Wahlen & Gschwind (2023),10.1287/trsc.2023.1198
UDD,Traversal,45,90,28,14087,True,optimal,14087,False,Wahlen & Gschwind (2023),10.1287/trsc.2023.1198
UDD,Traversal,45,90,29,13874,True,optimal,13874,False,Wahlen & Gschwind (2023),10.1287/trsc.2023.1198
UDD,Traversal,45,90,30,13792,True,optimal,13792,False,Wahlen & Gschwind (2023),10.1287/trsc.2023.1198
UDD,Traversal,45,90,31,13978,True,optimal,13978,False,Wahlen & Gschwind (2023),10.1287/trsc.2023.1198
UDD,Traversal,45,90,32,13381,True,optimal,13381,False,Wahlen & Gschwind (2023),10.1287/trsc.2023.1198
UDD,Traversal,45,90,33,14184,True,optimal,14184,False,Wahlen & Gschwind (2023),10.1287/trsc.2023.1198
UDD,Traversal,45,90,34,14312,True,optimal,14312,False,Wahlen & Gschwind (2023),10.1287/trsc.2023.1198
UDD,Traversal,45,90,35,14245,True,optimal,14245,False,Wahlen & Gschwind (2023),10.1287/trsc.2023.1198
UDD,Traversal,45,90,36,13085,True,optimal,13085,False,Wahlen & Gschwind (2023),10.1287/trsc.2023.1198
UDD,Traversal,45,90,37,12743,True,optimal,12743,False,Wahlen & Gschwind (2023),10.1287/trsc.2023.1198
UDD,Traversal,45,90,38,13479,True,optimal,13479,False,Wahlen & Gschwind (2023),10.1287/trsc.2023.1198
UDD,Traversal,45,90,39,12716,True,optimal,12716,False,Wahlen & Gschwind (2023),10.1287/trsc.2023.1198
UDD,Traversal,45,100,0,14083,False,optimal,14083,False,Wahlen & Gschwind (2023),10.1287/trsc.2023.1198
UDD,Traversal,45,100,1,15869,True,optimal,15869,False,Wahlen & Gschwind (2023),10.1287/trsc.2023.1198
UDD,Traversal,45,100,2,15040,True,optimal,15040,False,Wahlen & Gschwind (2023),10.1287/trsc.2023.1198
UDD,Traversal,45,100,3,16126,True,optimal,16126,False,Wahlen & Gschwind (2023),10.1287/trsc.2023.1198
UDD,Traversal,45,100,4,14605,True,optimal,14605,False,Wahlen & Gschwind (2023),10.1287/trsc.2023.1198
UDD,Traversal,45,100,5,14810,True,optimal,14810,False,Wahlen & Gschwind (2023),10.1287/trsc.2023.1198
UDD,Traversal,45,100,6,15225,True,optimal,15225,False,Wahlen & Gschwind (2023),10.1287/trsc.2023.1198
UDD,Traversal,45,100,7,14585,True,optimal,14585,False,Wahlen & Gschwind (2023),10.1287/trsc.2023.1198
UDD,Traversal,45,100,8,14534,True,optimal,14534,False,Wahlen & Gschwind (2023),10.1287/trsc.2023.1198
UDD,Traversal,45,100,9,14538,True,optimal,14538,False,Wahlen & Gschwind (2023),10.1287/trsc.2023.1198
UDD,Traversal,45,100,10,14219,True,optimal,14219,False,Wahlen & Gschwind (2023),10.1287/trsc.2023.1198
UDD,Traversal,45,100,11,15218,True,optimal,15218,False,Wahlen & Gschwind (2023),10.1287/trsc.2023.1198
UDD,Traversal,45,100,12,13957,True,optimal,13957,False,Wahlen & Gschwind (2023),10.1287/trsc.2023.1198
UDD,Traversal,45,100,13,13897,True,optimal,13897,False,Wahlen & Gschwind (2023),10.1287/trsc.2023.1198
UDD,Traversal,45,100,14,14613,True,optimal,14613,False,Wahlen & Gschwind (2023),10.1287/trsc.2023.1198
UDD,Traversal,45,100,15,14324,True,optimal,14324,False,Wahlen & Gschwind (2023),10.1287/trsc.2023.1198
UDD,Traversal,45,100,16,14278,True,optimal,14278,False,Wahlen & Gschwind (2023),10.1287/trsc.2023.1198
UDD,Traversal,45,100,17,14984,True,optimal,14984,False,Wahlen & Gschwind (2023),10.1287/trsc.2023.1198
UDD,Traversal,45,100,18,14752,True,optimal,14752,False,Wahlen & Gschwind (2023),10.1287/trsc.2023.1198
UDD,Traversal,45,100,19,15655,True,optimal,15655,False,Wahlen & Gschwind (2023),10.1287/trsc.2023.1198
UDD,Traversal,45,100,20,15461,True,optimal,15461,False,Wahlen & Gschwind (2023),10.1287/trsc.2023.1198
UDD,Traversal,45,100,21,14783,True,optimal,14783,False,Wahlen & Gschwind (2023),10.1287/trsc.2023.1198
UDD,Traversal,45,100,22,13653,True,optimal,13653,False,Wahlen & Gschwind (2023),10.1287/trsc.2023.1198
UDD,Traversal,45,100,23,14692,True,optimal,14692,False,Wahlen & Gschwind (2023),10.1287/trsc.2023.1198
UDD,Traversal,45,100,24,14085,True,optimal,14085,False,Wahlen & Gschwind (2023),10.1287/trsc.2023.1198
UDD,Traversal,45,100,25,15128,True,optimal,15128,False,Wahlen & Gschwind (2023),10.1287/trsc.2023.1198
UDD,Traversal,45,100,26,15758,True,optimal,15758,False,Wahlen & Gschwind (2023),10.1287/trsc.2023.1198
UDD,Traversal,45,100,27,14089,True,optimal,14089,False,Wahlen & Gschwind (2023),10.1287/trsc.2023.1198
UDD,Traversal,45,100,28,13723,True,optimal,13723,False,Wahlen & Gschwind (2023),10.1287/trsc.2023.1198
UDD,Traversal,45,100,29,15067,True,optimal,15067,False,Wahlen & Gschwind (2023),10.1287/trsc.2023.1198
UDD,Traversal,45,100,30,15635,True,optimal,15635,False,Wahlen & Gschwind (2023),10.1287/trsc.2023.1198
UDD,Traversal,45,100,31,15790,True,optimal,15790,False,Wahlen & Gschwind (2023),10.1287/trsc.2023.1198
UDD,Traversal,45,100,32,14654,True,optimal,14654,False,Wahlen & Gschwind (2023),10.1287/trsc.2023.1198
UDD,Traversal,45,100,33,15351,True,optimal,15351,False,Wahlen & Gschwind (2023),10.1287/trsc.2023.1198
UDD,Traversal,45,100,34,14908,True,optimal,14908,False,Wahlen & Gschwind (2023),10.1287/trsc.2023.1198
UDD,Traversal,45,100,35,15109,True,optimal,15109,False,Wahlen & Gschwind (2023),10.1287/trsc.2023.1198
UDD,Traversal,45,100,36,14009,True,optimal,14009,False,Wahlen & Gschwind (2023),10.1287/trsc.2023.1198
UDD,Traversal,45,100,37,15727,True,optimal,15727,False,Wahlen & Gschwind (2023),10.1287/trsc.2023.1198
UDD,Traversal,45,100,38,14551,True,optimal,14551,False,Wahlen & Gschwind (2023),10.1287/trsc.2023.1198
UDD,Traversal,45,100,39,14359,True,optimal,14359,False,Wahlen & Gschwind (2023),10.1287/trsc.2023.1198
UDD,Traversal,60,20,0,2932,True,optimal,2932,False,Wahlen & Gschwind (2023),10.1287/trsc.2023.1198
UDD,Traversal,60,20,1,2466,True,optimal,2466,False,Wahlen & Gschwind (2023),10.1287/trsc.2023.1198
UDD,Traversal,60,20,2,3016,True,optimal,3016,False,Wahlen & Gschwind (2023),10.1287/trsc.2023.1198
UDD,Traversal,60,20,3,2455,True,optimal,2455,False,Wahlen & Gschwind (2023),10.1287/trsc.2023.1198
UDD,Traversal,60,20,4,2475,True,optimal,2475,False,Wahlen & Gschwind (2023),10.1287/trsc.2023.1198
UDD,Traversal,60,20,5,2342,True,optimal,2342,False,Wahlen & Gschwind (2023),10.1287/trsc.2023.1198
UDD,Traversal,60,20,6,2461,True,optimal,2461,False,Wahlen & Gschwind (2023),10.1287/trsc.2023.1198
UDD,Traversal,60,20,7,2447,True,optimal,2447,False,Wahlen & Gschwind (2023),10.1287/trsc.2023.1198
UDD,Traversal,60,20,8,2341,True,optimal,2341,False,Wahlen & Gschwind (2023),10.1287/trsc.2023.1198
UDD,Traversal,60,20,9,2475,True,optimal,2475,False,Wahlen & Gschwind (2023),10.1287/trsc.2023.1198
UDD,Traversal,60,20,10,2549,True,optimal,2549,False,Wahlen & Gschwind (2023),10.1287/trsc.2023.1198
UDD,Traversal,60,20,11,2403,True,optimal,2403,False,Wahlen & Gschwind (2023),10.1287/trsc.2023.1198
UDD,Traversal,60,20,12,2531,True,optimal,2531,False,Wahlen & Gschwind (2023),10.1287/trsc.2023.1198
UDD,Traversal,60,20,13,2639,True,optimal,2639,False,Wahlen & Gschwind (2023),10.1287/trsc.2023.1198
UDD,Traversal,60,20,14,3044,True,optimal,3044,False,Wahlen & Gschwind (2023),10.1287/trsc.2023.1198
UDD,Traversal,60,20,15,2536,True,optimal,2536,False,Wahlen & Gschwind (2023),10.1287/trsc.2023.1198
UDD,Traversal,60,20,16,2476,True,optimal,2476,False,Wahlen & Gschwind (2023),10.1287/trsc.2023.1198
UDD,Traversal,60,20,17,1955,True,optimal,1955,False,Wahlen & Gschwind (2023),10.1287/trsc.2023.1198
UDD,Traversal,60,20,18,2549,True,optimal,2549,False,Wahlen & Gschwind (2023),10.1287/trsc.2023.1198
UDD,Traversal,60,20,19,2535,True,optimal,2535,False,Wahlen & Gschwind (2023),10.1287/trsc.2023.1198
UDD,Traversal,60,20,20,2392,True,optimal,2392,False,Wahlen & Gschwind (2023),10.1287/trsc.2023.1198
UDD,Traversal,60,20,21,2528,True,optimal,2528,False,Wahlen & Gschwind (2023),10.1287/trsc.2023.1198
UDD,Traversal,60,20,22,2481,True,optimal,2481,False,Wahlen & Gschwind (2023),10.1287/trsc.2023.1198
UDD,Traversal,60,20,23,2978,True,optimal,2978,False,Wahlen & Gschwind (2023),10.1287/trsc.2023.1198
UDD,Traversal,60,20,24,2483,True,optimal,2483,False,Wahlen & Gschwind (2023),10.1287/trsc.2023.1198
UDD,Traversal,60,20,25,2854,True,optimal,2854,False,Wahlen & Gschwind (2023),10.1287/trsc.2023.1198
UDD,Traversal,60,20,26,2583,True,optimal,2583,False,Wahlen & Gschwind (2023),10.1287/trsc.2023.1198
UDD,Traversal,60,20,27,2836,True,optimal,2836,False,Wahlen & Gschwind (2023),10.1287/trsc.2023.1198
UDD,Traversal,60,20,28,2916,True,optimal,2916,False,Wahlen & Gschwind (2023),10.1287/trsc.2023.1198
UDD,Traversal,60,20,29,2294,True,optimal,2294,False,Wahlen & Gschwind (2023),10.1287/trsc.2023.1198
UDD,Traversal,60,20,30,2516,True,optimal,2516,False,Wahlen & Gschwind (2023),10.1287/trsc.2023.1198
UDD,Traversal,60,20,31,2481,True,optimal,2481,False,Wahlen & Gschwind (2023),10.1287/trsc.2023.1198
UDD,Traversal,60,20,32,2525,True,optimal,2525,False,Wahlen & Gschwind (2023),10.1287/trsc.2023.1198
UDD,Traversal,60,20,33,2846,True,optimal,2846,False,Wahlen & Gschwind (2023),10.1287/trsc.2023.1198
UDD,Traversal,60,20,34,2949,True,optimal,2949,False,Wahlen & Gschwind (2023),10.1287/trsc.2023.1198
UDD,Traversal,60,20,35,2478,True,optimal,2478,False,Wahlen & Gschwind (2023),10.1287/trsc.2023.1198
UDD,Traversal,60,20,36,2976,True,optimal,2976,False,Wahlen & Gschwind (2023),10.1287/trsc.2023.1198
UDD,Traversal,60,20,37,2498,True,optimal,2498,False,Wahlen & Gschwind (2023),10.1287/trsc.2023.1198
UDD,Traversal,60,20,38,2906,True,optimal,2906,False,Wahlen & Gschwind (2023),10.1287/trsc.2023.1198
UDD,Traversal,60,20,39,2474,True,optimal,2474,False,Wahlen & Gschwind (2023),10.1287/trsc.2023.1198
UDD,Traversal,60,30,0,3888,True,optimal,3888,False,Wahlen & Gschwind (2023),10.1287/trsc.2023.1198
UDD,Traversal,60,30,1,3920,True,optimal,3920,False,Wahlen & Gschwind (2023),10.1287/trsc.2023.1198
UDD,Traversal,60,30,2,3334,True,optimal,3334,False,Wahlen & Gschwind (2023),10.1287/trsc.2023.1198
UDD,Traversal,60,30,3,3878,True,optimal,3878,False,Wahlen & Gschwind (2023),10.1287/trsc.2023.1198
UDD,Traversal,60,30,4,3909,True,optimal,3909,False,Wahlen & Gschwind (2023),10.1287/trsc.2023.1198
UDD,Traversal,60,30,5,3381,True,optimal,3381,False,Wahlen & Gschwind (2023),10.1287/trsc.2023.1198
UDD,Traversal,60,30,6,3863,True,optimal,3863,False,Wahlen & Gschwind (2023),10.1287/trsc.2023.1198
UDD,Traversal,60,30,7,3455,True,optimal,3455,False,Wahlen & Gschwind (2023),10.1287/trsc.2023.1198
UDD,Traversal,60,30,8,3829,True,optimal,3829,False,Wahlen & Gschwind (2023),10.1287/trsc.2023.1198
UDD,Traversal,60,30,9,3424,True,optimal,3424,False,Wahlen & Gschwind (2023),10.1287/trsc.2023.1198
UDD,Traversal,60,30,10,4287,True,optimal,4287,False,Wahlen & Gschwind (2023),10.1287/trsc.2023.1198
UDD,Traversal,60,30,11,3801,True,optimal,3801,False,Wahlen & Gschwind (2023),10.1287/trsc.2023.1198
UDD,Traversal,60,30,12,3843,True,optimal,3843,False,Wahlen & Gschwind (2023),10.1287/trsc.2023.1198
UDD,Traversal,60,30,13,3836,True,optimal,3836,False,Wahlen & Gschwind (2023),10.1287/trsc.2023.1198
UDD,Traversal,60,30,14,4268,True,optimal,4268,False,Wahlen & Gschwind (2023),10.1287/trsc.2023.1198
UDD,Traversal,60,30,15,3457,True,optimal,3457,False,Wahlen & Gschwind (2023),10.1287/trsc.2023.1198
UDD,Traversal,60,30,16,3628,True,optimal,3628,False,Wahlen & Gschwind (2023),10.1287/trsc.2023.1198
UDD,Traversal,60,30,17,3705,True,optimal,3705,False,Wahlen & Gschwind (2023),10.1287/trsc.2023.1198
UDD,Traversal,60,30,18,3353,True,optimal,3353,False,Wahlen & Gschwind (2023),10.1287/trsc.2023.1198
UDD,Traversal,60,30,19,3424,True,optimal,3424,False,Wahlen & Gschwind (2023),10.1287/trsc.2023.1198
UDD,Traversal,60,30,20,3370,True,optimal,3370,False,Wahlen & Gschwind (2023),10.1287/trsc.2023.1198
UDD,Traversal,60,30,21,3756,True,optimal,3756,False,Wahlen & Gschwind (2023),10.1287/trsc.2023.1198
UDD,Traversal,60,30,22,3976,True,optimal,3976,False,Wahlen & Gschwind (2023),10.1287/trsc.2023.1198
UDD,Traversal,60,30,23,3728,True,optimal,3728,False,Wahlen & Gschwind (2023),10.1287/trsc.2023.1198
UDD,Traversal,60,30,24,4071,True,optimal,4071,False,Wahlen & Gschwind (2023),10.1287/trsc.2023.1198
UDD,Traversal,60,30,25,3807,True,optimal,3807,False,Wahlen & Gschwind (2023),10.1287/trsc.2023.1198
UDD,Traversal,60,30,26,3408,True,optimal,3408,False,Wahlen & Gschwind (2023),10.1287/trsc.2023.1198
UDD,Traversal,60,30,27,3897,True,optimal,3897,False,Wahlen & Gschwind (2023),10.1287/trsc.2023.1198
UDD,Traversal,60,30,28,3371,True,optimal,3371,False,Wahlen & Gschwind (2023),10.1287/trsc.2023.1198
UDD,Traversal,60,30,29,3371,True,optimal,3371,False,Wahlen & Gschwind (2023),10.1287/trsc.2023.1198
UDD,Traversal,60,30,30,3917,True,optimal,3917,False,Wahlen & Gschwind (2023),10.1287/trsc.2023.1198
UDD,Traversal,60,30,31,3858,True,optimal,3858,False,Wahlen & Gschwind (2023),10.1287/trsc.2023.1198
UDD,Traversal,60,30,32,3470,True,optimal,3470,False,Wahlen & Gschwind (2023),10.1287/trsc.2023.1198
UDD,Traversal,60,30,33,3812,True,optimal,3812,False,Wahlen & Gschwind (2023),10.1287/trsc.2023.1198
UDD,Traversal,60,30,34,3741,True,optimal,3741,False,Wahlen & Gschwind (2023),10.1287/trsc.2023.1198
UDD,Traversal,60,30,35,4041,True,optimal,4041,False,Wahlen & Gschwind (2023),10.1287/trsc.2023.1198
UDD,Traversal,60,30,36,3716,True,optimal,3716,False,Wahlen & Gschwind (2023),10.1287/trsc.2023.1198
UDD,Traversal,60,30,37,3933,True,optimal,3933,False,Wahlen & Gschwind (2023),10.1287/trsc.2023.1198
UDD,Traversal,60,30,38,3950,True,optimal,3950,False,Wahlen & Gschwind (2023),10.1287/trsc.2023.1198
UDD,Traversal,60,30,39,3918,True,optimal,3918,False,Wahlen & Gschwind (2023),10.1287/trsc.2023.1198
UDD,Traversal,60,40,0,5534,True,optimal,5534,False,Wahlen & Gschwind (2023),10.1287/trsc.2023.1198
UDD,Traversal,60,40,1,4788,True,optimal,4788,False,Wahlen & Gschwind (2023),10.1287/trsc.2023.1198
UDD,Traversal,60,40,2,4813,True,optimal,4813,False,Wahlen & Gschwind (2023),10.1287/trsc.2023.1198
UDD,Traversal,60,40,3,5221,True,optimal,5221,False,Wahlen & Gschwind (2023),10.1287/trsc.2023.1198
UDD,Traversal,60,40,4,5524,True,optimal,5524,False,Wahlen & Gschwind (2023),10.1287/trsc.2023.1198
UDD,Traversal,60,40,5,4965,True,optimal,4965,False,Wahlen & Gschwind (2023),10.1287/trsc.2023.1198
UDD,Traversal,60,40,6,4684,True,optimal,4684,False,Wahlen & Gschwind (2023),10.1287/trsc.2023.1198
UDD,Traversal,60,40,7,4463,True,optimal,4463,False,Wahlen & Gschwind (2023),10.1287/trsc.2023.1198
UDD,Traversal,60,40,8,4895,True,optimal,4895,False,Wahlen & Gschwind (2023),10.1287/trsc.2023.1198
UDD,Traversal,60,40,9,4828,True,optimal,4828,False,Wahlen & Gschwind (2023),10.1287/trsc.2023.1198
UDD,Traversal,60,40,10,5212,True,optimal,5212,False,Wahlen & Gschwind (2023),10.1287/trsc.2023.1198
UDD,Traversal,60,40,11,4299,True,optimal,4299,False,Wahlen & Gschwind (2023),10.1287/trsc.2023.1198
UDD,Traversal,60,40,12,4441,True,optimal,4441,False,Wahlen & Gschwind (2023),10.1287/trsc.2023.1198
UDD,Traversal,60,40,13,4724,True,optimal,4724,False,Wahlen & Gschwind (2023),10.1287/trsc.2023.1198
UDD,Traversal,60,40,14,4874,True,optimal,4874,False,Wahlen & Gschwind (2023),10.1287/trsc.2023.1198
UDD,Traversal,60,40,15,5194,True,optimal,5194,False,Wahlen & Gschwind (2023),10.1287/trsc.2023.1198
UDD,Traversal,60,40,16,4901,True,optimal,4901,False,Wahlen & Gschwind (2023),10.1287/trsc.2023.1198
UDD,Traversal,60,40,17,5212,True,optimal,5212,False,Wahlen & Gschwind (2023),10.1287/trsc.2023.1198
UDD,Traversal,60,40,18,4982,True,optimal,4982,False,Wahlen & Gschwind (2023),10.1287/trsc.2023.1198
UDD,Traversal,60,40,19,4851,True,optimal,4851,False,Wahlen & Gschwind (2023),10.1287/trsc.2023.1198
UDD,Traversal,60,40,20,5282,True,optimal,5282,False,Wahlen & Gschwind (2023),10.1287/trsc.2023.1198
UDD,Traversal,60,40,21,5278,True,optimal,5278,False,Wahlen & Gschwind (2023),10.1287/trsc.2023.1198
UDD,Traversal,60,40,22,4434,True,optimal,4434,False,Wahlen & Gschwind (2023),10.1287/trsc.2023.1198
UDD,Traversal,60,40,23,4273,True,optimal,4273,False,Wahlen & Gschwind (2023),10.1287/trsc.2023.1198
UDD,Traversal,60,40,24,4694,True,optimal,4694,False,Wahlen & Gschwind (2023),10.1287/trsc.2023.1198
UDD,Traversal,60,40,25,5240,True,optimal,5240,False,Wahlen & Gschwind (2023),10.1287/trsc.2023.1198
UDD,Traversal,60,40,26,4962,True,optimal,4962,False,Wahlen & Gschwind (2023),10.1287/trsc.2023.1198
UDD,Traversal,60,40,27,4393,True,optimal,4393,False,Wahlen & Gschwind (2023),10.1287/trsc.2023.1198
UDD,Traversal,60,40,28,4813,True,optimal,4813,False,Wahlen & Gschwind (2023),10.1287/trsc.2023.1198
UDD,Traversal,60,40,29,4980,True,optimal,4980,False,Wahlen & Gschwind (2023),10.1287/trsc.2023.1198
UDD,Traversal,60,40,30,4844,True,optimal,4844,False,Wahlen & Gschwind (2023),10.1287/trsc.2023.1198
UDD,Traversal,60,40,31,5384,True,optimal,5384,False,Wahlen & Gschwind (2023),10.1287/trsc.2023.1198
UDD,Traversal,60,40,32,4378,True,optimal,4378,False,Wahlen & Gschwind (2023),10.1287/trsc.2023.1198
UDD,Traversal,60,40,33,4911,True,optimal,4911,False,Wahlen & Gschwind (2023),10.1287/trsc.2023.1198
UDD,Traversal,60,40,34,4417,True,optimal,4417,False,Wahlen & Gschwind (2023),10.1287/trsc.2023.1198
UDD,Traversal,60,40,35,4933,True,optimal,4933,False,Wahlen & Gschwind (2023),10.1287/trsc.2023.1198
UDD,Traversal,60,40,36,4849,True,optimal,4849,False,Wahlen & Gschwind (2023),10.1287/trsc.2023.1198
UDD,Traversal,60,40,37,5255,True,optimal,5255,False,Wahlen & Gschwind (2023),10.1287/trsc.2023.1198
UDD,Traversal,60,40,38,4938,True,optimal,4938,False,Wahlen & Gschwind (2023),10.1287/trsc.2023.1198
UDD,Traversal,60,40,39,4811,True,optimal,4811,False,Wahlen & Gschwind (2023),10.1287/trsc.2023.1198
UDD,Traversal,60,50,0,6393,True,optimal,6393,False,Wahlen & Gschwind (2023),10.1287/trsc.2023.1198
UDD,Traversal,60,50,1,6169,True,optimal,6169,False,Wahlen & Gschwind (2023),10.1287/trsc.2023.1198
UDD,Traversal,60,50,2,5713,True,optimal,5713,False,Wahlen & Gschwind (2023),10.1287/trsc.2023.1198
UDD,Traversal,60,50,3,5723,True,optimal,5723,False,Wahlen & Gschwind (2023),10.1287/trsc.2023.1198
UDD,Traversal,60,50,4,6789,True,optimal,6789,False,Wahlen & Gschwind (2023),10.1287/trsc.2023.1198
UDD,Traversal,60,50,5,6268,True,optimal,6268,False,Wahlen & Gschwind (2023),10.1287/trsc.2023.1198
UDD,Traversal,60,50,6,6931,True,optimal,6931,False,Wahlen & Gschwind (2023),10.1287/trsc.2023.1198
UDD,Traversal,60,50,7,6148,True,optimal,6148,False,Wahlen & Gschwind (2023),10.1287/trsc.2023.1198
UDD,Traversal,60,50,8,5824,True,optimal,5824,False,Wahlen & Gschwind (2023),10.1287/trsc.2023.1198
UDD,Traversal,60,50,9,6159,True,optimal,6159,False,Wahlen & Gschwind (2023),10.1287/trsc.2023.1198
UDD,Traversal,60,50,10,5698,True,optimal,5698,False,Wahlen & Gschwind (2023),10.1287/trsc.2023.1198
UDD,Traversal,60,50,11,5837,True,optimal,5837,False,Wahlen & Gschwind (2023),10.1287/trsc.2023.1198
UDD,Traversal,60,50,12,5804,True,optimal,5804,False,Wahlen & Gschwind (2023),10.1287/trsc.2023.1198
UDD,Traversal,60,50,13,6343,True,optimal,6343,False,Wahlen & Gschwind (2023),10.1287/trsc.2023.1198
UDD,Traversal,60,50,14,6286,True,optimal,6286,False,Wahlen & Gschwind (2023),10.1287/trsc.2023.1198
UDD,Traversal,60,50,15,6168,True,optimal,6168,False,Wahlen & Gschwind (2023),10.1287/trsc.2023.1198
UDD,Traversal,60,50,16,5777,True,optimal,5777,False,Wahlen & Gschwind (2023),10.1287/trsc.2023.1198
UDD,Traversal,60,50,17,6792,True,optimal,6792,False,Wahlen & Gschwind (2023),10.1287/trsc.2023.1198
UDD,Traversal,60,50,18,5929,True,optimal,5929,False,Wahlen & Gschwind (2023),10.1287/trsc.2023.1198
UDD,Traversal,60,50,19,6524,True,optimal,6524,False,Wahlen & Gschwind (2023),10.1287/trsc.2023.1198
UDD,Traversal,60,50,20,6143,True,optimal,6143,False,Wahlen & Gschwind (2023),10.1287/trsc.2023.1198
UDD,Traversal,60,50,21,6269,True,optimal,6269,False,Wahlen & Gschwind (2023),10.1287/trsc.2023.1198
UDD,Traversal,60,50,22,5184,True,optimal,5184,False,Wahlen & Gschwind (2023),10.1287/trsc.2023.1198
UDD,Traversal,60,50,23,5823,True,optimal,5823,False,Wahlen & Gschwind (2023),10.1287/trsc.2023.1198
UDD,Traversal,60,50,24,6274,True,optimal,6274,False,Wahlen & Gschwind (2023),10.1287/trsc.2023.1198
UDD,Traversal,60,50,25,6146,True,optimal,6146,False,Wahlen & Gschwind (2023),10.1287/trsc.2023.1198
UDD,Traversal,60,50,26,5358,True,optimal,5358,False,Wahlen & Gschwind (2023),10.1287/trsc.2023.1198
UDD,Traversal,60,50,27,6367,True,optimal,6367,False,Wahlen & Gschwind (2023),10.1287/trsc.2023.1198
UDD,Traversal,60,50,28,5824,True,optimal,5824,False,Wahlen & Gschwind (2023),10.1287/trsc.2023.1198
UDD,Traversal,60,50,29,6294,True,optimal,6294,False,Wahlen & Gschwind (2023),10.1287/trsc.2023.1198
UDD,Traversal,60,50,30,6217,True,optimal,6217,False,Wahlen & Gschwind (2023),10.1287/trsc.2023.1198
UDD,Traversal,60,50,31,6279,True,optimal,6279,False,Wahlen & Gschwind (2023),10.1287/trsc.2023.1198
UDD,Traversal,60,50,32,6287,True,optimal,6287,False,Wahlen & Gschwind (2023),10.1287/trsc.2023.1198
UDD,Traversal,60,50,33,5242,True,optimal,5242,False,Wahlen & Gschwind (2023),10.1287/trsc.2023.1198
UDD,Traversal,60,50,34,6784,True,optimal,6784,False,Wahlen & Gschwind (2023),10.1287/trsc.2023.1198
UDD,Traversal,60,50,35,5858,True,optimal,5858,False,Wahlen & Gschwind (2023),10.1287/trsc.2023.1198
UDD,Traversal,60,50,36,6139,True,optimal,6139,False,Wahlen & Gschwind (2023),10.1287/trsc.2023.1198
UDD,Traversal,60,50,37,5612,True,optimal,5612,False,Wahlen & Gschwind (2023),10.1287/trsc.2023.1198
UDD,Traversal,60,50,38,5732,True,optimal,5732,False,Wahlen & Gschwind (2023),10.1287/trsc.2023.1198
UDD,Traversal,60,50,39,6518,True,optimal,6518,False,Wahlen & Gschwind (2023),10.1287/trsc.2023.1198
UDD,Traversal,60,60,0,7546,False,optimal,7546,False,Wahlen & Gschwind (2023),10.1287/trsc.2023.1198
UDD,Traversal,60,60,1,7532,True,optimal,7532,False,Wahlen & Gschwind (2023),10.1287/trsc.2023.1198
UDD,Traversal,60,60,2,7053,True,optimal,7053,False,Wahlen & Gschwind (2023),10.1287/trsc.2023.1198
UDD,Traversal,60,60,3,7168,True,optimal,7168,False,Wahlen & Gschwind (2023),10.1287/trsc.2023.1198
UDD,Traversal,60,60,4,7422,True,optimal,7422,False,Wahlen & Gschwind (2023),10.1287/trsc.2023.1198
UDD,Traversal,60,60,5,6796,True,optimal,6796,False,Wahlen & Gschwind (2023),10.1287/trsc.2023.1198
UDD,Traversal,60,60,6,6596,True,optimal,6596,False,Wahlen & Gschwind (2023),10.1287/trsc.2023.1198
UDD,Traversal,60,60,7,6526,True,optimal,6526,False,Wahlen & Gschwind (2023),10.1287/trsc.2023.1198
UDD,Traversal,60,60,8,7350,True,optimal,7350,False,Wahlen & Gschwind (2023),10.1287/trsc.2023.1198
UDD,Traversal,60,60,9,6663,True,optimal,6663,False,Wahlen & Gschwind (2023),10.1287/trsc.2023.1198
UDD,Traversal,60,60,10,6822,True,optimal,6822,False,Wahlen & Gschwind (2023),10.1287/trsc.2023.1198
UDD,Traversal,60,60,11,7337,True,optimal,7337,False,Wahlen & Gschwind (2023),10.1287/trsc.2023.1198
UDD,Traversal,60,60,12,7615,True,optimal,7615,False,Wahlen & Gschwind (2023),10.1287/trsc.2023.1198
UDD,Traversal,60,60,13,7273,True,optimal,7273,False,Wahlen & Gschwind (2023),10.1287/trsc.2023.1198
UDD,Traversal,60,60,14,7311,True,optimal,7311,False,Wahlen & Gschwind (2023),10.1287/trsc.2023.1198
UDD,Traversal,60,60,15,6683,True,optimal,6683,False,Wahlen & Gschwind (2023),10.1287/trsc.2023.1198
UDD,Traversal,60,60,16,6723,True,optimal,6723,False,Wahlen & Gschwind (2023),10.1287/trsc.2023.1198
UDD,Traversal,60,60,17,7224,True,optimal,7224,False,Wahlen & Gschwind (2023),10.1287/trsc.2023.1198
UDD,Traversal,60,60,18,7597,True,optimal,7597,False,Wahlen & Gschwind (2023),10.1287/trsc.2023.1198
UDD,Traversal,60,60,19,7160,True,optimal,7160,False,Wahlen & Gschwind (2023),10.1287/trsc.2023.1198
UDD,Traversal,60,60,20,6674,True,optimal,6674,False,Wahlen & Gschwind (2023),10.1287/trsc.2023.1198
UDD,Traversal,60,60,21,7649,True,optimal,7649,False,Wahlen & Gschwind (2023),10.1287/trsc.2023.1198
UDD,Traversal,60,60,22,7155,True,optimal,7155,False,Wahlen & Gschwind (2023),10.1287/trsc.2023.1198
UDD,Traversal,60,60,23,7258,True,optimal,7258,False,Wahlen & Gschwind (2023),10.1287/trsc.2023.1198
UDD,Traversal,60,60,24,6516,True,optimal,6516,False,Wahlen & Gschwind (2023),10.1287/trsc.2023.1198
UDD,Traversal,60,60,25,7058,True,optimal,7058,False,Wahlen & Gschwind (2023),10.1287/trsc.2023.1198
UDD,Traversal,60,60,26,7098,True,optimal,7098,False,Wahlen & Gschwind (2023),10.1287/trsc.2023.1198
UDD,Traversal,60,60,27,7278,True,optimal,7278,False,Wahlen & Gschwind (2023),10.1287/trsc.2023.1198
UDD,Traversal,60,60,28,8589,True,optimal,8589,False,Wahlen & Gschwind (2023),10.1287/trsc.2023.1198
UDD,Traversal,60,60,29,7505,True,optimal,7505,False,Wahlen & Gschwind (2023),10.1287/trsc.2023.1198
UDD,Traversal,60,60,30,6629,True,optimal,6629,False,Wahlen & Gschwind (2023),10.1287/trsc.2023.1198
UDD,Traversal,60,60,31,6792,True,optimal,6792,False,Wahlen & Gschwind (2023),10.1287/trsc.2023.1198
UDD,Traversal,60,60,32,7164,True,optimal,7164,False,Wahlen & Gschwind (2023),10.1287/trsc.2023.1198
UDD,Traversal,60,60,33,6588,True,optimal,6588,False,Wahlen & Gschwind (2023),10.1287/trsc.2023.1198
UDD,Traversal,60,60,34,7195,True,optimal,7195,False,Wahlen & Gschwind (2023),10.1287/trsc.2023.1198
UDD,Traversal,60,60,35,7416,True,optimal,7416,False,Wahlen & Gschwind (2023),10.1287/trsc.2023.1198
UDD,Traversal,60,60,36,6529,True,optimal,6529,False,Wahlen & Gschwind (2023),10.1287/trsc.2023.1198
UDD,Traversal,60,60,37,6742,True,optimal,6742,False,Wahlen & Gschwind (2023),10.1287/trsc.2023.1198
UDD,Traversal,60,60,38,6807,True,optimal,6807,False,Wahlen & Gschwind (2023),10.1287/trsc.2023.1198
UDD,Traversal,60,60,39,7322,True,optimal,7322,False,Wahlen & Gschwind (2023),10.1287/trsc.2023.1198
UDD,Traversal,60,70,0,7411,True,optimal,7411,False,Wahlen & Gschwind (2023),10.1287/trsc.2023.1198
UDD,Traversal,60,70,1,8139,True,optimal,8139,False,Wahlen & Gschwind (2023),10.1287/trsc.2023.1198
UDD,Traversal,60,70,2,8576,True,optimal,8576,False,Wahlen & Gschwind (2023),10.1287/trsc.2023.1198
UDD,Traversal,60,70,3,8169,True,optimal,8169,False,Wahlen & Gschwind (2023),10.1287/trsc.2023.1198
UDD,Traversal,60,70,4,8624,True,optimal,8624,False,Wahlen & Gschwind (2023),10.1287/trsc.2023.1198
UDD,Traversal,60,70,5,7963,True,optimal,7963,False,Wahlen & Gschwind (2023),10.1287/trsc.2023.1198
UDD,Traversal,60,70,6,9035,True,optimal,9035,False,Wahlen & Gschwind (2023),10.1287/trsc.2023.1198
UDD,Traversal,60,70,7,9115,True,optimal,9115,False,Wahlen & Gschwind (2023),10.1287/trsc.2023.1198
UDD,Traversal,60,70,8,7966,True,optimal,7966,False,Wahlen & Gschwind (2023),10.1287/trsc.2023.1198
UDD,Traversal,60,70,9,8711,True,optimal,8711,False,Wahlen & Gschwind (2023),10.1287/trsc.2023.1198
UDD,Traversal,60,70,10,8615,True,optimal,8615,False,Wahlen & Gschwind (2023),10.1287/trsc.2023.1198
UDD,Traversal,60,70,11,9053,False,optimal,9053,False,Wahlen & Gschwind (2023),10.1287/trsc.2023.1198
UDD,Traversal,60,70,12,8671,True,optimal,8671,False,Wahlen & Gschwind (2023),10.1287/trsc.2023.1198
UDD,Traversal,60,70,13,8132,True,optimal,8132,False,Wahlen & Gschwind (2023),10.1287/trsc.2023.1198
UDD,Traversal,60,70,14,7898,True,optimal,7898,False,Wahlen & Gschwind (2023),10.1287/trsc.2023.1198
UDD,Traversal,60,70,15,8124,True,optimal,8124,False,Wahlen & Gschwind (2023),10.1287/trsc.2023.1198
UDD,Traversal,60,70,16,8036,True,optimal,8036,False,Wahlen & Gschwind (2023),10.1287/trsc.2023.1198
UDD,Traversal,60,70,17,8060,True,optimal,8060,False,Wahlen & Gschwind (2023),10.1287/trsc.2023.1198
UDD,Traversal,60,70,18,8293,True,optimal,8293,False,Wahlen & Gschwind (2023),10.1287/trsc.2023.1198
UDD,Traversal,60,70,19,8626,True,optimal,8626,False,Wahlen & Gschwind (2023),10.1287/trsc.2023.1198
UDD,Traversal,60,70,20,7502,True,optimal,7502,False,Wahlen & Gschwind (2023),10.1287/trsc.2023.1198
UDD,Traversal,60,70,21,8036,True,optimal,8036,False,Wahlen & Gschwind (2023),10.1287/trsc.2023.1198
UDD,Traversal,60,70,22,8259,True,optimal,8259,False,Wahlen & Gschwind (2023),10.1287/trsc.2023.1198
UDD,Traversal,60,70,23,8186,True,optimal,8186,False,Wahlen & Gschwind (2023),10.1287/trsc.2023.1198
UDD,Traversal,60,70,24,8455,True,optimal,8455,False,Wahlen & Gschwind (2023),10.1287/trsc.2023.1198
UDD,Traversal,60,70,25,8132,True,optimal,8132,False,Wahlen & Gschwind (2023),10.1287/trsc.2023.1198
UDD,Traversal,60,70,26,8080,True,optimal,8080,False,Wahlen & Gschwind (2023),10.1287/trsc.2023.1198
UDD,Traversal,60,70,27,8242,True,optimal,8242,False,Wahlen & Gschwind (2023),10.1287/trsc.2023.1198
UDD,Traversal,60,70,28,8204,True,optimal,8204,False,Wahlen & Gschwind (2023),10.1287/trsc.2023.1198
UDD,Traversal,60,70,29,8100,True,optimal,8100,False,Wahlen & Gschwind (2023),10.1287/trsc.2023.1198
UDD,Traversal,60,70,30,8498,True,optimal,8498,False,Wahlen & Gschwind (2023),10.1287/trsc.2023.1198
UDD,Traversal,60,70,31,8018,True,optimal,8018,False,Wahlen & Gschwind (2023),10.1287/trsc.2023.1198
UDD,Traversal,60,70,32,8151,True,optimal,8151,False,Wahlen & Gschwind (2023),10.1287/trsc.2023.1198
UDD,Traversal,60,70,33,8148,True,optimal,8148,False,Wahlen & Gschwind (2023),10.1287/trsc.2023.1198
UDD,Traversal,60,70,34,8807,True,optimal,8807,False,Wahlen & Gschwind (2023),10.1287/trsc.2023.1198
UDD,Traversal,60,70,35,7581,True,optimal,7581,False,Wahlen & Gschwind (2023),10.1287/trsc.2023.1198
UDD,Traversal,60,70,36,7743,True,optimal,7743,False,Wahlen & Gschwind (2023),10.1287/trsc.2023.1198
UDD,Traversal,60,70,37,8611,True,optimal,8611,False,Wahlen & Gschwind (2023),10.1287/trsc.2023.1198
UDD,Traversal,60,70,38,7771,True,optimal,7771,False,Wahlen & Gschwind (2023),10.1287/trsc.2023.1198
UDD,Traversal,60,70,39,8508,True,optimal,8508,False,Wahlen & Gschwind (2023),10.1287/trsc.2023.1198
UDD,Traversal,60,80,0,9504,True,optimal,9504,False,Wahlen & Gschwind (2023),10.1287/trsc.2023.1198
UDD,Traversal,60,80,1,8991,False,optimal,8991,False,Wahlen & Gschwind (2023),10.1287/trsc.2023.1198
UDD,Traversal,60,80,2,9606,True,optimal,9606,False,Wahlen & Gschwind (2023),10.1287/trsc.2023.1198
UDD,Traversal,60,80,3,9790,True,optimal,9790,False,Wahlen & Gschwind (2023),10.1287/trsc.2023.1198
UDD,Traversal,60,80,4,9070,True,optimal,9070,False,Wahlen & Gschwind (2023),10.1287/trsc.2023.1198
UDD,Traversal,60,80,5,8509,True,optimal,8509,False,Wahlen & Gschwind (2023),10.1287/trsc.2023.1198
UDD,Traversal,60,80,6,10310,True,optimal,10310,False,Wahlen & Gschwind (2023),10.1287/trsc.2023.1198
UDD,Traversal,60,80,7,9655,True,optimal,9655,False,Wahlen & Gschwind (2023),10.1287/trsc.2023.1198
UDD,Traversal,60,80,8,9497,False,optimal,9497,False,Wahlen & Gschwind (2023),10.1287/trsc.2023.1198
UDD,Traversal,60,80,9,9413,True,optimal,9413,False,Wahlen & Gschwind (2023),10.1287/trsc.2023.1198
UDD,Traversal,60,80,10,8462,True,optimal,8462,False,Wahlen & Gschwind (2023),10.1287/trsc.2023.1198
UDD,Traversal,60,80,11,9610,True,optimal,9610,False,Wahlen & Gschwind (2023),10.1287/trsc.2023.1198
UDD,Traversal,60,80,12,9500,True,optimal,9500,False,Wahlen & Gschwind (2023),10.1287/trsc.2023.1198
UDD,Traversal,60,80,13,9342,False,optimal,9342,False,Wahlen & Gschwind (2023),10.1287/trsc.2023.1198
UDD,Traversal,60,80,14,10032,True,optimal,10032,False,Wahlen & Gschwind (2023),10.1287/trsc.2023.1198
UDD,Traversal,60,80,15,8558,True,optimal,8558,False,Wahlen & Gschwind (2023),10.1287/trsc.2023.1198
UDD,Traversal,60,80,16,10123,True,optimal,10123,False,Wahlen & Gschwind (2023),10.1287/trsc.2023.1198
UDD,Traversal,60,80,17,9760,True,optimal,9760,False,Wahlen & Gschwind (2023),10.1287/trsc.2023.1198
UDD,Traversal,60,80,18,10041,True,optimal,10041,False,Wahlen & Gschwind (2023),10.1287/trsc.2023.1198
UDD,Traversal,60,80,19,10143,True,optimal,10143,False,Wahlen & Gschwind (2023),10.1287/trsc.2023.1198
UDD,Traversal,60,80,20,8910,True,optimal,8910,False,Wahlen & Gschwind (2023),10.1287/trsc.2023.1198
UDD,Traversal,60,80,21,8469,True,optimal,8469,False,Wahlen & Gschwind (2023),10.1287/trsc.2023.1198
UDD,Traversal,60,80,22,9959,False,optimal,9959,False,Wahlen & Gschwind (2023),10.1287/trsc.2023.1198
UDD,Traversal,60,80,23,8976,False,optimal,8976,False,Wahlen & Gschwind (2023),10.1287/trsc.2023.1198
UDD,Traversal,60,80,24,9695,True,optimal,9695,False,Wahlen & Gschwind (2023),10.1287/trsc.2023.1198
UDD,Traversal,60,80,25,9680,True,optimal,9680,False,Wahlen & Gschwind (2023),10.1287/trsc.2023.1198
UDD,Traversal,60,80,26,8974,True,optimal,8974,False,Wahlen & Gschwind (2023),10.1287/trsc.2023.1198
UDD,Traversal,60,80,27,9507,False,optimal,9507,False,Wahlen & Gschwind (2023),10.1287/trsc.2023.1198
UDD,Traversal,60,80,28,9506,True,optimal,9506,False,Wahlen & Gschwind (2023),10.1287/trsc.2023.1198
UDD,Traversal,60,80,29,9581,False,optimal,9581,False,Wahlen & Gschwind (2023),10.1287/trsc.2023.1198
UDD,Traversal,60,80,30,9358,True,optimal,9358,False,Wahlen & Gschwind (2023),10.1287/trsc.2023.1198
UDD,Traversal,60,80,31,9060,True,optimal,9060,False,Wahlen & Gschwind (2023),10.1287/trsc.2023.1198
UDD,Traversal,60,80,32,9398,True,optimal,9398,False,Wahlen & Gschwind (2023),10.1287/trsc.2023.1198
UDD,Traversal,60,80,33,9540,True,optimal,9540,False,Wahlen & Gschwind (2023),10.1287/trsc.2023.1198
UDD,Traversal,60,80,34,9103,True,optimal,9103,False,Wahlen & Gschwind (2023),10.1287/trsc.2023.1198
UDD,Traversal,60,80,35,8690,True,optimal,8690,False,Wahlen & Gschwind (2023),10.1287/trsc.2023.1198
UDD,Traversal,60,80,36,9693,False,optimal,9693,False,Wahlen & Gschwind (2023),10.1287/trsc.2023.1198
UDD,Traversal,60,80,37,10133,True,optimal,10133,False,Wahlen & Gschwind (2023),10.1287/trsc.2023.1198
UDD,Traversal,60,80,38,8619,True,optimal,8619,False,Wahlen & Gschwind (2023),10.1287/trsc.2023.1198
UDD,Traversal,60,80,39,8887,False,optimal,8887,False,Wahlen & Gschwind (2023),10.1287/trsc.2023.1198
UDD,Traversal,60,90,0,10355,True,optimal,10355,False,Wahlen & Gschwind (2023),10.1287/trsc.2023.1198
UDD,Traversal,60,90,1,10565,True,optimal,10565,False,Wahlen & Gschwind (2023),10.1287/trsc.2023.1198
UDD,Traversal,60,90,2,10911,True,optimal,10911,False,Wahlen & Gschwind (2023),10.1287/trsc.2023.1198
UDD,Traversal,60,90,3,10884,False,optimal,10884,False,Wahlen & Gschwind (2023),10.1287/trsc.2023.1198
UDD,Traversal,60,90,4,9457,True,optimal,9457,False,Wahlen & Gschwind (2023),10.1287/trsc.2023.1198
UDD,Traversal,60,90,5,11025,True,optimal,11025,False,Wahlen & Gschwind (2023),10.1287/trsc.2023.1198
UDD,Traversal,60,90,6,10083,True,optimal,10083,False,Wahlen & Gschwind (2023),10.1287/trsc.2023.1198
UDD,Traversal,60,90,7,10507,True,optimal,10507,False,Wahlen & Gschwind (2023),10.1287/trsc.2023.1198
UDD,Traversal,60,90,8,10436,False,optimal,10436,False,Wahlen & Gschwind (2023),10.1287/trsc.2023.1198
UDD,Traversal,60,90,9,10564,True,optimal,10564,False,Wahlen & Gschwind (2023),10.1287/trsc.2023.1198
UDD,Traversal,60,90,10,9872,False,optimal,9872,False,Wahlen & Gschwind (2023),10.1287/trsc.2023.1198
UDD,Traversal,60,90,11,10180,True,optimal,10180,False,Wahlen & Gschwind (2023),10.1287/trsc.2023.1198
UDD,Traversal,60,90,12,9809,True,optimal,9809,False,Wahlen & Gschwind (2023),10.1287/trsc.2023.1198
UDD,Traversal,60,90,13,10998,True,optimal,10998,False,Wahlen & Gschwind (2023),10.1287/trsc.2023.1198
UDD,Traversal,60,90,14,10467,False,optimal,10467,False,Wahlen & Gschwind (2023),10.1287/trsc.2023.1198
UDD,Traversal,60,90,15,9941,True,optimal,9941,False,Wahlen & Gschwind (2023),10.1287/trsc.2023.1198
UDD,Traversal,60,90,16,11053,True,optimal,11053,False,Wahlen & Gschwind (2023),10.1287/trsc.2023.1198
UDD,Traversal,60,90,17,10743,False,optimal,10743,False,Wahlen & Gschwind (2023),10.1287/trsc.2023.1198
UDD,Traversal,60,90,18,10837,True,optimal,10837,False,Wahlen & Gschwind (2023),10.1287/trsc.2023.1198
UDD,Traversal,60,90,19,10016,True,optimal,10016,False,Wahlen & Gschwind (2023),10.1287/trsc.2023.1198
UDD,Traversal,60,90,20,10293,True,optimal,10293,False,Wahlen & Gschwind (2023),10.1287/trsc.2023.1198
UDD,Traversal,60,90,21,10525,True,optimal,10525,False,Wahlen & Gschwind (2023),10.1287/trsc.2023.1198
UDD,Traversal,60,90,22,10905,True,optimal,10905,False,Wahlen & Gschwind (2023),10.1287/trsc.2023.1198
UDD,Traversal,60,90,23,10870,False,optimal,10870,False,Wahlen & Gschwind (2023),10.1287/trsc.2023.1198
UDD,Traversal,60,90,24,11518,False,optimal,11518,False,Wahlen & Gschwind (2023),10.1287/trsc.2023.1198
UDD,Traversal,60,90,25,9165,True,optimal,9165,False,Wahlen & Gschwind (2023),10.1287/trsc.2023.1198
UDD,Traversal,60,90,26,10364,True,optimal,10364,False,Wahlen & Gschwind (2023),10.1287/trsc.2023.1198
UDD,Traversal,60,90,27,10648,True,optimal,10648,False,Wahlen & Gschwind (2023),10.1287/trsc.2023.1198
UDD,Traversal,60,90,28,10993,True,optimal,10993,False,Wahlen & Gschwind (2023),10.1287/trsc.2023.1198
UDD,Traversal,60,90,29,10492,True,optimal,10492,False,Wahlen & Gschwind (2023),10.1287/trsc.2023.1198
UDD,Traversal,60,90,30,10064,True,optimal,10064,False,Wahlen & Gschwind (2023),10.1287/trsc.2023.1198
UDD,Traversal,60,90,31,9335,True,optimal,9335,False,Wahlen & Gschwind (2023),10.1287/trsc.2023.1198
UDD,Traversal,60,90,32,9890,False,optimal,9890,False,Wahlen & Gschwind (2023),10.1287/trsc.2023.1198
UDD,Traversal,60,90,33,10018,True,optimal,10018,False,Wahlen & Gschwind (2023),10.1287/trsc.2023.1198
UDD,Traversal,60,90,34,10135,True,optimal,10135,False,Wahlen & Gschwind (2023),10.1287/trsc.2023.1198
UDD,Traversal,60,90,35,10282,False,optimal,10282,False,Wahlen & Gschwind (2023),10.1287/trsc.2023.1198
UDD,Traversal,60,90,36,10056,True,optimal,10056,False,Wahlen & Gschwind (2023),10.1287/trsc.2023.1198
UDD,Traversal,60,90,37,10091,True,optimal,10091,False,Wahlen & Gschwind (2023),10.1287/trsc.2023.1198
UDD,Traversal,60,90,38,10364,True,optimal,10364,False,Wahlen & Gschwind (2023),10.1287/trsc.2023.1198
UDD,Traversal,60,90,39,10437,True,optimal,10437,False,Wahlen & Gschwind (2023),10.1287/trsc.2023.1198
UDD,Traversal,60,100,0,10976,True,optimal,10976,False,Wahlen & Gschwind (2023),10.1287/trsc.2023.1198
UDD,Traversal,60,100,1,11526,True,optimal,11526,False,Wahlen & Gschwind (2023),10.1287/trsc.2023.1198
UDD,Traversal,60,100,2,10926,True,optimal,10926,False,Wahlen & Gschwind (2023),10.1287/trsc.2023.1198
UDD,Traversal,60,100,3,10713,True,optimal,10713,False,Wahlen & Gschwind (2023),10.1287/trsc.2023.1198
UDD,Traversal,60,100,4,11900,False,optimal,11900,False,Wahlen & Gschwind (2023),10.1287/trsc.2023.1198
UDD,Traversal,60,100,5,11390,True,optimal,11390,False,Wahlen & Gschwind (2023),10.1287/trsc.2023.1198
UDD,Traversal,60,100,6,11432,False,optimal,11432,False,Wahlen & Gschwind (2023),10.1287/trsc.2023.1198
UDD,Traversal,60,100,7,11934,True,optimal,11934,False,Wahlen & Gschwind (2023),10.1287/trsc.2023.1198
UDD,Traversal,60,100,8,12212,False,optimal,12212,False,Wahlen & Gschwind (2023),10.1287/trsc.2023.1198
UDD,Traversal,60,100,9,10967,True,optimal,10967,False,Wahlen & Gschwind (2023),10.1287/trsc.2023.1198
UDD,Traversal,60,100,10,11239,True,optimal,11239,False,Wahlen & Gschwind (2023),10.1287/trsc.2023.1198
UDD,Traversal,60,100,11,11774,False,optimal,11774,False,Wahlen & Gschwind (2023),10.1287/trsc.2023.1198
UDD,Traversal,60,100,12,11328,False,optimal,11328,False,Wahlen & Gschwind (2023),10.1287/trsc.2023.1198
UDD,Traversal,60,100,13,11789,True,optimal,11789,False,Wahlen & Gschwind (2023),10.1287/trsc.2023.1198
UDD,Traversal,60,100,14,11450,False,optimal,11450,False,Wahlen & Gschwind (2023),10.1287/trsc.2023.1198
UDD,Traversal,60,100,15,11233,False,optimal,11233,False,Wahlen & Gschwind (2023),10.1287/trsc.2023.1198
UDD,Traversal,60,100,16,10763,True,optimal,10763,False,Wahlen & Gschwind (2023),10.1287/trsc.2023.1198
UDD,Traversal,60,100,17,12601,False,optimal,12601,False,Wahlen & Gschwind (2023),10.1287/trsc.2023.1198
UDD,Traversal,60,100,18,11425,True,optimal,11425,False,Wahlen & Gschwind (2023),10.1287/trsc.2023.1198
UDD,Traversal,60,100,19,11435,False,optimal,11435,False,Wahlen & Gschwind (2023),10.1287/trsc.2023.1198
UDD,Traversal,60,100,20,11902,False,optimal,11902,False,Wahlen & Gschwind (2023),10.1287/trsc.2023.1198
UDD,Traversal,60,100,21,11370,False,optimal,11370,False,Wahlen & Gschwind (2023),10.1287/trsc.2023.1198
UDD,Traversal,60,100,22,10940,True,optimal,10940,False,Wahlen & Gschwind (2023),10.1287/trsc.2023.1198
UDD,Traversal,60,100,23,12004,True,optimal,12004,False,Wahlen & Gschwind (2023),10.1287/trsc.2023.1198
UDD,Traversal,60,100,24,11951,True,optimal,11951,False,Wahlen & Gschwind (2023),10.1287/trsc.2023.1198
UDD,Traversal,60,100,25,11820,True,optimal,11820,False,Wahlen & Gschwind (2023),10.1287/trsc.2023.1198
UDD,Traversal,60,100,26,11560,True,optimal,11560,False,Wahlen & Gschwind (2023),10.1287/trsc.2023.1198
UDD,Traversal,60,100,27,11532,False,optimal,11532,False,Wahlen & Gschwind (2023),10.1287/trsc.2023.1198
UDD,Traversal,60,100,28,12112,True,optimal,12112,False,Wahlen & Gschwind (2023),10.1287/trsc.2023.1198
UDD,Traversal,60,100,29,11350,False,optimal,11350,False,Wahlen & Gschwind (2023),10.1287/trsc.2023.1198
UDD,Traversal,60,100,30,10929,False,optimal,10929,False,Wahlen & Gschwind (2023),10.1287/trsc.2023.1198
UDD,Traversal,60,100,31,11168,False,optimal,11168,False,Wahlen & Gschwind (2023),10.1287/trsc.2023.1198
UDD,Traversal,60,100,32,12334,True,optimal,12334,False,Wahlen & Gschwind (2023),10.1287/trsc.2023.1198
UDD,Traversal,60,100,33,12293,False,optimal,12293,False,Wahlen & Gschwind (2023),10.1287/trsc.2023.1198
UDD,Traversal,60,100,34,11547,True,optimal,11547,False,Wahlen & Gschwind (2023),10.1287/trsc.2023.1198
UDD,Traversal,60,100,35,11029,False,optimal,11029,False,Wahlen & Gschwind (2023),10.1287/trsc.2023.1198
UDD,Traversal,60,100,36,11723,False,optimal,11723,False,Wahlen & Gschwind (2023),10.1287/trsc.2023.1198
UDD,Traversal,60,100,37,10880,True,optimal,10880,False,Wahlen & Gschwind (2023),10.1287/trsc.2023.1198
UDD,Traversal,60,100,38,11290,True,optimal,11290,False,Wahlen & Gschwind (2023),10.1287/trsc.2023.1198
UDD,Traversal,60,100,39,11455,True,optimal,11455,False,Wahlen & Gschwind (2023),10.1287/trsc.2023.1198
UDD,Traversal,75,20,0,2058,True,optimal,2058,False,Wahlen & Gschwind (2023),10.1287/trsc.2023.1198
UDD,Traversal,75,20,1,2086,True,optimal,2086,False,Wahlen & Gschwind (2023),10.1287/trsc.2023.1198
UDD,Traversal,75,20,2,2100,True,optimal,2100,False,Wahlen & Gschwind (2023),10.1287/trsc.2023.1198
UDD,Traversal,75,20,3,2034,True,optimal,2034,False,Wahlen & Gschwind (2023),10.1287/trsc.2023.1198
UDD,Traversal,75,20,4,2507,True,optimal,2507,False,Wahlen & Gschwind (2023),10.1287/trsc.2023.1198
UDD,Traversal,75,20,5,2074,True,optimal,2074,False,Wahlen & Gschwind (2023),10.1287/trsc.2023.1198
UDD,Traversal,75,20,6,2045,True,optimal,2045,False,Wahlen & Gschwind (2023),10.1287/trsc.2023.1198
UDD,Traversal,75,20,7,2317,True,optimal,2317,False,Wahlen & Gschwind (2023),10.1287/trsc.2023.1198
UDD,Traversal,75,20,8,2045,True,optimal,2045,False,Wahlen & Gschwind (2023),10.1287/trsc.2023.1198
UDD,Traversal,75,20,9,2050,True,optimal,2050,False,Wahlen & Gschwind (2023),10.1287/trsc.2023.1198
UDD,Traversal,75,20,10,2401,True,optimal,2401,False,Wahlen & Gschwind (2023),10.1287/trsc.2023.1198
UDD,Traversal,75,20,11,2433,True,optimal,2433,False,Wahlen & Gschwind (2023),10.1287/trsc.2023.1198
UDD,Traversal,75,20,12,2054,True,optimal,2054,False,Wahlen & Gschwind (2023),10.1287/trsc.2023.1198
UDD,Traversal,75,20,13,2090,True,optimal,2090,False,Wahlen & Gschwind (2023),10.1287/trsc.2023.1198
UDD,Traversal,75,20,14,2580,True,optimal,2580,False,Wahlen & Gschwind (2023),10.1287/trsc.2023.1198
UDD,Traversal,75,20,15,2525,True,optimal,2525,False,Wahlen & Gschwind (2023),10.1287/trsc.2023.1198
UDD,Traversal,75,20,16,2388,True,optimal,2388,False,Wahlen & Gschwind (2023),10.1287/trsc.2023.1198
UDD,Traversal,75,20,17,2111,True,optimal,2111,False,Wahlen & Gschwind (2023),10.1287/trsc.2023.1198
UDD,Traversal,75,20,18,1959,True,optimal,1959,False,Wahlen & Gschwind (2023),10.1287/trsc.2023.1198
UDD,Traversal,75,20,19,2034,True,optimal,2034,False,Wahlen & Gschwind (2023),10.1287/trsc.2023.1198
UDD,Traversal,75,20,20,2272,True,optimal,2272,False,Wahlen & Gschwind (2023),10.1287/trsc.2023.1198
UDD,Traversal,75,20,21,2352,True,optimal,2352,False,Wahlen & Gschwind (2023),10.1287/trsc.2023.1198
UDD,Traversal,75,20,22,1986,True,optimal,1986,False,Wahlen & Gschwind (2023),10.1287/trsc.2023.1198
UDD,Traversal,75,20,23,1815,True,optimal,1815,False,Wahlen & Gschwind (2023),10.1287/trsc.2023.1198
UDD,Traversal,75,20,24,2051,True,optimal,2051,False,Wahlen & Gschwind (2023),10.1287/trsc.2023.1198
UDD,Traversal,75,20,25,1924,True,optimal,1924,False,Wahlen & Gschwind (2023),10.1287/trsc.2023.1198
UDD,Traversal,75,20,26,2030,True,optimal,2030,False,Wahlen & Gschwind (2023),10.1287/trsc.2023.1198
UDD,Traversal,75,20,27,2461,True,optimal,2461,False,Wahlen & Gschwind (2023),10.1287/trsc.2023.1198
UDD,Traversal,75,20,28,1976,True,optimal,1976,False,Wahlen & Gschwind (2023),10.1287/trsc.2023.1198
UDD,Traversal,75,20,29,2065,True,optimal,2065,False,Wahlen & Gschwind (2023),10.1287/trsc.2023.1198
UDD,Traversal,75,20,30,2075,True,optimal,2075,False,Wahlen & Gschwind (2023),10.1287/trsc.2023.1198
UDD,Traversal,75,20,31,1928,True,optimal,1928,False,Wahlen & Gschwind (2023),10.1287/trsc.2023.1198
UDD,Traversal,75,20,32,1971,True,optimal,1971,False,Wahlen & Gschwind (2023),10.1287/trsc.2023.1198
UDD,Traversal,75,20,33,1984,True,optimal,1984,False,Wahlen & Gschwind (2023),10.1287/trsc.2023.1198
UDD,Traversal,75,20,34,2102,True,optimal,2102,False,Wahlen & Gschwind (2023),10.1287/trsc.2023.1198
UDD,Traversal,75,20,35,2040,True,optimal,2040,False,Wahlen & Gschwind (2023),10.1287/trsc.2023.1198
UDD,Traversal,75,20,36,2466,True,optimal,2466,False,Wahlen & Gschwind (2023),10.1287/trsc.2023.1198
UDD,Traversal,75,20,37,2019,True,optimal,2019,False,Wahlen & Gschwind (2023),10.1287/trsc.2023.1198
UDD,Traversal,75,20,38,2040,True,optimal,2040,False,Wahlen & Gschwind (2023),10.1287/trsc.2023.1198
UDD,Traversal,75,20,39,2081,True,optimal,2081,False,Wahlen & Gschwind (2023),10.1287/trsc.2023.1198
UDD,Traversal,75,30,0,3059,True,optimal,3059,False,Wahlen & Gschwind (2023),10.1287/trsc.2023.1198
UDD,Traversal,75,30,1,2854,True,optimal,2854,False,Wahlen & Gschwind (2023),10.1287/trsc.2023.1198
UDD,Traversal,75,30,2,3447,True,optimal,3447,False,Wahlen & Gschwind (2023),10.1287/trsc.2023.1198
UDD,Traversal,75,30,3,2595,True,optimal,2595,False,Wahlen & Gschwind (2023),10.1287/trsc.2023.1198
UDD,Traversal,75,30,4,3011,True,optimal,3011,False,Wahlen & Gschwind (2023),10.1287/trsc.2023.1198
UDD,Traversal,75,30,5,3455,True,optimal,3455,False,Wahlen & Gschwind (2023),10.1287/trsc.2023.1198
UDD,Traversal,75,30,6,3034,True,optimal,3034,False,Wahlen & Gschwind (2023),10.1287/trsc.2023.1198
UDD,Traversal,75,30,7,3289,True,optimal,3289,False,Wahlen & Gschwind (2023),10.1287/trsc.2023.1198
UDD,Traversal,75,30,8,3091,True,optimal,3091,False,Wahlen & Gschwind (2023),10.1287/trsc.2023.1198
UDD,Traversal,75,30,9,3033,True,optimal,3033,False,Wahlen & Gschwind (2023),10.1287/trsc.2023.1198
UDD,Traversal,75,30,10,3392,True,optimal,3392,False,Wahlen & Gschwind (2023),10.1287/trsc.2023.1198
UDD,Traversal,75,30,11,3330,True,optimal,3330,False,Wahlen & Gschwind (2023),10.1287/trsc.2023.1198
UDD,Traversal,75,30,12,2934,True,optimal,2934,False,Wahlen & Gschwind (2023),10.1287/trsc.2023.1198
UDD,Traversal,75,30,13,3435,True,optimal,3435,False,Wahlen & Gschwind (2023),10.1287/trsc.2023.1198
UDD,Traversal,75,30,14,3028,True,optimal,3028,False,Wahlen & Gschwind (2023),10.1287/trsc.2023.1198
UDD,Traversal,75,30,15,2826,True,optimal,2826,False,Wahlen & Gschwind (2023),10.1287/trsc.2023.1198
UDD,Traversal,75,30,16,3946,True,optimal,3946,False,Wahlen & Gschwind (2023),10.1287/trsc.2023.1198
UDD,Traversal,75,30,17,2464,True,optimal,2464,False,Wahlen & Gschwind (2023),10.1287/trsc.2023.1198
UDD,Traversal,75,30,18,2952,True,optimal,2952,False,Wahlen & Gschwind (2023),10.1287/trsc.2023.1198
UDD,Traversal,75,30,19,2783,True,optimal,2783,False,Wahlen & Gschwind (2023),10.1287/trsc.2023.1198
UDD,Traversal,75,30,20,2959,True,optimal,2959,False,Wahlen & Gschwind (2023),10.1287/trsc.2023.1198
UDD,Traversal,75,30,21,2911,True,optimal,2911,False,Wahlen & Gschwind (2023),10.1287/trsc.2023.1198
UDD,Traversal,75,30,22,3014,True,optimal,3014,False,Wahlen & Gschwind (2023),10.1287/trsc.2023.1198
UDD,Traversal,75,30,23,2971,True,optimal,2971,False,Wahlen & Gschwind (2023),10.1287/trsc.2023.1198
UDD,Traversal,75,30,24,2943,True,optimal,2943,False,Wahlen & Gschwind (2023),10.1287/trsc.2023.1198
UDD,Traversal,75,30,25,3062,True,optimal,3062,False,Wahlen & Gschwind (2023),10.1287/trsc.2023.1198
UDD,Traversal,75,30,26,3417,True,optimal,3417,False,Wahlen & Gschwind (2023),10.1287/trsc.2023.1198
UDD,Traversal,75,30,27,3038,True,optimal,3038,False,Wahlen & Gschwind (2023),10.1287/trsc.2023.1198
UDD,Traversal,75,30,28,3345,True,optimal,3345,False,Wahlen & Gschwind (2023),10.1287/trsc.2023.1198
UDD,Traversal,75,30,29,3019,True,optimal,3019,False,Wahlen & Gschwind (2023),10.1287/trsc.2023.1198
UDD,Traversal,75,30,30,3478,True,optimal,3478,False,Wahlen & Gschwind (2023),10.1287/trsc.2023.1198
UDD,Traversal,75,30,31,2944,True,optimal,2944,False,Wahlen & Gschwind (2023),10.1287/trsc.2023.1198
UDD,Traversal,75,30,32,3014,True,optimal,3014,False,Wahlen & Gschwind (2023),10.1287/trsc.2023.1198
UDD,Traversal,75,30,33,3001,True,optimal,3001,False,Wahlen & Gschwind (2023),10.1287/trsc.2023.1198
UDD,Traversal,75,30,34,3315,True,optimal,3315,False,Wahlen & Gschwind (2023),10.1287/trsc.2023.1198
UDD,Traversal,75,30,35,3002,True,optimal,3002,False,Wahlen & Gschwind (2023),10.1287/trsc.2023.1198
UDD,Traversal,75,30,36,2770,True,optimal,2770,False,Wahlen & Gschwind (2023),10.1287/trsc.2023.1198
UDD,Traversal,75,30,37,3048,True,optimal,3048,False,Wahlen & Gschwind (2023),10.1287/trsc.2023.1198
UDD,Traversal,75,30,38,3065,True,optimal,3065,False,Wahlen & Gschwind (2023),10.1287/trsc.2023.1198
UDD,Traversal,75,30,39,2979,True,optimal,2979,False,Wahlen & Gschwind (2023),10.1287/trsc.2023.1198
UDD,Traversal,75,40,0,4307,True,optimal,4307,False,Wahlen & Gschwind (2023),10.1287/trsc.2023.1198
UDD,Traversal,75,40,1,3978,True,optimal,3978,False,Wahlen & Gschwind (2023),10.1287/trsc.2023.1198
UDD,Traversal,75,40,2,4446,True,optimal,4446,False,Wahlen & Gschwind (2023),10.1287/trsc.2023.1198
UDD,Traversal,75,40,3,3837,True,optimal,3837,False,Wahlen & Gschwind (2023),10.1287/trsc.2023.1198
UDD,Traversal,75,40,4,4354,True,optimal,4354,False,Wahlen & Gschwind (2023),10.1287/trsc.2023.1198
UDD,Traversal,75,40,5,3946,True,optimal,3946,False,Wahlen & Gschwind (2023),10.1287/trsc.2023.1198
UDD,Traversal,75,40,6,3899,True,optimal,3899,False,Wahlen & Gschwind (2023),10.1287/trsc.2023.1198
UDD,Traversal,75,40,7,4059,True,optimal,4059,False,Wahlen & Gschwind (2023),10.1287/trsc.2023.1198
UDD,Traversal,75,40,8,3709,True,optimal,3709,False,Wahlen & Gschwind (2023),10.1287/trsc.2023.1198
UDD,Traversal,75,40,9,3753,True,optimal,3753,False,Wahlen & Gschwind (2023),10.1287/trsc.2023.1198
UDD,Traversal,75,40,10,3918,True,optimal,3918,False,Wahlen & Gschwind (2023),10.1287/trsc.2023.1198
UDD,Traversal,75,40,11,3937,True,optimal,3937,False,Wahlen & Gschwind (2023),10.1287/trsc.2023.1198
UDD,Traversal,75,40,12,4374,True,optimal,4374,False,Wahlen & Gschwind (2023),10.1287/trsc.2023.1198
UDD,Traversal,75,40,13,3995,True,optimal,3995,False,Wahlen & Gschwind (2023),10.1287/trsc.2023.1198
UDD,Traversal,75,40,14,4071,True,optimal,4071,False,Wahlen & Gschwind (2023),10.1287/trsc.2023.1198
UDD,Traversal,75,40,15,3480,True,optimal,3480,False,Wahlen & Gschwind (2023),10.1287/trsc.2023.1198
UDD,Traversal,75,40,16,3888,True,optimal,3888,False,Wahlen & Gschwind (2023),10.1287/trsc.2023.1198
UDD,Traversal,75,40,17,3714,True,optimal,3714,False,Wahlen & Gschwind (2023),10.1287/trsc.2023.1198
UDD,Traversal,75,40,18,3993,True,optimal,3993,False,Wahlen & Gschwind (2023),10.1287/trsc.2023.1198
UDD,Traversal,75,40,19,4042,True,optimal,4042,False,Wahlen & Gschwind (2023),10.1287/trsc.2023.1198
UDD,Traversal,75,40,20,3422,True,optimal,3422,False,Wahlen & Gschwind (2023),10.1287/trsc.2023.1198
UDD,Traversal,75,40,21,3962,True,optimal,3962,False,Wahlen & Gschwind (2023),10.1287/trsc.2023.1198
UDD,Traversal,75,40,22,4435,True,optimal,4435,False,Wahlen & Gschwind (2023),10.1287/trsc.2023.1198
UDD,Traversal,75,40,23,3958,True,optimal,3958,False,Wahlen & Gschwind (2023),10.1287/trsc.2023.1198
UDD,Traversal,75,40,24,4000,True,optimal,4000,False,Wahlen & Gschwind (2023),10.1287/trsc.2023.1198
UDD,Traversal,75,40,25,3958,True,optimal,3958,False,Wahlen & Gschwind (2023),10.1287/trsc.2023.1198
UDD,Traversal,75,40,26,4015,True,optimal,4015,False,Wahlen & Gschwind (2023),10.1287/trsc.2023.1198
UDD,Traversal,75,40,27,4071,True,optimal,4071,False,Wahlen & Gschwind (2023),10.1287/trsc.2023.1198
UDD,Traversal,75,40,28,3788,True,optimal,3788,False,Wahlen & Gschwind (2023),10.1287/trsc.2023.1198
UDD,Traversal,75,40,29,3256,True,optimal,3256,False,Wahlen & Gschwind (2023),10.1287/trsc.2023.1198
UDD,Traversal,75,40,30,4098,True,optimal,4098,False,Wahlen & Gschwind (2023),10.1287/trsc.2023.1198
UDD,Traversal,75,40,31,3895,True,optimal,3895,False,Wahlen & Gschwind (2023),10.1287/trsc.2023.1198
UDD,Traversal,75,40,32,4079,True,optimal,4079,False,Wahlen & Gschwind (2023),10.1287/trsc.2023.1198
UDD,Traversal,75,40,33,4035,True,optimal,4035,False,Wahlen & Gschwind (2023),10.1287/trsc.2023.1198
UDD,Traversal,75,40,34,4301,True,optimal,4301,False,Wahlen & Gschwind (2023),10.1287/trsc.2023.1198
UDD,Traversal,75,40,35,3990,True,optimal,3990,False,Wahlen & Gschwind (2023),10.1287/trsc.2023.1198
UDD,Traversal,75,40,36,4052,True,optimal,4052,False,Wahlen & Gschwind (2023),10.1287/trsc.2023.1198
UDD,Traversal,75,40,37,4272,True,optimal,4272,False,Wahlen & Gschwind (2023),10.1287/trsc.2023.1198
UDD,Traversal,75,40,38,3948,True,optimal,3948,False,Wahlen & Gschwind (2023),10.1287/trsc.2023.1198
UDD,Traversal,75,40,39,4109,True,optimal,4109,False,Wahlen & Gschwind (2023),10.1287/trsc.2023.1198
UDD,Traversal,75,50,0,4929,True,optimal,4929,False,Wahlen & Gschwind (2023),10.1287/trsc.2023.1198
UDD,Traversal,75,50,1,4965,True,optimal,4965,False,Wahlen & Gschwind (2023),10.1287/trsc.2023.1198
UDD,Traversal,75,50,2,5019,True,optimal,5019,False,Wahlen & Gschwind (2023),10.1287/trsc.2023.1198
UDD,Traversal,75,50,3,5029,True,optimal,5029,False,Wahlen & Gschwind (2023),10.1287/trsc.2023.1198
UDD,Traversal,75,50,4,4989,True,optimal,4989,False,Wahlen & Gschwind (2023),10.1287/trsc.2023.1198
UDD,Traversal,75,50,5,4925,True,optimal,4925,False,Wahlen & Gschwind (2023),10.1287/trsc.2023.1198
UDD,Traversal,75,50,6,4894,True,optimal,4894,False,Wahlen & Gschwind (2023),10.1287/trsc.2023.1198
UDD,Traversal,75,50,7,4914,True,optimal,4914,False,Wahlen & Gschwind (2023),10.1287/trsc.2023.1198
UDD,Traversal,75,50,8,5266,True,optimal,5266,False,Wahlen & Gschwind (2023),10.1287/trsc.2023.1198
UDD,Traversal,75,50,9,5437,True,optimal,5437,False,Wahlen & Gschwind (2023),10.1287/trsc.2023.1198
UDD,Traversal,75,50,10,4892,True,optimal,4892,False,Wahlen & Gschwind (2023),10.1287/trsc.2023.1198
UDD,Traversal,75,50,11,5494,True,optimal,5494,False,Wahlen & Gschwind (2023),10.1287/trsc.2023.1198
UDD,Traversal,75,50,12,5332,True,optimal,5332,False,Wahlen & Gschwind (2023),10.1287/trsc.2023.1198
UDD,Traversal,75,50,13,4668,True,optimal,4668,False,Wahlen & Gschwind (2023),10.1287/trsc.2023.1198
UDD,Traversal,75,50,14,4739,True,optimal,4739,False,Wahlen & Gschwind (2023),10.1287/trsc.2023.1198
UDD,Traversal,75,50,15,4847,True,optimal,4847,False,Wahlen & Gschwind (2023),10.1287/trsc.2023.1198
UDD,Traversal,75,50,16,5284,True,optimal,5284,False,Wahlen & Gschwind (2023),10.1287/trsc.2023.1198
UDD,Traversal,75,50,17,5532,True,optimal,5532,False,Wahlen & Gschwind (2023),10.1287/trsc.2023.1198
UDD,Traversal,75,50,18,5343,True,optimal,5343,False,Wahlen & Gschwind (2023),10.1287/trsc.2023.1198
UDD,Traversal,75,50,19,5281,True,optimal,5281,False,Wahlen & Gschwind (2023),10.1287/trsc.2023.1198
UDD,Traversal,75,50,20,4954,True,optimal,4954,False,Wahlen & Gschwind (2023),10.1287/trsc.2023.1198
UDD,Traversal,75,50,21,5021,True,optimal,5021,False,Wahlen & Gschwind (2023),10.1287/trsc.2023.1198
UDD,Traversal,75,50,22,4936,True,optimal,4936,False,Wahlen & Gschwind (2023),10.1287/trsc.2023.1198
UDD,Traversal,75,50,23,4948,True,optimal,4948,False,Wahlen & Gschwind (2023),10.1287/trsc.2023.1198
UDD,Traversal,75,50,24,4954,True,optimal,4954,False,Wahlen & Gschwind (2023),10.1287/trsc.2023.1198
UDD,Traversal,75,50,25,4872,True,optimal,4872,False,Wahlen & Gschwind (2023),10.1287/trsc.2023.1198
UDD,Traversal,75,50,26,4816,True,optimal,4816,False,Wahlen & Gschwind (2023),10.1287/trsc.2023.1198
UDD,Traversal,75,50,27,4476,True,optimal,4476,False,Wahlen & Gschwind (2023),10.1287/trsc.2023.1198
UDD,Traversal,75,50,28,4938,True,optimal,4938,False,Wahlen & Gschwind (2023),10.1287/trsc.2023.1198
UDD,Traversal,75,50,29,5290,True,optimal,5290,False,Wahlen & Gschwind (2023),10.1287/trsc.2023.1198
UDD,Traversal,75,50,30,4839,True,optimal,4839,False,Wahlen & Gschwind (2023),10.1287/trsc.2023.1198
UDD,Traversal,75,50,31,4936,True,optimal,4936,False,Wahlen & Gschwind (2023),10.1287/trsc.2023.1198
UDD,Traversal,75,50,32,4736,True,optimal,4736,False,Wahlen & Gschwind (2023),10.1287/trsc.2023.1198
UDD,Traversal,75,50,33,4870,True,optimal,4870,False,Wahlen & Gschwind (2023),10.1287/trsc.2023.1198
UDD,Traversal,75,50,34,4894,True,optimal,4894,False,Wahlen & Gschwind (2023),10.1287/trsc.2023.1198
UDD,Traversal,75,50,35,4678,True,optimal,4678,False,Wahlen & Gschwind (2023),10.1287/trsc.2023.1198
UDD,Traversal,75,50,36,4749,True,optimal,4749,False,Wahlen & Gschwind (2023),10.1287/trsc.2023.1198
UDD,Traversal,75,50,37,4960,True,optimal,4960,False,Wahlen & Gschwind (2023),10.1287/trsc.2023.1198
UDD,Traversal,75,50,38,5455,True,optimal,5455,False,Wahlen & Gschwind (2023),10.1287/trsc.2023.1198
UDD,Traversal,75,50,39,4919,True,optimal,4919,False,Wahlen & Gschwind (2023),10.1287/trsc.2023.1198
UDD,Traversal,75,60,0,5318,True,optimal,5318,False,Wahlen & Gschwind (2023),10.1287/trsc.2023.1198
UDD,Traversal,75,60,1,6445,True,optimal,6445,False,Wahlen & Gschwind (2023),10.1287/trsc.2023.1198
UDD,Traversal,75,60,2,5793,True,optimal,5793,False,Wahlen & Gschwind (2023),10.1287/trsc.2023.1198
UDD,Traversal,75,60,3,5837,True,optimal,5837,False,Wahlen & Gschwind (2023),10.1287/trsc.2023.1198
UDD,Traversal,75,60,4,5492,True,optimal,5492,False,Wahlen & Gschwind (2023),10.1287/trsc.2023.1198
UDD,Traversal,75,60,5,5437,True,optimal,5437,False,Wahlen & Gschwind (2023),10.1287/trsc.2023.1198
UDD,Traversal,75,60,6,5453,True,optimal,5453,False,Wahlen & Gschwind (2023),10.1287/trsc.2023.1198
UDD,Traversal,75,60,7,5897,True,optimal,5897,False,Wahlen & Gschwind (2023),10.1287/trsc.2023.1198
UDD,Traversal,75,60,8,5885,True,optimal,5885,False,Wahlen & Gschwind (2023),10.1287/trsc.2023.1198
UDD,Traversal,75,60,9,5828,True,optimal,5828,False,Wahlen & Gschwind (2023),10.1287/trsc.2023.1198
UDD,Traversal,75,60,10,6223,True,optimal,6223,False,Wahlen & Gschwind (2023),10.1287/trsc.2023.1198
UDD,Traversal,75,60,11,5663,True,optimal,5663,False,Wahlen & Gschwind (2023),10.1287/trsc.2023.1198
UDD,Traversal,75,60,12,6538,True,optimal,6538,False,Wahlen & Gschwind (2023),10.1287/trsc.2023.1198
UDD,Traversal,75,60,13,6447,True,optimal,6447,False,Wahlen & Gschwind (2023),10.1287/trsc.2023.1198
UDD,Traversal,75,60,14,5770,True,optimal,5770,False,Wahlen & Gschwind (2023),10.1287/trsc.2023.1198
UDD,Traversal,75,60,15,5741,True,optimal,5741,False,Wahlen & Gschwind (2023),10.1287/trsc.2023.1198
UDD,Traversal,75,60,16,5282,True,optimal,5282,False,Wahlen & Gschwind (2023),10.1287/trsc.2023.1198
UDD,Traversal,75,60,17,6326,True,optimal,6326,False,Wahlen & Gschwind (2023),10.1287/trsc.2023.1198
UDD,Traversal,75,60,18,5777,True,optimal,5777,False,Wahlen & Gschwind (2023),10.1287/trsc.2023.1198
UDD,Traversal,75,60,19,5934,True,optimal,5934,False,Wahlen & Gschwind (2023),10.1287/trsc.2023.1198
UDD,Traversal,75,60,20,5987,True,optimal,5987,False,Wahlen & Gschwind (2023),10.1287/trsc.2023.1198
UDD,Traversal,75,60,21,5455,True,optimal,5455,False,Wahlen & Gschwind (2023),10.1287/trsc.2023.1198
UDD,Traversal,75,60,22,5859,True,optimal,5859,False,Wahlen & Gschwind (2023),10.1287/trsc.2023.1198
UDD,Traversal,75,60,23,6307,True,optimal,6307,False,Wahlen & Gschwind (2023),10.1287/trsc.2023.1198
UDD,Traversal,75,60,24,5262,True,optimal,5262,False,Wahlen & Gschwind (2023),10.1287/trsc.2023.1198
UDD,Traversal,75,60,25,4931,True,optimal,4931,False,Wahlen & Gschwind (2023),10.1287/trsc.2023.1198
UDD,Traversal,75,60,26,5909,True,optimal,5909,False,Wahlen & Gschwind (2023),10.1287/trsc.2023.1198
UDD,Traversal,75,60,27,6039,True,optimal,6039,False,Wahlen & Gschwind (2023),10.1287/trsc.2023.1198
UDD,Traversal,75,60,28,5348,True,optimal,5348,False,Wahlen & Gschwind (2023),10.1287/trsc.2023.1198
UDD,Traversal,75,60,29,6410,True,optimal,6410,False,Wahlen & Gschwind (2023),10.1287/trsc.2023.1198
UDD,Traversal,75,60,30,5697,True,optimal,5697,False,Wahlen & Gschwind (2023),10.1287/trsc.2023.1198
UDD,Traversal,75,60,31,5894,True,optimal,5894,False,Wahlen & Gschwind (2023),10.1287/trsc.2023.1198
UDD,Traversal,75,60,32,5869,True,optimal,5869,False,Wahlen & Gschwind (2023),10.1287/trsc.2023.1198
UDD,Traversal,75,60,33,6330,True,optimal,6330,False,Wahlen & Gschwind (2023),10.1287/trsc.2023.1198
UDD,Traversal,75,60,34,6361,True,optimal,6361,False,Wahlen & Gschwind (2023),10.1287/trsc.2023.1198
UDD,Traversal,75,60,35,6344,False,optimal,6344,False,Wahlen & Gschwind (2023),10.1287/trsc.2023.1198
UDD,Traversal,75,60,36,5965,True,optimal,5965,False,Wahlen & Gschwind (2023),10.1287/trsc.2023.1198
UDD,Traversal,75,60,37,5900,True,optimal,5900,False,Wahlen & Gschwind (2023),10.1287/trsc.2023.1198
UDD,Traversal,75,60,38,5852,True,optimal,5852,False,Wahlen & Gschwind (2023),10.1287/trsc.2023.1198
UDD,Traversal,75,60,39,5829,True,optimal,5829,False,Wahlen & Gschwind (2023),10.1287/trsc.2023.1198
UDD,Traversal,75,70,0,6685,True,optimal,6685,False,Wahlen & Gschwind (2023),10.1287/trsc.2023.1198
UDD,Traversal,75,70,1,6719,True,optimal,6719,False,Wahlen & Gschwind (2023),10.1287/trsc.2023.1198
UDD,Traversal,75,70,2,6417,True,optimal,6417,False,Wahlen & Gschwind (2023),10.1287/trsc.2023.1198
UDD,Traversal,75,70,3,6836,False,optimal,6836,False,Wahlen & Gschwind (2023),10.1287/trsc.2023.1198
UDD,Traversal,75,70,4,6684,False,optimal,6684,False,Wahlen & Gschwind (2023),10.1287/trsc.2023.1198
UDD,Traversal,75,70,5,6700,True,optimal,6700,False,Wahlen & Gschwind (2023),10.1287/trsc.2023.1198
UDD,Traversal,75,70,6,7269,True,optimal,7269,False,Wahlen & Gschwind (2023),10.1287/trsc.2023.1198
UDD,Traversal,75,70,7,6376,True,optimal,6376,False,Wahlen & Gschwind (2023),10.1287/trsc.2023.1198
UDD,Traversal,75,70,8,6200,True,optimal,6200,False,Wahlen & Gschwind (2023),10.1287/trsc.2023.1198
UDD,Traversal,75,70,9,7106,True,optimal,7106,False,Wahlen & Gschwind (2023),10.1287/trsc.2023.1198
UDD,Traversal,75,70,10,6883,True,optimal,6883,False,Wahlen & Gschwind (2023),10.1287/trsc.2023.1198
UDD,Traversal,75,70,11,6894,True,optimal,6894,False,Wahlen & Gschwind (2023),10.1287/trsc.2023.1198
UDD,Traversal,75,70,12,7143,True,optimal,7143,False,Wahlen & Gschwind (2023),10.1287/trsc.2023.1198
UDD,Traversal,75,70,13,6738,False,optimal,6738,False,Wahlen & Gschwind (2023),10.1287/trsc.2023.1198
UDD,Traversal,75,70,14,7222,True,optimal,7222,False,Wahlen & Gschwind (2023),10.1287/trsc.2023.1198
UDD,Traversal,75,70,15,6678,True,optimal,6678,False,Wahlen & Gschwind (2023),10.1287/trsc.2023.1198
UDD,Traversal,75,70,16,6781,False,optimal,6781,False,Wahlen & Gschwind (2023),10.1287/trsc.2023.1198
UDD,Traversal,75,70,17,7374,True,optimal,7374,False,Wahlen & Gschwind (2023),10.1287/trsc.2023.1198
UDD,Traversal,75,70,18,7343,True,optimal,7343,False,Wahlen & Gschwind (2023),10.1287/trsc.2023.1198
UDD,Traversal,75,70,19,6851,False,optimal,6851,False,Wahlen & Gschwind (2023),10.1287/trsc.2023.1198
UDD,Traversal,75,70,20,7318,True,optimal,7318,False,Wahlen & Gschwind (2023),10.1287/trsc.2023.1198
UDD,Traversal,75,70,21,6814,True,optimal,6814,False,Wahlen & Gschwind (2023),10.1287/trsc.2023.1198
UDD,Traversal,75,70,22,6826,True,optimal,6826,False,Wahlen & Gschwind (2023),10.1287/trsc.2023.1198
UDD,Traversal,75,70,23,6285,True,optimal,6285,False,Wahlen & Gschwind (2023),10.1287/trsc.2023.1198
UDD,Traversal,75,70,24,6356,True,optimal,6356,False,Wahlen & Gschwind (2023),10.1287/trsc.2023.1198
UDD,Traversal,75,70,25,6805,True,optimal,6805,False,Wahlen & Gschwind (2023),10.1287/trsc.2023.1198
UDD,Traversal,75,70,26,6396,True,optimal,6396,False,Wahlen & Gschwind (2023),10.1287/trsc.2023.1198
UDD,Traversal,75,70,27,6699,True,optimal,6699,False,Wahlen & Gschwind (2023),10.1287/trsc.2023.1198
UDD,Traversal,75,70,28,6407,False,optimal,6407,False,Wahlen & Gschwind (2023),10.1287/trsc.2023.1198
UDD,Traversal,75,70,29,5907,True,optimal,5907,False,Wahlen & Gschwind (2023),10.1287/trsc.2023.1198
UDD,Traversal,75,70,30,6830,True,optimal,6830,False,Wahlen & Gschwind (2023),10.1287/trsc.2023.1198
UDD,Traversal,75,70,31,6351,True,optimal,6351,False,Wahlen & Gschwind (2023),10.1287/trsc.2023.1198
UDD,Traversal,75,70,32,6917,True,optimal,6917,False,Wahlen & Gschwind (2023),10.1287/trsc.2023.1198
UDD,Traversal,75,70,33,6855,True,optimal,6855,False,Wahlen & Gschwind (2023),10.1287/trsc.2023.1198
UDD,Traversal,75,70,34,6944,True,optimal,6944,False,Wahlen & Gschwind (2023),10.1287/trsc.2023.1198
UDD,Traversal,75,70,35,6465,True,optimal,6465,False,Wahlen & Gschwind (2023),10.1287/trsc.2023.1198
UDD,Traversal,75,70,36,6787,True,optimal,6787,False,Wahlen & Gschwind (2023),10.1287/trsc.2023.1198
UDD,Traversal,75,70,37,6320,True,optimal,6320,False,Wahlen & Gschwind (2023),10.1287/trsc.2023.1198
UDD,Traversal,75,70,38,6841,False,optimal,6841,False,Wahlen & Gschwind (2023),10.1287/trsc.2023.1198
UDD,Traversal,75,70,39,6425,True,optimal,6425,False,Wahlen & Gschwind (2023),10.1287/trsc.2023.1198
UDD,Traversal,75,80,0,7778,True,optimal,7778,False,Wahlen & Gschwind (2023),10.1287/trsc.2023.1198
UDD,Traversal,75,80,1,7721,False,optimal,7721,False,Wahlen & Gschwind (2023),10.1287/trsc.2023.1198
UDD,Traversal,75,80,2,7245,False,optimal,7245,False,Wahlen & Gschwind (2023),10.1287/trsc.2023.1198
UDD,Traversal,75,80,3,8454,True,optimal,8454,False,Wahlen & Gschwind (2023),10.1287/trsc.2023.1198
UDD,Traversal,75,80,4,7381,True,optimal,7381,False,Wahlen & Gschwind (2023),10.1287/trsc.2023.1198
UDD,Traversal,75,80,5,7845,False,optimal,7845,False,Wahlen & Gschwind (2023),10.1287/trsc.2023.1198
UDD,Traversal,75,80,6,7151,True,optimal,7151,False,Wahlen & Gschwind (2023),10.1287/trsc.2023.1198
UDD,Traversal,75,80,7,7300,False,optimal,7300,False,Wahlen & Gschwind (2023),10.1287/trsc.2023.1198
UDD,Traversal,75,80,8,7810,False,optimal,7810,False,Wahlen & Gschwind (2023),10.1287/trsc.2023.1198
UDD,Traversal,75,80,9,7622,False,optimal,7622,False,Wahlen & Gschwind (2023),10.1287/trsc.2023.1198
UDD,Traversal,75,80,10,8693,True,optimal,8693,False,Wahlen & Gschwind (2023),10.1287/trsc.2023.1198
UDD,Traversal,75,80,11,7722,False,optimal,7722,False,Wahlen & Gschwind (2023),10.1287/trsc.2023.1198
UDD,Traversal,75,80,12,7215,False,optimal,7215,False,Wahlen & Gschwind (2023),10.1287/trsc.2023.1198
UDD,Traversal,75,80,13,7818,True,optimal,7818,False,Wahlen & Gschwind (2023),10.1287/trsc.2023.1198
UDD,Traversal,75,80,14,7337,True,optimal,7337,False,Wahlen & Gschwind (2023),10.1287/trsc.2023.1198
UDD,Traversal,75,80,15,7818,True,optimal,7818,False,Wahlen & Gschwind (2023),10.1287/trsc.2023.1198
UDD,Traversal,75,80,16,7330,True,optimal,7330,False,Wahlen & Gschwind (2023),10.1287/trsc.2023.1198
UDD,Traversal,75,80,17,7752,False,optimal,7752,False,Wahlen & Gschwind (2023),10.1287/trsc.2023.1198
UDD,Traversal,75,80,18,7276,True,optimal,7276,False,Wahlen & Gschwind (2023),10.1287/trsc.2023.1198
UDD,Traversal,75,80,19,8372,False,optimal,8372,False,Wahlen & Gschwind (2023),10.1287/trsc.2023.1198
UDD,Traversal,75,80,20,7922,True,optimal,7922,False,Wahlen & Gschwind (2023),10.1287/trsc.2023.1198
UDD,Traversal,75,80,21,7564,True,optimal,7564,False,Wahlen & Gschwind (2023),10.1287/trsc.2023.1198
UDD,Traversal,75,80,22,7213,True,optimal,7213,False,Wahlen & Gschwind (2023),10.1287/trsc.2023.1198
UDD,Traversal,75,80,23,7331,True,optimal,7331,False,Wahlen & Gschwind (2023),10.1287/trsc.2023.1198
UDD,Traversal,75,80,24,8294,True,optimal,8294,False,Wahlen & Gschwind (2023),10.1287/trsc.2023.1198
UDD,Traversal,75,80,25,7859,True,optimal,7859,False,Wahlen & Gschwind (2023),10.1287/trsc.2023.1198
UDD,Traversal,75,80,26,7294,True,optimal,7294,False,Wahlen & Gschwind (2023),10.1287/trsc.2023.1198
UDD,Traversal,75,80,27,7702,True,optimal,7702,False,Wahlen & Gschwind (2023),10.1287/trsc.2023.1198
UDD,Traversal,75,80,28,7347,True,optimal,7347,False,Wahlen & Gschwind (2023),10.1287/trsc.2023.1198
UDD,Traversal,75,80,29,8338,True,optimal,8338,False,Wahlen & Gschwind (2023),10.1287/trsc.2023.1198
UDD,Traversal,75,80,30,8171,False,optimal,8171,False,Wahlen & Gschwind (2023),10.1287/trsc.2023.1198
UDD,Traversal,75,80,31,7288,False,optimal,7288,False,Wahlen & Gschwind (2023),10.1287/trsc.2023.1198
UDD,Traversal,75,80,32,7193,False,optimal,7193,False,Wahlen & Gschwind (2023),10.1287/trsc.2023.1198
UDD,Traversal,75,80,33,7430,True,optimal,7430,False,Wahlen & Gschwind (2023),10.1287/trsc.2023.1198
UDD,Traversal,75,80,34,8325,False,optimal,8325,False,Wahlen & Gschwind (2023),10.1287/trsc.2023.1198
UDD,Traversal,75,80,35,7307,True,optimal,7307,False,Wahlen & Gschwind (2023),10.1287/trsc.2023.1198
UDD,Traversal,75,80,36,7278,True,optimal,7278,False,Wahlen & Gschwind (2023),10.1287/trsc.2023.1198
UDD,Traversal,75,80,37,7799,True,optimal,7799,False,Wahlen & Gschwind (2023),10.1287/trsc.2023.1198
UDD,Traversal,75,80,38,7715,False,optimal,7715,False,Wahlen & Gschwind (2023),10.1287/trsc.2023.1198
UDD,Traversal,75,80,39,7812,False,optimal,7812,False,Wahlen & Gschwind (2023),10.1287/trsc.2023.1198
UDD,Traversal,75,90,0,8124,False,optimal,8124,False,Wahlen & Gschwind (2023),10.1287/trsc.2023.1198
UDD,Traversal,75,90,1,8270,False,optimal,8270,False,Wahlen & Gschwind (2023),10.1287/trsc.2023.1198
UDD,Traversal,75,90,2,9145,False,optimal,9145,False,Wahlen & Gschwind (2023),10.1287/trsc.2023.1198
UDD,Traversal,75,90,3,8162,True,optimal,8162,False,Wahlen & Gschwind (2023),10.1287/trsc.2023.1198
UDD,Traversal,75,90,4,8570,True,optimal,8570,False,Wahlen & Gschwind (2023),10.1287/trsc.2023.1198
UDD,Traversal,75,90,5,8212,True,optimal,8212,False,Wahlen & Gschwind (2023),10.1287/trsc.2023.1198
UDD,Traversal,75,90,6,8798,False,optimal,8798,False,Wahlen & Gschwind (2023),10.1287/trsc.2023.1198
UDD,Traversal,75,90,7,9214,False,optimal,9214,False,Wahlen & Gschwind (2023),10.1287/trsc.2023.1198
UDD,Traversal,75,90,8,8670,False,optimal,8670,False,Wahlen & Gschwind (2023),10.1287/trsc.2023.1198
UDD,Traversal,75,90,9,8717,False,optimal,8717,False,Wahlen & Gschwind (2023),10.1287/trsc.2023.1198
UDD,Traversal,75,90,10,9187,True,optimal,9187,False,Wahlen & Gschwind (2023),10.1287/trsc.2023.1198
UDD,Traversal,75,90,11,8049,False,optimal,8049,False,Wahlen & Gschwind (2023),10.1287/trsc.2023.1198
UDD,Traversal,75,90,12,8173,False,optimal,8173,False,Wahlen & Gschwind (2023),10.1287/trsc.2023.1198
UDD,Traversal,75,90,13,8257,False,optimal,8257,False,Wahlen & Gschwind (2023),10.1287/trsc.2023.1198
UDD,Traversal,75,90,14,8338,True,optimal,8338,False,Wahlen & Gschwind (2023),10.1287/trsc.2023.1198
UDD,Traversal,75,90,15,8074,False,optimal,8074,False,Wahlen & Gschwind (2023),10.1287/trsc.2023.1198
UDD,Traversal,75,90,16,8325,True,optimal,8325,False,Wahlen & Gschwind (2023),10.1287/trsc.2023.1198
UDD,Traversal,75,90,17,8743,False,optimal,8743,False,Wahlen & Gschwind (2023),10.1287/trsc.2023.1198
UDD,Traversal,75,90,18,8263,False,optimal,8263,False,Wahlen & Gschwind (2023),10.1287/trsc.2023.1198
UDD,Traversal,75,90,19,8861,False,optimal,8861,False,Wahlen & Gschwind (2023),10.1287/trsc.2023.1198
UDD,Traversal,75,90,20,8231,False,optimal,8231,False,Wahlen & Gschwind (2023),10.1287/trsc.2023.1198
UDD,Traversal,75,90,21,7727,True,optimal,7727,False,Wahlen & Gschwind (2023),10.1287/trsc.2023.1198
UDD,Traversal,75,90,22,8759,True,optimal,8759,False,Wahlen & Gschwind (2023),10.1287/trsc.2023.1198
UDD,Traversal,75,90,23,8938,True,optimal,8938,False,Wahlen & Gschwind (2023),10.1287/trsc.2023.1198
UDD,Traversal,75,90,24,8644,False,optimal,8644,False,Wahlen & Gschwind (2023),10.1287/trsc.2023.1198
UDD,Traversal,75,90,25,8222,False,optimal,8222,False,Wahlen & Gschwind (2023),10.1287/trsc.2023.1198
UDD,Traversal,75,90,26,8967,True,optimal,8967,False,Wahlen & Gschwind (2023),10.1287/trsc.2023.1198
UDD,Traversal,75,90,27,9157,True,optimal,9157,False,Wahlen & Gschwind (2023),10.1287/trsc.2023.1198
UDD,Traversal,75,90,28,8258,False,optimal,8258,False,Wahlen & Gschwind (2023),10.1287/trsc.2023.1198
UDD,Traversal,75,90,29,8805,True,optimal,8805,False,Wahlen & Gschwind (2023),10.1287/trsc.2023.1198
UDD,Traversal,75,90,30,8507,True,optimal,8507,False,Wahlen & Gschwind (2023),10.1287/trsc.2023.1198
UDD,Traversal,75,90,31,8312,True,optimal,8312,False,Wahlen & Gschwind (2023),10.1287/trsc.2023.1198
UDD,Traversal,75,90,32,8608,False,optimal,8608,False,Wahlen & Gschwind (2023),10.1287/trsc.2023.1198
UDD,Traversal,75,90,33,8308,True,optimal,8308,False,Wahlen & Gschwind (2023),10.1287/trsc.2023.1198
UDD,Traversal,75,90,34,8271,True,optimal,8271,False,Wahlen & Gschwind (2023),10.1287/trsc.2023.1198
UDD,Traversal,75,90,35,8240,False,optimal,8240,False,Wahlen & Gschwind (2023),10.1287/trsc.2023.1198
UDD,Traversal,75,90,36,8494,True,optimal,8494,False,Wahlen & Gschwind (2023),10.1287/trsc.2023.1198
UDD,Traversal,75,90,37,8735,False,optimal,8735,False,Wahlen & Gschwind (2023),10.1287/trsc.2023.1198
UDD,Traversal,75,90,38,9336,False,optimal,9336,False,Wahlen & Gschwind (2023),10.1287/trsc.2023.1198
UDD,Traversal,75,90,39,8882,True,optimal,8882,False,Wahlen & Gschwind (2023),10.1287/trsc.2023.1198
UDD,Traversal,75,100,0,9172,False,optimal,9172,False,Wahlen & Gschwind (2023),10.1287/trsc.2023.1198
UDD,Traversal,75,100,1,9848,True,optimal,9848,False,Wahlen & Gschwind (2023),10.1287/trsc.2023.1198
UDD,Traversal,75,100,2,9400,False,optimal,9400,False,Wahlen & Gschwind (2023),10.1287/trsc.2023.1198
UDD,Traversal,75,100,3,10184,False,optimal,10184,False,Wahlen & Gschwind (2023),10.1287/trsc.2023.1198
UDD,Traversal,75,100,4,9647,False,optimal,9647,False,Wahlen & Gschwind (2023),10.1287/trsc.2023.1198
UDD,Traversal,75,100,5,10623,False,optimal,10623,False,Wahlen & Gschwind (2023),10.1287/trsc.2023.1198
UDD,Traversal,75,100,6,9130,False,optimal,9130,False,Wahlen & Gschwind (2023),10.1287/trsc.2023.1198
UDD,Traversal,75,100,7,8944,False,optimal,8944,False,Wahlen & Gschwind (2023),10.1287/trsc.2023.1198
UDD,Traversal,75,100,8,9191,False,optimal,9191,False,Wahlen & Gschwind (2023),10.1287/trsc.2023.1198
UDD,Traversal,75,100,9,10731,False,optimal,10731,False,Wahlen & Gschwind (2023),10.1287/trsc.2023.1198
UDD,Traversal,75,100,10,9599,False,optimal,9599,False,Wahlen & Gschwind (2023),10.1287/trsc.2023.1198
UDD,Traversal,75,100,11,9784,False,optimal,9784,False,Wahlen & Gschwind (2023),10.1287/trsc.2023.1198
UDD,Traversal,75,100,12,9715,False,optimal,9715,False,Wahlen & Gschwind (2023),10.1287/trsc.2023.1198
UDD,Traversal,75,100,13,9729,False,optimal,9729,False,Wahlen & Gschwind (2023),10.1287/trsc.2023.1198
UDD,Traversal,75,100,14,8780,True,optimal,8780,False,Wahlen & Gschwind (2023),10.1287/trsc.2023.1198
UDD,Traversal,75,100,15,9167,False,optimal,9167,False,Wahlen & Gschwind (2023),10.1287/trsc.2023.1198
UDD,Traversal,75,100,16,9918,True,optimal,9918,False,Wahlen & Gschwind (2023),10.1287/trsc.2023.1198
UDD,Traversal,75,100,17,9536,False,optimal,9536,False,Wahlen & Gschwind (2023),10.1287/trsc.2023.1198
UDD,Traversal,75,100,18,9267,True,optimal,9267,False,Wahlen & Gschwind (2023),10.1287/trsc.2023.1198
UDD,Traversal,75,100,19,9638,False,optimal,9638,False,Wahlen & Gschwind (2023),10.1287/trsc.2023.1198
UDD,Traversal,75,100,20,9290,False,optimal,9290,False,Wahlen & Gschwind (2023),10.1287/trsc.2023.1198
UDD,Traversal,75,100,21,9226,True,optimal,9226,False,Wahlen & Gschwind (2023),10.1287/trsc.2023.1198
UDD,Traversal,75,100,22,9166,False,optimal,9166,False,Wahlen & Gschwind (2023),10.1287/trsc.2023.1198
UDD,Traversal,75,100,23,9223,True,optimal,9223,False,Wahlen & Gschwind (2023),10.1287/trsc.2023.1198
UDD,Traversal,75,100,24,9521,True,optimal,9521,False,Wahlen & Gschwind (2023),10.1287/trsc.2023.1198
UDD,Traversal,75,100,25,9790,False,optimal,9790,False,Wahlen & Gschwind (2023),10.1287/trsc.2023.1198
UDD,Traversal,75,100,26,9171,False,optimal,9171,False,Wahlen & Gschwind (2023),10.1287/trsc.2023.1198
UDD,Traversal,75,100,27,8652,False,optimal,8652,False,Wahlen & Gschwind (2023),10.1287/trsc.2023.1198
UDD,Traversal,75,100,28,9181,True,optimal,9181,False,Wahlen & Gschwind (2023),10.1287/trsc.2023.1198
UDD,Traversal,75,100,29,9071,False,optimal,9071,False,Wahlen & Gschwind (2023),10.1287/trsc.2023.1198
UDD,Traversal,75,100,30,9636,False,optimal,9636,False,Wahlen & Gschwind (2023),10.1287/trsc.2023.1198
UDD,Traversal,75,100,31,9775,True,optimal,9775,False,Wahlen & Gschwind (2023),10.1287/trsc.2023.1198
UDD,Traversal,75,100,32,9270,True,optimal,9270,False,Wahlen & Gschwind (2023),10.1287/trsc.2023.1198
UDD,Traversal,75,100,33,9165,False,optimal,9165,False,Wahlen & Gschwind (2023),10.1287/trsc.2023.1198
UDD,Traversal,75,100,34,9731,False,optimal,9731,False,Wahlen & Gschwind (2023),10.1287/trsc.2023.1198
UDD,Traversal,75,100,35,9146,False,optimal,9146,False,Wahlen & Gschwind (2023),10.1287/trsc.2023.1198
UDD,Traversal,75,100,36,8815,False,optimal,8815,False,Wahlen & Gschwind (2023),10.1287/trsc.2023.1198
UDD,Traversal,75,100,37,9182,False,optimal,9182,False,Wahlen & Gschwind (2023),10.1287/trsc.2023.1198
UDD,Traversal,75,100,38,9641,True,optimal,9641,False,Wahlen & Gschwind (2023),10.1287/trsc.2023.1198
UDD,Traversal,75,100,39,9776,True,optimal,9776,False,Wahlen & Gschwind (2023),10.1287/trsc.2023.1198
