;;;traversal;traversal;traversal;traversal;traversal;traversal;traversal;traversal;return;return;return;return;return;return;return;return;midpoint;midpoint;midpoint;midpoint;midpoint;midpoint;midpoint;midpoint;largest gap;largest gap;largest gap;largest gap;largest gap;largest gap;largest gap;largest gap;combined;combined;combined;combined;combined;combined;combined;combined;optimal;optimal;optimal;optimal;optimal;optimal;optimal;optimal
;;;;;BPC;BPC;SC-2;SC-2;BPC-DF-2;BPC-DF-2;;;BPC;BPC;SC-2;SC-2;BPC-DF-2;BPC-DF-2;;;BPC;BPC;SC-2;SC-2;BPC-DF-2;BPC-DF-2;;;BPC;BPC;SC-2;SC-2;BPC-DF-2;BPC-DF-2;;;BPC;BPC;SC-2;SC-2;BPC-DF-2;BPC-DF-2;;;BPC;BPC;SC-2;SC-2;BPC-DF-2;BPC-DF-2
capacity;numOrders;instNum;BKS;BKS_is_opt;LB tree;runtime;UB;runtime;UB;runtime;BKS;BKS_is_opt;LB tree;runtime;UB;runtime;UB;runtime;BKS;BKS_is_opt;LB tree;runtime;UB;runtime;UB;runtime;BKS;BKS_is_opt;LB tree;runtime;UB;runtime;UB;runtime;BKS;BKS_is_opt;LB tree;runtime;UB;runtime;UB;runtime;BKS;BKS_is_opt;LB tree;runtime;UB;runtime;UB;runtime
30;20;0;6144;True;6144.00;0.01;6144;0.00;6144;0.00;7757;True;7757.00;0.00;7757;0.00;7757;0.01;5762;True;5762.00;0.00;5762;0.00;5762;0.00;5468;True;5468.00;0.00;5468;0.00;5468;0.01;5553;True;5553.00;0.00;5553;0.00;5553;0.00;5067;True;5067.00;0.01;5067;0.01;5067;0.00
30;20;1;5225;True;5225.00;0.00;5225;0.00;5225;0.00;6961;True;6961.00;0.00;6961;0.00;6961;0.00;5293;True;5293.00;0.00;5293;0.00;5293;0.00;4973;True;4973.00;0.00;4973;0.00;4973;0.00;4811;True;4811.00;0.00;4811;0.00;4811;0.00;4536;True;4536.00;0.00;4536;0.00;4536;0.00
30;20;2;5277;True;5277.00;0.00;5277;0.00;5277;0.00;6723;True;6723.00;0.00;6723;0.00;6723;0.00;5127;True;5127.00;0.00;5127;0.00;5127;0.00;4868;True;4868.00;0.00;4868;0.00;4868;0.00;4700;True;4700.00;0.00;4700;0.00;4700;0.00;4409;True;4409.00;0.00;4409;0.00;4409;0.00
30;20;3;6051;True;6051.00;0.00;6051;0.00;6051;0.00;7639;True;7639.00;0.00;7639;0.00;7639;0.00;5902;True;5902.00;0.00;5902;0.00;5902;0.00;5591;True;5591.00;0.00;5591;0.00;5591;0.00;5445;True;5445.00;0.00;5445;0.00;5445;0.00;5091;True;5091.00;0.00;5091;0.00;5091;0.00
30;20;4;4641;True;4641.00;0.00;4641;0.00;4641;0.00;6049;True;6049.00;0.00;6049;0.00;6049;0.00;4636;True;4636.00;0.01;4636;0.01;4636;0.00;4387;True;4387.00;0.00;4387;0.00;4387;0.00;4239;True;4239.00;0.00;4239;0.00;4239;0.00;4035;True;4035.00;0.00;4035;0.00;4035;0.00
30;20;5;5491;True;5491.00;0.00;5491;0.00;5491;0.00;7122;True;7122.00;0.00;7122;0.00;7122;0.00;5207;True;5207.00;0.00;5207;0.00;5207;0.00;5024;True;5024.00;0.00;5024;0.00;5024;0.00;5068;True;5068.00;0.00;5068;0.00;5068;0.00;4630;True;4630.00;0.00;4630;0.00;4630;0.00
30;20;6;6513;True;6513.00;0.00;6513;0.00;6513;0.00;8032;True;8032.00;0.00;8032;0.00;8032;0.00;6498;True;6498.00;0.00;6498;0.00;6498;0.00;6074;True;6074.00;0.00;6074;0.00;6074;0.00;5937;True;5937.00;0.00;5937;0.00;5937;0.00;5527;True;5527.00;0.00;5527;0.00;5527;0.00
30;20;7;5311;True;5311.00;0.00;5311;0.00;5311;0.00;6906;True;6906.00;0.00;6906;0.00;6906;0.00;5270;True;5270.00;0.00;5270;0.00;5270;0.00;4876;True;4876.00;0.00;4876;0.00;4876;0.00;4857;True;4857.00;0.00;4857;0.00;4857;0.00;4530;True;4530.00;0.00;4530;0.00;4530;0.00
30;20;8;5068;True;5068.00;0.26;5068;0.02;5068;0.17;6256;True;6256.00;0.00;6256;0.00;6256;0.00;5226;True;5226.00;0.22;5246;0.02;5226;0.02;4780;True;4780.00;0.03;4780;0.01;4780;0.02;4616;True;4616.00;0.05;4616;0.02;4616;0.01;4435;True;4435.00;0.04;4435;0.01;4435;0.02
30;20;9;4326;True;4326.00;0.00;4326;0.00;4326;0.00;5645;True;5645.00;0.00;5645;0.00;5645;0.00;4107;True;4107.00;0.03;4127;0.02;4107;0.01;3918;True;3918.00;0.00;3918;0.00;3918;0.00;3986;True;3986.00;0.00;3986;0.00;3986;0.00;3677;True;3677.00;0.15;3677;0.02;3677;0.02
30;20;10;5037;True;5037.00;0.00;5037;0.00;5037;0.00;6378;True;6378.00;0.00;6378;0.00;6378;0.00;4813;True;4813.00;0.00;4813;0.00;4813;0.00;4584;True;4584.00;0.00;4584;0.00;4584;0.01;4577;True;4577.00;0.00;4577;0.00;4577;0.00;4154;True;4154.00;0.00;4154;0.00;4154;0.00
30;20;11;6714;True;6714.00;0.00;6714;0.00;6714;0.00;8518;True;8518.00;0.00;8518;0.00;8518;0.00;6070;True;6070.00;0.00;6070;0.00;6070;0.00;5865;True;5865.00;0.00;5865;0.00;5865;0.00;5856;True;5856.00;0.00;5856;0.00;5856;0.00;5430;True;5430.00;0.00;5430;0.00;5430;0.00
30;20;12;7230;True;7230.00;0.00;7230;0.00;7230;0.00;8944;True;8944.00;0.00;8944;0.00;8944;0.00;6884;True;6884.00;0.00;6884;0.00;6884;0.00;6467;True;6467.00;0.00;6467;0.00;6467;0.00;6452;True;6452.00;0.00;6452;0.00;6452;0.00;5910;True;5910.00;0.00;5910;0.00;5910;0.00
30;20;13;6314;True;6314.00;0.00;6314;0.00;6314;0.00;7899;True;7899.00;0.00;7899;0.00;7899;0.00;6047;True;6047.00;0.00;6047;0.00;6047;0.00;5746;True;5746.00;0.00;5746;0.00;5746;0.00;5550;True;5550.00;0.00;5550;0.00;5550;0.00;5226;True;5226.00;0.00;5226;0.00;5226;0.00
30;20;14;5292;True;5292.00;0.00;5292;0.00;5292;0.00;6905;True;6905.00;0.00;6905;0.00;6905;0.00;5441;True;5441.00;0.00;5441;0.00;5441;0.00;4987;True;4987.00;0.00;4987;0.00;4987;0.00;4740;True;4740.00;0.00;4740;0.00;4740;0.00;4534;True;4534.00;0.00;4534;0.00;4534;0.00
30;20;15;4049;True;4049.00;0.00;4049;0.00;4049;0.00;5309;True;5309.00;0.00;5309;0.00;5309;0.00;4123;True;4123.00;0.00;4123;0.00;4123;0.00;3880;True;3880.00;0.00;3880;0.00;3880;0.00;3779;True;3779.00;0.00;3779;0.00;3779;0.01;3538;True;3538.00;0.00;3538;0.00;3538;0.00
30;20;16;6191;True;6191.00;0.00;6191;0.00;6191;0.00;7830;True;7830.00;0.00;7830;0.00;7830;0.00;5875;True;5875.00;0.00;5875;0.00;5875;0.00;5512;True;5512.00;0.00;5512;0.00;5512;0.00;5593;True;5593.00;0.00;5593;0.00;5593;0.00;5106;True;5106.00;0.00;5106;0.00;5106;0.00
30;20;17;6704;True;6704.00;0.00;6704;0.00;6704;0.00;8002;True;8002.00;0.00;8002;0.00;8002;0.00;6192;True;6192.00;0.00;6192;0.00;6192;0.00;5825;True;5825.00;0.00;5825;0.00;5825;0.00;5777;True;5777.00;0.00;5777;0.00;5777;0.00;5395;True;5395.00;0.00;5395;0.00;5395;0.00
30;20;18;5396;True;5396.00;0.00;5396;0.00;5396;0.00;7226;True;7226.00;0.00;7226;0.00;7226;0.00;5542;True;5542.00;0.00;5542;0.00;5542;0.00;5123;True;5123.00;0.00;5123;0.00;5123;0.00;5038;True;5038.00;0.00;5038;0.00;5038;0.00;4755;True;4755.00;0.00;4755;0.00;4755;0.00
30;20;19;5066;True;5066.00;0.02;5066;0.01;5066;0.01;6654;True;6654.00;0.00;6654;0.00;6654;0.00;4782;True;4782.00;0.00;4782;0.00;4782;0.00;4560;True;4560.00;0.02;4560;0.01;4560;0.00;4549;True;4549.00;0.00;4549;0.00;4549;0.00;4291;True;4291.00;0.00;4291;0.00;4291;0.00
30;20;20;7571;True;7571.00;0.00;7571;0.00;7571;0.00;9641;True;9641.00;0.00;9641;0.00;9641;0.00;7130;True;7130.00;0.00;7130;0.00;7130;0.00;6693;True;6693.00;0.00;6693;0.00;6693;0.00;6957;True;6957.00;0.00;6957;0.00;6957;0.00;6302;True;6302.00;0.00;6302;0.00;6302;0.00
30;20;21;4608;True;4608.00;0.00;4608;0.00;4608;0.00;6077;True;6077.00;0.00;6077;0.00;6077;0.00;4673;True;4673.00;0.00;4673;0.00;4673;0.00;4412;True;4412.00;0.00;4412;0.00;4412;0.00;4288;True;4288.00;0.00;4288;0.00;4288;0.00;3996;True;3996.00;0.00;3996;0.00;3996;0.00
30;20;22;4442;True;4442.00;0.03;4442;0.08;4442;0.02;5523;True;5523.00;0.04;5523;0.02;5523;0.02;4459;True;4459.00;0.09;4459;0.04;4459;0.02;4141;True;4141.00;0.05;4141;0.05;4141;0.02;4111;True;4111.00;0.08;4111;0.03;4111;0.01;3831;True;3831.00;0.07;3831;0.07;3831;0.02
30;20;23;5668;True;5668.00;0.00;5668;0.00;5668;0.00;6988;True;6988.00;0.00;6988;0.00;6988;0.00;5566;True;5566.00;0.00;5566;0.00;5566;0.00;5328;True;5328.00;0.00;5328;0.00;5328;0.00;5196;True;5196.00;0.00;5196;0.00;5196;0.00;4823;True;4823.00;0.00;4823;0.00;4823;0.00
30;20;24;6380;True;6380.00;0.00;6380;0.00;6380;0.00;8243;True;8243.00;0.00;8243;0.00;8243;0.00;5863;True;5863.00;0.00;5863;0.00;5863;0.00;5487;True;5487.00;0.00;5487;0.00;5487;0.00;5614;True;5614.00;0.00;5614;0.00;5614;0.00;5062;True;5062.00;0.00;5062;0.00;5062;0.00
30;20;25;5146;True;5146.00;0.06;5146;0.01;5146;0.32;6515;True;6515.00;0.00;6515;0.00;6515;0.00;5125;True;5125.00;0.00;5125;0.00;5125;0.00;4759;True;4759.00;0.00;4759;0.00;4759;0.00;4755;True;4755.00;0.00;4755;0.00;4755;0.00;4402;True;4402.00;0.00;4402;0.00;4402;0.00
30;20;26;5084;True;5084.00;0.00;5084;0.00;5084;0.00;6722;True;6722.00;0.00;6722;0.00;6722;0.00;4945;True;4945.00;0.00;4945;0.00;4945;0.00;4717;True;4717.00;0.00;4717;0.00;4717;0.00;4671;True;4671.00;0.00;4671;0.00;4671;0.00;4357;True;4357.00;0.00;4357;0.00;4357;0.00
30;20;27;5711;True;5711.00;0.00;5711;0.00;5711;0.00;7161;True;7161.00;0.00;7161;0.00;7161;0.00;5435;True;5435.00;0.00;5435;0.00;5435;0.00;5155;True;5155.00;0.00;5155;0.00;5155;0.00;5070;True;5070.00;0.00;5070;0.00;5070;0.00;4705;True;4705.00;0.00;4705;0.00;4705;0.00
30;20;28;5630;True;5630.00;0.00;5630;0.00;5630;0.00;7288;True;7288.00;0.00;7288;0.00;7288;0.00;5540;True;5540.00;0.00;5540;0.00;5540;0.00;5217;True;5217.00;0.00;5217;0.00;5217;0.00;5097;True;5097.00;0.00;5097;0.00;5097;0.00;4744;True;4744.00;0.00;4744;0.00;4744;0.00
30;20;29;4678;True;4678.00;0.00;4678;0.00;4678;0.00;6030;True;6030.00;0.00;6030;0.00;6030;0.00;4549;True;4549.00;0.00;4549;0.00;4549;0.00;4358;True;4358.00;0.00;4358;0.00;4358;0.00;4348;True;4348.00;0.02;4348;0.01;4348;0.00;3958;True;3958.00;0.00;3958;0.00;3958;0.00
30;20;30;4967;True;4967.00;0.00;4967;0.00;4967;0.00;6282;True;6282.00;0.00;6282;0.00;6282;0.00;4680;True;4680.00;0.00;4680;0.00;4680;0.00;4449;True;4449.00;0.00;4449;0.00;4449;0.00;4475;True;4475.00;0.00;4475;0.00;4475;0.00;4121;True;4121.00;0.00;4121;0.00;4121;0.00
30;20;31;5954;True;5954.00;0.00;5954;0.00;5954;0.00;7511;True;7511.00;0.00;7511;0.00;7511;0.00;5866;True;5866.00;0.00;5866;0.00;5866;0.00;5533;True;5533.00;0.00;5533;0.00;5533;0.00;5494;True;5494.00;0.00;5494;0.00;5494;0.00;5174;True;5174.00;0.00;5174;0.00;5174;0.00
30;20;32;5616;True;5616.00;0.00;5616;0.00;5616;0.00;7411;True;7411.00;0.00;7411;0.00;7411;0.00;5336;True;5336.00;0.00;5336;0.00;5336;0.00;5095;True;5095.00;0.00;5095;0.00;5095;0.00;5133;True;5133.00;0.00;5133;0.00;5133;0.00;4739;True;4739.00;0.00;4739;0.00;4739;0.00
30;20;33;5649;True;5649.00;0.00;5649;0.00;5649;0.00;7364;True;7364.00;0.01;7364;0.01;7364;0.00;5215;True;5215.00;0.00;5215;0.00;5215;0.00;5054;True;5054.00;0.00;5054;0.00;5054;0.00;5154;True;5154.00;0.00;5154;0.00;5154;0.00;4670;True;4670.00;0.00;4670;0.00;4670;0.00
30;20;34;5656;True;5656.00;0.00;5656;0.00;5656;0.00;7484;True;7484.00;0.00;7484;0.00;7484;0.00;5646;True;5646.00;0.00;5646;0.00;5646;0.00;5328;True;5328.00;0.00;5328;0.00;5328;0.00;5200;True;5200.00;0.00;5200;0.00;5200;0.00;4864;True;4864.00;0.00;4864;0.00;4864;0.00
30;20;35;6873;True;6873.00;0.00;6873;0.00;6873;0.00;9152;True;9152.00;0.00;9152;0.00;9152;0.00;6138;True;6138.00;0.00;6138;0.00;6138;0.00;5904;True;5904.00;0.00;5904;0.00;5904;0.00;6071;True;6071.00;0.00;6071;0.00;6071;0.00;5481;True;5481.00;0.00;5481;0.00;5481;0.00
30;20;36;6260;True;6260.00;0.00;6260;0.00;6260;0.00;7749;True;7749.00;0.00;7749;0.00;7749;0.00;5897;True;5897.00;0.00;5897;0.00;5897;0.00;5500;True;5500.00;0.00;5500;0.00;5500;0.00;5528;True;5528.00;0.00;5528;0.00;5528;0.00;5112;True;5112.00;0.00;5112;0.00;5112;0.00
30;20;37;5728;True;5728.00;0.00;5728;0.00;5728;0.00;7687;True;7687.00;0.00;7687;0.00;7687;0.00;5833;True;5833.00;0.00;5833;0.00;5833;0.00;5349;True;5349.00;0.00;5349;0.00;5349;0.00;5255;True;5255.00;0.00;5255;0.00;5255;0.00;4814;True;4814.00;0.00;4814;0.00;4814;0.00
30;20;38;6502;True;6502.00;0.00;6502;0.00;6502;0.00;8293;True;8293.00;0.00;8293;0.00;8293;0.00;6194;True;6194.00;0.00;6194;0.00;6194;0.00;5964;True;5964.00;0.00;5964;0.00;5964;0.00;5878;True;5878.00;0.00;5878;0.00;5878;0.00;5448;True;5448.00;0.00;5448;0.00;5448;0.00
30;20;39;6095;True;6095.00;0.00;6095;0.00;6095;0.00;7806;True;7806.00;0.00;7806;0.00;7806;0.00;6004;True;6004.00;0.00;6004;0.00;6004;0.00;5526;True;5526.00;0.00;5526;0.00;5526;0.00;5466;True;5466.00;0.00;5466;0.00;5466;0.00;5096;True;5096.00;0.00;5096;0.00;5096;0.00
30;30;0;9299;True;9299.00;0.00;9299;0.01;9299;0.00;11945;True;11945.00;0.00;11945;0.01;11945;0.01;8978;True;8978.00;0.00;8978;0.00;8978;0.00;8421;True;8421.00;0.00;8421;0.01;8421;0.01;8433;True;8433.00;0.01;8433;0.01;8433;0.01;7714;True;7714.00;0.01;7714;0.01;7714;0.01
30;30;1;8783;True;8783.00;0.00;8783;0.00;8783;0.00;11283;True;11283.00;0.01;11283;0.00;11283;0.00;8581;True;8581.00;0.00;8581;0.00;8581;0.00;8053;True;8053.00;0.00;8053;0.00;8053;0.00;7826;True;7826.00;0.00;7826;0.00;7826;0.00;7353;True;7353.00;0.01;7353;0.01;7353;0.01
30;30;2;11367;True;11367.00;0.00;11367;0.00;11367;0.00;14296;True;14296.00;0.00;14296;0.00;14296;0.00;10674;True;10674.00;0.00;10674;0.00;10674;0.00;10240;True;10240.00;0.00;10240;0.00;10240;0.00;10198;True;10198.00;0.00;10198;0.00;10198;0.00;9492;True;9492.00;0.00;9492;0.01;9492;0.00
30;30;3;8125;True;8125.00;0.00;8125;0.00;8125;0.00;10831;True;10831.00;0.01;10831;0.01;10831;0.01;8033;True;8033.00;0.00;8033;0.00;8033;0.00;7623;True;7623.00;0.00;7623;0.00;7623;0.00;7556;True;7556.00;0.02;7556;0.02;7556;0.01;6972;True;6972.00;0.01;6972;0.00;6972;0.00
30;30;4;7816;True;7816.00;0.00;7816;0.00;7816;0.00;9892;True;9892.00;0.00;9892;0.00;9892;0.00;7565;True;7565.00;0.00;7565;0.00;7565;0.00;7204;True;7204.00;0.00;7204;0.00;7204;0.00;7118;True;7118.00;0.00;7118;0.00;7118;0.00;6613;True;6613.00;0.01;6613;0.01;6613;0.01
30;30;5;7752;True;7752.00;0.00;7752;0.00;7752;0.00;10091;True;10091.00;0.00;10091;0.00;10091;0.00;7523;True;7523.00;0.00;7523;0.00;7523;0.00;7110;True;7110.00;0.00;7110;0.01;7110;0.01;7052;True;7052.00;0.00;7052;0.00;7052;0.00;6682;True;6682.00;0.00;6682;0.00;6682;0.00
30;30;6;8205;True;8205.00;0.00;8205;0.00;8205;0.00;10196;True;10196.00;0.00;10196;0.00;10196;0.01;8124;True;8124.00;0.04;8134;0.03;8124;0.01;7577;True;7577.00;0.03;7577;0.02;7577;0.01;7424;True;7424.00;0.00;7424;0.01;7424;0.01;6888;True;6888.00;0.01;6888;0.01;6888;0.01
30;30;7;8260;True;8260.00;0.00;8260;0.00;8260;0.00;10608;True;10608.00;0.00;10608;0.00;10608;0.00;8172;True;8172.00;0.00;8172;0.00;8172;0.00;7646;True;7646.00;0.00;7646;0.00;7646;0.00;7597;True;7597.00;0.00;7597;0.00;7597;0.00;7069;True;7069.00;0.00;7069;0.01;7069;0.00
30;30;8;6538;True;6538.00;0.00;6538;0.00;6538;0.00;8519;True;8519.00;0.01;8519;0.01;8519;0.01;6675;True;6675.00;0.07;6675;0.04;6675;0.03;6198;True;6198.00;0.01;6198;0.00;6198;0.01;6053;True;6053.00;0.00;6053;0.01;6053;0.00;5677;True;5677.00;0.01;5677;0.01;5677;0.01
30;30;9;8889;True;8889.00;0.00;8889;0.00;8889;0.00;11364;True;11364.00;0.00;11364;0.00;11364;0.00;8335;True;8335.00;0.00;8335;0.00;8335;0.00;7980;True;7980.00;0.00;7980;0.00;7980;0.00;7934;True;7934.00;0.00;7934;0.00;7934;0.00;7363;True;7363.00;0.00;7363;0.00;7363;0.00
30;30;10;8864;True;8864.00;0.00;8864;0.00;8864;0.00;11261;True;11261.00;0.00;11261;0.00;11261;0.00;8538;True;8538.00;0.00;8538;0.00;8538;0.00;8030;True;8030.00;0.00;8030;0.00;8030;0.00;7903;True;7903.00;0.00;7903;0.00;7903;0.00;7395;True;7395.00;0.00;7395;0.00;7395;0.00
30;30;11;7981;True;7981.00;0.00;7981;0.00;7981;0.00;10278;True;10278.00;0.00;10278;0.00;10278;0.00;7731;True;7731.00;0.00;7731;0.00;7731;0.00;7435;True;7435.00;0.00;7435;0.00;7435;0.00;7365;True;7365.00;0.00;7365;0.00;7365;0.00;6861;True;6861.00;0.00;6861;0.00;6861;0.00
30;30;12;6611;True;6611.00;0.17;6611;0.08;6611;0.07;8791;True;8791.00;0.14;8791;0.03;8791;0.03;6535;True;6535.00;0.00;6535;0.01;6535;0.01;6135;True;6135.00;0.00;6135;0.01;6135;0.00;6166;True;6166.00;0.02;6166;0.03;6166;0.03;5711;True;5711.00;0.01;5711;0.01;5711;0.01
30;30;13;9251;True;9251.00;0.00;9251;0.00;9251;0.00;11904;True;11904.00;0.00;11904;0.00;11904;0.00;9246;True;9246.00;0.00;9246;0.00;9246;0.00;8636;True;8636.00;0.00;8636;0.01;8636;0.01;8542;True;8542.00;0.00;8542;0.00;8542;0.01;7797;True;7797.00;0.01;7797;0.01;7797;0.00
30;30;14;8199;True;8199.00;0.00;8199;0.00;8199;0.00;10872;True;10872.00;0.00;10872;0.00;10872;0.00;8069;True;8069.00;0.00;8069;0.00;8069;0.00;7552;True;7552.00;0.00;7552;0.00;7552;0.00;7483;True;7483.00;0.00;7483;0.01;7483;0.00;6958;True;6958.00;0.00;6958;0.00;6958;0.00
30;30;15;8356;True;8356.00;0.23;8356;0.23;8356;0.29;10945;True;10945.00;0.07;10945;0.03;10945;0.01;7683;True;7683.00;0.03;7683;0.03;7683;0.01;7333;True;7333.00;0.01;7333;0.01;7333;0.01;7477;True;7477.00;0.01;7477;0.01;7477;0.01;6989;True;6989.00;0.03;6989;0.09;6989;0.02
30;30;16;9371;True;9371.00;0.00;9371;0.01;9371;0.00;12062;True;12062.00;0.00;12062;0.01;12062;0.01;9037;True;9037.00;0.00;9037;0.00;9037;0.00;8479;True;8479.00;0.00;8479;0.00;8479;0.00;8402;True;8402.00;0.00;8402;0.00;8402;0.00;7846;True;7846.00;0.00;7846;0.01;7846;0.01
30;30;17;7448;True;7448.00;0.16;7448;0.04;7448;0.03;9678;True;9678.00;0.00;9678;0.00;9678;0.01;7382;True;7382.00;0.00;7382;0.01;7382;0.00;7029;True;7029.00;0.00;7029;0.00;7029;0.01;6906;True;6906.00;0.07;6906;0.06;6906;0.01;6498;True;6498.00;0.12;6498;0.04;6498;0.04
30;30;18;7818;True;7818.00;0.00;7818;0.00;7818;0.00;9886;True;9886.00;0.00;9886;0.00;9886;0.00;7867;True;7867.00;0.00;7867;0.00;7867;0.00;7469;True;7469.00;0.01;7469;0.01;7469;0.01;7201;True;7201.00;0.00;7201;0.00;7201;0.00;6767;True;6767.00;0.00;6767;0.01;6767;0.00
30;30;19;9181;True;9181.00;0.00;9181;0.00;9181;0.00;11686;True;11686.00;0.00;11686;0.00;11686;0.00;8990;True;8990.00;0.00;8990;0.00;8990;0.00;8598;True;8598.00;0.00;8598;0.00;8598;0.00;8244;True;8244.00;0.00;8244;0.00;8244;0.00;7758;True;7758.00;0.00;7758;0.00;7758;0.00
30;30;20;8272;True;8272.00;0.00;8272;0.00;8272;0.00;10680;True;10680.00;0.00;10680;0.00;10680;0.00;8254;True;8254.00;0.00;8254;0.00;8254;0.00;7631;True;7631.00;0.00;7631;0.00;7631;0.00;7663;True;7663.00;0.00;7663;0.00;7663;0.02;7083;True;7083.00;0.00;7083;0.00;7083;0.00
30;30;21;7811;True;7811.00;0.00;7811;0.00;7811;0.00;10063;True;10063.00;0.00;10063;0.00;10063;0.00;7717;True;7717.00;0.00;7717;0.00;7717;0.00;7205;True;7205.00;0.00;7205;0.00;7205;0.00;7132;True;7132.00;0.00;7132;0.01;7132;0.01;6620;True;6620.00;0.00;6620;0.00;6620;0.00
30;30;22;8820;True;8820.00;0.00;8820;0.00;8820;0.00;11568;True;11568.00;0.00;11568;0.00;11568;0.00;8600;True;8600.00;0.00;8600;0.00;8600;0.00;8173;True;8173.00;0.00;8173;0.01;8173;0.00;8183;True;8183.00;0.00;8183;0.01;8183;0.00;7504;True;7504.00;0.01;7504;0.01;7504;0.01
30;30;23;7103;True;7103.00;0.01;7103;0.01;7103;0.01;9433;True;9433.00;0.00;9433;0.00;9433;0.01;7100;True;7100.00;0.00;7100;0.01;7100;0.00;6691;True;6691.00;0.01;6691;0.01;6691;0.00;6512;True;6512.00;0.01;6512;0.01;6512;0.01;6151;True;6151.00;0.01;6151;0.01;6151;0.02
30;30;24;7827;True;7827.00;0.00;7827;0.00;7827;0.00;10018;True;10018.00;0.00;10018;0.00;10018;0.00;7630;True;7630.00;0.01;7630;0.00;7630;0.00;7207;True;7207.00;0.01;7207;0.00;7207;0.01;7179;True;7179.00;0.00;7179;0.00;7179;0.00;6678;True;6678.00;0.00;6678;0.00;6678;0.01
30;30;25;7083;True;7083.00;0.05;7083;0.01;7083;0.03;9135;True;9135.00;0.01;9135;0.00;9135;0.00;7065;True;7065.00;0.00;7065;0.00;7065;0.00;6608;True;6608.00;0.00;6608;0.00;6608;0.01;6530;True;6530.00;0.28;6530;0.04;6530;0.11;6052;True;6052.00;0.02;6052;0.02;6052;0.02
30;30;26;8917;True;8917.00;0.00;8917;0.00;8917;0.00;11311;True;11311.00;0.00;11311;0.00;11311;0.00;8777;True;8777.00;0.00;8777;0.00;8777;0.00;8204;True;8204.00;0.00;8204;0.00;8204;0.00;8215;True;8215.00;0.00;8215;0.00;8215;0.00;7579;True;7579.00;0.00;7579;0.00;7579;0.00
30;30;27;8650;True;8650.00;0.00;8650;0.00;8650;0.00;11525;True;11525.00;0.00;11525;0.00;11525;0.00;8141;True;8141.00;0.00;8141;0.00;8141;0.00;7822;True;7822.00;0.00;7822;0.00;7822;0.00;7901;True;7901.00;0.00;7901;0.00;7901;0.00;7223;True;7223.00;0.00;7223;0.00;7223;0.00
30;30;28;9142;True;9142.00;0.00;9142;0.00;9142;0.00;11912;True;11912.00;0.00;11912;0.00;11912;0.00;8781;True;8781.00;0.00;8781;0.00;8781;0.00;8332;True;8332.00;0.00;8332;0.00;8332;0.00;8338;True;8338.00;0.00;8338;0.00;8338;0.00;7716;True;7716.00;0.00;7716;0.00;7716;0.00
30;30;29;9181;True;9181.00;0.00;9181;0.00;9181;0.00;11732;True;11732.00;0.00;11732;0.00;11732;0.00;8795;True;8795.00;0.00;8795;0.00;8795;0.00;8373;True;8373.00;0.00;8373;0.00;8373;0.00;8324;True;8324.00;0.00;8324;0.00;8324;0.00;7721;True;7721.00;0.00;7721;0.00;7721;0.00
30;30;30;6601;True;6601.00;0.01;6601;0.01;6601;0.01;8835;True;8835.00;0.11;8835;0.03;8835;0.03;6562;True;6562.00;0.01;6562;0.01;6562;0.02;6249;True;6249.00;0.00;6249;0.00;6249;0.00;6029;True;6029.00;0.01;6029;0.01;6029;0.01;5693;True;5693.00;0.01;5693;0.01;5693;0.01
30;30;31;8560;True;8560.00;0.00;8560;0.00;8560;0.00;10839;True;10839.00;0.00;10839;0.00;10839;0.00;8656;True;8656.00;0.00;8656;0.00;8656;0.00;8136;True;8136.00;0.00;8136;0.00;8136;0.00;7924;True;7924.00;0.00;7924;0.00;7924;0.00;7426;True;7426.00;0.00;7426;0.01;7426;0.00
30;30;32;7153;True;7153.00;0.00;7153;0.00;7153;0.00;9318;True;9318.00;0.01;9318;0.00;9318;0.01;6950;True;6950.00;0.00;6950;0.00;6950;0.00;6595;True;6595.00;0.00;6595;0.00;6595;0.00;6579;True;6579.00;0.01;6579;0.01;6579;0.01;5970;True;5970.00;0.00;5970;0.00;5970;0.01
30;30;33;7984;True;7984.00;0.00;7984;0.00;7984;0.00;10484;True;10484.00;0.00;10484;0.00;10484;0.00;7841;True;7841.00;0.00;7841;0.01;7841;0.00;7313;True;7313.00;0.00;7313;0.00;7313;0.00;7432;True;7432.00;0.00;7432;0.01;7432;0.00;6845;True;6845.00;0.01;6845;0.01;6845;0.00
30;30;34;7921;True;7921.00;0.00;7921;0.00;7921;0.00;10640;True;10640.00;0.00;10640;0.00;10640;0.00;7611;True;7611.00;0.00;7611;0.00;7611;0.00;7289;True;7289.00;0.00;7289;0.00;7289;0.00;7401;True;7401.00;0.00;7401;0.00;7401;0.00;6841;True;6841.00;0.00;6841;0.00;6841;0.00
30;30;35;7755;True;7755.00;0.00;7755;0.00;7755;0.00;10022;True;10022.00;0.00;10022;0.00;10022;0.00;7473;True;7473.00;0.00;7473;0.00;7473;0.00;7063;True;7063.00;0.00;7063;0.00;7063;0.00;7084;True;7084.00;0.00;7084;0.00;7084;0.00;6613;True;6613.00;0.00;6613;0.00;6613;0.00
30;30;36;6379;True;6379.00;1.26;6379;0.29;6379;0.97;8337;True;8337.00;0.49;8337;0.25;8337;0.12;6203;True;6203.00;1.01;6203;0.10;6203;0.36;5840;True;5840.00;0.01;5840;0.01;5840;0.02;5716;True;5716.00;0.30;5716;0.47;5716;0.07;5328;True;5328.00;0.10;5328;0.34;5328;0.05
30;30;37;8722;True;8722.00;0.00;8722;0.00;8722;0.00;11245;True;11245.00;0.00;11245;0.00;11245;0.00;8571;True;8571.00;0.00;8571;0.00;8571;0.00;7969;True;7969.00;0.00;7969;0.00;7969;0.00;8045;True;8045.00;0.00;8045;0.00;8045;0.00;7330;True;7330.00;0.00;7330;0.01;7330;0.01
30;30;38;8972;True;8972.00;0.00;8972;0.00;8972;0.00;11630;True;11630.00;0.00;11630;0.00;11630;0.00;8868;True;8868.00;0.00;8868;0.00;8868;0.00;8359;True;8359.00;0.00;8359;0.00;8359;0.00;8245;True;8245.00;0.00;8245;0.00;8245;0.00;7636;True;7636.00;0.00;7636;0.00;7636;0.00
30;30;39;7247;True;7247.00;0.00;7247;0.00;7247;0.00;9412;True;9412.00;0.00;9412;0.00;9412;0.00;6962;True;6962.00;0.01;6962;0.01;6962;0.01;6671;True;6671.00;0.01;6671;0.01;6671;0.01;6579;True;6579.00;0.00;6579;0.01;6579;0.00;6085;True;6085.00;0.01;6085;0.01;6085;0.01
30;40;0;10751;True;10751.00;0.00;10751;0.00;10751;0.00;14193;True;14193.00;0.01;14193;0.00;14193;0.00;10713;True;10713.00;0.00;10713;0.00;10713;0.01;10012;True;10012.00;0.01;10012;0.00;10012;0.01;9917;True;9917.00;0.00;9917;0.01;9917;0.01;9246;True;9246.00;0.01;9246;0.01;9246;0.01
30;40;1;9459;True;9459.00;0.08;9459;0.06;9459;0.04;12635;True;12635.00;0.01;12635;0.01;12635;0.01;9078;True;9078.00;0.02;9078;0.02;9078;0.02;8686;True;8686.00;0.20;8686;0.33;8686;0.09;8696;True;8696.00;0.14;8696;0.15;8696;0.06;7956;True;7956.00;0.02;7956;0.02;7956;0.03
30;40;2;11012;True;11012.00;0.00;11012;0.00;11012;0.00;14486;True;14486.00;0.00;14486;0.00;14486;0.00;11218;True;11218.00;0.00;11218;0.01;11218;0.01;10432;True;10432.00;0.01;10432;0.00;10432;0.00;10051;True;10051.00;0.00;10051;0.00;10051;0.00;9448;True;9448.00;0.01;9448;0.01;9448;0.01
30;40;3;13471;True;13471.00;0.00;13471;0.00;13471;0.00;17335;True;17335.00;0.00;17335;0.00;17335;0.00;12913;True;12913.00;0.00;12913;0.00;12913;0.00;12227;True;12227.00;0.00;12227;0.00;12227;0.00;12199;True;12199.00;0.00;12199;0.00;12199;0.00;11307;True;11307.00;0.01;11307;0.01;11307;0.01
30;40;4;11145;True;11145.00;0.01;11145;0.00;11145;0.01;14609;True;14609.00;0.00;14609;0.00;14609;0.00;10936;True;10936.00;0.00;10936;0.00;10936;0.01;10332;True;10332.00;0.01;10332;0.00;10332;0.00;10137;True;10137.00;0.00;10137;0.00;10137;0.00;9400;True;9400.00;0.01;9400;0.01;9400;0.01
30;40;5;10223;True;10223.00;0.15;10223;0.02;10223;0.05;13041;True;13041.00;0.00;13041;0.00;13041;0.00;9783;True;9783.00;0.01;9783;0.00;9783;0.00;9299;True;9299.00;0.01;9299;0.01;9299;0.01;9304;True;9304.00;0.01;9304;0.01;9304;0.01;8617;True;8617.00;0.01;8617;0.01;8617;0.01
30;40;6;11546;True;11546.00;0.00;11546;0.00;11546;0.00;14516;True;14516.00;0.00;14516;0.01;14516;0.01;11802;True;11802.00;0.00;11802;0.01;11802;0.01;11073;True;11073.00;0.01;11073;0.01;11073;0.01;10789;True;10789.00;0.01;10789;0.00;10789;0.01;10157;True;10157.00;0.01;10157;0.01;10157;0.01
30;40;7;11300;True;11300.00;0.00;11300;0.00;11300;0.00;14663;True;14663.00;0.00;14663;0.00;14663;0.00;10855;True;10855.00;0.01;10855;0.00;10855;0.01;10322;True;10322.00;0.00;10322;0.01;10322;0.00;10195;True;10195.00;0.00;10195;0.00;10195;0.00;9421;True;9421.00;0.01;9421;0.01;9421;0.01
30;40;8;11167;True;11167.00;0.00;11167;0.01;11167;0.01;14644;True;14644.00;0.00;14644;0.01;14644;0.00;10890;True;10890.00;0.00;10890;0.01;10890;0.01;10275;True;10275.00;0.00;10275;0.01;10275;0.01;10188;True;10188.00;0.01;10188;0.01;10188;0.01;9523;True;9523.00;0.01;9523;0.01;9523;0.01
30;40;9;10040;True;10040.00;0.08;10040;0.09;10040;0.03;12883;True;12883.00;0.77;12883;0.07;12883;1.48;10525;True;10525.00;0.01;10525;0.01;10525;0.01;9723;True;9723.00;0.03;9723;0.08;9723;0.02;9231;True;9231.00;0.18;9231;0.06;9231;0.09;8704;True;8704.00;1.21;8704;0.15;8704;2.58
30;40;10;13000;True;13000.00;0.00;13000;0.00;13000;0.00;16407;True;16407.00;0.00;16407;0.00;16407;0.00;12802;True;12802.00;0.00;12802;0.00;12802;0.00;12210;True;12210.00;0.00;12210;0.00;12210;0.00;11860;True;11860.00;0.00;11860;0.00;11860;0.00;11097;True;11097.00;0.01;11097;0.01;11097;0.01
30;40;11;11568;True;11568.00;0.00;11568;0.00;11568;0.00;15107;True;15107.00;0.00;15107;0.00;15107;0.00;11357;True;11357.00;0.00;11357;0.00;11357;0.00;10699;True;10699.00;0.01;10699;0.00;10699;0.00;10630;True;10630.00;0.00;10630;0.00;10630;0.00;9863;True;9863.00;0.01;9863;0.01;9863;0.01
30;40;12;7967;True;7967.00;0.25;7967;0.08;7967;0.06;10474;True;10474.00;0.02;10474;0.03;10474;0.05;8296;True;8296.00;0.02;8296;0.02;8296;0.02;7687;True;7687.00;0.11;7687;0.08;7687;0.07;7424;True;7424.00;0.07;7424;0.02;7424;0.03;6988;True;6988.00;0.03;6988;0.03;6988;0.08
30;40;13;9757;True;9757.00;0.01;9757;0.01;9757;0.02;12677;True;12677.00;0.04;12677;0.06;12677;0.02;9969;True;9969.00;0.01;9969;0.01;9969;0.01;9291;True;9291.00;0.01;9291;0.02;9291;0.01;9070;True;9070.00;0.01;9070;0.01;9070;0.01;8601;True;8601.00;0.02;8601;0.02;8601;0.02
30;40;14;9156;True;9156.00;0.89;9156;0.10;9156;4.29;12062;True;12062.00;0.17;12062;0.02;12062;0.06;8899;True;8899.00;0.01;8899;0.01;8899;0.01;8400;True;8400.00;0.12;8400;0.04;8400;0.03;8389;True;8389.00;0.01;8389;0.01;8389;0.02;7773;True;7773.00;0.33;7781;0.06;7773;0.16
30;40;15;9791;True;9791.00;0.22;9791;0.07;9791;0.09;12869;True;12869.00;0.12;12869;0.02;12869;0.01;9582;True;9582.00;0.01;9582;0.01;9582;0.01;9070;True;9070.00;0.11;9070;0.05;9070;0.04;8979;True;8979.00;1.70;8992;0.08;8979;0.72;8305;True;8305.00;0.03;8308;0.02;8305;0.02
30;40;16;11878;True;11878.00;0.00;11878;0.00;11878;0.00;15330;True;15330.00;0.01;15330;0.01;15330;0.01;11905;True;11905.00;0.01;11905;0.01;11905;0.00;11242;True;11242.00;0.01;11242;0.01;11242;0.01;10908;True;10908.00;0.01;10908;0.01;10908;0.01;10265;True;10265.00;0.01;10265;0.01;10265;0.01
30;40;17;12049;True;12049.00;0.00;12049;0.00;12049;0.00;15412;True;15412.00;0.00;15412;0.00;15412;0.00;11779;True;11779.00;0.00;11779;0.00;11779;0.00;11099;True;11099.00;0.00;11099;0.01;11099;0.00;10922;True;10922.00;0.00;10922;0.00;10922;0.00;10195;True;10195.00;0.00;10195;0.01;10195;0.01
30;40;18;8740;True;8740.00;0.01;8740;0.01;8740;0.01;11611;True;11611.00;0.02;11611;0.02;11611;0.03;8482;True;8482.00;0.01;8482;0.01;8482;0.02;8020;True;8020.00;0.01;8020;0.01;8020;0.01;7895;True;7895.00;0.01;7895;0.01;7895;0.04;7302;True;7302.00;0.01;7302;0.02;7302;0.02
30;40;19;10090;True;10090.00;0.01;10090;0.01;10090;0.00;13221;True;13221.00;0.16;13221;0.04;13221;0.03;9844;True;9844.00;0.01;9844;0.02;9844;0.01;9296;True;9296.00;0.01;9296;0.01;9296;0.01;9141;True;9141.00;0.00;9141;0.00;9141;0.01;8593;True;8593.00;0.01;8593;0.01;8593;0.01
30;40;20;10043;True;10043.00;0.14;10043;0.06;10043;0.16;13300;True;13300.00;0.01;13300;0.01;13300;0.01;10126;True;10126.00;0.01;10126;0.01;10126;0.01;9487;True;9487.00;0.01;9487;0.01;9487;0.01;9316;True;9316.00;0.02;9316;0.01;9316;0.01;8666;True;8666.00;0.02;8666;0.03;8666;0.02
30;40;21;10083;True;10083.00;0.00;10083;0.00;10083;0.00;13323;True;13323.00;0.00;13323;0.00;13323;0.00;9810;True;9810.00;0.00;9810;0.01;9810;0.01;9333;True;9333.00;0.01;9333;0.01;9333;0.01;9241;True;9241.00;0.00;9241;0.00;9241;0.00;8581;True;8581.00;0.01;8581;0.01;8581;0.01
30;40;22;9842;True;9842.00;0.04;9842;0.02;9842;0.02;12268;True;12268.00;0.05;12268;0.02;12268;0.02;9696;True;9696.00;0.01;9696;0.01;9696;0.01;9165;True;9165.00;0.01;9165;0.01;9165;0.01;8929;True;8929.00;0.01;8929;0.00;8929;0.00;8433;True;8433.00;0.01;8433;0.01;8433;0.01
30;40;23;9814;True;9814.00;0.13;9814;0.03;9814;0.03;12598;True;12598.00;0.00;12598;0.00;12598;0.01;9694;True;9694.00;0.00;9694;0.01;9694;0.01;9165;True;9165.00;0.01;9165;0.01;9165;0.01;9008;True;9008.00;0.01;9008;0.01;9008;0.01;8499;True;8499.00;0.01;8499;0.02;8499;0.01
30;40;24;9176;True;9176.00;0.27;9176;0.08;9176;0.06;12143;True;12143.00;0.00;12143;0.00;12143;0.01;9118;True;9118.00;0.20;9119;0.05;9118;0.04;8584;True;8584.00;0.01;8584;0.01;8584;0.01;8446;True;8446.00;0.01;8446;0.01;8446;0.01;7948;True;7948.00;0.01;7948;0.01;7948;0.01
30;40;25;11646;True;11646.00;0.00;11646;0.00;11646;0.00;15035;True;15035.00;0.00;15035;0.00;15035;0.00;11294;True;11294.00;0.00;11294;0.01;11294;0.01;10633;True;10633.00;0.00;10633;0.00;10633;0.00;10572;True;10572.00;0.00;10572;0.00;10572;0.00;9809;True;9809.00;0.01;9809;0.01;9809;0.01
30;40;26;10320;True;10320.00;0.00;10320;0.00;10320;0.00;13995;True;13995.00;0.01;13995;0.01;13995;0.01;10104;True;10104.00;0.00;10104;0.00;10104;0.00;9613;True;9613.00;0.00;9613;0.00;9613;0.00;9549;True;9549.00;0.00;9549;0.00;9549;0.00;8933;True;8933.00;0.01;8933;0.01;8933;0.01
30;40;27;9635;True;9635.00;4.64;9635;0.08;9635;6.74;12360;True;12360.00;0.42;12360;0.10;12360;0.10;9749;True;9749.00;0.08;9749;0.03;9749;0.02;9137;True;9137.00;0.07;9137;0.03;9137;0.03;8727;True;8727.00;0.01;8727;0.01;8727;0.01;8282;True;8282.00;0.42;8282;0.05;8282;0.10
30;40;28;9584;True;9584.00;0.00;9584;0.01;9584;0.00;12919;True;12919.00;0.00;12919;0.00;12919;0.00;9698;True;9698.00;0.01;9698;0.01;9698;0.01;9088;True;9088.00;0.01;9088;0.01;9088;0.01;8947;True;8947.00;0.01;8947;0.01;8947;0.02;8307;True;8307.00;0.01;8307;0.01;8307;0.01
30;40;29;10600;True;10600.00;0.01;10600;0.00;10600;0.00;14015;True;14015.00;0.01;14015;0.01;14015;0.00;10542;True;10542.00;0.00;10542;0.01;10542;0.00;9786;True;9786.00;0.01;9786;0.01;9786;0.01;9706;True;9706.00;0.01;9706;0.01;9706;0.01;8957;True;8957.00;0.01;8957;0.01;8957;0.01
30;40;30;9824;True;9824.00;0.00;9824;0.00;9824;0.00;13170;True;13170.00;0.01;13170;0.01;13170;0.01;9806;True;9806.00;0.01;9806;0.01;9806;0.01;9240;True;9240.00;0.01;9240;0.02;9240;0.01;9155;True;9155.00;0.00;9155;0.00;9155;0.00;8588;True;8588.00;0.01;8588;0.02;8588;0.02
30;40;31;9626;True;9626.00;0.00;9626;0.01;9626;0.00;12683;True;12683.00;0.00;12683;0.00;12683;0.00;9529;True;9529.00;0.00;9529;0.00;9529;0.01;8884;True;8884.00;0.01;8884;0.01;8884;0.01;8770;True;8770.00;0.00;8770;0.01;8770;0.01;8164;True;8164.00;0.01;8164;0.01;8164;0.01
30;40;32;9667;True;9667.00;0.01;9667;0.01;9667;0.01;12627;True;12627.00;0.08;12630;0.04;12627;0.03;9644;True;9644.00;0.01;9644;0.01;9644;0.01;9143;True;9143.00;0.05;9143;0.03;9143;0.01;8908;True;8908.00;0.01;8908;0.01;8908;0.01;8364;True;8364.00;0.02;8364;0.02;8364;0.02
30;40;33;11559;True;11559.00;0.00;11559;0.00;11559;0.00;14959;True;14959.00;0.00;14959;0.00;14959;0.00;11644;True;11644.00;0.00;11644;0.00;11644;0.00;10926;True;10926.00;0.01;10926;0.00;10926;0.01;10481;True;10481.00;0.00;10481;0.00;10481;0.00;9999;True;9999.00;0.01;9999;0.01;9999;0.01
30;40;34;10127;True;10127.00;1.03;10127;0.04;10127;2.55;13386;True;13386.00;0.21;13386;0.03;13386;0.17;10152;True;10152.00;0.01;10152;0.01;10152;0.01;9553;True;9553.00;0.01;9553;0.01;9553;0.01;9467;True;9467.00;0.50;9467;0.03;9467;0.82;8700;True;8700.00;0.01;8700;0.01;8700;0.01
30;40;35;10119;True;10119.00;0.00;10119;0.00;10119;0.00;12738;True;12738.00;0.00;12738;0.00;12738;0.01;10084;True;10084.00;0.00;10084;0.00;10084;0.00;9523;True;9523.00;0.00;9523;0.01;9523;0.00;9225;True;9225.00;0.00;9225;0.00;9225;0.00;8732;True;8732.00;0.01;8732;0.01;8732;0.01
30;40;36;10053;True;10053.00;0.00;10053;0.00;10053;0.00;13397;True;13397.00;0.00;13397;0.00;13397;0.00;10595;True;10595.00;0.00;10595;0.00;10595;0.00;9958;True;9958.00;0.00;9958;0.01;9958;0.00;9485;True;9485.00;0.00;9485;0.00;9485;0.00;8896;True;8896.00;0.01;8896;0.01;8896;0.01
30;40;37;10499;True;10499.00;0.00;10499;0.00;10499;0.00;13807;True;13807.00;0.00;13807;0.00;13807;0.00;10703;True;10703.00;0.00;10703;0.01;10703;0.01;10051;True;10051.00;0.01;10051;0.01;10051;0.00;9750;True;9750.00;0.00;9750;0.00;9750;0.00;9076;True;9076.00;0.01;9076;0.01;9076;0.01
30;40;38;9705;True;9705.00;0.02;9705;0.02;9705;0.02;12444;True;12444.00;0.00;12444;0.00;12444;0.00;9566;True;9566.00;0.00;9566;0.01;9566;0.01;9065;True;9065.00;0.01;9065;0.01;9065;0.00;8975;True;8975.00;0.05;8975;0.03;8975;0.03;8281;True;8281.00;0.01;8281;0.02;8281;0.01
30;40;39;12441;True;12441.00;0.00;12441;0.00;12441;0.00;15838;True;15838.00;0.00;15838;0.00;15838;0.00;11909;True;11909.00;0.00;11909;0.00;11909;0.00;11134;True;11134.00;0.00;11134;0.00;11134;0.01;11055;True;11055.00;0.00;11055;0.00;11055;0.00;10280;True;10280.00;0.01;10280;0.01;10280;0.01
30;50;0;12954;True;12954.00;0.40;12956;0.07;12954;1.83;17276;True;17276.00;0.04;17276;0.04;17276;0.04;12960;True;12960.00;0.07;12960;0.09;12960;0.03;12103;True;12103.00;0.02;12103;0.02;12103;0.02;11862;True;11862.00;0.02;11862;0.02;11862;0.01;11045;True;11045.00;0.04;11045;0.04;11045;0.04
30;50;1;14501;True;14501.00;0.00;14501;0.01;14501;0.00;18309;True;18309.00;0.01;18309;0.01;18309;0.01;14261;True;14261.00;0.01;14261;0.00;14261;0.01;13540;True;13540.00;0.01;13540;0.01;13540;0.01;13487;True;13487.00;0.01;13487;0.01;13487;0.01;12551;True;12551.00;0.02;12551;0.02;12551;0.02
30;50;2;10874;True;10874.00;0.23;10874;0.06;10874;0.09;14356;True;14356.00;0.29;14360;0.36;14356;0.12;10673;True;10673.00;0.03;10673;0.03;10673;0.06;10178;True;10178.00;0.03;10178;0.03;10178;0.08;10085;True;10085.00;0.13;10085;0.06;10085;0.06;9355;True;9355.00;0.27;9355;0.13;9355;0.17
30;50;3;13085;True;13085.00;0.01;13085;0.01;13085;0.01;17064;True;17064.00;0.01;17064;0.01;17064;0.01;12845;True;12845.00;0.01;12845;0.01;12845;0.01;12071;True;12071.00;0.07;12072;0.03;12071;0.03;11807;True;11807.00;0.02;11807;0.01;11807;0.01;11090;True;11090.00;0.02;11090;0.02;11090;0.02
30;50;4;12301;True;12301.00;0.07;12301;0.04;12301;0.11;15708;True;15708.00;0.03;15708;0.03;15708;0.04;12031;True;12031.00;0.01;12031;0.01;12031;0.01;11383;True;11383.00;0.11;11385;0.09;11383;0.03;11144;True;11144.00;0.02;11144;0.01;11144;0.01;10457;True;10457.00;0.02;10457;0.02;10457;0.02
30;50;5;14175;True;14175.00;0.00;14175;0.00;14175;0.00;17765;True;17765.00;0.01;17765;0.00;17765;0.00;13498;True;13498.00;0.01;13498;0.00;13498;0.01;12680;True;12680.00;0.01;12680;0.01;12680;0.01;12789;True;12789.00;0.00;12789;0.00;12789;0.00;11740;True;11740.00;0.01;11740;0.01;11740;0.01
30;50;6;13387;True;13387.00;0.00;13387;0.00;13387;0.00;17681;True;17681.00;0.01;17681;0.01;17681;0.01;12990;True;12990.00;0.01;12990;0.01;12990;0.02;12250;True;12250.00;0.01;12250;0.01;12250;0.01;12032;True;12032.00;0.00;12032;0.01;12032;0.00;11271;True;11271.00;0.01;11271;0.01;11271;0.01
30;50;7;15801;True;15801.00;0.00;15801;0.00;15801;0.00;19820;True;19820.00;0.00;19820;0.00;19820;0.00;14785;True;14785.00;0.00;14785;0.00;14785;0.00;13935;True;13935.00;0.01;13935;0.01;13935;0.00;13894;True;13894.00;0.00;13894;0.01;13894;0.00;12822;True;12822.00;0.01;12822;0.01;12822;0.01
30;50;8;14373;True;14373.00;0.01;14373;0.01;14373;0.01;18794;True;18794.00;0.01;18794;0.02;18794;0.02;13858;True;13858.00;0.04;13858;0.04;13858;0.04;13050;True;13050.00;0.02;13050;0.02;13050;0.02;13008;True;13008.00;0.02;13008;0.02;13008;0.02;11994;True;11994.00;0.02;11994;0.02;11994;0.02
30;50;9;13243;True;13243.00;0.00;13243;0.00;13243;0.00;17372;True;17372.00;0.00;17372;0.01;17372;0.00;13318;True;13318.00;0.01;13318;0.00;13318;0.00;12521;True;12521.00;0.00;12521;0.01;12521;0.01;12343;True;12343.00;0.00;12343;0.01;12343;0.01;11467;True;11467.00;0.01;11467;0.01;11467;0.01
30;50;10;12665;True;12665.00;0.01;12665;0.01;12665;0.04;15766;True;15766.00;0.06;15766;0.09;15766;0.02;12615;True;12615.00;0.01;12615;0.01;12615;0.01;11889;True;11889.00;0.02;11889;0.02;11889;0.02;11651;True;11651.00;0.01;11651;0.01;11651;0.02;10969;True;10969.00;0.03;10969;0.03;10969;0.03
30;50;11;13198;True;13198.00;0.00;13198;0.00;13198;0.00;17141;True;17141.00;0.01;17141;0.01;17141;0.01;13315;True;13315.00;0.01;13315;0.00;13315;0.00;12444;True;12444.00;0.01;12444;0.01;12444;0.01;12179;True;12179.00;0.00;12179;0.00;12179;0.01;11332;True;11332.00;0.01;11332;0.01;11332;0.01
30;50;12;12972;True;12972.00;0.01;12972;0.01;12972;0.00;16750;True;16750.00;0.00;16750;0.00;16750;0.00;12854;True;12854.00;0.01;12854;0.01;12854;0.05;11939;True;11939.00;0.01;11939;0.01;11939;0.01;11903;True;11903.00;0.01;11903;0.00;11903;0.01;11199;True;11199.00;0.01;11199;0.01;11199;0.01
30;50;13;13922;True;13922.00;0.01;13922;0.00;13922;0.00;18243;True;18243.00;0.01;18243;0.01;18243;0.01;13197;True;13197.00;0.01;13197;0.00;13197;0.01;12662;True;12662.00;0.01;12662;0.01;12662;0.01;12402;True;12402.00;0.00;12402;0.00;12402;0.00;11653;True;11653.00;0.02;11653;0.02;11653;0.01
30;50;14;12539;True;12539.00;0.01;12539;0.01;12539;0.01;16101;True;16101.00;0.01;16101;0.02;16101;0.02;12155;True;12155.00;0.02;12155;0.01;12155;0.02;11562;True;11562.00;0.06;11562;0.18;11562;0.02;11540;True;11540.00;0.02;11540;0.02;11540;0.02;10723;True;10723.00;0.02;10723;0.02;10723;0.02
30;50;15;14624;True;14624.00;0.00;14624;0.00;14624;0.00;18734;True;18734.00;0.00;18734;0.00;18734;0.01;14420;True;14420.00;0.00;14420;0.01;14420;0.00;13597;True;13597.00;0.00;13597;0.01;13597;0.00;13470;True;13470.00;0.00;13470;0.00;13470;0.00;12498;True;12498.00;0.01;12498;0.01;12498;0.01
30;50;16;15166;True;15166.00;0.00;15166;0.00;15166;0.00;19550;True;19550.00;0.01;19550;0.00;19550;0.00;14383;True;14383.00;0.00;14383;0.00;14383;0.00;13720;True;13720.00;0.00;13720;0.00;13720;0.00;13867;True;13867.00;0.00;13867;0.00;13867;0.00;12614;True;12614.00;0.01;12614;0.01;12614;0.01
30;50;17;13412;True;13412.00;0.00;13412;0.00;13412;0.00;17469;True;17469.00;0.01;17469;0.01;17469;0.00;13255;True;13255.00;0.01;13255;0.00;13255;0.01;12536;True;12536.00;0.01;12536;0.01;12536;0.01;12224;True;12224.00;0.01;12224;0.01;12224;0.01;11496;True;11496.00;0.01;11496;0.01;11496;0.01
30;50;18;15144;True;15144.00;0.01;15144;0.00;15144;0.01;19548;True;19548.00;0.01;19548;0.01;19548;0.01;14537;True;14537.00;0.01;14537;0.01;14537;0.01;13810;True;13810.00;0.01;13810;0.01;13810;0.01;13657;True;13657.00;0.00;13657;0.01;13657;0.01;12836;True;12836.00;0.01;12836;0.02;12836;0.01
30;50;19;13971;True;13971.00;0.00;13971;0.00;13971;0.00;18358;True;18358.00;0.00;18358;0.01;18358;0.00;13586;True;13586.00;0.01;13586;0.00;13586;0.00;12870;True;12870.00;0.01;12870;0.01;12870;0.01;12602;True;12602.00;0.00;12602;0.00;12602;0.00;11835;True;11835.00;0.01;11835;0.01;11835;0.01
30;50;20;12102;True;12102.00;0.01;12102;0.01;12102;0.01;16085;True;16085.00;0.01;16085;0.01;16085;0.01;12601;True;12601.00;0.08;12601;0.06;12601;0.03;11751;True;11751.00;0.02;11751;0.02;11751;0.02;11257;True;11257.00;0.03;11257;0.03;11257;0.03;10641;True;10641.00;0.03;10641;0.03;10641;0.03
30;50;21;12861;True;12861.00;0.01;12861;0.01;12861;0.01;16800;True;16800.00;0.02;16800;0.02;16800;0.01;12683;True;12683.00;0.01;12683;0.01;12683;0.01;11959;True;11959.00;0.01;11959;0.01;11959;0.01;11687;True;11687.00;0.43;11687;0.35;11687;0.11;11004;True;11004.00;0.08;11007;0.05;11004;0.04
30;50;22;13714;True;13714.00;0.00;13714;0.01;13714;0.00;18020;True;18020.00;0.01;18020;0.01;18020;0.01;13280;True;13280.00;0.01;13280;0.01;13280;0.01;12466;True;12466.00;0.01;12466;0.01;12466;0.02;12331;True;12331.00;0.00;12331;0.00;12331;0.00;11534;True;11534.00;0.02;11534;0.02;11534;0.02
30;50;23;15375;True;15375.00;0.00;15375;0.00;15375;0.00;19371;True;19371.00;0.01;19371;0.01;19371;0.00;14391;True;14391.00;0.00;14391;0.00;14391;0.00;13511;True;13511.00;0.01;13511;0.00;13511;0.01;13783;True;13783.00;0.00;13783;0.00;13783;0.01;12616;True;12616.00;0.01;12616;0.01;12616;0.01
30;50;24;12494;True;12494.00;0.01;12494;0.01;12494;0.01;16087;True;16087.00;0.01;16087;0.01;16087;0.01;12304;True;12304.00;0.01;12304;0.01;12304;0.01;11589;True;11589.00;0.01;11589;0.01;11589;0.01;11268;True;11268.00;0.19;11268;0.02;11268;0.03;10518;True;10518.00;0.02;10518;0.02;10518;0.02
30;50;25;12285;True;12285.00;0.01;12285;0.01;12285;0.01;15788;True;15788.00;0.00;15788;0.01;15788;0.01;12164;True;12164.00;0.01;12164;0.01;12164;0.01;11443;True;11443.00;0.01;11443;0.01;11443;0.01;11245;True;11245.00;0.01;11245;0.01;11245;0.01;10507;True;10507.00;0.02;10507;0.02;10507;0.02
30;50;26;13177;True;13177.00;0.00;13177;0.00;13177;0.00;16816;True;16816.00;0.01;16816;0.01;16816;0.01;13002;True;13002.00;0.00;13002;0.00;13002;0.00;12241;True;12241.00;0.03;12241;0.01;12241;0.01;11928;True;11928.00;0.01;11928;0.00;11928;0.00;11252;True;11252.00;0.01;11252;0.01;11252;0.01
30;50;27;12829;True;12829.00;0.03;12829;0.03;12829;0.02;16986;True;16986.00;0.01;16986;0.01;16986;0.01;12175;True;12175.00;0.01;12175;0.01;12175;0.01;11774;True;11774.00;0.05;11774;0.06;11774;0.02;11787;True;11787.00;0.01;11787;0.01;11787;0.01;10916;True;10916.00;0.14;10916;0.03;10916;0.03
30;50;28;14728;True;14728.00;0.00;14728;0.00;14728;0.01;18467;True;18467.00;0.01;18467;0.01;18467;0.01;14109;True;14109.00;0.01;14109;0.01;14109;0.00;13374;True;13374.00;0.01;13374;0.01;13374;0.01;13312;True;13312.00;0.00;13312;0.01;13312;0.01;12301;True;12301.00;0.01;12301;0.01;12301;0.01
30;50;29;13737;True;13737.00;0.01;13737;0.00;13737;0.01;17639;True;17639.00;0.00;17639;0.00;17639;0.00;13513;True;13513.00;0.00;13513;0.01;13513;0.00;12607;True;12607.00;0.01;12607;0.01;12607;0.01;12537;True;12537.00;0.01;12537;0.01;12537;0.01;11566;True;11566.00;0.01;11566;0.01;11566;0.01
30;50;30;12977;True;12977.00;0.00;12977;0.00;12977;0.00;16968;True;16968.00;0.00;16968;0.01;16968;0.00;13163;True;13163.00;0.01;13163;0.01;13163;0.01;12287;True;12287.00;0.01;12287;0.01;12287;0.01;11833;True;11833.00;0.00;11833;0.00;11833;0.01;11217;True;11217.00;0.01;11217;0.02;11217;0.01
30;50;31;14108;True;14108.00;0.00;14108;0.01;14108;0.00;18355;True;18355.00;0.00;18355;0.00;18355;0.00;13913;True;13913.00;0.01;13913;0.00;13913;0.01;13123;True;13123.00;0.01;13123;0.00;13123;0.01;12835;True;12835.00;0.00;12835;0.01;12835;0.00;11869;True;11869.00;0.01;11869;0.01;11869;0.01
30;50;32;14002;True;14002.00;0.01;14002;0.01;14002;0.03;18001;True;18001.00;0.01;18001;0.01;18001;0.02;13660;True;13660.00;0.01;13660;0.01;13660;0.02;12924;True;12924.00;0.01;12924;0.01;12924;0.01;12735;True;12735.00;0.01;12735;0.01;12735;0.03;11888;True;11888.00;0.02;11888;0.02;11888;0.02
30;50;33;12107;True;12107.00;0.90;12107;0.40;12107;0.87;15737;True;15737.00;0.67;15737;0.18;15737;0.18;11974;True;11974.00;0.02;11974;0.02;11974;0.02;11281;True;11281.00;0.03;11281;0.03;11281;0.04;10978;True;10978.00;0.02;10978;0.02;10978;0.02;10369;True;10369.00;0.03;10369;0.03;10369;0.03
30;50;34;12890;True;12890.00;0.77;12890;0.09;12890;4.90;16608;True;16608.00;0.01;16608;0.01;16608;0.01;12742;True;12742.00;0.02;12742;0.01;12742;0.02;12041;True;12041.00;0.26;12041;0.34;12041;0.12;11707;True;11707.00;0.01;11707;0.02;11707;0.01;11047;True;11047.00;0.08;11047;0.09;11047;0.10
30;50;35;12532;True;12532.00;0.01;12532;0.01;12532;0.00;16852;True;16852.00;0.02;16852;0.02;16852;0.03;12852;True;12852.00;0.02;12852;0.02;12852;0.03;12099;True;12099.00;0.02;12099;0.01;12099;0.02;11604;True;11604.00;0.02;11604;0.02;11604;0.02;10886;True;10886.00;0.01;10886;0.01;10886;0.01
30;50;36;14176;True;14176.00;0.00;14176;0.00;14176;0.00;18498;True;18498.00;0.01;18498;0.01;18498;0.01;14333;True;14333.00;0.01;14333;0.01;14333;0.01;13432;True;13432.00;0.01;13432;0.01;13432;0.01;12870;True;12870.00;0.01;12870;0.01;12870;0.01;12201;True;12201.00;0.01;12201;0.02;12201;0.01
30;50;37;13123;True;13123.00;0.01;13123;0.01;13123;0.01;17147;True;17147.00;0.01;17147;0.01;17147;0.01;13274;True;13274.00;0.00;13274;0.00;13274;0.01;12537;True;12537.00;0.01;12537;0.01;12537;0.01;11925;True;11925.00;0.00;11925;0.01;11925;0.00;11300;True;11300.00;0.01;11300;0.01;11300;0.01
30;50;38;12763;True;12763.00;0.02;12763;0.02;12763;0.01;16047;True;16047.00;0.48;16061;0.08;16047;0.19;12883;True;12883.00;0.02;12883;0.02;12883;0.02;12062;True;12062.00;0.02;12062;0.01;12062;0.02;11784;True;11784.00;0.01;11784;0.01;11784;0.04;11054;True;11054.00;0.02;11054;0.03;11054;0.04
30;50;39;13000;True;13000.00;0.11;13000;0.05;13000;0.04;16621;True;16621.00;0.00;16621;0.01;16621;0.01;13086;True;13086.00;0.01;13086;0.01;13086;0.01;12220;True;12220.00;0.01;12220;0.01;12220;0.01;11831;True;11831.00;0.02;11831;0.02;11831;0.02;11148;True;11148.00;0.02;11148;0.02;11148;0.02
30;60;0;16755;True;16755.00;0.01;16755;0.01;16755;0.00;22293;True;22293.00;0.01;22293;0.01;22293;0.01;16680;True;16680.00;0.01;16680;0.01;16680;0.01;15710;True;15710.00;0.02;15710;0.01;15710;0.01;15389;True;15389.00;0.01;15389;0.01;15389;0.01;14621;True;14621.00;0.03;14621;0.02;14621;0.02
30;60;1;17479;True;17479.00;0.01;17479;0.01;17479;0.01;22814;True;22814.00;0.35;22814;0.12;22814;0.08;16816;True;16816.00;0.01;16816;0.01;16816;0.01;16047;True;16047.00;0.01;16047;0.02;16047;0.02;15883;True;15883.00;0.01;15883;0.01;15883;0.01;14731;True;14731.00;0.02;14731;0.02;14731;0.03
30;60;2;15158;True;15158.00;0.01;15158;0.01;15158;0.01;19849;True;19849.00;0.01;19849;0.01;19849;0.01;15029;True;15029.00;0.02;15029;0.01;15029;0.02;14269;True;14269.00;0.01;14269;0.02;14269;0.01;13968;True;13968.00;0.02;13968;0.02;13968;0.02;13033;True;13033.00;0.03;13033;0.03;13033;0.03
30;60;3;15826;True;15826.00;0.00;15826;0.01;15826;0.00;20418;True;20418.00;0.01;20418;0.01;20418;0.01;15475;True;15475.00;0.01;15475;0.01;15475;0.01;14658;True;14658.00;0.01;14658;0.01;14658;0.01;14372;True;14372.00;0.00;14372;0.01;14372;0.01;13423;True;13423.00;0.02;13423;0.02;13423;0.02
30;60;4;16499;True;16499.00;0.01;16499;0.01;16499;0.01;21460;True;21460.00;0.01;21460;0.01;21460;0.01;15952;True;15952.00;0.01;15952;0.01;15952;0.01;15025;True;15025.00;0.01;15025;0.02;15025;0.01;14954;True;14954.00;0.02;14954;0.02;14954;0.02;13881;True;13881.00;0.02;13881;0.02;13881;0.02
30;60;5;14052;True;14052.00;0.16;14052;0.07;14052;0.06;18672;True;18672.00;0.41;18672;0.12;18672;0.07;14318;True;14318.00;0.01;14318;0.01;14318;0.01;13500;True;13500.00;0.02;13500;0.02;13500;0.02;12986;True;12986.00;0.03;12986;0.02;12986;0.02;12394;True;12394.00;0.13;12394;0.06;12394;0.06
30;60;6;14343;True;14343.00;0.18;14343;0.14;14343;0.05;18622;True;18622.00;0.10;18622;0.10;18622;0.07;14192;True;14192.00;0.02;14192;0.02;14192;0.07;13281;True;13281.00;0.03;13281;0.03;13281;0.05;13087;True;13087.00;0.17;13087;0.09;13087;0.13;12220;True;12220.00;0.04;12220;0.04;12220;0.22
30;60;7;16007;True;16007.00;0.01;16007;0.01;16007;0.01;20508;True;20508.00;0.01;20508;0.02;20508;0.02;15442;True;15442.00;0.01;15442;0.01;15442;0.01;14587;True;14587.00;0.01;14587;0.02;14587;0.01;14475;True;14475.00;0.01;14475;0.01;14475;0.01;13453;True;13453.00;0.02;13453;0.02;13453;0.02
30;60;8;18801;True;18801.00;0.03;18801;0.04;18801;0.03;24073;True;24073.00;0.04;24073;0.04;24073;0.05;17908;True;17908.00;0.01;17908;0.01;17908;0.01;16947;True;16947.00;0.01;16947;0.01;16947;0.01;16848;True;16848.00;0.03;16848;0.03;16848;0.03;15542;True;15542.00;0.03;15542;0.03;15542;0.03
30;60;9;15000;True;15000.00;0.01;15000;0.02;15000;0.02;20089;True;20089.00;0.01;20089;0.01;20089;0.01;15108;True;15108.00;0.02;15108;0.02;15108;0.04;14113;True;14113.00;0.01;14113;0.01;14113;0.02;13839;True;13839.00;0.01;13839;0.01;13839;0.01;12944;True;12944.00;0.17;12944;0.04;12944;0.04
30;60;10;21121;True;21121.00;0.00;21121;0.00;21121;0.00;27009;True;27009.00;0.01;27009;0.00;27009;0.01;20297;True;20297.00;0.01;20297;0.01;20297;0.01;19274;True;19274.00;0.01;19274;0.01;19274;0.01;18973;True;18973.00;0.00;18973;0.01;18973;0.01;17722;True;17722.00;0.01;17722;0.01;17722;0.01
30;60;11;14674;True;14674.00;0.41;14674;0.27;14674;0.28;19272;True;19272.00;0.01;19272;0.01;19272;0.01;14129;True;14129.00;0.02;14129;0.02;14129;0.02;13471;True;13471.00;0.10;13471;0.04;13471;0.03;13254;True;13254.00;0.12;13254;0.03;13254;0.04;12423;True;12423.00;0.03;12423;0.02;12423;0.03
30;60;12;14956;True;14956.00;0.01;14956;0.01;14956;0.01;19812;True;19812.00;0.01;19812;0.01;19812;0.03;14767;True;14767.00;0.02;14767;0.02;14767;0.02;14098;True;14098.00;0.01;14098;0.01;14098;0.01;13932;True;13932.00;0.02;13932;0.01;13932;0.02;13014;True;13014.00;0.03;13014;0.02;13014;0.03
30;60;13;15455;True;15455.00;0.01;15455;0.01;15455;0.01;20369;True;20369.00;0.01;20369;0.01;20369;0.01;15186;True;15186.00;0.01;15186;0.01;15186;0.01;14388;True;14388.00;0.02;14388;0.02;14388;0.02;14036;True;14036.00;0.01;14036;0.01;14036;0.02;13334;True;13334.00;0.03;13334;0.03;13334;0.03
30;60;14;13016;True;13016.00;0.25;13016;0.62;13016;0.12;17409;True;17409.00;0.14;17409;0.16;17409;0.11;12989;True;12989.00;0.04;12989;0.05;12989;0.05;12234;True;12234.00;0.05;12234;0.06;12234;0.06;11969;True;11969.00;0.33;11969;0.23;11969;0.14;11262;True;11262.00;0.05;11262;0.05;11262;0.06
30;60;15;15409;True;15409.00;0.21;15409;0.04;15409;1.07;20422;True;20422.00;0.02;20422;0.01;20422;0.02;15332;True;15332.00;0.01;15332;0.01;15332;0.01;14378;True;14378.00;0.13;14379;0.06;14378;0.03;14242;True;14242.00;0.01;14242;0.02;14242;0.02;13264;True;13264.00;0.04;13264;0.04;13264;0.04
30;60;16;14950;True;14950.00;0.01;14950;0.01;14950;0.01;19311;True;19311.00;0.08;19311;0.07;19311;0.05;15182;True;15182.00;0.02;15182;0.02;15182;0.04;14114;True;14114.00;0.15;14114;0.03;14114;0.03;13679;True;13679.00;0.01;13679;0.01;13679;0.01;12944;True;12944.00;0.11;12944;0.05;12944;0.05
30;60;17;15450;True;15450.00;0.00;15450;0.00;15450;0.00;20245;True;20245.00;0.01;20245;0.01;20245;0.01;15352;True;15352.00;0.01;15352;0.01;15352;0.01;14496;True;14496.00;0.01;14496;0.01;14496;0.01;14032;True;14032.00;0.01;14032;0.01;14032;0.01;13155;True;13155.00;0.02;13155;0.02;13155;0.02
30;60;18;15082;False;15078.00;TL;15082;0.07;15082;120.00;19745;True;19745.00;0.28;19745;0.12;19745;0.13;14655;True;14655.00;0.01;14655;0.01;14655;0.01;13851;True;13851.00;0.03;13851;0.04;13851;0.04;13841;True;13841.00;0.15;13841;0.07;13841;0.06;12802;True;12802.00;0.02;12802;0.02;12802;0.02
30;60;19;14184;True;14184.00;0.04;14184;0.03;14184;0.06;18178;True;18178.00;0.03;18178;0.03;18178;0.05;14190;True;14190.00;0.02;14190;0.03;14190;0.03;13308;True;13308.00;0.08;13308;0.09;13308;0.08;12972;True;12972.00;0.17;12972;0.55;12972;0.09;12233;True;12233.00;0.07;12233;0.07;12233;0.18
30;60;20;16842;True;16842.00;0.01;16842;0.01;16842;0.01;21689;True;21689.00;0.00;21689;0.01;21689;0.01;16439;True;16439.00;0.01;16439;0.01;16439;0.01;15377;True;15377.00;0.01;15377;0.01;15377;0.01;15063;True;15063.00;0.01;15063;0.01;15063;0.01;14184;True;14184.00;0.02;14184;0.02;14184;0.02
30;60;21;14667;True;14667.00;0.40;14667;0.09;14667;0.36;19028;True;19028.00;0.06;19028;0.07;19028;0.07;14667;True;14667.00;0.01;14667;0.01;14667;0.01;13759;True;13759.00;0.01;13759;0.02;13759;0.01;13677;True;13677.00;1.52;13677;0.40;13677;0.69;12690;True;12690.00;0.08;12690;0.08;12690;0.09
30;60;22;15873;True;15873.00;0.00;15873;0.00;15873;0.00;20603;True;20603.00;0.01;20603;0.01;20603;0.01;15491;True;15491.00;0.01;15491;0.01;15491;0.01;14595;True;14595.00;0.04;14595;0.03;14595;0.02;14483;True;14483.00;0.01;14483;0.01;14483;0.01;13497;True;13497.00;0.02;13497;0.02;13497;0.02
30;60;23;18009;True;18009.00;0.01;18009;0.01;18009;0.01;23330;True;23330.00;0.01;23330;0.01;23330;0.01;17385;True;17385.00;0.00;17385;0.00;17385;0.01;16298;True;16298.00;0.01;16298;0.01;16298;0.01;16112;True;16112.00;0.01;16112;0.01;16112;0.01;14934;True;14934.00;0.02;14934;0.02;14934;0.02
30;60;24;16689;True;16689.00;0.01;16689;0.00;16689;0.00;21391;True;21391.00;0.01;21391;0.01;21391;0.01;15886;True;15886.00;0.01;15886;0.01;15886;0.01;15081;True;15081.00;0.01;15081;0.01;15081;0.01;14886;True;14886.00;0.01;14886;0.01;14886;0.01;13948;True;13948.00;0.02;13948;0.02;13948;0.02
30;60;25;15152;True;15152.00;0.00;15152;0.01;15152;0.01;19507;True;19507.00;0.05;19507;0.02;19507;0.01;15125;True;15125.00;0.01;15125;0.01;15125;0.01;14301;True;14301.00;0.01;14301;0.01;14301;0.01;13898;True;13898.00;0.01;13898;0.01;13898;0.01;13138;True;13138.00;0.02;13138;0.02;13138;0.02
30;60;26;17545;True;17545.00;0.00;17545;0.00;17545;0.00;22685;True;22685.00;0.01;22685;0.01;22685;0.00;17048;True;17048.00;0.01;17048;0.01;17048;0.01;16204;True;16204.00;0.01;16204;0.01;16204;0.01;15756;True;15756.00;0.01;15756;0.00;15756;0.00;14749;True;14749.00;0.02;14749;0.02;14749;0.02
30;60;27;13480;True;13480.00;0.14;13480;0.17;13480;0.15;17553;True;17553.00;0.03;17553;0.04;17553;0.03;13578;True;13578.00;0.03;13578;0.04;13578;0.04;12718;True;12718.00;0.13;12718;0.15;12718;0.14;12234;True;12234.00;0.02;12234;0.02;12234;0.02;11504;True;11504.00;0.50;11504;0.16;11504;0.17
30;60;28;14431;True;14431.00;0.02;14431;0.03;14431;0.02;18787;True;18787.00;0.03;18787;0.04;18787;0.03;14701;True;14701.00;0.03;14701;0.03;14701;0.03;13885;True;13885.00;0.03;13885;0.03;13885;0.03;13364;True;13364.00;0.03;13364;0.02;13364;0.02;12604;True;12604.00;0.04;12604;0.04;12604;0.04
30;60;29;14865;True;14865.00;0.01;14865;0.01;14865;0.01;19666;True;19666.00;0.05;19666;0.03;19666;0.03;15045;True;15045.00;0.01;15045;0.01;15045;0.01;14102;True;14102.00;0.01;14102;0.01;14102;0.01;13803;True;13803.00;0.01;13803;0.01;13803;0.01;13009;True;13009.00;0.03;13009;0.02;13009;0.02
30;60;30;14718;True;14718.00;0.03;14718;0.03;14718;0.03;19485;True;19485.00;0.02;19485;0.02;19485;0.03;14611;True;14611.00;0.02;14611;0.02;14611;0.01;13828;True;13828.00;0.02;13828;0.03;13828;0.02;13557;True;13557.00;0.02;13557;0.02;13557;0.02;12748;True;12748.00;0.03;12748;0.03;12748;0.03
30;60;31;15524;True;15524.00;0.01;15524;0.02;15524;0.01;20388;True;20388.00;0.00;20388;0.01;20388;0.00;15753;True;15753.00;0.01;15753;0.01;15753;0.01;14739;True;14739.00;0.01;14739;0.01;14739;0.01;14308;True;14308.00;0.01;14308;0.01;14308;0.01;13464;True;13464.00;0.02;13464;0.02;13464;0.02
30;60;32;16376;True;16376.00;0.05;16376;0.06;16376;0.05;21223;True;21223.00;0.34;21223;0.03;21223;0.21;15889;True;15889.00;0.01;15889;0.01;15889;0.01;15119;True;15119.00;0.09;15119;0.10;15119;0.10;15115;True;15115.00;0.93;15115;0.04;15115;0.60;14104;True;14104.00;0.21;14104;0.08;14104;0.08
30;60;33;13500;True;13500.00;0.98;13503;0.19;13500;1.51;17792;True;17792.00;0.03;17792;0.03;17792;0.03;13727;True;13727.00;0.01;13727;0.02;13727;0.02;12813;True;12813.00;0.23;12813;0.06;12813;0.08;12495;True;12495.00;0.02;12495;0.02;12495;0.02;11735;True;11735.00;0.06;11735;0.06;11735;0.07
30;60;34;14820;True;14820.00;0.06;14820;0.02;14820;0.03;19482;True;19482.00;0.07;19482;0.03;19482;0.02;14759;True;14759.00;0.14;14761;0.04;14759;0.06;13995;True;13995.00;0.01;13995;0.01;13995;0.01;13562;True;13562.00;0.02;13562;0.02;13562;0.02;12741;True;12741.00;0.02;12741;0.02;12741;0.02
30;60;35;15962;True;15962.00;0.02;15962;0.02;15962;0.07;21469;True;21469.00;0.01;21469;0.01;21469;0.05;15681;True;15681.00;0.01;15681;0.01;15681;0.01;14675;True;14675.00;0.01;14675;0.01;14675;0.01;14424;True;14424.00;0.01;14424;0.01;14424;0.02;13488;True;13488.00;0.02;13488;0.02;13488;0.02
30;60;36;14705;True;14705.00;0.00;14705;0.00;14705;0.00;19220;True;19220.00;0.01;19220;0.01;19220;0.01;15002;True;15002.00;0.01;15002;0.01;15002;0.01;14122;True;14122.00;0.01;14122;0.01;14122;0.01;13531;True;13531.00;0.02;13531;0.01;13531;0.01;12824;True;12824.00;0.03;12824;0.03;12824;0.03
30;60;37;14491;True;14491.00;0.18;14491;0.21;14491;0.19;18897;True;18897.00;0.02;18897;0.02;18897;0.02;14091;True;14091.00;0.02;14091;0.02;14091;0.02;13371;True;13371.00;0.01;13371;0.02;13371;0.02;13071;True;13071.00;0.01;13071;0.01;13071;0.01;12261;True;12261.00;0.03;12261;0.03;12261;0.03
30;60;38;14611;True;14611.00;0.13;14611;0.07;14611;0.19;19253;True;19253.00;0.02;19253;0.02;19253;0.02;14484;True;14484.00;0.02;14484;0.02;14484;0.02;13779;True;13779.00;0.02;13779;0.02;13779;0.03;13429;True;13429.00;0.02;13429;0.02;13429;0.02;12690;True;12690.00;0.03;12690;0.03;12690;0.03
30;60;39;12803;True;12803.00;0.06;12803;0.07;12803;0.07;16664;True;16664.00;0.28;16669;0.67;16664;0.16;12689;True;12689.00;0.44;12691;0.54;12689;0.15;11873;True;11873.00;0.71;11873;0.34;11873;0.22;11632;True;11632.00;0.04;11632;0.03;11632;0.04;10981;True;10981.00;0.44;10981;0.94;10981;0.20
30;70;0;21731;True;21731.00;0.01;21731;0.01;21731;0.01;28100;True;28100.00;0.01;28100;0.02;28100;0.01;20978;True;20978.00;0.01;20978;0.01;20978;0.01;19945;True;19945.00;0.04;19945;0.03;19945;0.03;19462;True;19462.00;0.01;19462;0.01;19462;0.01;18190;True;18190.00;0.02;18190;0.02;18190;0.02
30;70;1;18663;True;18663.00;0.01;18663;0.01;18663;0.01;24283;True;24283.00;0.01;24283;0.01;24283;0.01;18046;True;18046.00;0.01;18046;0.02;18046;0.02;16936;True;16936.00;0.01;16936;0.01;16936;0.01;16856;True;16856.00;0.01;16856;0.01;16856;0.01;15542;True;15542.00;0.03;15542;0.03;15542;0.02
30;70;2;18180;True;18180.00;0.01;18180;0.01;18180;0.01;24127;True;24127.00;0.01;24127;0.01;24127;0.01;18251;True;18251.00;0.01;18251;0.01;18251;0.02;16997;True;16997.00;0.02;16997;0.02;16997;0.02;16702;True;16702.00;0.07;16702;0.03;16702;0.04;15549;True;15549.00;0.03;15549;0.03;15549;0.03
30;70;3;19901;True;19901.00;0.01;19901;0.00;19901;0.01;25564;True;25564.00;0.01;25564;0.01;25564;0.01;19222;True;19222.00;0.01;19222;0.01;19222;0.01;18273;True;18273.00;0.01;18273;0.01;18273;0.01;18074;True;18074.00;0.01;18074;0.01;18074;0.01;16809;True;16809.00;0.02;16809;0.02;16809;0.02
30;70;4;19110;True;19110.00;0.01;19110;0.01;19110;0.01;25041;True;25041.00;0.01;25041;0.01;25041;0.01;18552;True;18552.00;0.01;18552;0.01;18552;0.02;17529;True;17529.00;0.01;17529;0.02;17529;0.01;17446;True;17446.00;0.01;17446;0.01;17446;0.01;16149;True;16149.00;0.10;16149;0.05;16149;0.05
30;70;5;19037;True;19037.00;0.00;19037;0.01;19037;0.01;23974;True;23974.00;0.01;23974;0.01;23974;0.01;18543;True;18543.00;0.01;18543;0.01;18543;0.01;17598;True;17598.00;0.02;17598;0.01;17598;0.02;17180;True;17180.00;0.01;17180;0.01;17180;0.01;16036;True;16036.00;0.02;16036;0.03;16036;0.03
30;70;6;17101;True;17101.00;0.02;17101;0.01;17101;0.02;23052;True;23052.00;0.02;23052;0.02;23052;0.02;16894;True;16894.00;0.02;16894;0.02;16894;0.02;15941;True;15941.00;0.02;15941;0.02;15941;0.02;15856;True;15856.00;0.02;15856;0.02;15856;0.02;14661;True;14661.00;0.03;14661;0.04;14661;0.04
30;70;7;17440;True;17440.00;0.25;17440;0.42;17440;2.94;23221;True;23221.00;0.03;23221;0.03;23221;0.03;17105;True;17105.00;0.03;17105;0.03;17105;0.05;16063;True;16063.00;0.03;16063;0.03;16063;0.03;15957;True;15957.00;0.26;15958;0.54;15957;0.05;14839;True;14839.00;0.04;14839;0.04;14839;0.04
30;70;8;20942;True;20942.00;0.01;20942;0.01;20942;0.01;27207;True;27207.00;0.01;27207;0.02;27207;0.01;19883;True;19883.00;0.01;19883;0.01;19883;0.01;18785;True;18785.00;0.01;18785;0.01;18785;0.01;18992;True;18992.00;0.01;18992;0.01;18992;0.01;17525;True;17525.00;0.03;17525;0.03;17525;0.03
30;70;9;20179;True;20179.00;0.00;20179;0.01;20179;0.01;25698;True;25698.00;0.01;25698;0.01;25698;0.00;19374;True;19374.00;0.01;19374;0.01;19374;0.01;18389;True;18389.00;0.01;18389;0.01;18389;0.01;17925;True;17925.00;0.01;17925;0.01;17925;0.01;16705;True;16705.00;0.02;16705;0.02;16705;0.02
30;70;10;18289;True;18289.00;0.06;18289;0.14;18289;0.05;23758;True;23758.00;0.06;23758;0.06;23758;0.06;17316;True;17316.00;0.02;17316;0.02;17316;0.03;16442;True;16442.00;0.02;16442;0.02;16442;0.02;16553;True;16553.00;0.02;16553;0.02;16553;0.02;15287;True;15287.00;0.15;15287;0.19;15287;0.08
30;70;11;18877;True;18877.00;0.03;18877;0.02;18877;0.03;24359;True;24359.00;0.02;24359;0.02;24359;0.02;17957;True;17957.00;0.03;17957;0.03;17957;0.04;17137;True;17137.00;0.11;17137;0.07;17137;0.07;17075;True;17075.00;0.04;17075;0.03;17075;0.04;15653;True;15653.00;0.20;15653;0.12;15653;0.12
30;70;12;17118;True;17118.00;0.14;17118;0.10;17118;0.09;22140;True;22140.00;0.15;22140;0.18;22140;0.09;17432;True;17432.00;0.03;17432;0.03;17432;0.04;16198;True;16198.00;0.06;16198;0.06;16198;0.06;15728;True;15728.00;0.02;15728;0.02;15728;0.02;14742;True;14742.00;0.04;14742;0.05;14742;0.05
30;70;13;16960;True;16960.00;0.03;16960;0.02;16960;0.46;21977;True;21977.00;0.03;21977;0.03;21977;0.03;16980;True;16980.00;0.04;16980;0.04;16980;0.05;16156;True;16156.00;0.05;16156;0.05;16156;0.04;15690;True;15690.00;0.03;15690;0.03;15690;0.04;14775;True;14775.00;0.05;14775;0.06;14775;0.08
30;70;14;18229;True;18229.00;0.01;18229;0.01;18229;0.01;23415;True;23415.00;0.01;23415;0.01;23415;0.01;18195;True;18195.00;0.01;18195;0.01;18195;0.01;16998;True;16998.00;0.01;16998;0.02;16998;0.01;16402;True;16402.00;0.01;16402;0.01;16402;0.01;15256;True;15256.00;0.02;15256;0.02;15256;0.03
30;70;15;18712;True;18712.00;0.01;18712;0.01;18712;0.02;24006;True;24006.00;0.02;24006;0.02;24006;0.02;18529;True;18529.00;0.02;18529;0.02;18529;0.02;17366;True;17366.00;0.02;17366;0.02;17366;0.02;17074;True;17074.00;0.02;17074;0.02;17074;0.02;15952;True;15952.00;0.04;15952;0.04;15952;0.04
30;70;16;20509;True;20509.00;0.00;20509;0.00;20509;0.01;26705;True;26705.00;0.01;26705;0.01;26705;0.01;19758;True;19758.00;0.01;19758;0.01;19758;0.02;18639;True;18639.00;0.01;18639;0.01;18639;0.01;18632;True;18632.00;0.01;18632;0.01;18632;0.01;17280;True;17280.00;0.02;17280;0.02;17280;0.02
30;70;17;16273;True;16273.00;0.49;16273;0.78;16273;0.35;21177;True;21177.00;0.02;21177;0.02;21177;0.01;16331;True;16331.00;0.05;16331;0.05;16331;0.05;15334;True;15334.00;0.16;15334;0.18;15334;0.05;15105;True;15105.00;0.03;15105;0.03;15105;0.09;14039;True;14039.00;0.08;14039;0.08;14039;0.08
30;70;18;16060;True;16060.00;0.02;16060;0.02;16060;0.02;20998;True;20998.00;0.66;20998;0.16;20998;0.30;15467;True;15467.00;0.05;15467;0.05;15467;0.06;14650;True;14650.00;0.05;14650;0.05;14650;0.04;14485;True;14485.00;0.46;14489;0.51;14485;0.14;13596;True;13596.00;0.08;13596;0.08;13596;0.10
30;70;19;18675;True;18675.00;0.01;18675;0.01;18675;0.01;24319;True;24319.00;0.01;24319;0.01;24319;0.01;18270;True;18270.00;0.01;18270;0.01;18270;0.01;17429;True;17429.00;0.02;17429;0.02;17429;0.01;17120;True;17120.00;0.01;17120;0.01;17120;0.01;15982;True;15982.00;0.02;15982;0.02;15982;0.02
30;70;20;19247;True;19247.00;0.01;19247;0.01;19247;0.01;25105;True;25105.00;0.01;25105;0.01;25105;0.01;18981;True;18981.00;0.01;18981;0.01;18981;0.02;17848;True;17848.00;0.02;17848;0.02;17848;0.02;17496;True;17496.00;0.01;17496;0.01;17496;0.01;16272;True;16272.00;0.02;16272;0.02;16272;0.02
30;70;21;15567;True;15567.00;0.14;15567;0.26;15567;0.13;20861;True;20861.00;0.04;20861;0.05;20861;0.13;15204;True;15204.00;0.39;15210;0.74;15204;0.21;14479;True;14479.00;0.67;14483;0.51;14479;0.20;14231;True;14231.00;0.47;14231;0.71;14231;0.20;13383;True;13383.00;0.37;13383;0.65;13383;0.26
30;70;22;18513;True;18513.00;0.01;18513;0.01;18513;0.02;24521;True;24521.00;0.02;24521;0.02;24521;0.02;18775;True;18775.00;0.01;18775;0.01;18775;0.02;17554;True;17554.00;0.02;17554;0.02;17554;0.02;16949;True;16949.00;0.01;16949;0.02;16949;0.02;16061;True;16061.00;0.03;16061;0.03;16061;0.03
30;70;23;17532;True;17532.00;0.02;17532;0.01;17532;0.02;22749;True;22749.00;0.01;22749;0.01;22749;0.02;17098;True;17098.00;0.01;17098;0.01;17098;0.02;16161;True;16161.00;0.03;16161;0.03;16161;0.03;15996;True;15996.00;0.02;15996;0.02;15996;0.02;14894;True;14894.00;0.04;14894;0.04;14894;0.05
30;70;24;17236;True;17236.00;0.11;17240;0.19;17236;0.06;22212;True;22212.00;0.03;22212;0.03;22212;0.03;17236;True;17236.00;0.13;17236;0.10;17236;0.06;16253;True;16253.00;0.04;16253;0.04;16253;0.05;15655;True;15655.00;0.14;15657;0.46;15655;0.11;14747;True;14747.00;0.05;14747;0.05;14747;0.06
30;70;25;17577;True;17577.00;0.26;17577;0.04;17577;0.28;23074;True;23074.00;0.03;23074;0.04;23074;0.03;17599;True;17599.00;0.02;17599;0.02;17599;0.03;16612;True;16612.00;0.02;16612;0.02;16612;0.02;16157;True;16157.00;0.30;16157;0.07;16157;0.09;15137;True;15137.00;0.04;15137;0.04;15137;0.04
30;70;26;17328;True;17328.00;0.25;17328;0.55;17328;0.16;22977;True;22977.00;0.88;22977;0.59;22977;0.36;16738;True;16738.00;0.03;16738;0.03;16738;0.04;15918;True;15918.00;0.03;15918;0.03;15918;0.04;15759;True;15759.00;0.26;15759;0.15;15759;0.13;14734;True;14734.00;0.78;14734;0.48;14734;0.33
30;70;27;16996;True;16996.00;0.42;16996;0.44;16996;0.28;22849;True;22849.00;0.29;22849;0.34;22849;0.08;16958;True;16958.00;0.03;16958;0.03;16958;0.04;16022;True;16022.00;0.03;16022;0.03;16022;0.03;15582;True;15582.00;0.20;15582;0.11;15582;0.15;14620;True;14620.00;0.14;14620;0.34;14620;0.09
30;70;28;16279;True;16279.00;0.77;16279;0.10;16279;1.90;21431;True;21431.00;0.11;21431;0.03;21431;0.05;15761;True;15761.00;0.02;15761;0.01;15761;0.02;14899;True;14899.00;0.02;14899;0.02;14899;0.03;14850;True;14850.00;0.02;14850;0.02;14850;0.02;13898;True;13898.00;0.16;13903;0.12;13898;0.12
30;70;29;16519;True;16519.00;0.01;16519;0.01;16519;0.01;21491;True;21491.00;0.02;21491;0.02;21491;0.02;16472;True;16472.00;0.12;16472;0.04;16472;0.04;15395;True;15395.00;0.02;15395;0.02;15395;0.02;15007;True;15007.00;0.02;15007;0.02;15007;0.01;14073;True;14073.00;0.04;14073;0.03;14073;0.04
30;70;30;21359;True;21359.00;0.03;21359;0.04;21359;0.04;27942;True;27942.00;0.03;27942;0.03;27942;0.03;20835;True;20835.00;0.01;20835;0.01;20835;0.01;19696;True;19696.00;0.01;19696;0.01;19696;0.02;19345;True;19345.00;0.03;19345;0.04;19345;0.04;17856;True;17856.00;0.02;17856;0.02;17856;0.02
30;70;31;18411;True;18411.00;0.01;18411;0.01;18411;0.01;24297;True;24297.00;0.01;24297;0.01;24297;0.01;18164;True;18164.00;0.02;18164;0.02;18164;0.03;17065;True;17065.00;0.02;17065;0.02;17065;0.02;16744;True;16744.00;0.02;16744;0.02;16744;0.02;15622;True;15622.00;0.02;15622;0.02;15622;0.02
30;70;32;16324;True;16324.00;0.03;16324;0.02;16324;0.03;21700;True;21700.00;0.10;21718;0.05;21700;0.03;15810;True;15810.00;0.03;15810;0.02;15810;0.07;14967;True;14967.00;0.11;14967;0.05;14967;0.05;14994;True;14994.00;0.03;14994;0.04;14994;0.04;13936;True;13936.00;0.04;13936;0.05;13936;0.05
30;70;33;16048;True;16048.00;0.02;16048;0.02;16048;0.02;21168;True;21168.00;2.21;21168;0.67;21168;0.61;15548;True;15548.00;0.06;15548;0.05;15548;0.07;14735;True;14735.00;0.23;14735;0.52;14735;0.11;14757;True;14757.00;0.21;14757;0.57;14757;0.13;13621;True;13621.00;0.37;13629;0.53;13621;0.14
30;70;34;18765;True;18765.00;0.02;18765;0.02;18765;0.03;24109;True;24109.00;0.02;24109;0.02;24109;0.02;18095;True;18095.00;0.03;18095;0.03;18095;0.05;17208;True;17208.00;0.07;17208;0.06;17208;0.07;16939;True;16939.00;0.09;16939;0.04;16939;0.04;15646;True;15646.00;0.05;15646;0.05;15646;0.05
30;70;35;17765;True;17765.00;0.01;17765;0.01;17765;0.02;23615;True;23615.00;0.03;23615;0.03;23615;0.03;17564;True;17564.00;0.02;17564;0.01;17564;0.02;16460;True;16460.00;0.03;16460;0.03;16460;0.03;16171;True;16171.00;0.03;16171;0.03;16171;0.04;15207;True;15207.00;0.04;15207;0.04;15207;0.04
30;70;36;21346;True;21346.00;0.01;21346;0.01;21346;0.01;27331;True;27331.00;0.01;27331;0.01;27331;0.01;20682;True;20682.00;0.01;20682;0.01;20682;0.01;19575;True;19575.00;0.01;19575;0.01;19575;0.01;19415;True;19415.00;0.01;19415;0.01;19415;0.01;18059;True;18059.00;0.02;18059;0.02;18059;0.02
30;70;37;17971;True;17971.00;0.01;17971;0.01;17971;0.01;23771;True;23771.00;0.02;23771;0.02;23771;0.02;17657;True;17657.00;0.02;17657;0.01;17657;0.03;16872;True;16872.00;0.02;16872;0.02;16872;0.02;16309;True;16309.00;0.02;16309;0.02;16309;0.02;15367;True;15367.00;0.03;15367;0.03;15367;0.03
30;70;38;17754;True;17754.00;0.01;17754;0.00;17754;0.01;23788;True;23788.00;0.01;23788;0.01;23788;0.01;17323;True;17323.00;0.01;17323;0.01;17323;0.02;16501;True;16501.00;0.02;16501;0.02;16501;0.02;16363;True;16363.00;0.01;16363;0.01;16363;0.01;15277;True;15277.00;0.02;15277;0.02;15277;0.02
30;70;39;16953;True;16953.00;0.07;16953;0.04;16953;0.04;21742;True;21742.00;0.17;21742;0.06;21742;0.05;16976;True;16976.00;0.01;16976;0.01;16976;0.02;15878;True;15878.00;0.01;15878;0.02;15878;0.02;15537;True;15537.00;0.11;15537;0.06;15537;0.07;14398;True;14398.00;0.16;14399;0.07;14398;0.11
30;80;0;22711;True;22711.00;0.01;22711;0.01;22711;0.01;29117;True;29117.00;0.02;29117;0.01;29117;0.01;21657;True;21657.00;0.01;21657;0.01;21657;0.01;20746;True;20746.00;0.02;20746;0.02;20746;0.03;20578;True;20578.00;0.01;20578;0.01;20578;0.02;18930;True;18930.00;0.03;18930;0.04;18930;0.04
30;80;1;21987;True;21987.00;0.03;21987;0.04;21987;0.05;27320;True;27320.00;0.60;27320;0.18;27320;0.19;21213;True;21213.00;0.02;21213;0.02;21213;0.02;20114;True;20114.00;0.02;20114;0.02;20114;0.02;19644;True;19644.00;0.04;19644;0.04;19644;0.04;18357;True;18357.00;0.06;18357;0.06;18357;0.06
30;80;2;19650;True;19650.00;24.28;19650;0.28;19650;120.00;25689;True;25689.00;0.31;25693;0.15;25689;0.15;19500;True;19500.00;0.02;19500;0.02;19500;0.02;18256;True;18256.00;0.03;18256;0.03;18256;0.03;17943;True;17943.00;0.29;17943;0.09;17943;0.12;16778;True;16778.00;0.43;16778;0.11;16778;0.11
30;80;3;20792;True;20792.00;0.01;20792;0.01;20792;0.01;27088;True;27088.00;0.02;27088;0.02;27088;0.02;20869;True;20869.00;0.01;20869;0.02;20869;0.02;19565;True;19565.00;0.02;19565;0.01;19565;0.02;19218;True;19218.00;0.01;19218;0.02;19218;0.01;17961;True;17961.00;0.03;17961;0.03;17961;0.03
30;80;4;23398;True;23398.00;0.02;23398;0.01;23398;0.02;29783;True;29783.00;0.01;29783;0.02;29783;0.02;22990;True;22990.00;0.02;22990;0.02;22990;0.02;21444;True;21444.00;0.02;21444;0.02;21444;0.02;21022;True;21022.00;0.01;21022;0.01;21022;0.01;19708;True;19708.00;0.03;19708;0.03;19708;0.03
30;80;5;21718;True;21718.00;0.04;21718;0.04;21718;0.01;27821;True;27821.00;0.01;27821;0.02;27821;0.02;20841;True;20841.00;0.02;20841;0.02;20841;0.02;19897;True;19897.00;0.02;19897;0.02;19897;0.02;19457;True;19457.00;0.02;19457;0.02;19457;0.02;18142;True;18142.00;0.03;18142;0.03;18142;0.04
30;80;6;19941;True;19941.00;0.01;19941;0.01;19941;0.02;26163;True;26163.00;0.02;26163;0.02;26163;0.02;20267;True;20267.00;0.02;20267;0.02;20267;0.02;18962;True;18962.00;0.02;18962;0.03;18962;0.03;18311;True;18311.00;0.04;18311;0.04;18311;0.04;17297;True;17297.00;0.03;17297;0.04;17297;0.04
30;80;7;19715;True;19715.00;0.42;19715;0.06;19715;120.00;25450;True;25450.00;0.12;25450;0.06;25450;0.05;19392;True;19392.00;0.02;19392;0.02;19392;0.02;18310;True;18310.00;0.03;18310;0.03;18310;0.03;17927;True;17927.00;0.05;17927;0.05;17927;0.04;16932;True;16932.00;0.04;16932;0.05;16932;0.05
30;80;8;18762;True;18762.00;0.02;18762;0.02;18762;0.02;24903;True;24903.00;0.06;24903;0.08;24903;0.13;18940;True;18940.00;0.40;18940;0.46;18940;0.10;17760;True;17760.00;0.42;17762;0.27;17760;0.21;17202;True;17202.00;0.42;17204;0.92;17202;0.31;16334;True;16334.00;0.58;16334;1.02;16334;0.49
30;80;9;18687;True;18687.00;0.27;18687;0.19;18687;0.25;24608;True;24608.00;0.16;24608;0.10;24608;0.07;18735;True;18735.00;0.34;18735;0.19;18735;0.26;17555;True;17555.00;0.33;17555;0.26;17555;0.22;17139;True;17139.00;0.45;17139;0.12;17139;0.24;15936;True;15936.00;0.21;15936;0.12;15936;0.11
30;80;10;20071;True;20071.00;0.53;20071;0.07;20071;0.07;25744;True;25744.00;0.02;25744;0.02;25744;0.02;20204;True;20204.00;0.02;20204;0.02;20204;0.02;19062;True;19062.00;0.02;19062;0.03;19062;0.03;18423;True;18423.00;0.02;18423;0.01;18423;0.02;17412;True;17412.00;0.05;17412;0.06;17412;0.05
30;80;11;19859;True;19859.00;0.60;19859;0.47;19859;2.63;26323;True;26323.00;0.03;26323;0.04;26323;0.12;19883;True;19883.00;0.18;19883;0.18;19883;0.23;18800;True;18800.00;0.04;18800;0.05;18800;0.07;18129;True;18129.00;0.04;18129;0.04;18129;0.04;17342;True;17342.00;0.05;17342;0.05;17342;0.05
30;80;12;21511;True;21511.00;0.02;21511;0.01;21511;0.01;27779;True;27779.00;0.02;27779;0.02;27779;0.02;21226;True;21226.00;0.47;21229;0.26;21226;0.35;20094;True;20094.00;0.02;20094;0.02;20094;0.02;19611;True;19611.00;0.02;19611;0.02;19611;0.02;18384;True;18384.00;0.04;18384;0.04;18384;0.03
30;80;13;21172;True;21172.00;0.01;21172;0.02;21172;0.02;27586;True;27586.00;0.01;27586;0.02;27586;0.01;20068;True;20068.00;0.02;20068;0.02;20068;0.02;19035;True;19035.00;0.02;19035;0.01;19035;0.02;18860;True;18860.00;0.01;18860;0.02;18860;0.01;17717;True;17717.00;0.03;17717;0.03;17717;0.03
30;80;14;20223;True;20223.00;0.02;20223;0.02;20223;0.10;26023;True;26023.00;0.03;26023;0.03;26023;0.03;21045;True;21045.00;0.03;21045;0.03;21045;0.03;19692;True;19692.00;0.03;19692;0.04;19692;0.07;18850;True;18850.00;0.03;18850;0.03;18850;0.02;17832;True;17832.00;0.04;17832;0.04;17832;0.04
30;80;15;20803;True;20803.00;0.01;20803;0.01;20803;0.01;26730;True;26730.00;0.02;26730;0.02;26730;0.02;20998;True;20998.00;0.03;20998;0.03;20998;0.04;19793;True;19793.00;0.02;19793;0.03;19793;0.02;19043;True;19043.00;0.02;19043;0.02;19043;0.02;18042;True;18042.00;0.03;18042;0.04;18042;0.04
30;80;16;18625;True;18625.00;0.02;18625;0.02;18625;0.02;24584;True;24584.00;0.33;24584;0.10;24584;0.08;18679;True;18679.00;0.27;18684;0.27;18679;0.12;17545;True;17545.00;0.06;17545;0.06;17545;0.12;17326;True;17326.00;0.15;17326;0.05;17326;0.08;16152;True;16152.00;0.04;16152;0.04;16152;0.04
30;80;17;19932;True;19932.00;2614.54;19932;0.30;19932;120.00;25829;True;25829.00;0.36;25829;0.55;25829;0.23;20010;True;20010.00;0.03;20010;0.03;20010;0.03;18832;True;18832.00;2.25;18832;0.30;18832;1.13;18255;True;18255.00;1.54;18255;0.73;18255;0.39;17089;True;17089.00;0.99;17089;0.66;17089;0.58
30;80;18;19445;True;19445.00;0.20;19445;0.05;19445;0.30;26022;True;26022.00;0.03;26022;0.03;26022;0.03;19037;True;19037.00;0.02;19037;0.02;19037;0.02;18087;True;18087.00;0.02;18087;0.03;18087;0.02;17875;True;17875.00;0.02;17875;0.02;17875;0.02;16594;True;16594.00;0.03;16594;0.03;16594;0.03
30;80;19;21251;True;21251.00;0.01;21251;0.01;21251;0.01;28252;True;28252.00;0.01;28252;0.02;28252;0.02;20314;True;20314.00;0.02;20314;0.02;20314;0.01;19265;True;19265.00;0.02;19265;0.02;19265;0.02;19043;True;19043.00;0.02;19043;0.02;19043;0.02;17760;True;17760.00;0.03;17760;0.03;17760;0.02
30;80;20;22472;True;22472.00;0.01;22472;0.01;22472;0.01;29029;True;29029.00;0.02;29029;0.02;29029;0.02;21322;True;21322.00;0.02;21322;0.02;21322;0.03;20195;True;20195.00;0.02;20195;0.02;20195;0.02;20251;True;20251.00;0.01;20251;0.02;20251;0.02;18657;True;18657.00;0.04;18657;0.04;18657;0.03
30;80;21;22335;True;22335.00;0.01;22335;0.01;22335;0.02;29387;True;29387.00;0.01;29387;0.01;29387;0.01;22264;True;22264.00;0.02;22264;0.02;22264;0.02;20857;True;20857.00;0.02;20857;0.02;20857;0.02;20468;True;20468.00;0.03;20468;0.03;20468;0.03;19206;True;19206.00;0.04;19206;0.05;19206;0.05
30;80;22;18647;True;18647.00;0.18;18647;0.11;18647;0.09;25053;True;25053.00;0.37;25062;0.11;25053;0.10;19157;True;19157.00;0.24;19157;0.18;19157;0.16;17992;True;17992.00;0.02;17992;0.03;17992;0.02;17421;True;17421.00;0.03;17421;0.02;17421;0.03;16406;True;16406.00;0.04;16406;0.04;16406;0.04
30;80;23;21567;True;21567.00;0.01;21567;0.01;21567;0.01;28242;True;28242.00;0.37;28242;0.10;28242;0.14;20561;True;20561.00;0.02;20561;0.02;20561;0.02;19547;True;19547.00;0.04;19547;0.04;19547;0.03;19514;True;19514.00;0.03;19514;0.03;19514;0.03;18120;True;18120.00;0.03;18120;0.03;18120;0.03
30;80;24;23438;True;23438.00;0.01;23438;0.01;23438;0.01;30154;True;30154.00;0.01;30154;0.01;30154;0.01;22733;True;22733.00;0.01;22733;0.01;22733;0.01;21430;True;21430.00;0.02;21430;0.02;21430;0.02;21512;True;21512.00;0.01;21512;0.01;21512;0.01;19689;True;19689.00;0.02;19689;0.02;19689;0.02
30;80;25;20075;True;20075.00;0.01;20075;0.01;20075;0.01;26339;True;26339.00;0.01;26339;0.02;26339;0.02;20138;True;20138.00;0.02;20138;0.02;20138;0.02;19054;True;19054.00;0.02;19054;0.02;19054;0.02;18588;True;18588.00;0.02;18588;0.02;18588;0.02;17252;True;17252.00;0.24;17252;0.07;17252;0.10
30;80;26;17813;True;17813.00;0.88;17813;0.83;17813;0.42;22903;True;22903.00;1.70;22903;0.90;22903;0.68;17740;True;17740.00;0.18;17740;0.15;17740;0.08;16782;True;16782.00;0.31;16782;0.32;16782;0.16;16551;True;16551.00;0.05;16551;0.06;16551;0.19;15564;True;15564.00;0.08;15564;0.09;15564;0.17
30;80;27;21721;True;21721.00;0.01;21721;0.01;21721;0.02;27744;True;27744.00;0.02;27744;0.02;27744;0.02;21674;True;21674.00;0.02;21674;0.02;21674;0.02;20417;True;20417.00;0.02;20417;0.03;20417;0.02;20001;True;20001.00;0.02;20001;0.02;20001;0.02;18654;True;18654.00;0.04;18654;0.03;18654;0.04
30;80;28;20910;True;20910.00;0.01;20910;0.01;20910;0.02;27726;True;27726.00;0.01;27726;0.02;27726;0.01;20614;True;20614.00;0.02;20614;0.02;20614;0.02;19478;True;19478.00;0.09;19478;0.05;19478;0.04;19090;True;19090.00;0.03;19090;0.03;19090;0.03;17774;True;17774.00;0.04;17774;0.04;17774;0.04
30;80;29;23750;True;23750.00;0.01;23750;0.02;23750;0.02;30144;True;30144.00;0.01;30144;0.01;30144;0.01;22731;True;22731.00;0.01;22731;0.01;22731;0.01;21545;True;21545.00;0.01;21545;0.01;21545;0.02;21403;True;21403.00;0.01;21403;0.01;21403;0.01;19834;True;19834.00;0.02;19834;0.03;19834;0.03
30;80;30;19695;True;19695.00;0.03;19695;0.02;19695;0.04;25460;True;25460.00;0.23;25460;0.32;25460;0.14;20090;True;20090.00;0.03;20090;0.03;20090;0.03;18956;True;18956.00;0.03;18956;0.03;18956;0.04;18378;True;18378.00;0.04;18378;0.04;18378;0.04;17251;True;17251.00;0.07;17251;0.08;17251;0.11
30;80;31;19152;True;19152.00;0.14;19152;0.05;19152;0.05;25160;True;25160.00;0.19;25160;0.04;25160;0.03;19385;True;19385.00;0.02;19385;0.02;19385;0.02;18175;True;18175.00;0.03;18175;0.04;18175;0.04;17555;True;17555.00;0.02;17555;0.02;17555;0.02;16638;True;16638.00;0.14;16638;0.07;16638;0.06
30;80;32;21118;True;21118.00;0.01;21118;0.01;21118;0.01;27623;True;27623.00;0.01;27623;0.02;27623;0.02;21050;True;21050.00;0.02;21050;0.02;21050;0.02;19856;True;19856.00;0.02;19856;0.02;19856;0.02;19571;True;19571.00;0.01;19571;0.01;19571;0.01;18218;True;18218.00;0.03;18218;0.03;18218;0.03
30;80;33;19185;True;19185.00;0.04;19185;0.05;19185;0.11;25483;True;25483.00;0.19;25483;0.28;25483;0.09;18789;True;18789.00;0.03;18789;0.04;18789;0.05;17764;True;17764.00;0.27;17764;0.57;17764;0.18;17535;True;17535.00;0.02;17535;0.03;17535;0.03;16537;True;16537.00;0.20;16537;0.58;16537;0.12
30;80;34;21334;True;21334.00;0.01;21334;0.01;21334;0.01;27894;True;27894.00;0.01;27894;0.01;27894;0.01;20968;True;20968.00;0.01;20968;0.01;20968;0.01;19710;True;19710.00;0.02;19710;0.02;19710;0.02;19478;True;19478.00;0.01;19478;0.01;19478;0.01;18185;True;18185.00;0.03;18185;0.02;18185;0.02
30;80;35;19906;True;19906.00;0.24;19906;0.64;19906;22.31;26027;True;26027.00;0.25;26027;0.37;26027;0.11;19193;True;19193.00;0.02;19193;0.03;19193;0.03;18368;True;18368.00;0.20;18368;0.67;18368;0.05;18142;True;18142.00;0.03;18142;0.03;18142;0.03;17003;True;17003.00;0.04;17003;0.04;17003;0.04
30;80;36;21464;True;21464.00;0.01;21464;0.01;21464;0.01;28352;True;28352.00;0.01;28352;0.01;28352;0.01;20906;True;20906.00;0.01;20906;0.01;20906;0.01;19857;True;19857.00;0.02;19857;0.02;19857;0.02;19837;True;19837.00;0.02;19837;0.01;19837;0.02;18504;True;18504.00;0.02;18504;0.03;18504;0.03
30;80;37;20576;True;20576.00;0.01;20576;0.01;20576;0.02;27197;True;27197.00;0.02;27197;0.02;27197;0.02;20628;True;20628.00;0.02;20628;0.02;20628;0.02;19389;True;19389.00;0.03;19389;0.03;19389;0.03;19033;True;19033.00;0.02;19033;0.02;19033;0.01;17747;True;17747.00;0.03;17747;0.03;17747;0.04
30;80;38;21579;True;21579.00;0.02;21579;0.01;21579;0.02;28018;True;28018.00;0.01;28018;0.01;28018;0.02;21120;True;21120.00;0.01;21120;0.01;21120;0.01;19948;True;19948.00;0.02;19948;0.02;19948;0.02;19749;True;19749.00;0.02;19749;0.02;19749;0.02;18341;True;18341.00;0.03;18341;0.03;18341;0.03
30;80;39;18793;True;18793.00;0.18;18793;0.09;18793;0.12;24650;True;24650.00;0.32;24651;0.17;24650;0.16;19051;True;19051.00;0.06;19051;0.06;19051;0.06;17765;True;17765.00;0.03;17765;0.04;17765;0.08;17344;True;17344.00;0.02;17344;0.02;17344;0.02;16301;True;16301.00;0.04;16301;0.04;16301;0.04
30;90;0;22577;True;22577.00;0.02;22577;0.02;22577;0.03;29624;True;29624.00;0.02;29624;0.02;29624;0.02;22167;True;22167.00;0.02;22167;0.03;22167;0.02;21060;True;21060.00;0.04;21060;0.04;21060;0.04;20953;True;20953.00;0.15;20953;0.07;20953;0.05;19410;True;19410.00;0.07;19410;0.07;19410;0.16
30;90;1;21856;True;21856.00;0.02;21856;0.01;21856;0.02;29352;True;29352.00;0.02;29352;0.02;29352;0.03;21910;True;21910.00;0.02;21910;0.02;21910;0.03;20694;True;20694.00;0.04;20694;0.05;20694;0.04;20398;True;20398.00;0.03;20398;0.02;20398;0.02;19020;True;19020.00;0.05;19020;0.05;19020;0.05
30;90;2;22529;True;22529.00;0.02;22529;0.02;22529;0.02;30061;True;30061.00;0.02;30061;0.02;30061;0.02;22389;True;22389.00;0.02;22389;0.03;22389;0.03;21183;True;21183.00;0.05;21183;0.07;21183;0.06;20805;True;20805.00;0.02;20805;0.02;20805;0.02;19491;True;19491.00;0.04;19491;0.05;19491;0.05
30;90;3;23326;True;23326.00;0.02;23326;0.01;23326;0.01;30698;True;30698.00;0.02;30698;0.03;30698;0.03;23181;True;23181.00;0.03;23181;0.03;23181;0.03;21945;True;21945.00;0.04;21945;0.04;21945;0.04;21482;True;21482.00;0.02;21482;0.02;21482;0.02;20086;True;20086.00;0.05;20086;0.05;20086;0.05
30;90;4;22542;True;22542.00;0.02;22542;0.02;22542;0.02;29464;True;29464.00;0.07;29464;0.08;29464;0.19;22149;True;22149.00;0.03;22149;0.02;22149;0.03;20751;True;20751.00;0.03;20751;0.04;20751;0.03;20695;True;20695.00;0.04;20695;0.04;20695;0.04;19108;True;19108.00;0.08;19108;0.08;19108;0.08
30;90;5;22992;True;22992.00;0.03;22992;0.03;22992;0.02;29744;True;29744.00;0.28;29744;0.17;29744;0.11;22340;True;22340.00;0.04;22340;0.04;22340;0.04;21122;True;21122.00;0.04;21122;0.05;21122;0.05;21128;True;21128.00;0.04;21128;0.03;21128;0.04;19633;True;19633.00;0.07;19633;0.08;19633;0.08
30;90;6;23395;True;23395.00;0.02;23395;0.02;23395;0.02;30154;True;30154.00;0.02;30154;0.02;30154;0.03;22886;True;22886.00;0.05;22886;0.05;22886;0.05;21543;True;21543.00;0.11;21543;0.14;21543;0.11;21207;True;21207.00;0.02;21207;0.02;21207;0.03;19717;True;19717.00;0.06;19717;0.07;19717;0.07
30;90;7;24427;True;24427.00;0.02;24427;0.01;24427;0.01;32291;True;32291.00;0.02;32291;0.01;32291;0.01;24243;True;24243.00;0.02;24243;0.03;24243;0.02;22917;True;22917.00;0.03;22917;0.03;22917;0.03;22587;True;22587.00;0.02;22587;0.01;22587;0.02;21090;True;21090.00;0.04;21090;0.04;21090;0.04
30;90;8;23334;True;23334.00;0.03;23334;0.02;23334;0.02;31006;True;31006.00;0.03;31006;0.03;31006;0.04;23140;True;23140.00;0.02;23140;0.02;23140;0.02;21704;True;21704.00;0.03;21704;0.04;21704;0.03;21497;True;21497.00;0.03;21497;0.03;21497;0.04;20042;True;20042.00;0.05;20042;0.05;20042;0.05
30;90;9;22203;True;22203.00;1.19;22203;0.87;22203;112.75;29370;True;29370.00;0.37;29370;0.16;29370;0.15;21693;True;21693.00;0.28;21695;0.16;21693;0.14;20356;True;20356.00;0.08;20356;0.10;20356;0.09;19939;True;19939.00;0.62;19939;0.69;19939;0.43;18784;True;18784.00;0.27;18784;0.15;18784;0.17
30;90;10;26309;True;26309.00;0.01;26309;0.01;26309;0.01;34122;True;34122.00;0.01;34122;0.01;34122;0.01;24955;True;24955.00;0.01;24955;0.02;24955;0.02;23754;True;23754.00;0.02;23754;0.02;23754;0.02;23828;True;23828.00;0.01;23828;0.01;23828;0.01;21981;True;21981.00;0.03;21981;0.04;21981;0.04
30;90;11;22783;True;22783.00;0.17;22783;0.04;22783;10.21;29688;True;29688.00;0.02;29688;0.02;29688;0.02;22475;True;22475.00;0.02;22475;0.02;22475;0.02;21366;True;21366.00;0.03;21366;0.03;21366;0.03;20954;True;20954.00;0.12;20955;0.09;20954;0.10;19655;True;19655.00;0.04;19655;0.04;19655;0.04
30;90;12;20256;True;20256.00;0.03;20256;0.02;20256;0.03;26809;True;26809.00;0.30;26809;0.29;26809;0.35;20352;True;20352.00;0.56;20352;0.74;20352;0.30;19210;True;19210.00;1.18;19210;0.21;19210;0.61;18763;True;18763.00;0.04;18763;0.04;18763;0.04;17589;True;17589.00;0.07;17589;0.07;17589;0.07
30;90;13;21699;True;21699.00;3334.25;21699;0.54;21701;120.00;28814;True;28814.00;0.35;28814;0.49;28814;0.20;21037;True;21037.00;0.63;21037;0.34;21037;0.15;19892;True;19892.00;0.06;19892;0.09;19892;0.08;19904;True;19904.00;0.08;19904;0.09;19904;0.10;18445;True;18445.00;0.15;18445;0.16;18445;0.13
30;90;14;21594;True;21594.00;0.05;21594;0.05;21594;0.05;27933;True;27933.00;0.03;27933;0.03;27933;0.04;21342;True;21342.00;0.17;21342;0.06;21342;0.07;19863;True;19863.00;0.03;19863;0.05;19863;0.05;19619;True;19619.00;0.18;19619;0.10;19619;0.24;18262;True;18262.00;0.25;18262;0.14;18262;0.13
30;90;15;24846;True;24846.00;0.01;24846;0.01;24846;0.01;32856;True;32856.00;0.01;32856;0.01;32856;0.02;24598;True;24598.00;0.02;24598;0.02;24598;0.02;23018;True;23018.00;0.02;23018;0.03;23018;0.03;22871;True;22871.00;0.02;22871;0.02;22871;0.02;20967;True;20967.00;0.03;20967;0.04;20967;0.04
30;90;16;21421;True;21421.00;0.03;21421;0.02;21421;0.03;27921;True;27921.00;0.09;27921;0.09;27921;0.13;21179;True;21179.00;0.24;21179;0.18;21179;0.18;19926;True;19926.00;0.08;19926;0.11;19926;0.19;19300;True;19300.00;0.03;19300;0.03;19300;0.03;18133;True;18133.00;0.05;18133;0.07;18133;0.07
30;90;17;19990;True;19990.00;0.87;19990;0.20;19990;0.30;26797;True;26797.00;1.09;26797;0.88;26797;0.77;19558;True;19558.00;0.47;19558;0.46;19558;0.31;18783;True;18783.00;0.09;18783;0.13;18783;0.49;18462;True;18462.00;0.13;18462;0.15;18462;0.13;17290;True;17290.00;0.68;17290;0.38;17290;0.74
30;90;18;23060;True;23060.00;0.01;23060;0.01;23060;0.04;30608;True;30608.00;0.02;30608;0.02;30608;0.03;22895;True;22895.00;0.03;22895;0.02;22895;0.03;21531;True;21531.00;0.02;21531;0.04;21531;0.04;21162;True;21162.00;0.03;21162;0.03;21162;0.03;19764;True;19764.00;0.16;19764;0.08;19764;0.08
30;90;19;21269;True;21269.00;0.02;21269;0.02;21269;0.02;28033;True;28033.00;0.05;28033;0.06;28033;0.21;21114;True;21114.00;0.05;21114;0.05;21114;0.06;19970;True;19970.00;0.28;19970;0.75;19970;0.26;19642;True;19642.00;0.21;19642;0.12;19642;0.14;18334;True;18334.00;0.77;18334;0.24;18334;0.28
30;90;20;24256;True;24256.00;0.01;24256;0.01;24256;0.01;31456;True;31456.00;0.02;31456;0.02;31456;0.02;24090;True;24090.00;0.02;24090;0.02;24090;0.02;22633;True;22633.00;0.02;22633;0.02;22633;0.03;21999;True;21999.00;0.02;21999;0.02;21999;0.02;20835;True;20835.00;0.04;20835;0.04;20835;0.04
30;90;21;21577;True;21577.00;0.04;21577;0.04;21577;0.04;27920;True;27920.00;0.29;27920;0.21;27920;0.31;21561;True;21561.00;0.33;21561;0.20;21561;0.30;20080;True;20080.00;0.36;20080;0.87;20080;0.86;19645;True;19645.00;1.27;19645;0.72;19645;0.90;18529;True;18529.00;1.64;18529;0.67;18529;2.60
30;90;22;23020;True;23020.00;0.32;23020;0.36;23020;0.92;30247;True;30247.00;0.03;30247;0.03;30247;0.04;22510;True;22510.00;0.03;22510;0.04;22510;0.05;21297;True;21297.00;0.04;21297;0.05;21297;0.07;21024;True;21024.00;0.04;21024;0.04;21024;0.04;19463;True;19463.00;0.05;19463;0.05;19463;0.06
30;90;23;22012;True;22012.00;0.03;22012;0.03;22012;0.09;28884;True;28884.00;0.07;28884;0.07;28884;1.05;22068;True;22068.00;0.14;22068;0.16;22068;0.09;20897;True;20897.00;0.04;20897;0.05;20897;0.05;20368;True;20368.00;0.21;20368;0.19;20368;0.20;19218;True;19218.00;0.29;19218;0.32;19218;0.11
30;90;24;21320;True;21320.00;0.04;21320;0.05;21320;0.36;28266;True;28266.00;0.29;28266;0.61;28266;0.22;21415;True;21415.00;0.06;21415;0.06;21415;0.07;20112;True;20112.00;0.07;20112;0.09;20112;0.07;19650;True;19650.00;0.06;19650;0.07;19650;0.23;18403;True;18403.00;0.07;18403;0.08;18403;0.36
30;90;25;22430;True;22430.00;0.88;22430;0.24;22430;120.00;29064;True;29064.00;0.04;29064;0.04;29064;0.06;22167;True;22167.00;0.06;22167;0.05;22167;0.07;20849;True;20849.00;0.06;20849;0.08;20849;0.10;20302;True;20302.00;1.33;20302;0.24;20302;1.36;19083;True;19083.00;0.49;19083;0.26;19083;0.38
30;90;26;23334;False;23323.30;TL;23334;0.54;23346;120.00;30134;True;30134.00;0.05;30134;0.05;30134;0.06;23265;True;23265.00;0.03;23265;0.02;23265;0.03;21892;True;21892.00;0.05;21892;0.06;21892;0.07;21422;True;21422.00;0.29;21422;0.24;21422;0.24;20176;True;20176.00;0.05;20176;0.05;20176;0.06
30;90;27;22067;True;22067.00;0.03;22067;0.02;22067;0.08;28874;True;28874.00;0.08;28874;0.08;28874;0.25;21856;True;21856.00;0.07;21856;0.07;21856;0.06;20538;True;20538.00;0.04;20538;0.04;20538;0.05;20320;True;20320.00;0.21;20320;0.60;20320;0.20;18943;True;18943.00;0.50;18943;0.58;18943;0.21
30;90;28;24856;True;24856.00;0.01;24856;0.01;24856;0.01;32045;True;32045.00;0.01;32045;0.01;32045;0.02;24476;True;24476.00;0.01;24476;0.02;24476;0.01;22994;True;22994.00;0.02;22994;0.02;22994;0.02;22854;True;22854.00;0.01;22854;0.02;22854;0.02;21184;True;21184.00;0.03;21184;0.03;21184;0.03
30;90;29;24041;False;24036.50;TL;24041;0.08;24041;120.00;30347;True;30347.00;0.49;30347;0.05;30347;1.01;23307;True;23307.00;0.04;23307;0.04;23307;0.04;22172;True;22172.00;0.03;22172;0.03;22172;0.03;21815;True;21815.00;0.13;21815;0.05;21815;0.08;20266;True;20266.00;0.11;20266;0.08;20266;0.09
30;90;30;26254;True;26254.00;0.01;26254;0.01;26254;0.01;33092;True;33092.00;0.02;33092;0.03;33092;0.03;25433;True;25433.00;0.02;25433;0.02;25433;0.02;24008;True;24008.00;0.02;24008;0.03;24008;0.03;23618;True;23618.00;0.03;23618;0.03;23618;0.03;22040;True;22040.00;0.04;22040;0.04;22040;0.04
30;90;31;22099;True;22099.00;0.03;22099;0.03;22099;0.30;28678;True;28678.00;0.03;28678;0.03;28678;0.09;22346;True;22346.00;0.08;22346;0.08;22346;0.06;20922;True;20922.00;0.31;20922;0.33;20922;0.10;20288;True;20288.00;0.04;20288;0.04;20288;0.15;19147;True;19147.00;0.27;19147;0.54;19147;0.10
30;90;32;21659;True;21659.00;37.66;21659;0.61;21659;37.61;28806;True;28806.00;0.03;28806;0.03;28806;0.04;21623;True;21623.00;0.04;21623;0.04;21623;0.05;20409;True;20409.00;0.19;20409;0.44;20409;0.11;19756;True;19756.00;1.20;19756;0.73;19756;0.63;18800;True;18800.00;0.99;18800;0.90;18800;0.46
30;90;33;23948;True;23948.00;0.38;23948;0.74;23948;0.43;31412;True;31412.00;0.03;31412;0.03;31412;0.03;23835;True;23835.00;0.02;23835;0.02;23835;0.03;22474;True;22474.00;0.04;22474;0.04;22474;0.04;22143;True;22143.00;0.04;22143;0.05;22143;0.04;20693;True;20693.00;0.17;20693;0.21;20693;0.08
30;90;34;23104;True;23104.00;0.09;23104;0.06;23104;0.02;29953;True;29953.00;0.02;29953;0.02;29953;0.02;23030;True;23030.00;0.02;23030;0.02;23030;0.03;21633;True;21633.00;0.03;21633;0.03;21633;0.03;21143;True;21143.00;0.02;21143;0.02;21143;0.02;19692;True;19692.00;0.04;19692;0.04;19692;0.04
30;90;35;22689;True;22689.00;0.02;22689;0.02;22689;0.02;29513;True;29513.00;0.02;29513;0.02;29513;0.02;22936;True;22936.00;0.03;22936;0.03;22936;0.03;21562;True;21562.00;0.04;21562;0.05;21562;0.04;20981;True;20981.00;0.03;20981;0.03;20981;0.03;19714;True;19714.00;0.04;19714;0.04;19714;0.04
30;90;36;24830;True;24830.00;0.01;24830;0.01;24830;0.02;32206;True;32206.00;0.02;32206;0.02;32206;0.02;24195;True;24195.00;0.02;24195;0.02;24195;0.02;22902;True;22902.00;0.02;22902;0.03;22902;0.03;22477;True;22477.00;0.02;22477;0.02;22477;0.03;20936;True;20936.00;0.04;20936;0.04;20936;0.04
30;90;37;21970;True;21970.00;0.03;21970;0.03;21970;0.03;28377;True;28377.00;0.04;28377;0.04;28377;0.05;22295;True;22295.00;0.04;22295;0.04;22295;0.11;20863;True;20863.00;0.07;20863;0.08;20863;0.07;20354;True;20354.00;0.04;20354;0.04;20354;0.04;19131;True;19131.00;0.50;19131;0.29;19131;0.26
30;90;38;23180;True;23180.00;0.01;23180;0.01;23180;0.01;30351;True;30351.00;0.02;30351;0.02;30351;0.02;23133;True;23133.00;0.02;23133;0.02;23133;0.02;21583;True;21583.00;0.02;21583;0.03;21583;0.02;21130;True;21130.00;0.02;21130;0.02;21130;0.02;19768;True;19768.00;0.03;19768;0.04;19768;0.04
30;90;39;22433;True;22433.00;0.05;22433;0.05;22433;0.05;29534;True;29534.00;5.09;29534;0.57;29534;2.91;22572;True;22572.00;0.07;22572;0.07;22572;0.09;21219;True;21219.00;1.14;21219;0.59;21219;0.28;20566;True;20556.50;TL;20566;0.48;20566;120.00;19529;True;19529.00;1.35;19529;1.56;19529;0.81
30;100;0;24027;True;24027.00;0.55;24027;0.15;24027;0.29;31590;True;31590.00;0.06;31590;0.07;31590;0.32;23662;True;23662.00;0.56;23662;0.65;23662;0.18;22174;True;22174.00;0.35;22181;0.26;22174;0.19;21851;True;21851.00;0.11;21851;0.11;21851;0.32;20397;True;20397.00;0.09;20397;0.09;20397;0.29
30;100;1;29005;True;29005.00;0.01;29005;0.01;29005;0.01;36746;True;36746.00;0.02;36746;0.02;36746;0.02;27336;True;27336.00;0.02;27336;0.02;27336;0.03;25991;True;25991.00;0.04;25991;0.03;25991;0.04;26005;True;26005.00;0.02;26005;0.02;26005;0.02;23887;True;23887.00;0.07;23887;0.07;23887;0.08
30;100;2;26046;True;26046.00;0.01;26046;0.02;26046;0.02;33733;True;33733.00;0.03;33733;0.02;33733;0.02;25383;True;25383.00;0.05;25383;0.04;25383;0.06;24146;True;24146.00;0.03;24146;0.03;24146;0.03;23813;True;23813.00;0.03;23813;0.03;23813;0.02;22093;True;22093.00;0.05;22093;0.04;22093;0.05
30;100;3;25540;True;25540.00;0.02;25540;0.01;25540;0.01;33501;True;33501.00;0.02;33501;0.02;33501;0.02;25074;True;25074.00;0.02;25074;0.03;25074;0.03;23772;True;23772.00;0.03;23772;0.03;23772;0.03;23378;True;23378.00;0.03;23378;0.03;23378;0.02;21831;True;21831.00;0.05;21831;0.04;21831;0.05
30;100;4;29448;True;29448.00;0.01;29448;0.01;29448;0.01;37887;True;37887.00;0.02;37887;0.02;37887;0.02;28751;True;28751.00;0.02;28751;0.02;28751;0.02;27046;True;27046.00;0.02;27046;0.02;27046;0.03;26645;True;26645.00;0.02;26645;0.02;26645;0.02;24854;True;24854.00;0.04;24854;0.04;24854;0.05
30;100;5;25799;True;25799.00;0.01;25799;0.02;25799;0.02;33306;True;33306.00;0.02;33306;0.03;33306;0.03;25150;True;25150.00;0.02;25150;0.02;25150;0.02;23757;True;23757.00;0.04;23757;0.03;23757;0.04;23408;True;23408.00;0.02;23408;0.02;23408;0.02;21854;True;21854.00;0.07;21854;0.07;21854;0.08
30;100;6;25119;True;25119.00;0.04;25119;0.05;25119;0.09;32801;True;32801.00;0.25;32801;0.09;32801;0.08;24600;True;24600.00;0.03;24600;0.04;24600;0.04;23417;True;23417.00;0.03;23417;0.03;23417;0.03;23030;True;23030.00;0.03;23030;0.03;23030;0.03;21375;True;21375.00;0.06;21375;0.06;21375;0.06
30;100;7;26792;True;26792.00;0.01;26792;0.02;26792;0.01;33949;True;33949.00;0.14;33949;0.09;33949;0.07;26558;True;26558.00;0.03;26558;0.03;26558;0.03;24959;True;24959.00;0.05;24959;0.05;24959;0.07;24073;True;24073.00;0.03;24073;0.03;24073;0.03;22684;True;22684.00;0.10;22684;0.10;22684;0.12
30;100;8;25845;True;25845.00;0.02;25845;0.03;25845;0.03;34146;True;34146.00;0.08;34146;0.07;34146;0.07;26098;True;26098.00;0.03;26098;0.03;26098;0.04;24589;True;24589.00;0.08;24589;0.07;24589;0.08;23921;True;23921.00;0.04;23921;0.04;23921;0.04;22385;True;22385.00;0.07;22385;0.07;22385;0.08
30;100;9;24422;False;24397.50;TL;24423;0.88;24423;120.00;31023;True;31023.00;0.42;31023;0.65;31023;0.16;24291;True;24291.00;0.03;24291;0.03;24291;0.04;23003;True;23003.00;0.08;23003;0.07;23003;0.08;22332;True;22332.00;0.93;22332;0.90;22332;0.39;21107;True;21107.00;0.16;21107;0.16;21107;0.17
30;100;10;24505;True;24505.00;0.04;24505;0.04;24505;0.05;32219;True;32219.00;0.04;32219;0.05;32219;0.05;24859;True;24859.00;0.05;24859;0.04;24859;0.05;23272;True;23272.00;0.06;23272;0.05;23272;0.06;22721;True;22721.00;0.08;22721;0.09;22721;0.13;21184;True;21184.00;0.10;21184;0.10;21184;0.11
30;100;11;23772;True;23772.00;2.13;23780;0.46;23772;3.25;31849;True;31849.00;0.41;31849;0.26;31849;0.25;23724;True;23724.00;0.34;23724;0.24;23724;0.27;22405;True;22405.00;0.05;22405;0.05;22405;0.06;22038;True;22038.00;0.56;22038;0.12;22038;0.20;20511;True;20511.00;0.09;20511;0.09;20511;0.09
30;100;12;26390;True;26390.00;0.07;26390;0.08;26390;0.24;34239;True;34239.00;0.03;34239;0.04;34239;0.04;25805;True;25805.00;0.03;25805;0.03;25805;0.08;24277;True;24277.00;0.09;24277;0.08;24277;0.10;23827;True;23827.00;0.08;23827;0.09;23827;0.55;22257;True;22257.00;0.11;22257;0.11;22257;0.11
30;100;13;26920;True;26920.00;0.02;26920;0.02;26920;0.02;35539;True;35539.00;0.02;35539;0.02;35539;0.03;26424;True;26424.00;0.02;26424;0.02;26424;0.03;24937;True;24937.00;0.04;24937;0.04;24937;0.05;24389;True;24389.00;0.03;24389;0.04;24389;0.03;22778;True;22778.00;0.05;22778;0.05;22778;0.06
30;100;14;23550;True;23550.00;0.03;23550;0.03;23550;0.03;31032;True;31032.00;0.68;31032;0.31;31032;0.31;23991;True;23991.00;0.23;23991;0.19;23991;0.20;22373;True;22373.00;0.31;22373;0.14;22373;0.18;21680;True;21680.00;0.04;21680;0.04;21680;0.04;20551;True;20551.00;0.07;20551;0.07;20551;0.07
30;100;15;26003;True;26003.00;0.02;26003;0.02;26003;0.02;33836;True;33836.00;0.01;33836;0.02;33836;0.02;25533;True;25533.00;0.02;25533;0.02;25533;0.03;24226;True;24226.00;0.05;24226;0.04;24226;0.09;24015;True;24015.00;0.02;24015;0.02;24015;0.02;22267;True;22267.00;0.06;22267;0.05;22267;0.06
30;100;16;25714;True;25714.00;1.02;25714;0.46;25714;120.00;33948;True;33948.00;0.04;33948;0.04;33948;0.04;25723;True;25723.00;0.19;25723;0.59;25723;0.12;24251;True;24251.00;0.05;24251;0.04;24251;0.05;23633;True;23633.00;0.32;23633;0.65;23633;0.14;22263;True;22263.00;0.08;22263;0.08;22263;0.07
30;100;17;24708;True;24708.00;0.31;24708;0.20;24708;0.19;32314;True;32314.00;0.06;32314;0.07;32314;0.06;24215;True;24215.00;0.09;24215;0.10;24215;0.15;22892;True;22892.00;0.05;22892;0.04;22892;0.18;22603;True;22603.00;0.05;22603;0.05;22603;0.20;21037;True;21037.00;0.08;21037;0.08;21037;0.08
30;100;18;29940;True;29940.00;0.02;29940;0.02;29940;0.02;39054;True;39054.00;0.02;39054;0.02;39054;0.02;29530;True;29530.00;0.02;29530;0.03;29530;0.03;27929;True;27929.00;0.03;27929;0.03;27929;0.04;27569;True;27569.00;0.03;27569;0.02;27569;0.02;25656;True;25656.00;0.05;25656;0.05;25656;0.05
30;100;19;24867;False;24855.80;TL;24867;0.20;24867;120.00;32423;True;32423.00;0.03;32423;0.04;32423;0.04;24841;True;24841.00;0.06;24841;0.07;24841;0.08;23413;True;23413.00;0.05;23413;0.04;23413;0.06;23011;True;23011.00;1.61;23011;0.16;23011;1.05;21408;True;21408.00;0.08;21408;0.07;21408;0.08
30;100;20;26165;True;26165.00;0.02;26165;0.01;26165;0.02;34333;True;34333.00;0.03;34333;0.04;34333;0.03;25695;True;25695.00;0.03;25695;0.03;25695;0.04;24233;True;24233.00;0.03;24233;0.02;24233;0.03;23660;True;23660.00;0.03;23660;0.03;23660;0.03;22338;True;22338.00;0.07;22338;0.06;22338;0.07
30;100;21;23753;True;23753.00;0.03;23753;0.03;23753;0.04;31724;True;31724.00;0.04;31724;0.05;31724;0.10;23476;True;23476.00;0.09;23476;0.09;23476;0.06;22252;True;22252.00;0.33;22252;0.79;22252;0.17;21761;True;21761.00;0.04;21761;0.05;21761;0.05;20397;True;20397.00;0.11;20397;0.11;20397;0.11
30;100;22;26241;True;26241.00;0.02;26241;0.02;26241;0.03;33656;True;33656.00;0.02;33656;0.03;33656;0.02;25905;True;25905.00;0.02;25905;0.03;25905;0.03;24384;True;24384.00;0.04;24384;0.04;24384;0.05;23820;True;23820.00;0.20;23820;0.09;23820;0.11;22442;True;22442.00;0.12;22442;0.12;22442;0.13
30;100;23;24019;True;24019.00;0.17;24019;0.08;24019;6.97;31110;True;31110.00;0.04;31110;0.05;31110;0.11;23882;True;23882.00;0.04;23882;0.04;23882;0.05;22459;True;22459.00;0.34;22460;0.21;22459;0.29;21886;True;21886.00;0.18;21886;0.08;21886;0.06;20698;True;20698.00;0.34;20698;0.21;20698;0.23
30;100;24;23564;True;23564.00;1461.24;23564;1.21;23564;120.00;31440;True;31440.00;0.35;31440;0.50;31440;0.19;22860;True;22860.00;0.20;22860;0.08;22860;0.09;21916;True;21916.00;0.36;21916;0.43;21916;0.23;21619;True;21619.00;0.09;21619;0.09;21619;0.06;20229;True;20229.00;0.30;20229;0.67;20229;0.17
30;100;25;24747;True;24747.00;0.01;24747;0.01;24747;0.01;32164;True;32164.00;0.05;32164;0.06;32164;0.06;24830;True;24830.00;0.05;24830;0.05;24830;0.07;23272;True;23272.00;0.03;23272;0.03;23272;0.03;22551;True;22551.00;0.02;22551;0.02;22551;0.03;21195;True;21195.00;0.05;21195;0.05;21195;0.05
30;100;26;25492;True;25492.00;0.02;25492;0.02;25492;0.02;33170;True;33170.00;0.04;33170;0.04;33170;0.04;24876;True;24876.00;0.02;24876;0.02;24876;0.03;23421;True;23421.00;0.03;23421;0.03;23421;0.03;23094;True;23094.00;0.20;23094;0.09;23094;0.08;21508;True;21508.00;0.05;21508;0.06;21508;0.05
30;100;27;23850;True;23850.00;0.66;23850;1.04;23850;0.60;30768;True;30768.00;0.10;30768;0.12;30768;0.09;23452;True;23452.00;0.08;23452;0.09;23452;0.08;22153;True;22153.00;0.14;22153;0.15;22153;0.13;21740;True;21740.00;0.09;21740;0.10;21740;0.14;20272;True;20272.00;0.14;20272;0.15;20272;0.14
30;100;28;24563;True;24563.00;0.77;24563;0.63;24563;3.88;32723;True;32723.00;0.71;32723;0.90;32723;0.39;24686;True;24686.00;0.04;24686;0.04;24686;0.05;23297;True;23297.00;0.04;23297;0.05;23297;0.06;22632;True;22632.00;0.60;22632;0.63;22632;0.33;21229;True;21229.00;0.29;21229;0.66;21229;0.19
30;100;29;23681;True;23681.00;0.22;23682;0.11;23681;0.20;31203;True;31203.00;0.31;31203;1.04;31203;0.12;23717;True;23717.00;0.05;23717;0.05;23717;0.14;22229;True;22229.00;0.05;22229;0.06;22229;0.06;21808;True;21808.00;0.31;21808;0.24;21808;0.21;20518;True;20518.00;0.08;20518;0.08;20518;0.17
30;100;30;25352;True;25352.00;0.04;25352;0.04;25352;0.05;33080;True;33080.00;0.02;33080;0.03;33080;0.02;25752;True;25752.00;0.02;25752;0.02;25752;0.02;24273;True;24273.00;0.03;24273;0.03;24273;0.03;23271;True;23271.00;0.02;23271;0.02;23271;0.02;21978;True;21978.00;0.04;21978;0.05;21978;0.05
30;100;31;28546;True;28546.00;0.01;28546;0.01;28546;0.01;36568;True;36568.00;0.02;36568;0.02;36568;0.02;27950;True;27950.00;0.02;27950;0.02;27950;0.02;26299;True;26299.00;0.02;26299;0.02;26299;0.02;25916;True;25916.00;0.02;25916;0.02;25916;0.02;24247;True;24247.00;0.04;24247;0.04;24247;0.04
30;100;32;23860;True;23860.00;0.44;23860;0.12;23860;0.45;31029;True;31029.00;5.78;31029;1.01;31029;10.39;23547;True;23547.00;0.33;23547;0.19;23547;0.27;22115;True;22115.00;0.04;22115;0.05;22115;0.05;21604;True;21604.00;0.08;21604;0.10;21604;0.20;20232;True;20232.00;0.07;20232;0.07;20232;0.07
30;100;33;23827;True;23827.00;0.70;23827;0.65;23827;0.34;31552;True;31552.00;0.23;31563;0.39;31552;0.12;23816;True;23816.00;0.38;23816;0.17;23816;0.26;22619;True;22619.00;0.62;22619;0.24;22619;0.20;22042;True;22042.00;1.47;22044;1.29;22042;0.30;20734;True;20734.00;0.75;20734;0.50;20734;0.25
30;100;34;25951;True;25951.00;0.02;25951;0.02;25951;0.02;34216;True;34216.00;0.02;34216;0.03;34216;0.03;25847;True;25847.00;0.02;25847;0.03;25847;0.03;24064;True;24064.00;0.04;24064;0.05;24064;0.05;23922;True;23922.00;0.04;23922;0.04;23922;0.04;22176;True;22176.00;0.06;22176;0.06;22176;0.06
30;100;35;26516;True;26516.00;0.03;26516;0.03;26516;0.03;33896;True;33896.00;0.03;33896;0.04;33896;0.04;25725;True;25725.00;0.03;25725;0.03;25725;0.03;24204;True;24204.00;0.03;24204;0.04;24204;0.03;24273;True;24273.00;0.03;24273;0.04;24273;0.03;22395;True;22395.00;0.06;22395;0.07;22395;0.06
30;100;36;23238;True;23238.00;0.08;23238;0.08;23238;0.08;30261;True;30261.00;0.07;30261;0.08;30261;0.08;23903;True;23903.00;0.09;23903;0.09;23903;0.28;22391;True;22391.00;0.46;22391;0.23;22391;0.24;21468;True;21468.00;0.43;21469;0.31;21468;0.26;20219;True;20219.00;0.30;20219;0.26;20219;0.26
30;100;37;26508;True;26508.00;0.06;26508;0.06;26508;0.06;35171;True;35171.00;0.04;35171;0.05;35171;0.04;26625;True;26625.00;0.05;26625;0.05;26625;0.06;25035;True;25035.00;0.05;25035;0.06;25035;0.07;24415;True;24415.00;0.08;24415;0.08;24415;0.10;22924;True;22924.00;0.11;22924;0.12;22924;0.12
30;100;38;28500;True;28500.00;0.02;28500;0.01;28500;0.02;36812;True;36812.00;0.01;36812;0.02;36812;0.02;27935;True;27935.00;0.03;27935;0.03;27935;0.02;26110;True;26110.00;0.02;26110;0.02;26110;0.02;25751;True;25751.00;0.02;25751;0.02;25751;0.02;24028;True;24028.00;0.04;24028;0.03;24028;0.04
30;100;39;24795;True;24795.00;0.03;24795;0.03;24795;0.03;33374;True;33374.00;0.06;33374;0.07;33374;0.07;24372;True;24372.00;0.24;24372;0.12;24372;0.12;23055;True;23055.00;0.19;23055;0.11;23055;0.11;22719;True;22719.00;0.05;22719;0.05;22719;0.05;21158;True;21158.00;0.07;21158;0.07;21158;0.07
45;20;0;4155;True;4155.00;0.12;4185;0.07;4155;0.02;5741;True;5741.00;0.23;5766;0.05;5741;0.05;4494;True;4494.00;0.25;4494;0.03;4494;0.04;4142;True;4142.00;0.00;4142;0.00;4142;0.01;3892;True;3892.00;0.20;3892;0.04;3892;0.04;3674;True;3674.00;0.16;3704;0.06;3674;0.03
45;20;1;3184;True;3184.00;0.06;3184;0.06;3184;0.06;4183;True;4183.00;0.04;4183;0.04;4183;0.09;3509;True;3509.00;0.02;3509;0.02;3509;0.03;3290;True;3290.00;0.31;3304;0.16;3290;0.11;2997;True;2997.00;0.83;2997;0.13;2997;0.18;2904;True;2904.00;0.14;2904;0.13;2904;0.16
45;20;2;3774;True;3774.00;0.01;3774;0.01;3774;0.01;5382;True;5382.00;0.01;5382;0.01;5382;0.01;4187;True;4187.00;0.01;4187;0.01;4187;0.01;3961;True;3961.00;0.01;3961;0.01;3961;0.02;3665;True;3665.00;0.01;3665;0.01;3665;0.01;3513;True;3513.00;0.01;3513;0.01;3513;0.02
45;20;3;3599;True;3599.00;0.01;3599;0.01;3599;0.01;4862;True;4862.00;0.10;4862;0.06;4862;0.03;3906;True;3906.00;0.02;3906;0.01;3906;0.01;3666;True;3666.00;0.02;3666;0.03;3666;0.02;3421;True;3421.00;0.35;3421;0.06;3421;0.07;3284;True;3284.00;0.65;3295;0.13;3284;0.16
45;20;4;3624;True;3624.00;0.12;3624;0.04;3624;0.02;5218;True;5218.00;0.00;5218;0.00;5218;0.00;4290;True;4290.00;0.00;4290;0.00;4290;0.00;3933;True;3933.00;0.04;3933;0.01;3933;0.01;3536;True;3536.00;0.01;3536;0.01;3536;0.01;3425;True;3425.00;0.01;3425;0.01;3425;0.01
45;20;5;4763;True;4763.00;0.03;4763;0.01;4763;0.02;6447;True;6447.00;0.00;6447;0.01;6447;0.01;4967;True;4967.00;0.00;4967;0.00;4967;0.00;4635;True;4635.00;0.06;4635;0.02;4635;0.02;4393;True;4393.00;0.18;4393;0.02;4393;0.06;4183;True;4183.00;0.03;4183;0.01;4183;0.03
45;20;6;3617;True;3617.00;0.04;3617;0.03;3617;0.04;5069;True;5069.00;0.11;5074;0.07;5069;0.04;3909;True;3909.00;0.05;3909;0.02;3909;0.02;3761;True;3761.00;0.09;3771;0.10;3761;0.04;3439;True;3439.00;0.03;3439;0.03;3439;0.04;3291;True;3291.00;0.09;3291;0.07;3291;0.08
45;20;7;3176;True;3176.00;0.23;3176;0.10;3176;0.07;4289;True;4289.00;0.60;4289;0.07;4289;0.14;3386;True;3386.00;0.01;3386;0.01;3386;0.01;3151;True;3151.00;0.02;3151;0.03;3151;0.02;2970;True;2970.00;0.03;2970;0.03;2970;0.03;2825;True;2825.00;0.08;2825;0.07;2825;0.08
45;20;8;4251;True;4251.00;0.10;4251;0.05;4251;0.14;5745;True;5745.00;0.07;5745;0.04;5745;0.02;4627;True;4627.00;0.01;4627;0.01;4627;0.01;4213;True;4213.00;0.08;4216;0.04;4213;0.02;3984;True;3984.00;0.32;3984;0.03;3984;0.10;3842;True;3842.00;0.29;3852;0.04;3842;0.07
45;20;9;3415;True;3415.00;0.00;3415;0.00;3415;0.01;4782;True;4782.00;0.08;4782;0.02;4782;0.02;3816;True;3816.00;0.08;3816;0.03;3816;0.03;3538;True;3538.00;0.16;3538;0.04;3538;0.03;3207;True;3207.00;0.03;3207;0.02;3207;0.01;3077;True;3077.00;0.01;3077;0.01;3077;0.01
45;20;10;3281;True;3281.00;0.01;3281;0.01;3281;0.01;4545;True;4545.00;0.01;4545;0.01;4545;0.03;3558;True;3558.00;0.01;3558;0.01;3558;0.01;3323;True;3323.00;0.02;3323;0.02;3323;0.02;2992;True;2992.00;0.02;2992;0.02;2992;0.02;2912;True;2912.00;0.11;2912;0.07;2912;0.05
45;20;11;4094;True;4094.00;0.00;4094;0.00;4094;0.00;5771;True;5771.00;0.05;5771;0.02;5771;0.01;4548;True;4548.00;0.40;4563;0.04;4548;0.09;4244;True;4244.00;0.58;4250;0.04;4244;0.27;3920;True;3920.00;0.21;3920;0.02;3920;0.07;3757;True;3757.00;0.08;3777;0.04;3757;0.04
45;20;12;3915;True;3915.00;0.01;3915;0.01;3915;0.02;5587;True;5587.00;0.05;5587;0.34;5587;0.03;4626;True;4626.00;0.01;4626;0.01;4626;0.01;4230;True;4230.00;0.01;4230;0.01;4230;0.01;3839;True;3839.00;0.01;3839;0.01;3839;0.01;3671;True;3671.00;0.01;3671;0.01;3671;0.03
45;20;13;3708;True;3708.00;0.06;3708;0.02;3708;0.02;5224;True;5224.00;0.10;5224;0.02;5224;0.01;4081;True;4081.00;0.01;4081;0.01;4081;0.00;3774;True;3774.00;0.00;3774;0.01;3774;0.00;3489;True;3489.00;0.00;3489;0.00;3489;0.01;3333;True;3333.00;0.01;3333;0.01;3333;0.00
45;20;14;3218;True;3218.00;0.32;3229;0.06;3218;0.07;4398;True;4398.00;0.01;4398;0.02;4398;0.02;3490;True;3490.00;0.01;3490;0.01;3490;0.01;3230;True;3230.00;0.10;3230;0.02;3230;0.03;2972;True;2972.00;0.09;2972;0.03;2972;0.03;2866;True;2866.00;0.02;2866;0.01;2866;0.02
45;20;15;3119;True;3119.00;0.30;3124;0.10;3119;0.11;4359;True;4359.00;0.03;4359;0.03;4359;0.04;3270;True;3270.00;0.02;3270;0.02;3270;0.02;3098;True;3098.00;0.02;3098;0.02;3098;0.02;2987;True;2987.00;0.04;2987;0.04;2987;0.04;2824;True;2824.00;0.29;2824;0.07;2824;0.10
45;20;16;3529;True;3529.00;0.01;3529;0.01;3529;0.01;4950;True;4950.00;0.21;4950;0.06;4950;0.08;3828;True;3828.00;0.01;3828;0.01;3828;0.01;3617;True;3617.00;0.05;3617;0.03;3617;0.02;3398;True;3398.00;0.12;3406;0.05;3398;0.06;3282;True;3282.00;0.15;3282;0.03;3282;0.09
45;20;17;3546;True;3546.00;0.32;3546;0.11;3546;0.17;4898;True;4898.00;0.01;4898;0.02;4898;0.02;3751;True;3751.00;0.15;3751;0.05;3751;0.04;3462;True;3462.00;0.01;3462;0.01;3462;0.01;3344;True;3344.00;0.01;3344;0.01;3344;0.01;3192;True;3192.00;0.22;3192;0.06;3192;0.07
45;20;18;3562;True;3562.00;0.11;3589;0.10;3562;0.06;4857;True;4857.00;0.01;4857;0.01;4857;0.01;4011;True;4011.00;0.27;4011;0.05;4011;0.04;3678;True;3678.00;0.14;3678;0.04;3678;0.02;3405;True;3405.00;0.01;3405;0.01;3405;0.01;3245;True;3245.00;0.01;3245;0.01;3245;0.01
45;20;19;3231;True;3231.00;0.18;3231;0.03;3231;0.04;4516;True;4516.00;0.00;4516;0.01;4516;0.01;3521;True;3521.00;0.06;3521;0.05;3521;0.03;3334;True;3334.00;0.06;3334;0.03;3334;0.03;3056;True;3056.00;0.05;3056;0.02;3056;0.02;2911;True;2911.00;0.07;2911;0.03;2911;0.02
45;20;20;3854;True;3854.00;0.01;3854;0.01;3854;0.01;5427;True;5427.00;0.00;5427;0.01;5427;0.01;4259;True;4259.00;0.01;4259;0.01;4259;0.01;3986;True;3986.00;0.01;3986;0.01;3986;0.02;3631;True;3631.00;0.01;3631;0.00;3631;0.01;3466;True;3466.00;0.01;3466;0.01;3466;0.01
45;20;21;3696;True;3696.00;0.05;3696;0.02;3696;0.01;5256;True;5256.00;0.01;5256;0.01;5256;0.01;3909;True;3909.00;0.01;3909;0.01;3909;0.01;3705;True;3705.00;0.06;3705;0.02;3705;0.01;3439;True;3439.00;0.04;3439;0.04;3439;0.05;3297;True;3297.00;0.03;3297;0.02;3297;0.03
45;20;22;3265;True;3265.00;0.01;3265;0.01;3265;0.01;4562;True;4562.00;0.01;4562;0.01;4562;0.02;3438;True;3438.00;0.01;3438;0.01;3438;0.00;3242;True;3242.00;0.01;3242;0.02;3242;0.02;3116;True;3116.00;0.10;3116;0.02;3116;0.03;2931;True;2931.00;0.01;2931;0.01;2931;0.02
45;20;23;3114;True;3114.00;1.53;3124;0.05;3114;0.67;4417;True;4417.00;0.04;4417;0.04;4417;0.05;3257;True;3257.00;0.18;3257;0.10;3257;0.08;3085;True;3085.00;0.02;3085;0.03;3085;0.03;2901;True;2901.00;0.14;2924;0.07;2901;0.06;2704;True;2704.00;0.04;2704;0.03;2704;0.04
45;20;24;3697;True;3697.00;0.06;3697;0.04;3697;0.03;5199;True;5199.00;0.02;5199;0.01;5199;0.01;3969;True;3969.00;0.24;3969;0.04;3969;0.05;3666;True;3666.00;0.08;3669;0.06;3666;0.04;3475;True;3475.00;0.23;3478;0.07;3475;0.06;3326;True;3326.00;0.02;3326;0.02;3326;0.02
45;20;25;3151;True;3151.00;0.62;3161;0.10;3151;0.19;4431;True;4431.00;0.01;4431;0.02;4431;0.02;3442;True;3442.00;0.05;3442;0.05;3442;0.05;3268;True;3268.00;0.03;3268;0.04;3268;0.03;3002;True;3002.00;0.17;3002;0.08;3002;0.09;2890;True;2890.00;0.31;2892;0.10;2890;0.15
45;20;26;3573;True;3573.00;0.38;3577;0.16;3573;0.18;4977;True;4977.00;0.02;4977;0.02;4977;0.02;3810;True;3810.00;0.01;3810;0.02;3810;0.01;3632;True;3632.00;0.12;3632;0.06;3632;0.04;3315;True;3315.00;0.01;3315;0.02;3315;0.01;3138;True;3138.00;0.09;3138;0.05;3138;0.05
45;20;27;3061;True;3061.00;0.10;3061;0.04;3061;0.03;4341;True;4341.00;0.01;4341;0.02;4341;0.01;3506;True;3506.00;0.01;3506;0.01;3506;0.01;3247;True;3247.00;0.01;3247;0.01;3247;0.01;2935;True;2935.00;0.02;2935;0.01;2935;0.01;2824;True;2824.00;0.01;2824;0.01;2824;0.01
45;20;28;3207;True;3207.00;0.14;3207;0.04;3207;0.05;4473;True;4473.00;0.23;4473;0.06;4473;0.05;3574;True;3574.00;0.02;3574;0.02;3574;0.02;3318;True;3318.00;0.01;3318;0.01;3318;0.01;3025;True;3025.00;0.29;3025;0.05;3025;0.08;2908;True;2908.00;0.03;2908;0.03;2908;0.03
45;20;29;3425;True;3425.00;0.05;3425;0.02;3425;0.04;4762;True;4762.00;0.08;4762;0.03;4762;0.02;3684;True;3684.00;0.03;3684;0.01;3684;0.01;3472;True;3472.00;0.01;3472;0.01;3472;0.01;3280;True;3280.00;0.01;3280;0.01;3280;0.01;3069;True;3069.00;0.01;3069;0.01;3069;0.01
45;20;30;3145;True;3145.00;0.01;3145;0.01;3145;0.01;4559;True;4559.00;0.01;4559;0.01;4559;0.01;3558;True;3558.00;0.13;3558;0.04;3558;0.02;3263;True;3263.00;0.01;3263;0.01;3263;0.01;3030;True;3030.00;0.03;3030;0.02;3030;0.03;2882;True;2882.00;0.01;2882;0.01;2882;0.01
45;20;31;3694;True;3694.00;0.21;3694;0.05;3694;0.06;5141;True;5141.00;0.29;5147;0.06;5141;0.08;3893;True;3893.00;0.01;3893;0.01;3893;0.00;3697;True;3697.00;0.06;3697;0.02;3697;0.02;3458;True;3458.00;0.06;3458;0.03;3458;0.03;3285;True;3285.00;0.01;3285;0.01;3285;0.01
45;20;32;3663;True;3663.00;0.01;3663;0.01;3663;0.01;5082;True;5082.00;0.02;5082;0.02;5082;0.02;3954;True;3954.00;0.05;3978;0.05;3954;0.02;3687;True;3687.00;0.03;3687;0.04;3687;0.04;3450;True;3450.00;0.01;3450;0.02;3450;0.02;3242;True;3242.00;0.04;3242;0.03;3242;0.04
45;20;33;4243;True;4243.00;0.09;4243;0.04;4243;0.03;6001;True;6001.00;0.06;6015;0.04;6001;0.04;4582;True;4582.00;0.01;4582;0.02;4582;0.01;4278;True;4278.00;0.01;4278;0.01;4278;0.01;4010;True;4010.00;0.06;4017;0.02;4010;0.03;3777;True;3777.00;0.34;3782;0.05;3777;0.10
45;20;34;3479;True;3479.00;0.47;3479;0.03;3479;0.15;4712;True;4712.00;0.14;4712;0.03;4712;0.05;3460;True;3460.00;0.17;3460;0.05;3460;0.04;3321;True;3321.00;0.53;3321;0.04;3321;0.13;3204;True;3204.00;0.00;3204;0.01;3204;0.01;3058;True;3058.00;0.76;3068;0.04;3058;0.30
45;20;35;3091;True;3091.00;0.02;3091;0.02;3091;0.03;4278;True;4278.00;0.03;4278;0.03;4278;0.03;3348;True;3348.00;0.02;3348;0.02;3348;0.01;3103;True;3103.00;0.01;3103;0.01;3103;0.01;2945;True;2945.00;0.18;2948;0.07;2945;0.05;2797;True;2797.00;0.10;2797;0.05;2797;0.06
45;20;36;3672;True;3672.00;0.45;3674;0.05;3672;0.12;4972;True;4972.00;0.12;4972;0.03;4972;0.03;3943;True;3943.00;0.00;3943;0.00;3943;0.00;3669;True;3669.00;0.00;3669;0.00;3669;0.00;3438;True;3438.00;0.00;3438;0.00;3438;0.01;3255;True;3255.00;0.03;3267;0.01;3255;0.01
45;20;37;3246;True;3246.00;0.01;3246;0.01;3246;0.02;4600;True;4600.00;0.02;4600;0.01;4600;0.03;3549;True;3549.00;0.01;3549;0.01;3549;0.02;3265;True;3265.00;0.01;3265;0.01;3265;0.01;3114;True;3114.00;0.01;3114;0.01;3114;0.02;2935;True;2935.00;0.02;2935;0.02;2935;0.02
45;20;38;3287;True;3287.00;0.18;3287;0.05;3287;0.05;4568;True;4568.00;0.10;4568;0.06;4568;0.05;3521;True;3521.00;0.06;3521;0.06;3521;0.01;3292;True;3292.00;0.01;3292;0.01;3292;0.01;3093;True;3093.00;0.01;3093;0.01;3093;0.01;2957;True;2957.00;0.01;2957;0.01;2957;0.01
45;20;39;3595;True;3595.00;0.04;3599;0.03;3595;0.03;4995;True;4995.00;0.02;4995;0.02;4995;0.02;3913;True;3913.00;0.12;3913;0.04;3913;0.03;3549;True;3549.00;0.14;3549;0.04;3549;0.04;3405;True;3405.00;0.18;3405;0.07;3405;0.05;3220;True;3220.00;0.48;3235;0.06;3220;0.14
45;30;0;5051;True;5051.00;3.25;5072;0.39;5051;5.37;6807;True;6807.00;1.86;6830;0.30;6807;0.56;5565;True;5565.00;4.05;5565;0.18;5565;1.29;5209;True;5209.00;2.41;5209;0.18;5209;0.70;4763;True;4763.00;1.27;4772;0.23;4763;0.88;4621;True;4621.00;7.66;4621;0.45;4621;7.33
45;30;1;6281;True;6281.00;0.12;6281;0.09;6281;0.09;8557;True;8557.00;0.34;8557;0.05;8557;0.05;6849;True;6849.00;0.12;6849;0.04;6849;0.03;6358;True;6358.00;0.02;6358;0.02;6358;0.02;5956;True;5956.00;2.76;5977;0.41;5956;1.05;5664;True;5664.00;0.02;5664;0.02;5664;0.02
45;30;2;5291;True;5291.00;0.69;5291;0.12;5291;0.21;7331;True;7331.00;0.14;7331;0.04;7331;0.04;5775;True;5775.00;0.26;5787;0.09;5775;0.07;5388;True;5388.00;0.14;5388;0.04;5388;0.04;4998;True;4998.00;0.02;4998;0.02;4998;0.02;4797;True;4797.00;0.24;4815;0.09;4797;0.11
45;30;3;4657;True;4657.00;0.73;4657;0.13;4657;0.45;6391;True;6391.00;0.34;6391;0.12;6391;0.09;5223;True;5223.00;1.36;5230;0.20;5223;0.30;4846;True;4846.00;0.46;4846;0.17;4846;0.16;4420;True;4420.00;1.08;4420;0.22;4420;0.37;4274;True;4274.00;0.56;4283;0.48;4274;0.42
45;30;4;5735;True;5735.00;0.02;5735;0.02;5735;0.02;8145;True;8145.00;0.06;8145;0.06;8145;0.10;6323;True;6323.00;0.23;6323;0.06;6323;0.07;5798;True;5798.00;0.02;5798;0.02;5798;0.01;5405;True;5405.00;0.15;5413;0.13;5405;0.11;5198;True;5198.00;1.90;5198;0.12;5198;0.56
45;30;5;5107;True;5107.00;3.06;5110;0.25;5107;2.74;7071;True;7071.00;0.28;7073;0.10;7071;0.08;5875;True;5875.00;0.27;5876;0.07;5875;0.11;5338;True;5338.00;0.06;5338;0.06;5338;0.06;4791;True;4791.00;0.14;4796;0.12;4791;0.10;4668;True;4668.00;0.40;4671;0.16;4668;0.17
45;30;6;5661;True;5661.00;0.29;5665;0.11;5661;0.08;7960;True;7960.00;0.33;7960;0.09;7960;0.07;6292;True;6292.00;0.01;6292;0.01;6292;0.01;5886;True;5886.00;0.07;5886;0.05;5886;0.03;5357;True;5357.00;0.04;5357;0.04;5357;0.04;5230;True;5230.00;0.23;5230;0.14;5230;0.15
45;30;7;5712;True;5712.00;0.64;5712;0.20;5712;0.27;8050;True;8050.00;0.02;8050;0.02;8050;0.02;6357;True;6357.00;0.01;6357;0.01;6357;0.01;5922;True;5922.00;0.12;5922;0.04;5922;0.04;5477;True;5477.00;0.22;5493;0.24;5477;0.10;5259;True;5259.00;0.03;5259;0.03;5259;0.03
45;30;8;5892;True;5892.00;0.10;5892;0.07;5892;0.08;8367;True;8367.00;0.16;8367;0.06;8367;0.05;6348;True;6348.00;0.02;6348;0.02;6348;0.03;5854;True;5854.00;0.25;5854;0.05;5854;0.04;5486;True;5486.00;0.02;5486;0.01;5486;0.01;5202;True;5202.00;0.02;5202;0.03;5202;0.02
45;30;9;4982;True;4982.00;1.70;5002;0.23;4982;1.24;6884;True;6884.00;0.45;6884;0.06;6884;0.13;5356;True;5356.00;0.77;5360;0.09;5356;0.20;5033;True;5033.00;0.67;5039;0.11;5033;0.29;4739;True;4739.00;19.76;4739;0.21;4739;15.08;4491;True;4491.00;3.56;4491;0.07;4491;1.28
45;30;10;5225;True;5225.00;0.08;5259;0.11;5225;0.07;7255;True;7255.00;0.39;7255;0.10;7255;0.07;5911;True;5911.00;0.02;5911;0.02;5911;0.02;5456;True;5456.00;0.03;5456;0.03;5456;0.03;4947;True;4947.00;0.08;4962;0.06;4947;0.04;4747;True;4747.00;0.10;4747;0.05;4747;0.04
45;30;11;5882;True;5882.00;0.07;5882;0.03;5882;0.03;8335;True;8335.00;0.17;8335;0.07;8335;0.05;6422;True;6422.00;0.02;6422;0.02;6422;0.02;6018;True;6018.00;0.44;6018;0.09;6018;0.11;5513;True;5513.00;0.01;5513;0.01;5513;0.01;5285;True;5285.00;0.01;5285;0.01;5285;0.01
45;30;12;5067;True;5067.00;29.46;5079;0.44;5067;87.74;7365;True;7365.00;0.98;7442;0.66;7365;0.55;5529;True;5529.00;2.13;5534;0.40;5529;0.60;5228;True;5228.00;52.59;5250;0.61;5228;37.33;4814;True;4814.00;47.91;4826;0.51;4814;37.33;4634;True;4634.00;6.50;4651;0.74;4634;10.40
45;30;13;5170;True;5170.00;0.13;5170;0.04;5170;0.03;7237;True;7237.00;0.19;7247;0.07;7237;0.06;5823;True;5823.00;0.20;5823;0.09;5823;0.08;5451;True;5451.00;0.20;5451;0.06;5451;0.05;5004;True;5004.00;0.12;5004;0.05;5004;0.04;4807;True;4807.00;0.04;4807;0.04;4807;0.04
45;30;14;4570;True;4570.00;0.56;4573;0.21;4570;0.59;6522;True;6522.00;0.51;6526;0.39;6522;0.14;5050;True;5050.00;0.79;5058;0.14;5050;0.20;4675;True;4675.00;1.06;4688;0.36;4675;0.33;4364;True;4364.00;0.23;4364;0.16;4364;0.11;4113;True;4113.00;1.68;4113;0.24;4113;0.45
45;30;15;5602;True;5602.00;0.12;5602;0.04;5602;0.04;8083;True;8083.00;0.02;8083;0.02;8083;0.02;5955;True;5955.00;0.04;5955;0.04;5955;0.04;5678;True;5678.00;0.22;5682;0.06;5678;0.06;5300;True;5300.00;0.11;5301;0.05;5300;0.04;5066;True;5066.00;0.22;5066;0.08;5066;0.06
45;30;16;5687;True;5687.00;0.03;5687;0.03;5687;0.03;8241;True;8241.00;2.69;8252;0.15;8241;1.36;6007;True;6007.00;0.13;6019;0.07;6007;0.07;5699;True;5699.00;0.21;5704;0.05;5699;0.08;5383;True;5383.00;0.01;5383;0.01;5383;0.01;5146;True;5146.00;0.02;5146;0.02;5146;0.02
45;30;17;5674;True;5674.00;2.67;5681;0.17;5674;1.84;8099;True;8099.00;2.25;8114;0.14;8099;0.64;6238;True;6238.00;0.87;6245;0.07;6238;0.18;5828;True;5828.00;0.10;5834;0.08;5828;0.04;5343;True;5343.00;1.02;5347;0.15;5343;0.33;5066;True;5066.00;0.21;5071;0.11;5066;0.07
45;30;18;5355;True;5355.00;0.30;5359;0.07;5355;0.41;7495;True;7495.00;0.01;7495;0.02;7495;0.01;5811;True;5811.00;0.08;5811;0.05;5811;0.05;5423;True;5423.00;0.13;5423;0.04;5423;0.03;5035;True;5035.00;0.56;5035;0.12;5035;0.18;4789;True;4789.00;0.03;4789;0.03;4789;0.03
45;30;19;5325;True;5325.00;0.80;5344;0.33;5325;0.31;7218;True;7218.00;0.05;7218;0.05;7218;0.05;5829;True;5829.00;0.17;5829;0.08;5829;0.06;5438;True;5438.00;0.32;5447;0.10;5438;0.07;4934;True;4934.00;0.42;4949;0.13;4934;0.12;4707;True;4707.00;0.12;4710;0.11;4707;0.07
45;30;20;4508;True;4508.00;1.28;4519;0.44;4508;1.25;6182;True;6182.00;4.24;6196;0.33;6182;2.33;4885;True;4885.00;1.94;4891;0.39;4885;0.43;4554;True;4554.00;4.38;4557;0.28;4554;1.34;4251;True;4251.00;0.74;4269;0.46;4251;0.19;4054;True;4054.00;1.00;4060;0.41;4054;0.39
45;30;21;5780;True;5780.00;0.12;5780;0.03;5780;0.04;7877;True;7877.00;0.26;7877;0.05;7877;0.04;6283;True;6283.00;0.09;6283;0.03;6283;0.03;5872;True;5872.00;0.15;5872;0.03;5872;0.03;5390;True;5390.00;0.10;5394;0.07;5390;0.05;5200;True;5200.00;0.11;5200;0.08;5200;0.06
45;30;22;6116;True;6116.00;44.76;6116;0.09;6116;86.86;8644;True;8644.00;1.14;8683;0.35;8644;0.57;6784;True;6784.00;0.31;6818;0.05;6784;0.09;6295;True;6295.00;0.37;6306;0.04;6295;0.08;5777;True;5777.00;1.70;5779;0.10;5777;0.64;5518;True;5518.00;1.53;5558;0.36;5518;0.45
45;30;23;5236;True;5236.00;0.27;5236;0.07;5236;0.08;7242;True;7242.00;0.03;7242;0.03;7242;0.04;5694;True;5694.00;0.16;5694;0.08;5694;0.07;5350;True;5350.00;0.38;5366;0.12;5350;0.11;5000;True;5000.00;0.02;5000;0.03;5000;0.02;4781;True;4781.00;0.02;4781;0.02;4781;0.02
45;30;24;5194;True;5194.00;0.02;5194;0.02;5194;0.02;7302;True;7302.00;0.14;7302;0.10;7302;0.08;5856;True;5856.00;0.03;5856;0.03;5856;0.04;5463;True;5463.00;0.04;5463;0.04;5463;0.05;4957;True;4957.00;0.02;4957;0.02;4957;0.03;4777;True;4777.00;0.15;4777;0.08;4777;0.08
45;30;25;5830;True;5830.00;0.22;5834;0.13;5830;0.09;8239;True;8239.00;0.24;8239;0.12;8239;0.09;6310;True;6310.00;0.01;6310;0.01;6310;0.01;5907;True;5907.00;0.44;5908;0.10;5907;0.08;5502;True;5502.00;0.40;5502;0.13;5502;0.12;5305;True;5305.00;0.77;5310;0.12;5305;0.27
45;30;26;5596;True;5596.00;0.39;5596;0.06;5596;0.07;7891;True;7891.00;5.97;7920;0.12;7891;3.84;6084;True;6084.00;0.78;6084;0.06;6084;0.21;5678;True;5678.00;2.55;5712;0.35;5678;0.78;5268;True;5268.00;1.73;5268;0.07;5268;0.68;5064;True;5064.00;1.04;5067;0.12;5064;0.52
45;30;27;5224;True;5224.00;0.52;5224;0.17;5224;0.13;7531;True;7531.00;0.03;7531;0.03;7531;0.03;5493;True;5493.00;0.03;5493;0.03;5493;0.02;5162;True;5162.00;0.04;5162;0.04;5162;0.04;4939;True;4939.00;0.26;4945;0.11;4939;0.10;4733;True;4733.00;0.23;4733;0.12;4733;0.07
45;30;28;5354;True;5354.00;0.15;5354;0.05;5354;0.08;7554;True;7554.00;0.02;7554;0.02;7554;0.02;5898;True;5898.00;0.09;5898;0.05;5898;0.05;5585;True;5585.00;0.09;5590;0.06;5585;0.06;5039;True;5039.00;0.02;5039;0.02;5039;0.02;4907;True;4907.00;0.15;4915;0.08;4907;0.08
45;30;29;5306;True;5306.00;1.34;5309;0.13;5306;3.42;7254;True;7254.00;0.15;7254;0.08;7254;0.07;5855;True;5855.00;0.02;5855;0.02;5855;0.02;5407;True;5407.00;0.03;5407;0.03;5407;0.03;4879;True;4879.00;0.02;4879;0.02;4879;0.02;4751;True;4751.00;0.19;4751;0.05;4751;0.07
45;30;30;5471;True;5471.00;0.22;5471;0.03;5471;0.07;7616;True;7616.00;0.01;7616;0.01;7616;0.01;5782;True;5782.00;0.02;5782;0.02;5782;0.04;5392;True;5392.00;0.02;5392;0.02;5392;0.03;5188;True;5188.00;0.19;5188;0.10;5188;0.06;4880;True;4880.00;0.16;4880;0.06;4880;0.06
45;30;31;5223;True;5223.00;0.02;5223;0.02;5223;0.02;7304;True;7304.00;0.02;7304;0.02;7304;0.02;5656;True;5656.00;0.08;5656;0.05;5656;0.03;5289;True;5289.00;0.04;5289;0.04;5289;0.03;4929;True;4929.00;0.21;4929;0.07;4929;0.06;4697;True;4697.00;0.30;4697;0.12;4697;0.10
45;30;32;4984;True;4984.00;0.51;4984;0.08;4984;0.13;7024;True;7024.00;0.29;7065;0.18;7024;0.08;5607;True;5607.00;0.68;5607;0.10;5607;0.24;5182;True;5182.00;1.71;5193;0.09;5182;0.40;4701;True;4701.00;0.20;4701;0.06;4701;0.11;4582;True;4582.00;3.66;4582;0.11;4582;1.77
45;30;33;5376;True;5376.00;0.33;5376;0.15;5376;0.10;7692;True;7692.00;0.21;7696;0.04;7692;0.05;5866;True;5866.00;0.02;5866;0.01;5866;0.02;5496;True;5496.00;0.66;5500;0.07;5496;0.14;4976;True;4976.00;0.18;4981;0.12;4976;0.06;4795;True;4795.00;0.46;4796;0.11;4795;0.16
45;30;34;5393;True;5393.00;0.10;5393;0.05;5393;0.07;7379;True;7379.00;0.02;7379;0.03;7379;0.05;5907;True;5907.00;0.24;5907;0.17;5907;0.09;5419;True;5419.00;0.03;5419;0.03;5419;0.05;5029;True;5029.00;0.02;5029;0.02;5029;0.02;4798;True;4798.00;0.03;4798;0.03;4798;0.05
45;30;35;5739;True;5739.00;0.20;5739;0.03;5739;0.04;8155;True;8155.00;1.40;8161;0.11;8155;0.34;6302;True;6302.00;0.14;6302;0.07;6302;0.04;5899;True;5899.00;0.10;5908;0.07;5899;0.04;5488;True;5488.00;0.57;5496;0.15;5488;0.19;5221;True;5221.00;0.05;5221;0.05;5221;0.05
45;30;36;4588;True;4588.00;0.12;4592;0.07;4588;0.11;6259;True;6259.00;0.19;6259;0.11;6259;0.10;5062;True;5062.00;0.66;5062;0.09;5062;0.14;4666;True;4666.00;0.04;4666;0.04;4666;0.04;4313;True;4313.00;0.26;4313;0.07;4313;0.09;4202;True;4202.00;0.36;4202;0.17;4202;0.15
45;30;37;4663;True;4663.00;1.25;4683;0.50;4663;0.42;6545;True;6545.00;0.48;6546;0.15;6545;0.16;4939;True;4939.00;0.24;4939;0.09;4939;0.08;4595;True;4595.00;0.17;4615;0.15;4595;0.08;4281;True;4281.00;0.22;4295;0.17;4281;0.12;4102;True;4102.00;0.22;4108;0.16;4102;0.14
45;30;38;5232;True;5232.00;0.09;5233;0.06;5232;0.07;7406;True;7406.00;0.09;7420;0.09;7406;0.04;5688;True;5688.00;0.02;5688;0.02;5688;0.02;5310;True;5310.00;0.03;5310;0.03;5310;0.03;4912;True;4912.00;0.08;4912;0.05;4912;0.04;4667;True;4667.00;0.24;4667;0.09;4667;0.12
45;30;39;4689;True;4689.00;0.25;4689;0.06;4689;0.12;6279;True;6279.00;0.28;6279;0.20;6279;0.15;5183;True;5183.00;0.14;5183;0.05;5183;0.10;4840;True;4840.00;0.17;4840;0.06;4840;0.07;4421;True;4421.00;0.16;4421;0.06;4421;0.05;4283;True;4283.00;0.14;4283;0.05;4283;0.06
45;40;0;6749;True;6749.00;1.73;6759;0.91;6749;0.78;9198;True;9198.00;0.33;9198;0.17;9198;0.13;7440;True;7440.00;0.67;7449;0.19;7440;0.17;6892;True;6892.00;0.87;6892;0.26;6892;0.24;6351;True;6351.00;0.14;6351;0.13;6351;0.14;6085;True;6085.00;0.40;6096;0.30;6085;0.30
45;40;1;7781;True;7781.00;1.73;7788;0.48;7781;1.67;10447;True;10447.00;0.77;10447;0.15;10447;0.30;8414;True;8414.00;0.68;8415;0.12;8414;0.23;7940;True;7940.00;0.43;7944;0.09;7940;0.24;7258;True;7258.00;1.17;7269;0.63;7258;0.82;7017;True;7017.00;5.29;7024;0.35;7017;2.36
45;40;2;7514;True;7514.00;0.18;7514;0.35;7514;0.14;10726;True;10726.00;0.03;10726;0.03;10726;0.07;8279;True;8279.00;1.18;8279;0.56;8279;0.69;7673;True;7673.00;0.10;7673;0.10;7673;0.17;7129;True;7129.00;0.05;7129;0.05;7129;0.10;6809;True;6809.00;0.25;6809;0.40;6809;0.23
45;40;3;7361;True;7361.00;0.50;7361;0.19;7361;0.20;10114;True;10114.00;2.91;10120;0.46;10114;0.76;8002;True;8002.00;1.86;8002;0.20;8002;0.35;7427;True;7427.00;0.33;7427;0.17;7427;0.17;6930;True;6930.00;1.85;6930;0.22;6930;0.30;6632;True;6632.00;0.82;6632;0.49;6632;0.35
45;40;4;6854;True;6854.00;0.40;6861;0.19;6854;0.28;9397;True;9397.00;0.03;9397;0.03;9397;0.04;7528;True;7528.00;0.36;7536;0.12;7528;0.10;6968;True;6968.00;0.45;6968;0.09;6968;0.12;6368;True;6368.00;0.04;6368;0.05;6368;0.05;6169;True;6169.00;0.52;6174;0.13;6169;0.25
45;40;5;6644;True;6644.00;3.77;6644;0.88;6644;6.60;9054;True;9054.00;1.18;9054;0.13;9054;0.38;7185;True;7185.00;2.78;7185;0.25;7185;0.88;6624;True;6624.00;0.33;6634;0.18;6624;0.14;6282;True;6282.00;2.53;6290;0.74;6282;0.97;5936;True;5936.00;5.72;5936;0.48;5936;2.04
45;40;6;6698;True;6698.00;0.04;6698;0.04;6698;0.04;9345;True;9345.00;0.35;9365;0.12;9345;0.15;7612;True;7612.00;0.23;7625;0.20;7612;0.12;6977;True;6977.00;0.44;6977;0.11;6977;0.18;6403;True;6403.00;1.55;6403;0.15;6403;0.49;6165;True;6165.00;0.06;6165;0.06;6165;0.07
45;40;7;6128;True;6128.00;0.60;6128;0.25;6128;0.22;8508;True;8508.00;1.60;8521;0.21;8508;0.51;6676;True;6676.00;1.11;6689;0.15;6676;0.33;6220;True;6220.00;0.38;6229;0.17;6220;0.27;5830;True;5830.00;9.96;5831;1.07;5830;4.04;5585;True;5585.00;3.79;5587;0.86;5585;1.72
45;40;8;6748;True;6748.00;2620.93;6748;0.83;6748;120.00;9500;True;9500.00;3.97;9512;0.58;9500;2.46;7439;True;7439.00;0.34;7441;0.10;7439;0.11;6911;True;6911.00;1.35;6912;0.14;6911;0.40;6373;True;6373.00;0.93;6373;0.20;6373;0.24;6098;True;6098.00;2.98;6098;0.65;6098;1.39
45;40;9;6599;True;6599.00;1623.27;6624;1.40;6599;120.00;9200;True;9200.00;9.68;9215;1.08;9200;3.17;7354;True;7354.00;11.88;7394;0.67;7354;11.16;6824;True;6824.00;7.56;6855;2.20;6824;4.52;6242;True;6242.00;4.23;6265;2.89;6242;2.85;6021;True;6021.00;34.41;6025;1.63;6021;33.72
45;40;10;7276;True;7276.00;0.02;7276;0.03;7276;0.03;10188;True;10188.00;0.38;10188;0.12;10188;0.10;7914;True;7914.00;0.54;7914;0.12;7914;0.12;7443;True;7443.00;0.21;7443;0.09;7443;0.09;6840;True;6840.00;0.63;6842;0.19;6840;0.26;6569;True;6569.00;0.63;6573;0.12;6569;0.20
45;40;11;7805;True;7805.00;1.10;7809;0.13;7805;1.58;10729;True;10729.00;0.71;10745;0.17;10729;0.21;8452;True;8452.00;0.02;8452;0.01;8452;0.02;7789;True;7789.00;0.15;7789;0.10;7789;0.07;7399;True;7399.00;0.03;7399;0.03;7399;0.04;7015;True;7015.00;2.30;7016;0.13;7015;0.75
45;40;12;6767;True;6767.00;0.61;6767;0.10;6767;2.98;9639;True;9639.00;0.14;9646;0.09;9639;0.06;7303;True;7303.00;0.57;7321;0.11;7303;0.09;6850;True;6850.00;0.15;6850;0.09;6850;0.09;6373;True;6373.00;0.04;6373;0.04;6373;0.05;6148;True;6148.00;0.21;6148;0.14;6148;0.14
45;40;13;6785;True;6785.00;0.15;6785;0.09;6785;0.17;9275;True;9275.00;0.20;9275;0.14;9275;0.13;7361;True;7361.00;0.12;7361;0.05;7361;0.04;6934;True;6934.00;0.37;6934;0.10;6934;0.11;6467;True;6467.00;0.42;6471;0.14;6467;0.15;6134;True;6134.00;0.23;6141;0.12;6134;0.17
45;40;14;6723;True;6723.00;0.25;6723;0.08;6723;0.12;9218;True;9218.00;0.15;9218;0.14;9218;0.13;7532;True;7532.00;0.05;7532;0.05;7532;0.09;6925;True;6925.00;0.22;6928;0.19;6925;0.11;6397;True;6397.00;0.04;6397;0.05;6397;0.16;6235;True;6235.00;0.62;6237;0.28;6235;0.30
45;40;15;7236;True;7236.00;0.38;7236;0.12;7236;0.52;10385;True;10385.00;0.14;10385;0.10;10385;0.07;7839;True;7839.00;0.13;7839;0.05;7839;0.04;7278;True;7278.00;0.20;7278;0.06;7278;0.10;6884;True;6884.00;0.21;6884;0.09;6884;0.12;6516;True;6516.00;0.23;6516;0.08;6516;0.11
45;40;16;6254;True;6254.00;0.97;6265;0.35;6254;0.33;8974;True;8974.00;0.53;8979;0.11;8974;0.12;6943;True;6943.00;0.08;6943;0.07;6943;0.10;6427;True;6427.00;0.22;6431;0.15;6427;0.15;5931;True;5931.00;0.56;5931;0.19;5931;0.25;5688;True;5688.00;0.49;5688;0.29;5688;0.34
45;40;17;6350;True;6350.00;0.67;6350;0.68;6350;0.41;9136;True;9136.00;0.66;9136;0.20;9136;0.31;6989;True;6989.00;0.67;6994;0.51;6989;0.23;6464;True;6464.00;0.42;6464;0.24;6464;0.20;5989;True;5989.00;1.15;6003;0.35;5989;0.29;5734;True;5734.00;0.53;5734;0.58;5734;0.34
45;40;18;6387;True;6387.00;0.87;6387;0.57;6387;0.33;8732;True;8732.00;0.36;8747;0.34;8732;0.19;6951;True;6951.00;0.38;6951;0.16;6951;0.28;6418;True;6418.00;0.23;6418;0.17;6418;0.16;5954;True;5954.00;0.74;5957;0.20;5954;0.26;5784;True;5784.00;0.51;5784;0.23;5784;0.23
45;40;19;6167;True;6167.00;0.07;6167;0.08;6167;0.08;8553;True;8553.00;1.69;8560;0.26;8553;0.62;6757;True;6757.00;0.54;6757;0.15;6757;0.14;6331;True;6331.00;0.38;6332;0.11;6331;0.13;5878;True;5878.00;0.77;5883;0.19;5878;0.35;5641;True;5641.00;0.09;5641;0.10;5641;0.11
45;40;20;7281;True;7281.00;0.06;7281;0.07;7281;0.06;10093;True;10093.00;3.72;10111;0.32;10093;1.83;7848;True;7848.00;0.03;7848;0.03;7848;0.02;7457;True;7457.00;0.43;7457;0.12;7457;0.28;6936;True;6936.00;7.80;6943;0.69;6936;6.79;6549;True;6549.00;0.56;6549;0.13;6549;0.42
45;40;21;6509;True;6509.00;3.26;6509;0.30;6509;1.93;9298;True;9298.00;3.68;9298;0.28;9298;1.07;7176;True;7176.00;0.75;7176;0.14;7176;0.15;6819;True;6819.00;0.70;6819;0.17;6819;0.23;6229;True;6229.00;0.51;6232;0.10;6229;0.15;5981;True;5981.00;0.38;5993;0.29;5981;0.34
45;40;22;6775;True;6775.00;1.51;6775;0.16;6775;0.50;9457;True;9457.00;0.05;9457;0.05;9457;0.06;7316;True;7316.00;0.17;7316;0.11;7316;0.07;6820;True;6820.00;0.05;6820;0.06;6820;0.06;6353;True;6353.00;0.91;6364;0.29;6353;0.31;6131;True;6131.00;1.52;6131;0.28;6131;0.85
45;40;23;6132;True;6132.00;0.04;6132;0.04;6132;0.04;8632;True;8632.00;0.74;8632;0.13;8632;0.24;6778;True;6778.00;0.26;6778;0.11;6778;0.14;6296;True;6296.00;0.07;6296;0.07;6296;0.07;5825;True;5825.00;2.90;5825;0.30;5825;1.08;5585;True;5585.00;0.54;5597;0.24;5585;0.29
45;40;24;7165;True;7165.00;1.08;7165;0.52;7165;0.59;9957;True;9957.00;0.51;9968;0.15;9957;0.17;7985;True;7985.00;5.24;8007;0.58;7985;1.52;7364;True;7364.00;3.81;7370;0.25;7364;1.60;6819;True;6819.00;8.11;6819;0.37;6819;2.30;6545;True;6545.00;2.54;6554;0.42;6545;0.54
45;40;25;6757;True;6757.00;3.25;6757;0.25;6757;4.33;9486;True;9486.00;0.03;9486;0.03;9486;0.03;7228;True;7228.00;0.74;7228;0.18;7228;0.31;6756;True;6756.00;0.60;6756;0.17;6756;0.19;6353;True;6353.00;0.05;6353;0.06;6353;0.06;6031;True;6031.00;0.62;6031;0.19;6031;0.19
45;40;26;7399;True;7399.00;0.04;7399;0.05;7399;0.06;10421;True;10421.00;0.02;10421;0.02;10421;0.06;8166;True;8166.00;0.16;8178;0.16;8166;0.07;7594;True;7594.00;0.17;7617;0.20;7594;0.14;7059;True;7059.00;0.04;7059;0.05;7059;0.09;6742;True;6742.00;0.15;6742;0.09;6742;0.12
45;40;27;6179;True;6179.00;0.44;6179;0.14;6179;0.22;8577;True;8577.00;0.55;8577;0.13;8577;0.15;6776;True;6776.00;0.44;6786;0.12;6776;0.14;6356;True;6356.00;0.21;6356;0.10;6356;0.11;5846;True;5846.00;0.26;5846;0.13;5846;0.09;5648;True;5648.00;1.15;5654;0.20;5648;0.38
45;40;28;6786;True;6786.00;6.50;6793;0.82;6786;7.86;9443;True;9443.00;1.41;9468;0.60;9443;0.52;7106;True;7106.00;7.66;7125;0.95;7106;2.63;6683;True;6683.00;0.21;6683;0.21;6683;0.22;6307;True;6307.00;22.65;6312;0.97;6307;13.18;5959;True;5959.00;0.09;5959;0.09;5959;0.10
45;40;29;6849;True;6849.00;0.27;6849;0.15;6849;0.10;9650;True;9650.00;0.45;9650;0.14;9650;0.16;7422;True;7422.00;0.36;7422;0.10;7422;0.12;6960;True;6960.00;0.69;6967;0.13;6960;0.31;6464;True;6464.00;0.37;6464;0.07;6464;0.21;6135;True;6135.00;0.37;6135;0.15;6135;0.14
45;40;30;6880;True;6880.00;25.19;6880;0.74;6880;120.00;10017;True;10017.00;0.04;10017;0.04;10017;0.04;7542;True;7542.00;0.04;7542;0.03;7542;0.04;7051;True;7051.00;0.49;7059;0.18;7051;0.24;6573;True;6573.00;0.67;6573;0.12;6573;0.17;6219;True;6219.00;0.05;6219;0.05;6219;0.05
45;40;31;7259;True;7259.00;0.03;7259;0.03;7259;0.03;10050;True;10050.00;0.03;10050;0.02;10050;0.03;8004;True;8004.00;0.26;8004;0.10;8004;0.13;7480;True;7480.00;0.07;7480;0.08;7480;0.08;6856;True;6856.00;0.41;6856;0.15;6856;0.17;6528;True;6528.00;0.07;6528;0.08;6528;0.08
45;40;32;6188;True;6188.00;1.27;6188;0.33;6188;1.29;8725;True;8725.00;0.44;8725;0.13;8725;0.15;6615;True;6615.00;0.05;6615;0.04;6615;0.04;6270;True;6270.00;0.59;6279;0.17;6270;0.34;5863;True;5863.00;0.40;5863;0.12;5863;0.13;5584;True;5584.00;0.73;5584;0.19;5584;0.39
45;40;33;6076;True;6076.00;1.12;6086;0.70;6076;0.46;8416;True;8416.00;1.37;8421;0.22;8416;0.68;6524;True;6524.00;0.10;6524;0.09;6524;0.10;6164;True;6164.00;2.34;6171;0.60;6164;1.09;5766;True;5766.00;1.73;5766;0.73;5766;0.56;5484;True;5484.00;3.11;5489;1.08;5484;1.61
45;40;34;7244;True;7244.00;0.63;7244;0.19;7244;0.91;9872;True;9872.00;8.17;9872;0.19;9872;9.71;7890;True;7890.00;0.64;7906;0.14;7890;0.20;7274;True;7274.00;1.18;7293;0.20;7274;0.68;6790;True;6790.00;15.75;6822;0.63;6790;13.89;6561;True;6561.00;18.43;6567;0.58;6561;20.30
45;40;35;6478;True;6478.00;1.75;6491;0.62;6478;1.52;9144;True;9144.00;5.81;9147;0.62;9144;1.97;7304;True;7304.00;1.78;7319;0.33;7304;0.66;6807;True;6807.00;2.13;6808;0.33;6807;0.85;6197;True;6197.00;1.05;6197;0.15;6197;0.34;5969;True;5969.00;2.49;5973;0.58;5969;0.80
45;40;36;7420;True;7420.00;0.04;7420;0.04;7420;0.11;10755;True;10755.00;0.33;10755;0.16;10755;0.12;8081;True;8081.00;0.28;8081;0.19;8081;0.11;7607;True;7607.00;0.20;7607;0.17;7607;0.10;7072;True;7072.00;0.04;7072;0.05;7072;0.08;6786;True;6786.00;0.23;6786;0.11;6786;0.12
45;40;37;6825;True;6825.00;0.12;6825;0.06;6825;0.16;9767;True;9767.00;0.42;9793;0.11;9767;0.16;7519;True;7519.00;0.32;7523;0.15;7519;0.20;6894;True;6894.00;0.17;6894;0.07;6894;0.08;6441;True;6441.00;0.28;6441;0.11;6441;0.10;6181;True;6181.00;1.20;6183;0.16;6181;0.53
45;40;38;7131;True;7131.00;2.04;7155;0.60;7131;1.96;9855;True;9855.00;0.47;9858;0.11;9855;0.26;8122;True;8122.00;8.53;8124;0.26;8122;2.15;7445;True;7445.00;4.81;7467;0.69;7445;3.27;6843;True;6843.00;2.11;6846;0.28;6843;0.54;6534;True;6534.00;0.19;6534;0.10;6534;0.10
45;40;39;7584;True;7584.00;75.21;7591;0.52;7584;120.00;10384;True;10384.00;0.52;10388;0.09;10384;0.32;8203;True;8203.00;0.05;8203;0.04;8203;0.04;7585;True;7585.00;0.02;7585;0.02;7585;0.02;7081;True;7081.00;0.29;7099;0.10;7081;0.07;6756;True;6756.00;0.07;6756;0.07;6756;0.08
45;50;0;8070;True;8070.00;2.34;8070;0.26;8070;0.66;11520;True;11520.00;0.62;11520;0.21;11520;0.16;8999;True;8999.00;0.37;8999;0.24;8999;0.26;8514;True;8514.00;2.51;8517;0.60;8514;1.24;7799;True;7799.00;1.33;7801;0.25;7799;0.58;7547;True;7547.00;0.31;7555;0.26;7547;0.15
45;50;1;8376;True;8376.00;0.90;8376;0.35;8376;0.30;11821;True;11821.00;2.25;11826;0.41;11821;0.65;9181;True;9181.00;0.58;9181;0.17;9181;0.24;8586;True;8586.00;0.90;8592;0.29;8586;0.40;7856;True;7856.00;2.48;7860;0.64;7856;0.82;7554;True;7554.00;2.90;7559;0.31;7554;1.19
45;50;2;9440;True;9440.00;0.57;9440;0.13;9440;0.39;12915;True;12915.00;0.35;12927;0.13;12915;0.11;10265;True;10265.00;0.60;10265;0.10;10265;0.18;9503;True;9503.00;0.37;9506;0.09;9503;0.11;8901;True;8901.00;0.71;8901;0.13;8901;0.14;8477;True;8477.00;0.68;8477;0.15;8477;0.36
45;50;3;9488;True;9488.00;70.00;9492;1.19;9488;120.00;13457;True;13457.00;2.57;13457;1.36;13457;0.94;10474;True;10474.00;0.78;10474;0.15;10474;0.18;9781;True;9781.00;5.24;9787;0.68;9781;1.98;8994;True;8994.00;6.71;8998;0.77;8994;1.51;8644;True;8644.00;17.20;8647;1.19;8644;6.47
45;50;4;8285;True;8285.00;30.23;8298;0.85;8285;120.00;11225;True;11225.00;2.11;11243;0.50;11225;0.32;8783;True;8783.00;2.29;8796;0.44;8783;0.99;8332;True;8332.00;5.05;8335;0.45;8332;1.81;7739;True;7739.00;0.78;7739;0.42;7739;0.21;7401;True;7401.00;1.64;7424;1.52;7401;2.13
45;50;5;8742;True;8742.00;1.14;8768;0.57;8742;0.51;11840;True;11840.00;0.84;11840;0.19;11840;0.38;9484;True;9484.00;1.52;9487;0.19;9484;0.47;8754;True;8754.00;3.49;8754;0.28;8754;1.24;8251;True;8251.00;3.72;8261;0.87;8251;1.04;7846;True;7846.00;4.32;7852;0.23;7846;5.03
45;50;6;8691;True;8687.96;TL;8691;0.88;8691;120.00;12051;True;12051.00;19.12;12054;1.10;12051;13.94;9801;True;9801.00;3.93;9812;1.00;9801;1.18;9096;True;9096.00;1.61;9112;0.58;9096;1.09;8281;True;8281.00;1.21;8304;0.56;8281;0.30;8020;True;8020.00;4.75;8021;0.73;8020;1.50
45;50;7;9322;True;9322.00;1.80;9322;0.67;9322;0.94;13010;True;13010.00;1.06;13010;0.42;13010;0.54;10099;True;10099.00;0.07;10099;0.06;10099;0.07;9501;True;9501.00;0.23;9501;0.12;9501;0.11;8790;True;8790.00;1.40;8798;1.35;8790;0.73;8425;True;8425.00;1.47;8425;0.60;8425;0.63
45;50;8;8577;True;8577.00;12.20;8577;0.36;8577;7.15;12082;True;12082.00;4.63;12092;1.10;12082;2.42;9483;True;9483.00;2.44;9483;0.61;9483;0.46;8792;True;8792.00;0.98;8798;0.24;8792;0.31;8106;True;8106.00;9.00;8106;1.12;8106;3.63;7822;True;7822.00;2.19;7825;0.87;7822;1.48
45;50;9;9470;True;9470.00;3.13;9470;0.58;9470;5.03;13055;True;13055.00;0.55;13055;0.15;13055;0.22;10040;True;10040.00;0.03;10040;0.02;10040;0.03;9489;True;9489.00;0.53;9489;0.10;9489;0.17;8915;True;8915.00;0.05;8915;0.05;8915;0.06;8428;True;8428.00;0.85;8435;0.24;8428;0.32
45;50;10;9246;True;9246.00;1.24;9252;0.44;9246;1.34;12667;True;12667.00;1.19;12667;0.16;12667;0.18;10068;True;10068.00;0.42;10068;0.12;10068;0.15;9466;True;9466.00;0.48;9466;0.14;9466;0.19;8772;True;8772.00;3.27;8788;0.31;8772;1.11;8376;True;8376.00;0.34;8376;0.11;8376;0.10
45;50;11;8621;True;8621.00;298.78;8623;1.34;8623;120.00;12165;True;12165.00;4.78;12183;0.89;12165;1.72;9432;True;9432.00;0.95;9432;0.30;9432;0.46;8826;True;8826.00;3.52;8830;0.44;8826;0.80;8177;True;8177.00;26.46;8195;2.20;8177;13.13;7830;True;7830.00;2.94;7837;0.42;7830;0.74
45;50;12;8049;True;8049.00;17.79;8049;0.87;8049;17.21;11277;True;11277.00;2.34;11277;1.24;11277;0.79;8844;True;8844.00;0.99;8844;0.23;8844;0.32;8299;True;8299.00;0.09;8299;0.08;8299;0.10;7599;True;7599.00;1.32;7601;0.37;7599;0.58;7291;True;7291.00;2.38;7299;0.58;7291;0.80
45;50;13;8244;True;8244.00;6.93;8244;1.33;8244;13.85;11263;True;11263.00;11.35;11263;0.80;11263;4.19;8898;True;8898.00;1.31;8898;0.15;8898;0.32;8317;True;8317.00;1.61;8317;0.25;8317;0.40;7717;True;7717.00;3.75;7717;1.09;7717;1.11;7367;True;7367.00;0.75;7374;1.17;7367;0.79
45;50;14;7698;True;7698.00;2.60;7700;0.79;7698;4.71;10893;True;10893.00;1.59;10896;0.93;10893;1.19;8393;True;8393.00;0.12;8393;0.10;8393;0.18;7908;True;7908.00;1.53;7909;0.23;7908;0.52;7343;True;7343.00;1.97;7344;0.34;7343;0.64;7026;True;7026.00;1.17;7026;0.30;7026;0.41
45;50;15;8349;True;8349.00;0.90;8350;0.37;8349;0.28;11851;True;11851.00;1.27;11853;0.21;11851;0.25;9027;True;9027.00;2.44;9027;0.24;9027;0.92;8466;True;8466.00;0.60;8472;0.23;8466;0.21;7780;True;7780.00;0.56;7780;0.26;7780;0.29;7554;True;7554.00;1.04;7554;0.34;7554;0.51
45;50;16;8586;True;8586.00;0.49;8586;0.11;8586;0.15;11959;True;11959.00;1.40;11964;0.18;11959;0.44;9257;True;9257.00;0.25;9257;0.09;9257;0.09;8723;True;8723.00;0.48;8734;0.22;8723;0.19;8180;True;8180.00;12.64;8183;0.72;8180;5.89;7761;True;7761.00;1.48;7763;0.18;7761;0.55
45;50;17;8763;True;8763.00;0.37;8763;0.65;8763;0.25;12269;True;12269.00;1.60;12283;0.31;12269;0.46;9503;True;9503.00;1.62;9503;0.18;9503;0.49;8909;True;8909.00;1.35;8913;0.19;8909;0.78;8271;True;8271.00;6.34;8275;0.43;8271;2.23;7918;True;7918.00;0.20;7918;0.11;7918;0.10
45;50;18;8016;True;8016.00;0.39;8016;0.31;8016;0.23;11456;True;11456.00;0.29;11456;0.17;11456;0.13;8922;True;8922.00;0.62;8929;0.22;8922;0.17;8399;True;8399.00;1.00;8413;0.26;8399;0.53;7687;True;7687.00;2.51;7697;0.52;7687;0.78;7419;True;7419.00;2.82;7431;0.69;7419;1.57
45;50;19;8717;True;8717.00;2.55;8717;0.32;8717;0.57;12366;True;12366.00;2.09;12374;0.20;12366;0.86;9675;True;9675.00;0.07;9675;0.05;9675;0.06;9045;True;9045.00;0.16;9045;0.07;9045;0.11;8315;True;8315.00;1.24;8327;0.33;8315;0.33;7996;True;7996.00;6.22;8008;1.33;7996;3.66
45;50;20;8790;True;8790.00;0.04;8790;0.05;8790;0.05;12217;True;12217.00;0.07;12217;0.07;12217;0.07;10053;True;10053.00;0.31;10053;0.14;10053;0.20;9231;True;9231.00;1.89;9236;0.19;9231;0.89;8447;True;8447.00;0.93;8453;0.26;8447;0.22;8136;True;8136.00;0.79;8136;0.25;8136;0.29
45;50;21;9425;True;9425.00;0.44;9425;0.36;9425;0.34;13257;True;13257.00;0.44;13277;0.18;13257;0.19;10292;True;10292.00;0.05;10292;0.04;10292;0.04;9597;True;9597.00;0.18;9597;0.17;9597;0.15;8936;True;8936.00;0.84;8936;0.18;8936;0.17;8566;True;8566.00;0.44;8566;0.15;8566;0.22
45;50;22;8269;True;8269.00;1.72;8269;0.54;8269;0.81;11934;True;11934.00;0.96;11934;0.66;11934;0.57;9141;True;9141.00;0.32;9158;0.71;9141;0.32;8626;True;8626.00;0.54;8635;0.36;8626;0.23;7805;True;7805.00;0.76;7817;0.35;7805;0.24;7553;True;7553.00;1.92;7553;0.40;7553;2.04
45;50;23;8360;True;8360.00;1.18;8360;0.26;8360;0.70;11548;True;11548.00;1.20;11548;0.22;11548;0.33;9124;True;9124.00;0.71;9124;0.18;9124;0.18;8525;True;8525.00;1.55;8525;0.22;8525;0.46;7919;True;7919.00;1.71;7924;0.37;7919;0.71;7571;True;7571.00;0.67;7571;0.17;7571;0.25
45;50;24;7796;True;7796.00;6.19;7796;0.49;7796;1.96;10911;True;10911.00;0.09;10911;0.11;10911;0.09;8646;True;8646.00;1.03;8659;0.21;8646;0.32;8091;True;8091.00;5.23;8108;0.57;8091;3.46;7371;True;7371.00;0.82;7371;0.25;7371;0.30;7133;True;7133.00;1.01;7135;0.39;7133;0.88
45;50;25;8040;True;8040.00;7.91;8040;0.43;8040;5.00;11470;True;11470.00;1.71;11471;0.34;11470;0.57;9028;True;9028.00;0.07;9028;0.05;9028;0.06;8529;True;8529.00;0.88;8532;0.19;8529;0.28;7766;True;7766.00;6.01;7769;0.39;7766;2.13;7473;True;7473.00;1.61;7477;0.59;7473;0.90
45;50;26;8192;True;8192.00;1.67;8192;0.23;8192;2.75;11647;True;11647.00;1.21;11647;0.22;11647;0.33;8960;True;8960.00;1.74;8962;0.29;8960;0.75;8437;True;8437.00;1.73;8443;0.22;8437;0.72;7775;True;7775.00;0.85;7775;0.21;7775;0.37;7452;True;7452.00;0.45;7452;0.29;7452;0.19
45;50;27;8145;True;8145.00;19.30;8145;1.19;8145;37.44;11505;True;11505.00;1.82;11515;0.91;11505;1.19;8868;True;8868.00;0.35;8870;0.19;8868;0.21;8319;True;8319.00;1.63;8319;0.28;8319;0.57;7790;True;7790.00;2.12;7798;0.64;7790;0.82;7446;True;7446.00;2.42;7449;0.48;7446;0.78
45;50;28;8167;True;8167.00;6.47;8167;0.56;8167;2.68;11100;True;11100.00;16.52;11124;4.15;11100;3.98;8599;True;8599.00;3.49;8628;0.74;8599;0.85;8096;True;8096.00;1.52;8107;0.43;8096;0.56;7656;True;7656.00;15.03;7668;1.74;7656;4.86;7264;True;7264.00;53.89;7269;1.46;7264;63.72
45;50;29;7985;True;7985.00;12.92;8004;0.72;7985;15.50;11193;True;11193.00;206.89;11203;0.77;11206;120.00;8498;True;8498.00;1.95;8498;0.27;8498;0.37;7992;True;7992.00;16.93;8001;1.31;7992;22.90;7582;True;7582.00;1274.16;7620;0.93;7589;120.00;7198;True;7198.00;20.80;7221;1.20;7198;36.15
45;50;30;8149;True;8149.00;3.11;8157;1.03;8149;3.01;11542;True;11542.00;3.93;11550;0.44;11542;1.57;8981;True;8981.00;2.28;8981;0.27;8981;0.69;8386;True;8386.00;0.40;8386;0.35;8386;0.35;7793;True;7793.00;0.70;7793;0.92;7793;0.54;7420;True;7420.00;0.24;7420;0.27;7420;0.26
45;50;31;8148;True;8148.00;2801.79;8157;1.21;8174;120.00;11306;True;11306.00;43.21;11314;1.12;11306;52.42;8961;True;8961.00;7.59;9012;0.77;8961;3.54;8333;True;8331.00;TL;8335;0.58;8345;120.00;7735;True;7735.00;46.83;7778;1.13;7735;93.26;7371;True;7371.00;272.28;7410;0.77;7392;120.00
45;50;32;8593;False;8586.00;TL;8624;0.49;8644;120.00;11925;True;11925.00;114.89;11925;1.14;11925;89.62;9094;True;9094.00;1.36;9094;0.13;9094;0.35;8651;True;8651.00;3.06;8670;0.78;8651;1.14;8138;True;8138.00;3.64;8138;0.19;8138;2.62;7744;True;7744.00;2.44;7763;1.06;7744;2.53
45;50;33;8949;True;8949.00;0.61;8949;0.27;8949;0.34;12471;True;12471.00;0.06;12471;0.07;12471;0.13;9955;True;9955.00;1.01;9966;0.40;9955;0.24;9180;True;9180.00;1.37;9180;0.58;9180;0.48;8491;True;8491.00;4.09;8491;0.32;8491;1.17;8141;True;8141.00;0.22;8151;0.22;8141;0.17
45;50;34;8096;True;8096.00;1.25;8096;1.10;8096;0.65;11021;True;11021.00;1.63;11039;1.14;11021;0.85;9065;True;9065.00;0.10;9065;0.10;9065;0.09;8407;True;8407.00;4.28;8423;0.97;8407;2.45;7740;True;7740.00;57.43;7742;1.00;7740;75.45;7501;True;7501.00;18.83;7507;1.18;7501;24.53
45;50;35;8406;True;8406.00;0.56;8406;0.30;8406;0.39;11632;True;11632.00;0.41;11632;0.22;11632;0.14;9199;True;9199.00;0.57;9238;0.94;9199;0.26;8687;True;8687.00;0.63;8687;0.24;8687;0.37;7937;True;7937.00;0.09;7937;0.09;7937;0.20;7644;True;7644.00;0.37;7644;0.31;7644;0.34
45;50;36;8690;True;8690.00;5.39;8690;0.28;8690;6.84;11924;True;11924.00;2.09;11934;0.39;11924;0.79;9596;True;9596.00;0.72;9596;0.18;9596;0.24;8961;True;8961.00;3.36;8967;0.37;8961;1.46;8221;True;8221.00;3.60;8226;0.43;8221;1.31;7961;True;7961.00;5.63;7961;0.94;7961;1.77
45;50;37;8323;True;8323.00;2.19;8328;0.74;8323;3.39;11852;True;11852.00;0.27;11852;0.37;11852;0.21;9241;True;9241.00;0.86;9247;0.19;9241;0.35;8646;True;8646.00;1.62;8656;0.56;8646;1.00;7866;True;7866.00;0.09;7866;0.09;7866;0.09;7556;True;7556.00;0.41;7562;0.36;7556;0.41
45;50;38;8600;True;8600.00;11.38;8600;0.74;8600;52.21;11772;True;11772.00;15.69;11816;0.75;11772;11.03;9432;True;9432.00;0.93;9451;0.23;9432;0.38;8848;True;8848.00;15.28;8861;0.53;8848;9.49;8076;True;8076.00;35.02;8076;0.68;8076;30.04;7783;True;7783.00;6.13;7787;0.53;7783;2.53
45;50;39;8049;True;8049.00;5.48;8064;0.93;8049;16.11;11280;True;11280.00;5.22;11316;1.47;11280;3.55;8760;True;8760.00;2.75;8760;0.37;8760;1.17;8227;True;8227.00;3.74;8228;0.67;8227;1.56;7609;True;7609.00;20.35;7609;0.84;7609;11.30;7229;True;7229.00;16.44;7233;0.55;7229;6.11
45;60;0;10268;True;10268.00;4.55;10268;0.93;10268;5.06;14463;True;14463.00;0.54;14463;0.26;14463;0.28;11271;True;11271.00;0.66;11271;0.33;11271;0.37;10501;True;10501.00;2.30;10502;0.47;10501;1.20;9820;True;9820.00;1.22;9820;0.44;9820;0.56;9338;True;9338.00;6.66;9338;0.57;9338;2.51
45;60;1;9767;True;9767.00;48.55;9767;1.40;9767;66.28;13706;True;13706.00;5.28;13708;0.59;13706;1.86;10729;True;10729.00;1.76;10729;0.34;10729;0.61;10043;True;10043.00;0.17;10043;0.17;10043;0.19;9359;True;9359.00;15.17;9359;1.10;9359;5.87;8951;True;8951.00;6.00;8951;0.74;8951;3.83
45;60;2;7987;True;7987.00;12.57;7987;2.20;7987;9.00;11071;True;11071.00;1.67;11104;2.71;11071;1.77;8886;True;8886.00;8.97;8895;2.01;8886;3.86;8237;True;8237.00;11.03;8247;2.21;8237;7.25;7601;True;7601.00;0.25;7601;0.24;7601;0.23;7338;True;7338.00;8.56;7344;1.07;7338;4.55
45;60;3;9207;True;9207.00;10.63;9222;2.53;9207;6.32;12920;True;12920.00;4.74;12920;0.79;12920;1.63;10331;True;10331.00;1.38;10331;0.39;10331;0.61;9587;True;9587.00;4.54;9600;1.34;9587;2.07;8788;True;8788.00;6.16;8788;1.31;8788;2.88;8387;True;8387.00;7.73;8392;1.39;8387;5.19
45;60;4;10061;True;10061.00;11.26;10075;0.80;10061;22.24;14150;True;14150.00;227.27;14163;1.09;14172;120.00;10816;True;10816.00;4.53;10816;0.34;10816;2.19;10209;True;10209.00;9.94;10227;1.46;10209;8.32;9606;True;9606.00;13.73;9624;1.53;9606;9.04;9145;True;9145.00;223.68;9163;1.21;9170;120.00
45;60;5;9947;True;9947.00;11.83;9947;1.33;9947;13.73;14044;True;14044.00;17.79;14068;2.06;14044;6.34;11251;True;11251.00;1.71;11251;0.35;11251;0.54;10505;True;10505.00;12.80;10511;0.98;10505;4.34;9593;True;9593.00;1.62;9597;1.22;9593;0.61;9205;True;9205.00;24.38;9213;1.09;9205;20.85
45;60;6;10756;False;10750.00;TL;10770;1.08;10770;120.00;14871;True;14871.00;19.12;14884;1.25;14871;18.67;11817;True;11817.00;0.88;11817;0.21;11817;0.21;10997;True;10997.00;5.51;10997;0.50;10997;1.43;10165;True;10165.00;258.47;10177;4.35;10165;120.00;9762;True;9762.00;12.08;9762;0.54;9762;5.52
45;60;7;10365;True;10365.00;2.20;10368;0.67;10365;4.23;14671;True;14671.00;4.17;14673;0.44;14671;1.40;11325;True;11325.00;1.07;11344;0.41;11325;0.38;10715;True;10715.00;2.36;10719;0.42;10715;2.05;9907;True;9907.00;2.48;9917;0.38;9907;0.80;9491;True;9491.00;1.66;9491;0.30;9491;0.57
45;60;8;11123;True;11123.00;0.90;11123;0.84;11123;1.65;15562;True;15562.00;0.47;15562;0.79;15562;0.37;12231;True;12231.00;2.51;12231;0.93;12231;0.86;11432;True;11432.00;0.65;11432;0.86;11432;0.19;10591;True;10591.00;1.38;10591;0.82;10591;0.63;10146;True;10146.00;1.02;10146;0.97;10146;0.67
45;60;9;10439;True;10439.00;2.04;10439;0.74;10439;1.76;14549;True;14549.00;3.72;14549;0.95;14549;1.17;11528;True;11528.00;0.11;11528;0.11;11528;0.18;10783;True;10783.00;0.68;10783;0.38;10783;0.36;9915;True;9915.00;1.84;9915;0.93;9915;1.07;9522;True;9522.00;0.94;9522;0.54;9522;1.03
45;60;10;9582;True;9582.00;7.94;9582;1.15;9582;4.58;13293;True;13293.00;11.73;13301;1.47;13293;4.37;10400;True;10400.00;1.24;10400;0.29;10400;0.29;9642;True;9642.00;1.92;9642;0.67;9642;0.91;9009;True;9009.00;14.74;9010;1.46;9009;3.82;8651;True;8651.00;9.04;8651;1.09;8651;7.33
45;60;11;10803;True;10803.00;15.86;10805;1.74;10803;9.36;15151;True;15151.00;4.11;15173;1.24;15151;2.52;12146;True;12146.00;2.21;12148;0.41;12146;0.91;11094;True;11094.00;0.26;11094;0.26;11094;0.28;10259;True;10259.00;3.20;10263;0.78;10259;0.76;9876;True;9876.00;4.26;9881;0.88;9876;1.67
45;60;12;10190;True;10190.00;29.52;10196;2.17;10190;82.90;14407;True;14407.00;38.44;14421;1.32;14407;11.09;10988;True;10988.00;4.07;10993;0.33;10988;1.34;10353;True;10353.00;2.18;10353;0.34;10353;1.63;9704;True;9704.00;22.14;9704;1.19;9704;8.12;9325;True;9325.00;71.05;9332;1.61;9325;42.81
45;60;13;9660;True;9660.00;14.94;9660;1.45;9660;16.40;13718;True;13718.00;3.54;13718;0.57;13718;1.12;10633;True;10633.00;0.75;10633;0.22;10633;0.27;9884;True;9884.00;0.99;9884;0.36;9884;0.64;9096;True;9096.00;1.23;9103;1.18;9096;0.90;8781;True;8781.00;3.59;8781;0.52;8781;1.57
45;60;14;10956;True;10956.00;7.36;10958;1.16;10956;104.50;15258;True;15258.00;0.06;15258;0.07;15258;0.08;11791;True;11791.00;0.77;11792;0.20;11791;0.18;10921;True;10921.00;0.61;10921;0.22;10921;0.43;10299;True;10299.00;3.13;10302;0.45;10299;0.60;9862;True;9862.00;1.96;9862;0.39;9862;0.87
45;60;15;9658;False;9636.67;TL;9677;10.84;9685;120.00;13254;True;13254.00;13.20;13267;1.81;13254;8.67;10735;True;10735.00;1.17;10736;0.48;10735;0.38;9875;True;9875.00;4.39;9877;1.30;9875;2.29;9072;True;9072.00;0.33;9072;0.33;9072;0.33;8697;True;8697.00;14.61;8697;1.42;8697;13.91
45;60;16;9493;True;9493.00;2469.34;9493;1.57;9508;120.00;13347;True;13347.00;13.85;13354;1.21;13347;8.28;10634;True;10634.00;35.17;10654;2.15;10634;23.72;9804;True;9804.00;13.27;9827;1.38;9804;14.92;9110;True;9110.00;512.21;9118;1.66;9110;120.00;8733;True;8733.00;272.94;8745;2.12;8733;120.00
45;60;17;9337;True;9337.00;21.78;9341;1.27;9337;21.80;13028;True;13028.00;12.05;13028;1.21;13028;5.83;10310;True;10310.00;1.30;10310;0.41;10310;0.42;9625;True;9625.00;0.87;9625;0.38;9625;0.66;8931;True;8931.00;4.89;8931;0.46;8931;1.83;8594;True;8594.00;2.77;8594;1.20;8594;1.93
45;60;18;10717;True;10712.60;TL;10731;0.90;10778;120.00;14921;True;14921.00;34.98;14921;2.03;14921;25.91;11488;True;11488.00;3.82;11488;0.52;11488;1.33;10889;True;10889.00;15.97;10895;0.55;10889;15.16;10135;True;10135.00;182.09;10138;1.15;10135;120.00;9604;True;9604.00;23.34;9625;1.09;9604;23.26
45;60;19;10016;True;10016.00;2.03;10030;0.94;10016;0.64;14261;True;14261.00;19.24;14272;1.21;14261;8.04;11275;True;11275.00;0.80;11275;0.24;11275;0.36;10443;True;10443.00;2.71;10444;0.52;10443;0.88;9559;True;9559.00;10.48;9559;1.27;9559;5.17;9189;True;9189.00;9.85;9200;1.34;9189;6.22
45;60;20;9588;True;9588.00;0.11;9588;0.13;9588;0.12;13652;True;13652.00;6.67;13659;0.71;13652;2.27;10643;True;10643.00;1.71;10648;0.86;10643;1.27;9861;True;9861.00;1.11;9865;0.38;9861;0.39;9165;True;9165.00;3.92;9176;0.75;9165;0.98;8760;True;8760.00;3.32;8765;0.62;8760;1.43
45;60;21;10173;True;10173.00;1.87;10173;0.96;10173;0.68;14174;True;14174.00;3.31;14174;0.60;14174;0.63;11114;True;11114.00;1.50;11114;0.21;11114;0.37;10369;True;10369.00;1.05;10369;0.42;10369;0.50;9658;True;9658.00;7.97;9658;0.47;9658;1.97;9246;True;9246.00;6.53;9254;1.20;9246;3.63
45;60;22;10448;True;10448.00;2.54;10448;1.12;10448;120.00;14739;True;14739.00;1.41;14749;0.74;14739;0.82;11708;True;11708.00;1.41;11718;0.46;11708;0.57;10840;True;10840.00;1.46;10840;0.54;10840;1.38;9951;True;9951.00;6.78;9954;0.57;9951;4.28;9528;True;9528.00;1.55;9528;0.23;9528;0.83
45;60;23;9417;True;9414.87;TL;9418;2.49;9419;120.00;13144;True;13144.00;14.93;13164;0.95;13144;10.55;10512;True;10512.00;0.86;10512;0.29;10512;0.43;9637;True;9637.00;3.16;9656;1.89;9637;2.05;8909;True;8909.00;85.85;8924;3.78;8909;56.05;8587;True;8587.00;95.02;8598;1.43;8587;101.97
45;60;24;10647;True;10647.00;174.39;10658;1.82;10647;120.00;14868;True;14868.00;3.87;14891;0.91;14868;3.77;11325;True;11325.00;1.07;11341;0.32;11325;0.39;10679;True;10679.00;0.89;10684;0.22;10679;0.39;9937;True;9937.00;50.91;9948;1.15;9937;44.23;9500;True;9500.00;4.52;9533;0.77;9500;4.71
45;60;25;10276;False;10265.30;TL;10284;4.93;10294;120.00;14397;True;14397.00;6.35;14397;1.00;14397;2.46;10918;True;10918.00;1.79;10918;0.19;10918;0.37;10341;True;10341.00;2.52;10341;0.28;10341;0.65;9612;True;9612.00;49.46;9612;1.16;9612;29.76;9150;True;9150.00;17.25;9157;0.87;9150;6.08
45;60;26;10045;True;10045.00;1.50;10045;0.45;10045;0.88;13998;True;13998.00;3.21;14004;0.29;13998;1.20;11414;True;11414.00;0.49;11414;0.18;11414;0.14;10561;True;10561.00;0.12;10561;0.13;10561;0.14;9486;True;9486.00;4.07;9487;0.29;9486;1.14;9175;True;9175.00;1.02;9175;0.32;9175;0.86
45;60;27;10231;True;10231.00;1.27;10231;0.78;10231;0.70;14551;True;14551.00;0.61;14551;0.43;14551;0.40;11158;True;11158.00;1.61;11158;0.86;11158;0.52;10601;True;10601.00;3.42;10602;1.15;10601;1.98;9666;True;9666.00;0.72;9680;0.35;9666;0.29;9364;True;9364.00;3.47;9364;1.40;9364;1.64
45;60;28;9778;True;9778.00;4.25;9792;1.27;9778;4.92;13791;True;13791.00;0.82;13791;0.37;13791;0.25;10718;True;10718.00;1.70;10725;0.48;10718;0.80;9952;True;9952.00;1.15;9958;0.35;9952;0.51;9345;True;9345.00;3.28;9349;0.43;9345;1.05;8977;True;8977.00;4.72;8977;0.56;8977;3.87
45;60;29;8593;True;8593.00;2.39;8593;0.74;8593;1.32;12020;True;12020.00;6.47;12020;1.67;12020;3.81;9507;True;9507.00;12.16;9517;1.86;9507;5.37;8914;True;8914.00;6.90;8924;0.86;8914;2.74;8142;True;8142.00;1.92;8157;1.29;8142;0.86;7838;True;7838.00;1.95;7838;0.63;7838;0.77
45;60;30;10730;True;10730.00;14.29;10730;1.21;10730;45.75;15028;True;15028.00;2.61;15054;0.82;15028;2.26;11837;True;11837.00;3.01;11837;0.35;11837;0.91;11025;True;11025.00;1.39;11032;0.33;11025;0.90;10093;True;10093.00;0.63;10093;0.62;10093;0.62;9845;True;9845.00;50.14;9845;1.09;9845;29.57
45;60;31;9156;True;9156.00;4.44;9162;1.42;9156;3.14;13233;True;13233.00;5.40;13247;2.03;13233;1.76;10214;True;10214.00;5.24;10226;1.44;10214;1.91;9551;True;9551.00;1.93;9551;1.19;9551;0.95;8713;True;8713.00;1.34;8739;1.90;8713;0.64;8409;True;8409.00;2.38;8419;1.75;8409;1.49
45;60;32;10890;True;10890.00;0.42;10890;1.09;10890;0.27;15211;True;15211.00;13.80;15211;1.03;15211;4.90;11558;True;11558.00;1.13;11558;0.16;11558;0.25;10943;True;10943.00;2.85;10944;0.31;10943;1.19;10223;True;10223.00;17.82;10230;0.80;10223;13.70;9774;True;9774.00;2.59;9774;0.25;9774;1.05
45;60;33;10159;True;10159.00;2.96;10159;0.53;10159;1.47;14529;True;14529.00;4.11;14529;0.74;14529;1.57;11236;True;11236.00;1.61;11236;0.22;11236;0.49;10576;True;10576.00;0.73;10595;0.30;10576;0.33;9729;True;9729.00;1.73;9729;0.28;9729;0.71;9356;True;9356.00;1.99;9363;0.40;9356;1.22
45;60;34;10227;True;10227.00;0.73;10227;0.21;10227;0.20;14534;True;14534.00;0.08;14534;0.09;14534;0.10;11282;True;11282.00;0.10;11282;0.10;11282;0.30;10590;True;10590.00;2.19;10592;0.46;10590;1.35;9719;True;9719.00;0.56;9719;0.17;9719;0.17;9412;True;9412.00;2.09;9412;0.31;9412;1.04
45;60;35;9652;True;9652.00;1.30;9652;0.36;9652;0.75;13666;True;13666.00;10.22;13682;1.32;13666;3.61;10503;True;10503.00;2.47;10503;0.34;10503;0.80;9828;True;9828.00;4.20;9831;0.44;9828;1.87;9178;True;9178.00;9.96;9184;0.56;9178;2.84;8769;True;8769.00;4.46;8773;0.54;8769;1.78
45;60;36;10123;True;10118.50;TL;10131;2.40;10124;120.00;14152;True;14152.00;3.40;14170;1.37;14152;1.34;11177;True;11177.00;4.23;11186;0.70;11177;1.47;10337;True;10337.00;10.83;10340;0.77;10337;4.83;9524;True;9524.00;91.76;9524;0.74;9524;87.75;9155;True;9155.00;70.09;9155;1.40;9155;57.59
45;60;37;8743;True;8743.00;1.49;8743;0.42;8743;3.10;12202;True;12202.00;11.96;12227;2.91;12202;5.71;9675;True;9675.00;31.16;9678;0.69;9675;17.36;8950;True;8950.00;23.36;8953;1.23;8950;11.82;8315;True;8315.00;2.78;8315;0.54;8315;1.53;8057;True;8057.00;25.14;8058;1.85;8057;15.72
45;60;38;9921;True;9921.00;1.61;9921;1.26;9921;1.27;13701;True;13701.00;3.06;13703;1.26;13701;1.05;10953;True;10953.00;434.37;10959;1.58;10953;120.00;10193;True;10193.00;184.99;10193;0.98;10213;120.00;9280;True;9280.00;0.92;9280;1.13;9280;0.49;8971;True;8971.00;0.19;8971;0.17;8971;0.50
45;60;39;9729;True;9729.00;44.92;9729;1.28;9729;55.25;13743;True;13743.00;71.53;13752;2.48;13743;53.99;10572;True;10572.00;8.08;10588;0.97;10572;3.97;9931;True;9931.00;2.70;9931;0.62;9931;0.89;9202;True;9202.00;4.99;9211;1.10;9202;2.61;8828;True;8828.00;73.09;8834;1.34;8828;84.97
45;70;0;10622;True;10622.00;4.11;10638;2.70;10622;3.50;14493;True;14493.00;21.46;14498;2.19;14493;9.31;11592;True;11592.00;7.45;11592;0.76;11592;3.08;10701;True;10701.00;15.40;10701;0.90;10701;6.00;10065;True;10065.00;14.75;10072;2.14;10065;6.26;9544;True;9544.00;5.44;9544;1.10;9544;2.41
45;70;1;12278;True;12278.00;6.16;12278;0.91;12278;13.74;17287;True;17287.00;4.62;17289;0.39;17287;0.99;13483;True;13483.00;2.40;13490;0.64;13483;0.73;12584;True;12584.00;5.70;12585;0.43;12584;1.99;11629;True;11629.00;16.23;11637;1.46;11629;9.63;11145;True;11145.00;5.49;11151;1.50;11145;2.00
45;70;2;12493;True;12493.00;143.65;12510;2.31;12493;120.00;17151;True;17151.00;10.96;17157;1.43;17151;3.08;13433;True;13433.00;5.89;13442;0.52;13433;2.32;12567;True;12567.00;6.66;12571;1.13;12567;1.81;11593;True;11593.00;4.69;11604;1.65;11593;2.84;11154;True;11154.00;6.43;11155;0.93;11154;1.99
45;70;3;11250;True;11250.00;10.01;11250;0.80;11250;14.09;15797;True;15797.00;1.42;15797;0.48;15797;0.61;12229;True;12229.00;5.38;12229;1.51;12229;3.49;11503;True;11503.00;5.13;11508;0.51;11503;2.17;10776;True;10776.00;0.18;10776;0.16;10776;0.21;10206;True;10206.00;9.25;10208;0.68;10206;5.32
45;70;4;12264;True;12264.00;3.85;12264;0.71;12264;4.73;17130;True;17130.00;3.32;17138;0.36;17130;1.31;13637;True;13637.00;1.21;13644;0.32;13637;0.41;12668;True;12668.00;0.64;12668;0.25;12668;0.44;11657;True;11657.00;1.60;11657;0.31;11657;0.89;11173;True;11173.00;0.21;11173;0.23;11173;0.23
45;70;5;11668;True;11668.00;19.18;11670;2.81;11668;18.02;16494;True;16494.00;3.10;16517;1.44;16494;0.86;12519;True;12519.00;4.24;12519;0.41;12519;1.45;11864;True;11864.00;3.81;11872;1.00;11864;1.76;11062;True;11062.00;19.20;11078;2.52;11062;15.49;10538;True;10538.00;10.05;10540;1.94;10538;4.58
45;70;6;11351;True;11351.00;325.36;11366;4.06;11363;120.00;15817;True;15817.00;59.37;15881;2.09;15817;100.87;12647;True;12647.00;43.35;12660;1.26;12647;49.77;11672;True;11672.00;164.35;11672;1.51;11675;120.00;10827;True;10827.00;62.30;10830;1.49;10827;43.56;10322;True;10322.00;4.07;10322;0.70;10322;3.72
45;70;7;11203;True;11203.00;6.15;11208;0.86;11203;9.40;15558;True;15558.00;5.84;15565;0.45;15558;2.42;12362;True;12362.00;6.11;12370;0.69;12362;2.78;11568;True;11568.00;15.36;11582;1.31;11568;12.43;10769;True;10769.00;8.92;10770;1.27;10769;3.65;10330;True;10330.00;8.29;10332;0.68;10330;4.76
45;70;8;11806;True;11806.00;18.99;11806;2.53;11806;120.00;16908;True;16908.00;40.28;16917;2.81;16908;20.37;12791;True;12791.00;2.76;12791;0.46;12791;0.95;11989;True;11989.00;8.41;11992;0.92;11989;4.10;11188;True;11188.00;401.21;11197;1.47;11194;120.00;10694;True;10694.00;53.87;10694;1.54;10694;41.47
45;70;9;11694;True;11694.00;2.68;11694;0.45;11694;2.12;16423;True;16423.00;1.15;16423;0.40;16423;0.27;13262;True;13262.00;3.84;13274;1.54;13262;1.30;12239;True;12239.00;4.88;12239;0.54;12239;1.49;11194;True;11194.00;3.80;11194;1.02;11194;1.40;10868;True;10868.00;18.84;10868;1.18;10868;11.36
45;70;10;12194;True;12194.00;628.19;12197;1.91;12197;120.00;17451;True;17451.00;6.03;17465;1.41;17451;2.35;13203;True;13203.00;0.96;13212;0.37;13203;0.31;12305;True;12305.00;1.51;12305;0.55;12305;0.47;11489;True;11489.00;4.80;11497;0.82;11489;2.37;11016;True;11016.00;7.54;11016;0.92;11016;2.05
45;70;11;11712;True;11712.00;2.65;11712;0.39;11712;1.42;16372;True;16372.00;2.63;16390;0.61;16372;1.15;12768;True;12768.00;1.66;12781;0.89;12768;0.69;11883;True;11883.00;4.25;11893;1.01;11883;2.05;11069;True;11069.00;0.41;11093;0.46;11069;0.25;10698;True;10698.00;2.11;10703;1.50;10698;2.19
45;70;12;11768;True;11768.00;10.04;11768;1.24;11768;19.25;16619;True;16619.00;4.94;16637;1.40;16619;1.57;12907;True;12907.00;6.36;12907;1.54;12907;3.34;12096;True;12096.00;4.33;12096;0.61;12096;2.61;11189;True;11189.00;1.33;11195;0.60;11189;0.93;10834;True;10834.00;7.94;10838;1.97;10834;8.28
45;70;13;11273;True;11273.00;17.12;11273;1.73;11277;120.00;15535;True;15535.00;5.96;15535;0.89;15535;1.21;12287;True;12287.00;1.75;12287;0.39;12287;0.53;11428;True;11428.00;1.79;11428;0.52;11428;1.06;10650;True;10650.00;12.61;10664;3.15;10650;3.69;10171;True;10171.00;6.11;10171;1.54;10171;5.18
45;70;14;12901;True;12901.00;6.41;12904;1.35;12901;49.26;18076;True;18076.00;6.07;18082;0.93;18076;2.22;14130;True;14130.00;1.09;14138;0.28;14130;0.87;13129;True;13129.00;0.64;13129;0.30;13129;0.32;12232;True;12232.00;3.66;12232;0.33;12232;1.19;11722;True;11722.00;0.54;11723;0.33;11722;0.30
45;70;15;12024;True;12024.00;2.64;12032;0.78;12024;2.11;16910;False;16900.20;TL;16935;1.85;16945;120.00;12967;True;12967.00;24.08;12972;0.94;12967;23.11;12235;True;12235.00;6.78;12254;1.49;12235;6.38;11411;True;11411.00;75.35;11432;1.32;11411;82.92;10910;True;10910.00;628.25;10920;1.90;10947;120.00
45;70;16;12386;True;12386.00;13.11;12387;1.31;12386;55.15;17516;True;17516.00;18.45;17521;1.45;17516;4.42;13425;True;13425.00;1.52;13440;0.56;13425;0.83;12571;True;12571.00;0.80;12571;0.47;12571;0.83;11829;True;11829.00;4.79;11831;0.41;11829;1.86;11279;True;11279.00;3.87;11279;0.48;11279;1.31
45;70;17;11148;True;11148.00;5.06;11148;1.69;11148;1.67;15984;True;15984.00;11.12;15989;1.01;15984;2.97;12298;True;12298.00;3.09;12307;0.64;12298;1.82;11514;True;11514.00;26.29;11522;2.27;11514;24.49;10606;True;10606.00;13.20;10607;1.98;10606;5.11;10180;True;10180.00;6.86;10180;1.10;10180;2.54
45;70;18;12250;True;12245.80;TL;12261;1.34;12265;120.00;16982;True;16982.00;12.18;17009;1.79;16982;6.28;13564;True;13564.00;28.58;13564;1.22;13564;19.71;12396;True;12396.00;5.04;12396;0.59;12396;1.27;11568;True;11568.00;23.23;11568;1.15;11568;8.93;11071;True;11071.00;47.57;11090;1.55;11071;55.46
45;70;19;11155;False;11121.80;TL;11155;1.77;11169;120.00;15552;True;15552.00;270.23;15557;2.54;15552;120.00;12095;True;12095.00;39.95;12106;1.41;12095;35.29;11334;True;11334.00;72.64;11340;3.41;11368;120.00;10410;True;10410.00;59.08;10442;6.71;10410;120.00;10019;True;10019.00;9.35;10023;2.34;10019;10.78
45;70;20;11566;True;11566.00;1810.28;11566;2.31;11583;120.00;16209;True;16209.00;165.09;16209;6.12;16211;120.00;12829;True;12829.00;47.97;12835;1.44;12829;50.76;11974;True;11974.00;24.73;11990;2.50;11974;28.35;11099;True;11099.00;81.55;11149;9.68;11099;97.33;10643;True;10643.00;192.66;10661;7.49;10643;120.00
45;70;21;11866;True;11866.00;1.92;11866;1.68;11866;25.61;16843;True;16843.00;4.15;16861;1.78;16843;2.20;13006;True;13006.00;3.45;13010;1.09;13006;1.68;12165;True;12165.00;11.96;12165;1.51;12165;4.88;11305;True;11305.00;4.33;11305;0.57;11305;2.29;10846;True;10846.00;0.76;10846;0.53;10846;0.72
45;70;22;10958;True;10958.00;18.60;10962;2.81;10958;55.67;15215;True;15215.00;11.37;15227;1.50;15215;5.04;12049;True;12049.00;20.92;12058;1.18;12049;6.69;11179;True;11179.00;5.48;11179;1.45;11179;2.52;10387;True;10387.00;14.88;10392;1.29;10387;7.65;9956;True;9956.00;5.37;9972;2.69;9956;2.21
45;70;23;11240;True;11240.00;1.09;11240;0.38;11240;0.51;16056;True;16056.00;1.01;16086;1.93;16056;0.38;12173;True;12173.00;18.92;12175;0.68;12173;11.83;11457;True;11457.00;1.69;11457;0.55;11457;0.72;10753;True;10753.00;1.58;10753;0.50;10753;1.58;10191;True;10191.00;1.99;10191;0.76;10191;1.71
45;70;24;11544;True;11544.00;90.11;11548;1.85;11544;120.00;16395;True;16395.00;22.43;16407;1.03;16395;9.78;12803;True;12803.00;4.83;12807;0.82;12803;2.77;11920;True;11920.00;15.39;11925;2.17;11920;5.83;11012;True;11012.00;62.47;11012;1.17;11012;30.34;10649;True;10649.00;30.42;10661;3.87;10649;13.72
45;70;25;11612;True;11612.00;19.45;11618;2.01;11612;24.51;16374;True;16374.00;26.80;16385;4.43;16374;20.31;12756;True;12756.00;2.56;12756;0.42;12756;0.90;11872;True;11872.00;3.01;11876;0.56;11872;1.75;10990;True;10990.00;90.75;10990;2.12;10990;120.00;10592;True;10592.00;31.56;10598;3.90;10592;18.10
45;70;26;11583;True;11583.00;52.34;11583;1.90;11583;61.00;16304;True;16304.00;9.31;16316;1.05;16304;4.81;12402;True;12402.00;0.83;12402;0.48;12402;0.48;11693;True;11693.00;2.54;11693;0.44;11693;1.04;10938;True;10938.00;3.67;10955;0.90;10938;2.49;10491;True;10491.00;10.93;10497;1.87;10491;6.45
45;70;27;11765;True;11765.00;4.55;11765;0.72;11765;16.94;16824;True;16824.00;5.13;16842;0.79;16824;1.26;12926;True;12926.00;0.92;12926;0.39;12926;0.53;12243;True;12243.00;1.20;12250;0.58;12243;1.31;11293;True;11293.00;2.17;11298;0.53;11293;1.05;10841;True;10841.00;0.57;10841;0.44;10841;0.37
45;70;28;10990;True;10990.00;4.87;11008;2.05;10990;4.80;15592;True;15592.00;9.75;15617;1.67;15592;2.50;12060;True;12060.00;2.74;12067;0.82;12060;1.36;11383;True;11383.00;1.72;11385;0.61;11383;0.72;10446;True;10446.00;36.44;10466;2.08;10446;20.63;10123;True;10123.00;22.29;10123;1.09;10123;12.08
45;70;29;11531;True;11531.00;166.30;11531;2.15;11531;120.00;15904;True;15904.00;0.23;15904;0.23;15904;0.22;12792;True;12792.00;10.97;12794;1.19;12792;3.77;11848;True;11848.00;3.06;11851;0.43;11848;0.90;10955;True;10955.00;14.09;10957;1.34;10955;3.49;10536;True;10536.00;1.37;10536;1.30;10536;0.83
45;70;30;11161;True;11161.00;20.75;11161;1.51;11161;80.82;15698;True;15698.00;0.83;15712;0.48;15698;0.27;12058;True;12058.00;5.40;12059;1.34;12058;1.67;11359;True;11359.00;6.80;11363;0.67;11359;6.77;10569;True;10569.00;8.34;10573;0.79;10569;3.15;10116;True;10116.00;4.96;10119;0.83;10116;2.83
45;70;31;11805;True;11805.00;2.39;11805;0.48;11805;1.45;16262;True;16262.00;2.85;16262;0.39;16262;0.60;12898;True;12898.00;0.48;12898;0.36;12898;0.26;12000;True;12000.00;6.10;12000;0.89;12000;3.73;11177;True;11177.00;7.81;11180;0.69;11177;1.95;10681;True;10681.00;12.91;10684;0.84;10681;4.68
45;70;32;10696;True;10696.00;46.80;10696;2.40;10696;120.00;14819;True;14819.00;22.80;14819;2.53;14819;22.16;11542;True;11542.00;3.86;11542;0.92;11542;2.96;10827;True;10827.00;31.39;10840;2.66;10827;14.32;10121;True;10121.00;22.41;10126;3.09;10121;5.76;9604;True;9604.00;49.06;9609;4.19;9604;20.30
45;70;33;12233;True;12233.00;1.89;12233;0.42;12233;1.73;17228;True;17228.00;3.98;17246;1.31;17228;1.13;13540;True;13540.00;1.69;13540;0.44;13540;0.86;12600;True;12600.00;0.85;12600;0.40;12600;0.66;11625;True;11625.00;0.44;11625;0.30;11625;0.40;11209;True;11209.00;4.36;11210;0.45;11209;3.11
45;70;34;10616;True;10616.00;11.40;10617;1.59;10616;11.71;14970;True;14970.00;14.77;14970;1.05;14970;4.14;11708;True;11708.00;5.95;11714;0.72;11708;1.94;11008;True;11008.00;31.36;11016;2.62;11008;16.19;10141;True;10141.00;32.71;10143;1.80;10141;28.21;9794;True;9794.00;15.68;9801;2.96;9794;14.49
45;70;35;11297;True;11297.00;0.17;11297;0.18;11297;0.46;15884;True;15884.00;2.43;15884;1.34;15884;0.85;12710;True;12710.00;0.22;12710;0.23;12710;0.46;11910;True;11910.00;2.98;11910;1.50;11910;1.61;10858;True;10858.00;2.84;10868;1.53;10858;1.03;10364;True;10364.00;1.29;10364;1.39;10364;1.07
45;70;36;11002;False;10993.30;TL;11002;3.50;11015;120.00;15052;True;15052.00;718.23;15094;3.42;15088;120.00;12021;True;12021.00;29.47;12034;1.91;12021;14.39;11205;True;11205.00;162.01;11217;2.46;11209;120.00;10368;True;10368.00;590.19;10390;2.60;10430;120.00;10024;True;10022.40;TL;10039;2.19;10051;120.00
45;70;37;11695;True;11695.00;14.81;11704;1.61;11695;53.75;16408;True;16408.00;9.14;16420;1.16;16408;4.28;12749;True;12749.00;3.82;12759;0.86;12749;1.64;11906;True;11906.00;11.67;11906;0.62;11906;4.44;11148;True;11148.00;2966.89;11169;1.44;11185;120.00;10645;True;10645.00;241.28;10664;3.30;10651;120.00
45;70;38;11829;True;11829.00;1.22;11834;1.24;11829;1.28;16534;True;16534.00;5.72;16537;1.37;16534;2.51;13150;True;13150.00;4.57;13161;2.43;13150;2.53;12243;True;12243.00;2.84;12268;1.57;12243;1.71;11199;True;11199.00;0.17;11199;0.17;11199;0.38;10815;True;10815.00;6.28;10815;0.90;10815;2.05
45;70;39;12107;True;12107.00;7.75;12109;1.37;12107;120.00;16759;True;16759.00;3.55;16759;1.45;16759;0.98;13224;True;13224.00;3.35;13233;1.61;13224;1.53;12231;True;12231.00;3.17;12239;1.26;12231;1.29;11366;True;11366.00;1.49;11366;1.35;11366;0.59;10824;True;10824.00;0.27;10824;0.28;10824;0.75
45;80;0;15223;True;15223.00;0.93;15223;0.61;15223;1.01;21181;True;21181.00;14.28;21185;0.89;21181;4.62;16444;True;16444.00;1.90;16451;0.51;16444;1.17;15300;True;15300.00;2.22;15300;0.71;15300;1.37;14274;True;14274.00;1.73;14277;0.40;14274;0.70;13693;True;13693.00;2.34;13705;0.77;13693;1.01
45;80;1;13683;True;13683.00;105.09;13683;3.50;13683;120.00;18935;True;18935.00;8.17;18935;0.87;18935;4.28;14927;True;14927.00;15.27;14934;0.98;14927;4.77;13915;True;13915.00;3.01;13915;0.65;13915;1.10;12921;True;12921.00;72.68;12930;2.19;12921;32.37;12328;True;12328.00;1.85;12328;0.85;12328;1.18
45;80;2;13370;True;13370.00;2.80;13370;1.90;13370;1.80;18922;True;18922.00;10.26;18922;3.04;18922;4.02;14862;True;14862.00;12.51;14864;2.01;14862;4.10;13775;True;13775.00;4.98;13785;2.02;13775;2.59;12678;True;12678.00;22.35;12684;3.35;12678;13.22;12219;True;12219.00;41.01;12226;3.33;12219;40.59
45;80;3;13224;True;13224.00;35.57;13224;2.24;13224;20.36;18163;True;18163.00;0.21;18163;0.23;18163;0.21;14378;True;14378.00;4.58;14378;0.82;14378;2.22;13424;True;13424.00;30.44;13428;2.37;13424;13.75;12424;True;12424.00;53.64;12433;2.48;12424;34.80;11877;True;11877.00;16.14;11881;1.41;11877;12.28
45;80;4;12792;True;12792.00;10.52;12797;2.05;12792;120.00;17754;True;17754.00;8.08;17754;2.51;17754;5.29;13758;True;13758.00;32.45;13768;3.06;13758;21.81;13055;True;13055.00;13.93;13065;3.16;13055;8.55;12140;True;12140.00;20.98;12140;2.42;12140;11.95;11607;True;11607.00;13.37;11607;3.37;11607;12.13
45;80;5;13095;False;13086.10;TL;13100;1.82;13095;120.00;18246;False;18239.30;TL;18270;15.00;18299;120.00;14070;True;14070.00;176.52;14073;1.79;14074;120.00;13246;True;13246.00;1416.94;13247;2.15;13253;120.00;12476;False;12444.70;TL;12483;3.03;12513;120.00;11820;True;11820.00;657.10;11824;1.70;11831;120.00
45;80;6;13754;True;13754.00;5.27;13754;1.60;13754;9.75;19249;True;19249.00;12.82;19254;1.32;19249;7.49;15435;True;15435.00;11.91;15435;1.94;15435;4.80;14318;True;14318.00;3.74;14318;1.66;14318;1.50;13103;True;13103.00;4.47;13103;1.62;13103;3.45;12616;True;12616.00;8.14;12616;1.07;12616;5.65
45;80;7;13623;True;13623.00;21.59;13635;2.58;13623;120.00;19383;True;19383.00;20.30;19397;1.84;19383;23.24;14812;True;14812.00;0.29;14812;0.31;14812;0.31;13752;True;13752.00;8.17;13753;1.02;13752;2.43;12986;True;12986.00;17.86;12987;1.50;12986;9.33;12428;True;12428.00;40.92;12430;3.00;12428;20.09
45;80;8;12124;True;12124.00;13.92;12127;1.72;12124;46.35;17171;True;17171.00;58.57;17178;4.17;17171;30.32;13436;True;13436.00;29.64;13436;1.31;13436;18.44;12493;True;12493.00;17.13;12505;1.48;12493;8.48;11492;True;11492.00;14.93;11501;2.19;11492;7.40;11099;True;11099.00;14.43;11105;2.83;11099;9.41
45;80;9;14037;True;14037.00;2.69;14049;2.20;14037;0.92;19828;True;19828.00;24.60;19828;1.54;19828;6.58;15481;True;15481.00;2.72;15481;1.68;15481;1.01;14392;True;14392.00;2.53;14399;1.54;14392;0.66;13327;True;13327.00;2.81;13327;1.64;13327;1.32;12859;True;12859.00;3.25;12860;1.94;12859;1.97
45;80;10;13613;True;13613.00;129.36;13613;2.51;13613;120.00;19331;True;19331.00;68.66;19331;4.39;19331;55.56;15079;True;15079.00;166.41;15084;1.46;15079;120.00;14073;True;14073.00;409.60;14085;2.15;14083;120.00;12944;True;12944.00;123.22;12953;2.12;12988;120.00;12517;True;12517.00;904.13;12518;3.46;12533;120.00
45;80;11;13728;True;13728.00;7.86;13728;2.08;13728;10.82;19290;True;19290.00;8.87;19290;1.93;19290;2.94;15269;True;15269.00;1.49;15269;0.52;15269;0.89;14038;True;14038.00;2.97;14040;0.47;14038;1.15;13040;True;13040.00;11.00;13052;2.05;13040;4.63;12523;True;12523.00;8.54;12527;0.78;12523;7.60
45;80;12;13541;True;13541.00;3.78;13550;2.59;13541;3.53;19003;True;19003.00;3.28;19018;0.94;19003;0.94;15001;True;15001.00;5.75;15002;0.69;15001;4.06;13973;True;13973.00;7.36;13978;1.67;13973;5.04;12771;True;12771.00;2.02;12771;0.77;12771;1.00;12301;True;12301.00;3.79;12302;0.54;12301;2.18
45;80;13;14604;True;14604.00;1.36;14604;0.48;14604;1.57;20169;True;20169.00;2.47;20169;0.54;20169;0.75;15923;True;15923.00;1.35;15923;0.39;15923;0.45;14992;True;14992.00;3.06;14998;0.55;14992;1.30;13786;True;13786.00;2.78;13787;0.63;13786;2.26;13249;True;13249.00;3.05;13251;0.51;13249;1.71
45;80;14;12526;False;12491.50;TL;12526;3.96;12526;120.00;17372;True;17372.00;185.77;17390;2.74;17372;120.00;13795;True;13795.00;58.40;13797;2.77;13795;38.37;12649;True;12649.00;410.87;12662;2.87;12656;120.00;11762;True;11762.00;2557.00;11769;1.83;11779;120.00;11337;False;11326.10;TL;11345;27.94;11361;120.00
45;80;15;13760;False;13742.70;TL;13760;2.76;13765;120.00;19496;True;19496.00;9.74;19505;1.84;19496;2.94;14975;True;14975.00;59.94;14975;2.16;14975;39.49;13918;True;13918.00;7.72;13932;1.84;13918;6.59;12952;True;12952.00;4.30;12966;2.33;12952;2.36;12432;True;12432.00;8.89;12432;2.20;12432;2.69
45;80;16;13138;True;13138.00;2.00;13138;1.33;13138;1.09;18590;True;18590.00;2.58;18590;0.52;18590;1.00;14532;True;14532.00;5.27;14536;1.28;14532;3.55;13632;True;13632.00;6.69;13635;0.95;13632;3.37;12665;True;12665.00;0.97;12665;0.51;12665;0.79;12060;True;12060.00;0.75;12072;0.97;12060;0.61
45;80;17;12826;True;12826.00;21.93;12826;3.19;12826;32.56;17843;True;17843.00;26.34;17848;3.53;17843;17.20;14326;True;14326.00;8.95;14326;1.29;14326;4.57;13252;True;13252.00;3.58;13252;0.81;13252;1.87;12182;True;12182.00;4.76;12188;2.39;12182;4.57;11792;True;11792.00;30.47;11795;2.75;11792;40.41
45;80;18;12799;True;12799.00;9.61;12802;2.99;12799;19.76;17616;True;17616.00;558.98;17630;2.59;17658;120.00;13753;True;13753.00;21.58;13766;2.38;13753;17.28;12953;True;12953.00;11.91;12956;2.04;12953;6.47;12148;True;12148.00;2.46;12148;2.24;12148;1.24;11572;True;11572.00;3.94;11572;2.26;11572;3.73
45;80;19;12729;True;12729.00;13.82;12732;2.91;12729;54.76;18193;True;18193.00;12.76;18193;2.04;18193;12.55;13928;True;13928.00;30.98;13944;5.00;13928;23.65;12958;True;12958.00;5.13;12962;2.12;12958;2.21;12112;True;12112.00;4.30;12114;2.38;12112;2.39;11585;True;11585.00;9.37;11586;2.28;11585;6.09
45;80;20;12595;False;12577.60;TL;12598;3.49;12598;120.00;17751;True;17751.00;3.69;17755;2.02;17751;3.54;13541;True;13541.00;50.38;13541;3.69;13541;18.30;12732;True;12732.00;36.84;12734;1.43;12732;23.71;11996;True;11996.00;346.23;12005;3.39;11996;120.00;11357;True;11357.00;131.49;11361;5.66;11357;95.24
45;80;21;14692;True;14692.00;4.83;14696;0.44;14692;4.17;20665;True;20665.00;1.68;20665;0.37;20665;0.39;16454;True;16454.00;1.15;16459;0.36;16454;0.76;15366;True;15366.00;1.31;15371;0.34;15366;0.68;14002;True;14002.00;2.86;14011;0.59;14002;0.66;13528;True;13528.00;1.94;13537;0.93;13528;1.20
45;80;22;12962;True;12962.00;8.12;12968;2.25;12962;6.68;18489;True;18489.00;19.60;18493;1.07;18489;11.24;14076;True;14076.00;7.37;14076;1.45;14076;3.65;13245;True;13245.00;2.36;13245;0.56;13245;0.80;12309;True;12309.00;4.17;12309;0.62;12309;1.14;11834;True;11834.00;6.37;11834;0.74;11834;7.41
45;80;23;12509;True;12509.00;544.26;12526;5.60;12515;120.00;17394;True;17394.00;15.51;17407;2.97;17394;10.30;13524;True;13524.00;27.40;13526;1.44;13524;14.74;12703;True;12703.00;13.04;12703;1.27;12703;8.07;11804;True;11804.00;7.85;11811;1.54;11804;3.26;11295;True;11295.00;72.17;11297;5.49;11295;51.96
45;80;24;11928;True;11928.00;9.49;11940;4.65;11928;6.72;16716;True;16716.00;16.71;16716;2.93;16716;8.00;13059;True;13059.00;7.57;13059;1.11;13059;3.84;12236;True;12236.00;57.85;12240;2.72;12236;71.61;11317;True;11317.00;8.93;11317;0.96;11317;3.30;10881;True;10881.00;19.18;10890;2.56;10881;13.28
45;80;25;13484;True;13484.00;1.47;13484;1.96;13484;0.93;18840;True;18840.00;4.13;18861;2.37;18840;1.36;14770;True;14770.00;1.33;14770;1.83;14770;1.21;13878;True;13878.00;14.95;13887;2.28;13878;7.39;12849;True;12849.00;13.74;12849;2.49;12849;8.03;12237;True;12237.00;10.90;12238;2.40;12237;7.39
45;80;26;13274;True;13274.00;2.91;13276;0.88;13274;5.96;18747;True;18747.00;2.67;18747;0.46;18747;1.61;14557;True;14557.00;3.32;14574;2.04;14557;1.53;13512;True;13512.00;4.27;13512;0.68;13512;2.05;12472;True;12472.00;19.19;12472;1.50;12472;9.62;12016;True;12016.00;9.69;12016;2.13;12016;7.73
45;80;27;13088;True;13088.00;15.52;13091;1.01;13088;14.75;18135;True;18135.00;24.37;18136;1.23;18135;5.55;14496;True;14496.00;14.52;14496;1.08;14496;6.32;13482;True;13482.00;4.57;13491;0.75;13482;2.70;12372;True;12372.00;5.22;12379;1.15;12372;3.13;11990;True;11990.00;8.34;11992;1.93;11990;5.88
45;80;28;13555;True;13555.00;1.53;13557;2.31;13555;13.80;19047;True;19047.00;9.57;19047;2.04;19047;3.25;15052;True;15052.00;2.18;15052;1.64;15052;1.33;13826;True;13826.00;1.17;13826;1.41;13826;1.05;12855;True;12855.00;4.25;12865;2.32;12855;4.54;12357;True;12357.00;2.66;12357;2.95;12357;1.90
45;80;29;13520;True;13520.00;54.36;13542;1.75;13520;120.00;19080;True;19080.00;875.06;19133;1.66;19174;120.00;14948;True;14948.00;3.06;14957;1.40;14948;1.64;14036;True;14036.00;66.24;14051;2.10;14036;67.76;12931;True;12931.00;2501.74;12947;1.72;12931;120.00;12442;True;12442.00;1594.74;12442;1.24;12476;120.00
45;80;30;13792;False;13779.70;TL;13808;3.18;13792;120.00;18911;True;18911.00;313.29;18938;2.20;18911;120.00;15252;True;15252.00;411.78;15272;5.17;15259;120.00;14148;True;14148.00;44.22;14148;1.93;14148;30.59;13021;True;13021.00;85.93;13027;1.82;13025;120.00;12554;False;12548.50;TL;12567;3.18;12613;120.00
45;80;31;13255;True;13255.00;0.63;13255;0.36;13255;0.35;18710;True;18710.00;5.39;18717;1.14;18710;2.76;14344;True;14344.00;9.73;14348;2.14;14344;3.98;13519;True;13519.00;11.58;13525;1.27;13519;8.14;12568;True;12568.00;13.16;12579;1.98;12568;6.49;12078;True;12078.00;14.04;12081;1.50;12078;9.03
45;80;32;13133;True;13133.00;102.77;13140;4.71;13133;120.00;18256;True;18256.00;63.55;18269;6.61;18256;38.29;13991;True;13991.00;8.62;13991;2.71;13991;4.84;13100;True;13100.00;52.65;13105;2.11;13100;24.16;12323;True;12323.00;40.94;12323;2.75;12323;33.81;11754;True;11754.00;10.60;11759;1.50;11754;5.35
45;80;33;12776;True;12776.00;2.81;12777;2.52;12776;5.81;18071;True;18071.00;2.01;18071;2.23;18071;1.14;14226;True;14226.00;13.45;14237;3.35;14226;8.60;13226;True;13226.00;3.26;13226;2.12;13226;2.97;12230;True;12230.00;2.97;12236;2.29;12230;3.27;11743;True;11743.00;32.81;11755;5.90;11743;29.89
45;80;34;11521;True;11521.00;37.80;11526;3.20;11521;71.85;15936;True;15936.00;18.78;15936;2.83;15936;5.92;12417;True;12417.00;29.35;12420;3.12;12417;19.16;11620;True;11620.00;7.78;11632;2.37;11620;3.84;10893;True;10893.00;85.92;10898;10.48;10893;118.09;10448;True;10448.00;6.48;10448;2.83;10448;5.37
45;80;35;13094;True;13094.00;2.05;13094;0.67;13094;1.24;18290;True;18290.00;1.56;18290;0.45;18290;0.89;14342;True;14342.00;6.96;14342;0.84;14342;3.39;13482;True;13482.00;8.24;13488;1.68;13482;3.82;12397;True;12397.00;24.39;12397;3.02;12397;21.89;11958;True;11958.00;11.82;11962;2.40;11958;8.58
45;80;36;13016;True;13016.00;321.72;13070;3.70;13080;120.00;18457;True;18455.00;TL;18482;3.56;18480;120.00;14249;True;14249.00;24.09;14253;1.47;14249;9.23;13290;True;13290.00;3.67;13290;0.57;13290;1.82;12328;True;12328.00;480.86;12338;2.94;12353;120.00;11956;False;11932.90;TL;11962;2.79;12000;120.00
45;80;37;12243;True;12243.00;30.20;12243;2.29;12243;20.05;17419;True;17419.00;17.15;17426;1.89;17419;11.24;13554;True;13554.00;4.59;13565;0.90;13554;3.34;12780;True;12780.00;4.12;12790;2.53;12780;3.12;11729;True;11729.00;4.74;11737;2.73;11729;3.60;11275;True;11275.00;9.16;11279;2.88;11275;5.73
45;80;38;13361;True;13361.00;1.35;13361;0.78;13361;1.27;18329;True;18329.00;2.98;18331;0.78;18329;1.14;14660;True;14660.00;3.79;14660;0.63;14660;2.23;13615;True;13615.00;8.96;13615;0.68;13615;5.77;12597;True;12597.00;4.05;12597;1.77;12597;1.97;12133;True;12133.00;10.89;12133;1.18;12133;8.80
45;80;39;12900;True;12900.00;3.31;12903;1.75;12900;12.74;18128;True;18128.00;13.24;18142;2.84;18128;5.52;14242;True;14242.00;1.35;14242;1.65;14242;1.66;13237;True;13237.00;5.44;13237;2.01;13237;5.29;12186;True;12186.00;18.95;12189;3.25;12186;14.68;11735;True;11735.00;4.71;11743;3.20;11735;3.42
45;90;0;14832;True;14832.00;3.89;14832;1.03;14832;4.92;20836;True;20836.00;4.72;20852;1.83;20836;4.73;16250;True;16250.00;11.21;16252;2.72;16250;5.30;15197;True;15197.00;23.03;15197;2.68;15197;14.09;14113;True;14113.00;68.14;14115;3.40;14113;120.00;13537;True;13537.00;4.85;13537;1.33;13537;6.89
45;90;1;15591;True;15591.00;1211.20;15605;1.73;15618;120.00;21679;True;21679.00;28.95;21686;1.08;21679;31.26;17104;True;17104.00;25.05;17106;3.75;17104;10.80;15878;True;15878.00;66.79;15883;2.14;15878;20.91;14749;True;14749.00;354.57;14749;2.34;14749;120.00;14165;True;14165.00;36.58;14166;2.98;14165;33.24
45;90;2;14617;False;14582.50;TL;14617;8.61;14624;120.00;20532;True;20532.00;26.32;20541;2.55;20532;10.10;15925;True;15925.00;45.33;15935;2.96;15925;20.83;14947;True;14947.00;4.39;14963;2.92;14947;3.50;13808;True;13808.00;99.74;13817;2.89;13808;106.23;13382;True;13382.00;123.14;13389;6.15;13382;120.00
45;90;3;15329;True;15329.00;1292.17;15332;2.00;15329;120.00;21563;True;21563.00;0.23;21563;0.23;21563;0.28;16989;True;16989.00;9.60;16992;1.92;16989;6.87;15864;True;15864.00;4.65;15864;0.86;15864;2.75;14667;True;14667.00;25.46;14670;2.55;14667;16.74;14061;True;14061.00;21.53;14064;2.29;14061;10.21
45;90;4;13552;True;13552.00;7.55;13562;4.09;13552;19.13;18762;True;18762.00;6.27;18783;3.85;18762;5.32;15021;True;15021.00;17.15;15033;5.21;15021;11.60;13963;True;13963.00;33.03;13963;4.56;13963;25.52;12889;True;12889.00;18.15;12889;3.44;12889;13.15;12438;True;12438.00;39.66;12443;7.58;12438;42.56
45;90;5;15189;False;15176.50;TL;15189;2.68;15218;120.00;21111;True;21111.00;193.51;21118;1.83;21148;120.00;16477;True;16477.00;219.60;16478;1.79;16477;120.00;15384;True;15384.00;134.56;15404;3.36;15384;84.26;14377;True;14377.00;735.30;14390;2.98;14451;120.00;13704;True;13704.00;51.56;13730;6.74;13704;64.64
45;90;6;15005;True;15005.00;189.46;15009;2.75;15005;120.00;20913;True;20913.00;101.21;20927;2.87;20913;58.82;16278;True;16278.00;6.88;16278;1.86;16278;3.05;15206;True;15206.00;1.68;15206;1.10;15206;0.75;14251;True;14251.00;125.26;14251;2.91;14251;85.64;13599;True;13599.00;73.33;13609;3.32;13599;64.61
45;90;7;15294;False;15291.10;TL;15296;3.60;15295;120.00;21469;True;21469.00;1513.55;21474;2.80;21473;120.00;16610;True;16610.00;2.39;16610;0.45;16610;0.99;15508;True;15508.00;5.18;15508;0.86;15508;2.65;14542;True;14542.00;534.48;14552;13.45;14551;120.00;13874;True;13874.00;23.06;13885;3.25;13874;20.73
45;90;8;15133;True;15133.00;106.62;15133;4.09;15133;120.00;21164;True;21164.00;284.36;21165;4.08;21164;120.00;16995;True;16995.00;16.41;16999;2.05;16995;5.21;15780;True;15780.00;35.30;15790;3.75;15780;22.23;14545;True;14545.00;38.45;14545;3.09;14545;18.07;14023;True;14023.00;70.09;14032;3.00;14023;41.47
45;90;9;14943;True;14943.00;6.17;14943;1.64;14943;4.04;21076;True;21076.00;31.18;21082;3.07;21076;14.90;16636;True;16636.00;1.35;16636;2.40;16636;1.67;15617;True;15617.00;20.62;15618;3.62;15617;9.39;14264;True;14264.00;5.43;14275;2.92;14264;2.39;13761;True;13761.00;2.20;13761;2.69;13761;1.96
45;90;10;15331;True;15331.00;15.62;15331;2.99;15331;34.71;21451;True;21451.00;35.65;21465;4.96;21451;16.31;16624;True;16624.00;22.93;16627;3.13;16624;15.85;15672;True;15672.00;15.64;15682;4.50;15672;11.61;14408;True;14408.00;6.51;14423;2.45;14408;3.38;13872;True;13872.00;13.87;13874;2.96;13872;6.55
45;90;11;14372;True;14372.00;19.96;14372;4.25;14372;86.17;20393;True;20393.00;31.67;20414;5.87;20393;12.41;15645;True;15645.00;16.80;15662;4.40;15645;10.09;14680;True;14680.00;23.84;14688;4.59;14680;12.02;13589;True;13589.00;66.65;13593;4.87;13589;32.63;13121;True;13121.00;46.28;13130;5.69;13121;70.22
45;90;12;16388;True;16388.00;6.40;16388;0.61;16388;22.33;23395;True;23395.00;16.07;23401;0.89;23395;4.84;18085;True;18085.00;3.75;18085;0.68;18085;1.38;16895;True;16895.00;2.45;16895;0.73;16895;0.56;15679;True;15679.00;7.01;15679;0.47;15679;3.44;15030;True;15030.00;6.33;15030;0.69;15030;5.44
45;90;13;14886;True;14886.00;70.70;14895;5.47;14886;120.00;21166;True;21166.00;2.32;21174;0.73;21166;1.72;16409;True;16409.00;6.47;16409;1.62;16409;8.27;15349;True;15349.00;16.57;15349;1.96;15349;11.81;14168;True;14168.00;16.86;14168;1.91;14168;8.10;13629;True;13629.00;121.53;13630;3.54;13629;99.23
45;90;14;15295;True;15295.00;4.00;15295;0.64;15295;15.29;21496;True;21496.00;16.09;21515;3.00;21496;8.50;16994;True;16994.00;12.89;16994;2.19;16994;11.61;15772;True;15772.00;27.40;15772;3.22;15772;23.73;14527;True;14527.00;14.67;14527;0.73;14527;5.17;13924;True;13924.00;2.49;13937;1.60;13924;1.80
45;90;15;13246;True;13246.00;3267.38;13246;4.23;13253;120.00;18551;True;18551.00;591.07;18571;16.10;18558;120.00;14625;True;14625.00;94.71;14625;3.23;14625;112.83;13710;True;13710.00;98.52;13723;2.71;13710;94.34;12599;True;12599.00;1284.89;12604;62.93;12614;120.00;12081;True;12081.00;864.84;12091;11.24;12087;120.00
45;90;16;14003;True;14003.00;853.26;14004;3.63;14003;120.00;19602;True;19602.00;118.41;19602;11.28;19602;75.82;15686;True;15686.00;43.82;15701;5.79;15686;21.17;14636;True;14636.00;12.69;14636;2.55;14636;14.44;13434;True;13434.00;295.38;13440;9.02;13434;120.00;13005;True;13005.00;36.00;13029;11.99;13005;15.09
45;90;17;14481;True;14481.00;35.11;14486;2.92;14481;120.00;20098;True;20098.00;7.36;20098;0.98;20098;2.13;16457;True;16457.00;4.74;16463;1.93;16457;2.74;15162;True;15162.00;19.58;15175;2.98;15162;11.03;13744;True;13744.00;5.61;13751;0.85;13744;3.70;13334;True;13334.00;67.40;13335;3.46;13334;57.76
45;90;18;15010;False;15003.60;TL;15036;3.59;15048;120.00;20817;True;20817.00;3022.41;20822;4.18;20836;120.00;16473;True;16473.00;20.25;16473;1.56;16473;14.89;15462;True;15462.00;3477.74;15477;3.34;15500;120.00;14264;True;14264.00;566.71;14276;2.59;14366;120.00;13667;False;13638.80;TL;13667;2.39;13668;120.00
45;90;19;15170;True;15170.00;79.74;15170;2.13;15170;120.00;21248;True;21248.00;8.82;21257;2.50;21248;3.72;16923;True;16923.00;17.27;16927;1.05;16923;8.75;15705;True;15705.00;4.18;15711;1.69;15705;2.33;14443;True;14443.00;3.30;14448;0.90;14443;2.87;13829;True;13829.00;6.84;13829;0.95;13829;2.66
45;90;20;14395;True;14395.00;397.67;14395;4.23;14404;120.00;19977;True;19977.00;12.87;20000;2.84;19977;3.95;15635;True;15635.00;14.07;15637;2.23;15635;12.76;14521;True;14521.00;18.34;14526;2.67;14521;14.43;13566;True;13566.00;19.41;13579;3.77;13566;27.70;13006;True;13006.00;18.73;13007;3.16;13006;11.08
45;90;21;14320;True;14320.00;39.08;14320;3.12;14320;120.00;20072;True;20072.00;126.86;20072;4.68;20080;120.00;15901;True;15901.00;38.42;15902;2.48;15901;22.84;14866;True;14866.00;147.05;14868;2.46;14871;120.00;13683;True;13683.00;75.51;13683;2.23;13683;109.73;13124;True;13124.00;36.17;13125;2.43;13124;50.52
45;90;22;14437;True;14437.00;149.20;14437;4.32;14437;120.00;20029;True;20029.00;2.14;20029;1.39;20029;1.71;15621;True;15621.00;18.01;15625;4.14;15621;9.93;14636;True;14636.00;41.31;14638;4.26;14636;36.31;13562;True;13562.00;4.17;13576;2.59;13562;2.46;13020;True;13020.00;30.89;13023;2.01;13020;16.03
45;90;23;15013;True;15013.00;10.75;15018;2.07;15013;6.94;20907;True;20907.00;5.01;20907;1.44;20907;4.82;16721;True;16721.00;6.90;16722;1.25;16721;4.76;15598;True;15598.00;21.12;15605;2.29;15598;23.92;14295;True;14295.00;15.67;14295;1.25;14295;13.00;13655;True;13655.00;31.01;13661;2.48;13655;19.34
45;90;24;13464;True;13464.00;1023.16;13464;3.59;13464;120.00;18868;True;18868.00;14.45;18868;4.39;18868;16.99;14915;True;14915.00;4.57;14924;1.84;14915;2.63;14026;True;14026.00;13.78;14026;3.25;14026;11.32;12759;True;12759.00;43.28;12766;3.87;12759;47.74;12358;True;12358.00;50.02;12358;2.29;12358;89.29
45;90;25;14471;True;14471.00;38.21;14473;3.99;14471;92.42;20521;True;20521.00;47.63;20531;4.50;20521;26.36;16009;True;16009.00;9.35;16009;1.00;16009;4.92;15002;True;15002.00;6.32;15002;0.73;15002;1.82;13867;True;13867.00;120.47;13873;5.08;13867;106.33;13329;True;13329.00;16.66;13336;2.15;13329;21.03
45;90;26;14624;True;14624.00;10.19;14631;3.06;14624;28.55;20902;True;20902.00;3.08;20919;1.61;20902;1.06;15986;True;15986.00;7.44;15992;3.78;15986;3.48;15056;True;15056.00;34.93;15062;2.98;15056;25.34;13899;True;13899.00;5.30;13899;0.86;13899;2.22;13399;True;13399.00;27.41;13399;3.06;13399;26.04
45;90;27;14278;True;14278.00;36.57;14282;4.38;14278;120.00;20252;True;20252.00;44.00;20262;3.42;20252;28.91;15672;True;15672.00;36.37;15676;3.54;15672;34.24;14614;True;14614.00;10.37;14614;1.67;14614;6.04;13589;True;13589.00;25.26;13590;3.28;13589;14.25;13044;True;13044.00;53.61;13045;3.18;13044;58.48
45;90;28;15220;True;15220.00;4.96;15220;1.38;15220;3.39;21753;True;21753.00;26.68;21761;3.54;21753;13.35;17004;True;17004.00;9.95;17009;2.72;17004;6.49;15773;True;15773.00;9.88;15775;1.08;15773;4.95;14667;True;14667.00;22.99;14667;2.50;14667;10.88;14087;True;14087.00;2.49;14087;0.92;14087;1.43
45;90;29;15027;True;15027.00;4.04;15027;1.88;15027;28.22;21290;True;21290.00;11.18;21304;1.60;21290;7.63;16708;True;16708.00;9.43;16708;2.60;16708;11.73;15551;True;15551.00;15.44;15553;1.34;15551;11.28;14322;True;14322.00;13.42;14322;1.16;14322;14.56;13874;True;13874.00;5.41;13880;1.12;13874;5.36
45;90;30;14970;True;14970.00;2.24;14970;2.22;14970;4.96;21415;True;21415.00;1.20;21415;2.57;21415;1.87;16574;True;16574.00;11.53;16587;2.67;16574;4.76;15405;True;15405.00;4.75;15405;2.81;15405;4.33;14301;True;14301.00;2.91;14310;3.42;14301;1.67;13792;True;13792.00;3.48;13792;3.52;13792;3.49
45;90;31;15273;True;15273.00;40.15;15273;2.77;15284;120.00;21246;True;21246.00;14.70;21259;2.67;21246;7.00;16935;True;16935.00;10.45;16935;1.37;16935;9.21;15773;True;15773.00;5.26;15773;1.09;15773;2.28;14488;True;14488.00;92.45;14494;3.47;14488;65.64;13978;True;13978.00;34.70;13980;2.89;13978;26.43
45;90;32;14575;True;14575.00;68.90;14584;3.15;14575;120.00;20225;True;20225.00;58.12;20225;3.67;20225;27.64;16198;True;16198.00;27.88;16204;1.43;16198;15.59;15166;True;15166.00;5.69;15172;1.38;15166;4.27;13862;True;13862.00;4.92;13862;0.76;13862;3.13;13381;True;13381.00;10.12;13386;1.76;13381;4.64
45;90;33;15658;False;15633.70;TL;15659;2.30;15661;120.00;21852;False;21822.80;TL;21877;1.73;21922;120.00;17094;True;17094.00;3.22;17094;0.50;17094;1.54;15973;True;15973.00;8.21;15975;2.64;15973;9.28;14800;True;14800.00;508.57;14805;2.46;14836;120.00;14184;True;14184.00;2264.64;14197;2.81;14192;120.00
45;90;34;15888;True;15888.00;16.73;15888;2.46;15888;112.51;22062;True;22062.00;3.37;22062;0.76;22062;2.18;16995;True;16995.00;3.15;16995;0.90;16995;2.38;16020;True;16020.00;10.68;16020;1.79;16020;7.76;14942;True;14942.00;5.54;14942;1.51;14942;3.86;14312;True;14312.00;11.52;14319;2.68;14312;6.71
45;90;35;15459;True;15459.00;3.49;15470;2.96;15459;1.69;21695;True;21695.00;2.90;21695;2.69;21695;2.54;17162;True;17162.00;4.47;17162;2.70;17162;3.30;16106;True;16106.00;6.48;16106;2.32;16106;2.29;14775;True;14775.00;9.15;14783;3.21;14775;4.37;14245;True;14245.00;5.25;14245;2.44;14245;4.12
45;90;36;14252;True;14252.00;57.94;14252;2.79;14252;120.00;19564;True;19564.00;29.61;19582;3.65;19564;13.94;15755;True;15755.00;20.73;15757;1.56;15755;15.08;14650;True;14650.00;16.09;14664;3.38;14650;6.41;13507;True;13507.00;8.05;13521;3.92;13507;1.91;13085;True;13085.00;31.64;13089;5.31;13085;14.50
45;90;37;14044;True;14044.00;1.90;14044;1.21;14044;8.79;19963;True;19963.00;92.87;19978;5.96;19963;63.54;15361;True;15361.00;8.46;15363;0.80;15361;3.83;14346;True;14346.00;27.52;14352;2.85;14346;17.03;13234;True;13234.00;51.53;13234;4.29;13234;26.34;12743;True;12743.00;12.94;12751;2.23;12743;15.41
45;90;38;14593;False;14584.70;TL;14595;6.61;14597;120.00;20415;True;20415.00;179.11;20431;3.70;20415;120.00;16147;True;16147.00;35.00;16164;3.91;16147;27.22;15179;True;15179.00;35.86;15183;3.85;15179;19.27;14006;True;14006.00;37.53;14006;4.30;14006;21.82;13479;True;13479.00;1057.99;13493;9.61;13485;120.00
45;90;39;13850;True;13850.00;469.87;13851;2.89;13851;120.00;19979;True;19979.00;138.13;20034;4.39;20024;120.00;15368;True;15368.00;48.52;15371;3.68;15368;24.93;14301;True;14301.00;15.96;14310;3.70;14301;4.23;13238;True;13238.00;21.94;13257;9.14;13238;20.37;12716;True;12716.00;75.94;12736;10.93;12716;109.15
45;100;0;15328;False;15318.00;TL;15336;5.42;15392;120.00;21066;False;21055.90;TL;21079;6.56;21120;120.00;16872;True;16872.00;1461.17;16879;8.04;16878;120.00;15757;True;15757.00;178.19;15758;4.09;15757;120.00;14559;False;14541.20;TL;14559;9.55;14582;120.00;14083;False;14069.70;TL;14083;8.22;14122;120.00
45;100;1;17482;True;17482.00;8.08;17482;1.00;17482;92.17;24408;True;24408.00;5.39;24408;1.10;24408;2.64;19329;True;19329.00;24.33;19332;2.69;19329;12.75;17920;True;17920.00;11.60;17929;3.35;17920;6.76;16443;True;16443.00;8.92;16447;2.60;16443;5.51;15869;True;15869.00;26.38;15876;5.96;15869;15.80
45;100;2;16624;True;16624.00;131.73;16628;4.76;16624;120.00;23041;True;23041.00;33.56;23058;4.02;23041;21.15;18213;True;18213.00;15.47;18226;1.55;18213;6.80;17036;True;17036.00;1.54;17036;0.87;17036;1.16;15684;True;15684.00;62.35;15687;3.45;15684;16.77;15040;True;15040.00;94.04;15042;5.71;15040;79.66
45;100;3;17722;True;17722.00;2048.77;17722;2.66;17722;120.00;24451;True;24451.00;303.70;24458;4.20;24477;120.00;19530;True;19530.00;2.64;19530;2.77;19530;1.47;18213;True;18213.00;33.64;18213;3.01;18213;17.82;16811;True;16811.00;29.79;16812;4.63;16811;14.98;16126;True;16126.00;24.40;16135;3.76;16126;16.03
45;100;4;15948;True;15948.00;2405.52;15948;2.83;15948;120.00;22155;True;22155.00;11.84;22155;1.39;22155;4.52;17732;True;17732.00;7.46;17732;3.05;17732;9.60;16497;True;16497.00;15.71;16505;5.80;16497;24.77;15259;True;15259.00;26.87;15259;3.75;15259;21.51;14605;True;14605.00;57.05;14610;2.72;14605;32.64
45;100;5;16323;True;16323.00;42.33;16323;3.69;16323;120.00;22541;True;22541.00;15.04;22541;2.70;22541;8.04;17673;True;17673.00;49.09;17681;3.12;17673;45.48;16518;True;16518.00;17.01;16522;3.73;16518;13.32;15466;True;15466.00;62.11;15471;4.75;15466;103.71;14810;True;14810.00;24.95;14821;4.24;14810;13.84
45;100;6;16538;True;16538.00;13.77;16540;1.93;16538;11.40;23132;True;23132.00;9.95;23146;1.85;23132;4.77;18312;True;18312.00;15.87;18315;1.07;18312;12.82;17070;True;17070.00;17.77;17070;3.44;17070;24.11;15708;True;15708.00;7.77;15712;3.16;15708;5.30;15225;True;15225.00;27.13;15231;3.41;15225;13.20
45;100;7;15991;True;15991.00;56.47;15993;3.17;15993;120.00;22363;True;22363.00;863.27;22373;4.28;22371;120.00;17068;True;17068.00;28.47;17068;3.16;17068;21.71;16159;True;16159.00;5.20;16159;0.98;16159;2.25;15200;True;15200.00;673.13;15203;8.32;15208;120.00;14585;True;14585.00;23.90;14603;7.14;14585;12.08
45;100;8;16152;True;16152.00;59.32;16165;7.57;16152;120.00;22408;True;22408.00;11.57;22408;3.15;22408;6.13;17495;True;17495.00;33.42;17503;3.47;17495;27.11;16309;True;16309.00;22.66;16321;4.82;16309;13.71;15217;True;15217.00;75.57;15219;2.81;15217;57.72;14534;True;14534.00;193.07;14538;5.36;14534;120.00
45;100;9;15930;False;15928.30;TL;15930;4.89;15944;120.00;22733;True;22733.00;83.57;22753;4.68;22733;46.32;17463;True;17463.00;78.87;17464;3.70;17463;58.54;16224;True;16224.00;6.05;16224;1.49;16224;2.09;15077;True;15077.00;5.38;15077;4.05;15077;4.38;14538;True;14538.00;155.61;14541;4.20;14541;120.00
45;100;10;15469;False;15461.20;TL;15480;12.18;15496;120.00;21631;False;21602.30;TL;21633;23.76;21631;120.00;17038;True;17038.00;20.74;17058;5.19;17038;13.70;15902;True;15902.00;161.46;15907;5.31;15903;120.00;14704;True;14704.00;2752.25;14732;120.00;14719;120.00;14219;True;14219.00;1963.83;14244;10.00;14261;120.00
45;100;11;16569;True;16569.00;62.58;16569;3.60;16569;120.00;22985;True;22985.00;4.73;22985;1.05;22985;2.64;18176;True;18176.00;26.38;18181;2.19;18176;15.29;17021;True;17021.00;25.14;17021;2.91;17021;13.53;15864;True;15864.00;16.48;15874;4.60;15864;18.51;15218;True;15218.00;26.33;15220;2.27;15218;18.98
45;100;12;15327;True;15327.00;174.56;15327;4.30;15327;120.00;21120;True;21120.00;9.76;21120;3.04;21120;2.89;16633;True;16633.00;11.62;16633;1.40;16633;6.56;15716;True;15716.00;30.53;15718;3.08;15716;34.93;14481;True;14481.00;40.83;14485;3.95;14481;24.32;13957;True;13957.00;43.93;13960;4.42;13957;31.43
45;100;13;15066;True;15066.00;2.14;15066;1.46;15066;1.16;21295;True;21295.00;85.33;21300;10.65;21295;64.94;16434;False;16429.00;TL;16434;5.31;16468;120.00;15422;True;15422.00;24.30;15422;6.61;15422;22.93;14477;True;14477.00;18.86;14485;4.63;14477;14.83;13897;True;13897.00;20.75;13897;11.77;13897;29.63
45;100;14;16232;True;16232.00;48.29;16236;3.23;16232;120.00;23182;True;23182.00;12.12;23182;2.96;23182;8.09;17613;True;17613.00;11.57;17624;2.80;17613;8.74;16505;True;16505.00;15.33;16505;1.97;16505;9.98;15320;True;15320.00;22.75;15329;3.75;15320;8.74;14613;True;14613.00;35.06;14613;2.88;14613;21.84
45;100;15;15562;True;15562.00;678.92;15566;8.50;15569;120.00;21631;True;21631.00;10.68;21631;2.45;21631;6.78;17278;True;17278.00;13.52;17297;5.16;17278;11.36;16276;True;16276.00;53.01;16279;4.36;16276;59.46;14891;True;14891.00;29.88;14891;3.23;14891;19.21;14324;True;14324.00;100.87;14334;8.98;14324;120.00
45;100;16;15497;True;15497.00;125.59;15499;3.77;15497;120.00;21651;True;21651.00;17.89;21655;2.23;21651;9.87;16917;True;16917.00;10.73;16938;3.91;16917;14.17;15880;True;15880.00;59.34;15880;4.17;15880;82.81;14706;True;14706.00;22.42;14706;4.87;14706;7.54;14278;True;14278.00;92.18;14278;6.88;14279;120.00
45;100;17;16618;False;16595.00;TL;16618;4.94;16625;120.00;23254;True;23254.00;465.55;23254;3.64;23254;120.00;18076;True;18076.00;2.86;18088;2.46;18076;4.31;16914;True;16914.00;24.07;16915;1.86;16914;9.43;15583;True;15583.00;215.33;15585;3.00;15583;120.00;14984;True;14984.00;380.35;14995;3.80;14989;120.00
45;100;18;16320;True;16320.00;710.43;16321;4.83;16321;120.00;22592;True;22592.00;15.02;22600;1.78;22592;8.14;17590;True;17590.00;38.37;17590;2.22;17590;32.28;16532;True;16532.00;18.37;16538;1.24;16532;14.30;15367;True;15367.00;33.69;15369;5.68;15367;41.96;14752;True;14752.00;13.29;14752;3.07;14752;22.58
45;100;19;17161;True;17161.00;4.18;17161;1.35;17161;37.04;23844;True;23844.00;2922.79;23856;3.42;23861;120.00;18862;True;18862.00;69.24;18869;2.38;18862;88.66;17666;True;17666.00;23.06;17668;1.65;17666;20.95;16320;False;16304.60;TL;16342;6.21;16351;120.00;15655;True;15655.00;610.28;15669;4.32;15669;120.00
45;100;20;16966;True;16966.00;7.01;16966;3.27;16966;15.06;24060;True;24060.00;55.64;24060;3.92;24060;36.45;18486;True;18486.00;29.24;18500;4.05;18486;41.11;17372;True;17372.00;27.45;17381;5.29;17372;21.05;16054;True;16054.00;21.35;16054;4.60;16054;14.45;15461;True;15461.00;33.09;15463;3.95;15461;52.54
45;100;21;16098;True;16098.00;12.57;16098;5.47;16098;19.06;22777;True;22777.00;29.19;22796;9.14;22777;34.39;17744;True;17744.00;3.72;17744;2.94;17744;4.86;16757;True;16757.00;26.72;16765;3.47;16757;15.60;15345;True;15345.00;64.51;15349;6.36;15345;66.40;14783;True;14783.00;75.21;14783;8.01;14783;99.58
45;100;22;14616;True;14616.00;280.99;14617;4.80;14617;120.00;20323;True;20323.00;30.90;20341;9.60;20323;15.52;16515;True;16515.00;8.39;16533;5.33;16515;4.05;15350;True;15350.00;66.25;15360;9.67;15350;53.94;14070;True;14070.00;54.16;14076;5.52;14070;30.41;13653;True;13653.00;58.75;13660;13.14;13653;55.77
45;100;23;16089;False;16076.40;TL;16095;4.07;16205;120.00;22397;True;22397.00;509.35;22418;10.00;22423;120.00;17689;True;17689.00;12.74;17689;2.92;17689;6.87;16560;True;16560.00;14.38;16563;1.91;16560;6.55;15297;False;15293.00;TL;15310;10.21;15311;120.00;14692;True;14692.00;82.80;14697;4.49;14692;120.00
45;100;24;15319;True;15319.00;4.47;15328;1.96;15319;19.53;21622;True;21622.00;16.70;21622;2.55;21622;16.31;16890;True;16890.00;13.12;16890;5.23;16890;7.84;15849;True;15849.00;31.48;15849;4.20;15849;50.05;14617;True;14617.00;47.36;14627;7.43;14617;20.10;14085;True;14085.00;71.87;14093;10.43;14085;120.00
45;100;25;16547;False;16523.50;TL;16547;4.24;16565;120.00;23134;True;23134.00;1686.66;23174;3.19;23137;120.00;18199;True;18199.00;151.08;18201;2.89;18199;101.25;17073;True;17073.00;87.83;17080;2.97;17073;95.23;15699;False;15697.30;TL;15716;3.22;15757;120.00;15128;True;15128.00;224.64;15142;4.65;15133;120.00
45;100;26;17291;True;17291.00;279.92;17291;4.67;17291;120.00;24341;True;24341.00;20.13;24348;2.36;24341;12.73;18812;True;18812.00;13.53;18812;1.71;18812;14.42;17615;True;17615.00;13.43;17627;3.72;17615;31.04;16413;True;16413.00;34.35;16415;2.64;16413;14.52;15758;True;15758.00;6.70;15774;4.29;15758;3.22
45;100;27;15274;True;15274.00;85.83;15280;4.81;15278;120.00;21560;False;21556.90;TL;21571;9.60;21637;120.00;16603;True;16603.00;248.79;16613;3.12;16604;120.00;15718;True;15718.00;69.50;15722;2.63;15718;73.74;14622;True;14622.00;419.29;14625;5.55;14622;120.00;14089;True;14089.00;348.79;14110;20.52;14108;120.00
45;100;28;15048;True;15048.00;88.58;15048;3.79;15048;120.00;20957;True;20957.00;139.44;20970;8.76;20957;70.89;16289;True;16289.00;23.88;16298;4.93;16289;8.97;15308;True;15308.00;44.12;15316;11.63;15308;28.13;14316;True;14316.00;180.33;14322;6.96;14317;120.00;13723;True;13723.00;95.65;13731;9.38;13723;109.24
45;100;29;16800;False;16797.90;TL;16802;5.14;16802;120.00;23181;True;23181.00;17.62;23207;4.06;23181;7.20;18182;True;18182.00;11.71;18183;1.33;18182;8.22;17008;True;17008.00;19.50;17009;2.68;17008;12.71;15797;True;15797.00;52.08;15797;2.55;15797;35.48;15067;True;15067.00;33.40;15069;2.08;15067;30.46
45;100;30;17385;True;17385.00;1269.17;17387;4.86;17387;120.00;24017;True;24017.00;69.38;24034;2.57;24017;32.52;18973;True;18973.00;2.30;18973;0.78;18973;0.85;17658;True;17658.00;4.87;17658;0.99;17658;2.02;16393;True;16393.00;38.23;16393;3.53;16393;19.55;15635;True;15635.00;9.67;15635;1.13;15635;6.52
45;100;31;17370;True;17370.00;8.94;17370;1.57;17370;13.17;24537;True;24537.00;20.49;24537;1.34;24537;14.84;18821;True;18821.00;15.75;18822;2.18;18821;9.12;17619;True;17619.00;9.26;17624;1.13;17619;5.28;16461;True;16461.00;10.16;16464;1.40;16461;3.65;15790;True;15790.00;15.25;15796;3.14;15790;11.67
45;100;32;16205;True;16205.00;43.16;16205;2.65;16205;75.76;22702;True;22702.00;15.52;22709;3.51;22702;5.63;17461;True;17461.00;15.01;17469;4.11;17461;17.54;16370;True;16370.00;3.34;16370;1.19;16370;1.97;15202;True;15202.00;46.62;15205;3.81;15202;82.64;14654;True;14654.00;33.25;14654;3.77;14654;28.60
45;100;33;16772;True;16772.00;7.74;16786;2.73;16772;33.47;23503;True;23503.00;21.87;23516;2.61;23503;12.55;18412;True;18412.00;18.20;18416;3.79;18412;9.52;17210;True;17210.00;8.75;17212;1.10;17210;6.75;15927;True;15927.00;3.69;15927;1.32;15927;1.88;15351;True;15351.00;3.43;15362;2.38;15351;5.52
45;100;34;16454;True;16454.00;20.59;16454;2.81;16454;91.91;23515;True;23515.00;49.21;23523;3.69;23515;25.53;17803;True;17803.00;49.66;17806;3.68;17803;50.84;16756;True;16756.00;157.71;16761;10.56;16756;120.00;15671;True;15671.00;7.75;15671;1.10;15671;3.86;14908;True;14908.00;34.20;14912;4.58;14908;25.88
45;100;35;16444;True;16444.00;14.52;16445;2.81;16444;120.00;22904;True;22904.00;23.74;22914;2.35;22904;13.68;17991;True;17991.00;19.51;17998;2.85;17991;12.21;16893;True;16893.00;26.83;16901;4.37;16893;26.35;15583;True;15583.00;6.54;15584;1.21;15583;4.66;15109;True;15109.00;18.52;15118;3.36;15109;16.32
45;100;36;15185;False;15152.70;TL;15185;26.27;15213;120.00;21447;False;21438.50;TL;21447;21.35;21486;120.00;16610;True;16610.00;274.34;16610;3.04;16610;120.00;15580;True;15580.00;299.01;15590;4.42;15594;120.00;14611;True;14611.00;3371.29;14633;9.95;14695;120.00;14009;True;14009.00;1551.74;14015;4.99;14041;120.00
45;100;37;16995;True;16995.00;1851.43;17010;2.81;17024;120.00;23718;True;23718.00;311.22;23732;4.41;23739;120.00;18961;True;18961.00;8.28;18961;0.77;18961;5.35;17728;True;17728.00;5.55;17741;1.85;17728;4.89;16292;True;16292.00;15.46;16303;3.23;16292;10.26;15727;True;15727.00;375.10;15738;7.36;15730;120.00
45;100;38;15978;False;15947.60;TL;15978;8.84;16065;120.00;22327;True;22327.00;2555.09;22367;4.19;22348;120.00;17456;True;17456.00;15.62;17460;4.77;17456;11.18;16245;True;16245.00;156.57;16257;6.95;16264;120.00;15199;False;15194.20;TL;15199;4.98;15279;120.00;14551;True;14549.60;TL;14570;25.24;14561;120.00
45;100;39;15749;True;15749.00;71.17;15754;6.12;15749;120.00;22215;True;22215.00;87.07;22215;7.96;22215;78.52;17272;True;17272.00;13.74;17272;3.18;17272;7.24;16202;True;16202.00;6.16;16218;6.04;16202;7.78;14843;True;14843.00;20.98;14847;3.94;14843;10.93;14359;True;14359.00;43.39;14359;5.22;14359;62.37
60;20;0;3132;True;3132.00;0.32;3132;0.30;3132;0.17;4513;True;4513.00;0.17;4513;0.15;4513;0.07;3623;True;3623.00;0.41;3623;0.09;3623;0.12;3334;True;3334.00;0.72;3338;0.09;3334;0.14;3004;True;3004.00;0.33;3004;0.11;3004;0.10;2932;True;2932.00;0.82;2932;0.12;2932;0.20
60;20;1;2678;True;2678.00;8.71;2682;0.27;2678;3.59;3871;True;3871.00;0.72;3871;0.27;3871;0.28;3108;True;3108.00;0.07;3108;0.08;3108;0.08;2832;True;2832.00;0.28;2832;0.19;2832;0.16;2529;True;2529.00;0.09;2529;0.11;2529;0.12;2466;True;2466.00;1.97;2467;0.46;2466;0.58
60;20;2;3285;True;3285.00;0.50;3285;0.05;3285;0.11;4766;True;4766.00;0.02;4766;0.01;4766;0.02;3800;True;3800.00;0.06;3803;0.04;3800;0.03;3529;True;3529.00;0.01;3529;0.01;3529;0.01;3134;True;3134.00;0.09;3134;0.03;3134;0.02;3016;True;3016.00;0.02;3016;0.02;3016;0.02
60;20;3;2658;True;2658.00;0.47;2671;0.12;2658;0.80;3975;True;3975.00;0.23;3975;0.14;3975;0.11;3026;True;3026.00;0.05;3026;0.06;3026;0.06;2852;True;2852.00;0.03;2852;0.03;2852;0.04;2570;True;2570.00;0.06;2570;0.07;2570;0.07;2455;True;2455.00;0.46;2455;0.19;2455;0.17
60;20;4;2640;True;2640.00;0.26;2640;0.14;2640;0.12;3877;True;3877.00;0.92;3877;0.17;3877;0.24;3065;True;3065.00;0.85;3093;0.18;3065;0.22;2869;True;2869.00;0.44;2869;0.27;2869;0.31;2555;True;2555.00;0.10;2555;0.13;2555;0.13;2475;True;2475.00;0.34;2485;0.25;2475;0.20
60;20;5;2528;True;2528.00;1.67;2528;0.14;2528;0.48;3820;True;3820.00;1.66;3834;0.16;3820;0.53;2803;True;2803.00;0.11;2803;0.12;2803;0.14;2677;True;2677.00;0.61;2690;0.26;2677;0.28;2445;True;2445.00;0.05;2445;0.06;2445;0.06;2342;True;2342.00;0.28;2350;0.21;2342;0.17
60;20;6;2614;True;2614.00;0.12;2614;0.11;2614;0.11;3854;True;3854.00;0.38;3854;0.21;3854;0.18;3058;True;3058.00;0.08;3058;0.10;3058;0.11;2830;True;2830.00;0.26;2830;0.26;2830;0.31;2538;True;2538.00;1.84;2542;0.16;2538;0.47;2461;True;2461.00;0.23;2461;0.26;2461;0.26
60;20;7;2655;True;2655.00;0.38;2655;0.16;2655;0.15;3674;True;3674.00;0.65;3674;0.25;3674;0.26;3065;True;3065.00;0.94;3086;0.22;3065;0.34;2838;True;2838.00;0.31;2851;0.14;2838;0.16;2559;True;2559.00;1.62;2559;0.20;2559;0.66;2447;True;2447.00;0.63;2447;0.21;2447;0.30
60;20;8;2494;True;2494.00;0.91;2494;0.12;2494;0.15;3667;True;3667.00;1.24;3667;0.33;3667;0.39;2886;True;2886.00;0.06;2886;0.07;2886;0.07;2680;True;2680.00;0.18;2688;0.13;2680;0.11;2445;True;2445.00;0.56;2458;0.29;2445;0.20;2341;True;2341.00;0.12;2341;0.13;2341;0.14
60;20;9;2645;True;2645.00;0.18;2645;0.04;2645;0.04;4003;True;4003.00;0.14;4003;0.08;4003;0.05;3039;True;3039.00;0.03;3039;0.03;3039;0.03;2874;True;2874.00;0.21;2874;0.07;2874;0.07;2560;True;2560.00;0.02;2560;0.02;2560;0.02;2475;True;2475.00;0.06;2475;0.07;2475;0.06
60;20;10;2710;True;2710.00;0.36;2710;0.04;2710;0.07;3971;True;3971.00;0.02;3971;0.02;3971;0.02;3145;True;3145.00;0.15;3145;0.05;3145;0.04;2928;True;2928.00;0.02;2928;0.02;2928;0.02;2606;True;2606.00;0.14;2606;0.05;2606;0.05;2549;True;2549.00;0.15;2549;0.08;2549;0.07
60;20;11;2585;True;2585.00;0.81;2585;0.24;2585;0.24;3718;True;3718.00;0.24;3741;0.15;3718;0.12;2888;True;2888.00;0.42;2901;0.12;2888;0.13;2747;True;2747.00;0.09;2747;0.10;2747;0.10;2472;True;2472.00;0.41;2473;0.26;2472;0.16;2403;True;2403.00;2.05;2406;0.25;2403;0.88
60;20;12;2698;True;2698.00;2.18;2698;0.08;2698;2.76;3980;True;3980.00;0.02;3980;0.02;3980;0.02;3149;True;3149.00;0.02;3149;0.02;3149;0.02;2971;True;2971.00;0.02;2971;0.02;2971;0.02;2613;True;2613.00;0.02;2613;0.02;2613;0.02;2531;True;2531.00;0.02;2531;0.02;2531;0.02
60;20;13;2795;True;2795.00;0.02;2795;0.02;2795;0.02;4244;True;4244.00;0.03;4244;0.03;4244;0.03;3434;True;3434.00;0.02;3434;0.02;3434;0.04;3097;True;3097.00;0.02;3097;0.02;3097;0.05;2691;True;2691.00;0.02;2691;0.02;2691;0.03;2639;True;2639.00;0.03;2639;0.03;2639;0.04
60;20;14;3262;True;3262.00;0.97;3271;0.06;3262;1.52;4736;True;4736.00;0.03;4736;0.03;4736;0.03;3753;True;3753.00;0.01;3753;0.01;3753;0.01;3483;True;3483.00;0.20;3483;0.07;3483;0.05;3109;True;3109.00;0.02;3109;0.02;3109;0.02;3044;True;3044.00;0.77;3044;0.18;3044;0.24
60;20;15;2711;True;2711.00;0.38;2711;0.15;2711;0.27;3958;True;3958.00;0.09;3958;0.11;3958;0.11;3224;True;3224.00;0.34;3227;0.21;3224;0.19;2957;True;2957.00;0.21;2957;0.14;2957;0.12;2628;True;2628.00;0.49;2628;0.20;2628;0.19;2536;True;2536.00;0.33;2536;0.13;2536;0.11
60;20;16;2662;True;2662.00;0.31;2662;0.10;2662;0.10;3830;True;3830.00;0.12;3830;0.13;3830;0.17;3014;True;3014.00;0.08;3014;0.08;3014;0.09;2837;True;2837.00;0.07;2837;0.08;2837;0.08;2593;True;2593.00;0.59;2593;0.21;2593;0.21;2476;True;2476.00;0.11;2476;0.12;2476;0.12
60;20;17;2156;True;2156.00;2.57;2156;0.69;2156;0.67;3144;True;3144.00;1.56;3144;0.67;3144;0.46;2466;True;2466.00;0.15;2466;0.17;2466;0.17;2273;True;2273.00;0.19;2273;0.21;2273;0.22;2059;True;2059.00;1.17;2059;0.47;2059;0.45;1955;True;1955.00;0.64;1955;0.68;1955;0.59
60;20;18;2790;True;2790.00;5.45;2790;0.09;2790;10.14;4037;True;4037.00;0.01;4037;0.01;4037;0.01;3228;True;3228.00;0.21;3232;0.07;3228;0.06;2990;True;2990.00;0.13;2990;0.08;2990;0.07;2629;True;2629.00;0.02;2629;0.02;2629;0.02;2549;True;2549.00;0.02;2549;0.02;2549;0.02
60;20;19;2741;True;2741.00;1.39;2748;0.12;2741;1.29;3961;True;3961.00;0.04;3961;0.04;3961;0.05;3163;True;3163.00;0.28;3164;0.16;3163;0.15;2906;True;2906.00;0.08;2906;0.09;2906;0.09;2612;True;2612.00;1.30;2625;0.16;2612;0.40;2535;True;2535.00;0.55;2540;0.23;2535;0.23
60;20;20;2539;True;2539.00;0.03;2539;0.03;2539;0.04;3629;True;3629.00;0.16;3646;0.15;3629;0.07;3076;True;3076.00;1.15;3089;0.22;3076;0.27;2761;True;2761.00;0.53;2775;0.23;2761;0.25;2405;True;2405.00;0.04;2405;0.04;2405;0.04;2392;True;2392.00;0.08;2392;0.09;2392;0.08
60;20;21;2706;True;2706.00;0.15;2706;0.04;2706;0.05;4005;True;4005.00;0.01;4005;0.01;4005;0.02;3346;True;3346.00;0.38;3350;0.08;3346;0.08;3019;True;3019.00;0.11;3019;0.06;3019;0.05;2642;True;2642.00;0.08;2642;0.04;2642;0.04;2528;True;2528.00;0.03;2528;0.04;2528;0.04
60;20;22;2691;True;2691.00;0.18;2691;0.05;2691;0.12;4154;True;4154.00;0.15;4154;0.04;4154;0.04;3180;True;3180.00;0.09;3180;0.04;3180;0.03;2956;True;2956.00;0.13;2956;0.07;2956;0.07;2577;True;2577.00;0.34;2577;0.10;2577;0.10;2481;True;2481.00;0.02;2481;0.03;2481;0.02
60;20;23;3240;True;3240.00;1.89;3243;0.11;3240;10.46;4659;True;4659.00;0.05;4659;0.05;4659;0.05;3555;True;3555.00;0.01;3555;0.01;3555;0.01;3400;True;3400.00;0.02;3400;0.02;3400;0.02;3098;True;3098.00;0.04;3098;0.05;3098;0.05;2978;True;2978.00;0.12;2987;0.09;2978;0.08
60;20;24;2667;True;2667.00;1.47;2668;0.08;2667;0.93;3889;True;3889.00;0.35;3895;0.09;3889;0.08;3176;True;3176.00;0.28;3179;0.07;3176;0.13;2944;True;2944.00;0.23;2944;0.10;2944;0.08;2543;True;2543.00;0.20;2543;0.11;2543;0.10;2483;True;2483.00;0.20;2483;0.15;2483;0.12
60;20;25;3152;True;3152.00;0.33;3152;0.14;3152;0.08;4397;True;4397.00;1.79;4411;0.28;4397;0.91;3543;True;3543.00;0.01;3543;0.01;3543;0.01;3343;True;3343.00;0.17;3343;0.07;3343;0.06;2967;True;2967.00;0.10;2967;0.08;2967;0.04;2854;True;2854.00;0.23;2864;0.08;2854;0.09
60;20;26;2743;True;2743.00;0.28;2749;0.05;2743;0.24;3955;True;3955.00;0.07;3955;0.03;3955;0.03;3280;True;3280.00;0.02;3280;0.02;3280;0.02;3055;True;3055.00;0.09;3055;0.06;3055;0.06;2615;True;2615.00;0.14;2631;0.09;2615;0.06;2583;True;2583.00;0.21;2583;0.10;2583;0.08
60;20;27;2998;True;2998.00;0.61;2999;0.08;2998;0.21;4240;True;4240.00;0.07;4249;0.04;4240;0.04;3424;True;3424.00;0.01;3424;0.02;3424;0.02;3264;True;3264.00;0.30;3264;0.10;3264;0.12;2879;True;2879.00;0.16;2879;0.05;2879;0.04;2836;True;2836.00;0.68;2836;0.14;2836;0.25
60;20;28;3155;True;3155.00;1.51;3155;0.12;3155;0.89;4615;True;4615.00;0.14;4625;0.07;4615;0.05;3643;True;3643.00;0.19;3672;0.11;3643;0.07;3339;True;3339.00;0.26;3339;0.10;3339;0.10;2982;True;2982.00;0.03;2982;0.03;2982;0.03;2916;True;2916.00;0.04;2916;0.05;2916;0.05
60;20;29;2575;True;2575.00;9.89;2575;0.32;2575;5.46;3669;True;3669.00;0.71;3671;0.09;3669;0.23;2770;True;2770.00;0.46;2770;0.12;2770;0.13;2608;True;2608.00;0.05;2608;0.06;2608;0.06;2429;True;2429.00;6.31;2429;0.42;2429;1.77;2294;True;2294.00;0.05;2294;0.06;2294;0.06
60;20;30;2773;True;2773.00;2.58;2773;0.13;2773;1.52;4004;True;4004.00;0.21;4004;0.07;4004;0.07;3110;True;3110.00;0.25;3116;0.15;3110;0.14;2889;True;2889.00;0.12;2898;0.11;2889;0.06;2616;True;2616.00;0.14;2617;0.10;2616;0.08;2516;True;2516.00;0.03;2516;0.03;2516;0.03
60;20;31;2675;True;2675.00;1.78;2675;0.30;2675;0.36;3637;True;3637.00;0.27;3637;0.16;3637;0.14;3175;True;3175.00;0.41;3178;0.27;3175;0.16;2942;True;2942.00;0.40;2942;0.27;2942;0.25;2564;True;2564.00;0.77;2564;0.40;2564;0.50;2481;True;2481.00;0.75;2481;0.46;2481;0.48
60;20;32;2655;True;2655.00;4.92;2655;0.09;2655;1.52;3852;True;3852.00;0.23;3852;0.13;3852;0.12;3150;True;3150.00;0.13;3150;0.14;3150;0.24;2925;True;2925.00;0.69;2925;0.35;2925;0.34;2578;True;2578.00;1.12;2578;0.19;2578;0.24;2525;True;2525.00;0.48;2525;0.27;2525;0.29
60;20;33;3092;True;3092.00;0.03;3092;0.02;3092;0.02;4320;True;4320.00;0.11;4324;0.04;4320;0.04;3565;True;3565.00;0.02;3565;0.03;3565;0.03;3328;True;3328.00;0.95;3333;0.12;3328;0.37;2955;True;2955.00;0.62;2955;0.06;2955;0.15;2846;True;2846.00;0.18;2846;0.10;2846;0.05
60;20;34;3196;True;3196.00;9.12;3196;0.28;3196;7.41;4527;True;4527.00;0.23;4541;0.26;4527;0.07;3707;True;3707.00;0.27;3713;0.08;3707;0.07;3407;True;3407.00;0.78;3421;0.09;3407;0.25;3046;True;3046.00;0.03;3046;0.03;3046;0.03;2949;True;2949.00;0.11;2949;0.07;2949;0.07
60;20;35;2644;True;2644.00;0.07;2644;0.06;2644;0.06;3802;True;3802.00;0.10;3802;0.12;3802;0.14;3111;True;3111.00;0.42;3111;0.27;3111;0.27;2879;True;2879.00;0.79;2885;0.20;2879;0.28;2531;True;2531.00;0.11;2531;0.12;2531;0.13;2478;True;2478.00;1.52;2481;0.36;2478;0.44
60;20;36;3173;True;3173.00;0.53;3173;0.07;3173;0.16;4468;True;4468.00;0.15;4468;0.13;4468;0.08;3735;True;3735.00;0.18;3735;0.09;3735;0.08;3476;True;3476.00;0.03;3476;0.03;3476;0.03;3050;True;3050.00;0.34;3050;0.09;3050;0.12;2976;True;2976.00;0.30;2976;0.12;2976;0.11
60;20;37;2647;True;2647.00;0.47;2647;0.20;2647;0.16;3876;True;3876.00;0.39;3876;0.16;3876;0.15;3059;True;3059.00;0.07;3059;0.09;3059;0.09;2863;True;2863.00;0.28;2877;0.19;2863;0.16;2545;True;2545.00;0.44;2545;0.17;2545;0.15;2498;True;2498.00;0.33;2503;0.27;2498;0.24
60;20;38;3117;True;3117.00;0.02;3117;0.03;3117;0.03;4369;True;4369.00;0.23;4369;0.07;4369;0.05;3538;True;3538.00;0.02;3538;0.02;3538;0.02;3308;True;3308.00;0.13;3324;0.19;3308;0.10;2969;True;2969.00;0.17;2977;0.08;2969;0.05;2906;True;2906.00;0.49;2906;0.14;2906;0.14
60;20;39;2621;True;2621.00;0.04;2621;0.04;2621;0.04;3720;True;3720.00;0.39;3732;0.20;3720;0.19;3120;True;3120.00;0.11;3120;0.12;3120;0.13;2840;True;2840.00;0.06;2840;0.07;2840;0.07;2522;True;2522.00;0.88;2528;0.32;2522;0.31;2474;True;2474.00;0.62;2485;0.29;2474;0.22
60;30;0;4277;True;4277.00;15.08;4285;0.60;4277;28.52;6142;True;6142.00;0.26;6142;0.29;6142;0.44;4934;True;4934.00;0.89;4941;0.44;4934;0.47;4526;True;4526.00;2.21;4540;0.69;4526;0.96;4025;True;4025.00;1.49;4025;0.88;4025;0.61;3888;True;3888.00;2.78;3900;1.41;3888;0.92
60;30;1;4228;True;4228.00;5.50;4228;1.18;4228;11.87;6111;True;6111.00;3.60;6125;0.76;6111;1.26;4887;True;4887.00;0.90;4887;0.77;4887;0.42;4591;True;4591.00;4.07;4596;0.85;4591;2.16;4046;True;4046.00;3.16;4063;0.88;4046;1.58;3920;True;3920.00;3.11;3922;1.06;3920;1.34
60;30;2;3643;True;3643.00;6.51;3648;0.22;3643;4.68;5258;True;5258.00;0.30;5289;0.23;5258;0.19;4163;True;4163.00;0.30;4164;0.22;4163;0.14;3880;True;3880.00;2.00;3880;0.24;3880;0.68;3500;True;3500.00;1.31;3500;0.23;3500;0.31;3334;True;3334.00;0.12;3334;0.12;3334;0.12
60;30;3;4163;True;4163.00;0.28;4163;0.54;4163;0.12;6110;True;6110.00;0.36;6110;0.53;6110;0.22;4650;True;4650.00;0.14;4650;0.15;4650;0.15;4365;True;4365.00;0.07;4365;0.08;4365;0.08;4016;True;4016.00;0.62;4029;1.08;4016;0.63;3878;True;3878.00;0.99;3878;0.56;3878;0.46
60;30;4;4159;True;4159.00;1.41;4169;1.09;4159;2.52;5867;True;5867.00;0.94;5867;0.43;5867;0.31;4950;True;4950.00;2.37;4969;0.51;4950;1.10;4498;True;4498.00;1.15;4499;0.24;4498;0.47;4009;True;4009.00;2.13;4010;0.66;4009;0.53;3909;True;3909.00;2.13;3926;0.71;3909;0.67
60;30;5;3643;True;3643.00;10.58;3646;0.38;3643;10.55;5247;True;5247.00;1.90;5247;0.94;5247;0.60;4210;True;4210.00;3.96;4216;0.58;4210;1.28;3928;True;3928.00;1.23;3951;1.21;3928;0.74;3449;True;3449.00;1.07;3449;0.99;3449;0.71;3381;True;3381.00;1.90;3392;1.30;3381;1.09
60;30;6;4272;True;4272.00;9.72;4290;0.74;4272;72.72;6085;True;6085.00;3.56;6085;0.71;6085;1.20;4767;True;4767.00;0.14;4767;0.15;4767;0.15;4414;True;4414.00;1.89;4431;0.83;4414;0.74;4018;True;4018.00;1.49;4031;0.57;4018;0.49;3863;True;3863.00;4.85;3872;0.49;3863;1.41
60;30;7;3727;True;3727.00;2.83;3727;0.28;3727;3.26;5467;True;5467.00;0.44;5478;0.28;5467;0.30;4370;True;4370.00;0.74;4370;0.41;4370;0.33;4034;True;4034.00;0.10;4034;0.11;4034;0.11;3559;True;3559.00;0.56;3561;0.21;3559;0.22;3455;True;3455.00;1.01;3455;0.62;3455;0.63
60;30;8;4094;True;4094.00;0.65;4094;0.87;4094;0.13;5899;True;5899.00;4.53;5899;0.50;5899;2.03;4818;True;4818.00;3.17;4820;0.65;4818;0.72;4437;True;4437.00;5.71;4439;0.69;4437;2.55;3930;True;3930.00;2.88;3930;0.67;3930;0.99;3829;True;3829.00;3.52;3845;0.81;3829;2.00
60;30;9;3710;True;3710.00;0.88;3710;0.31;3710;0.31;5291;True;5291.00;0.06;5291;0.08;5291;0.11;4288;True;4288.00;0.08;4288;0.08;4288;0.10;4011;True;4011.00;0.11;4011;0.12;4011;0.12;3573;True;3573.00;0.32;3573;0.23;3573;0.16;3424;True;3424.00;0.18;3424;0.18;3424;0.19
60;30;10;4641;True;4641.00;39.03;4641;0.64;4641;120.00;6768;True;6768.00;64.36;6782;0.68;6768;57.36;5479;True;5479.00;0.04;5479;0.05;5479;0.04;5057;True;5057.00;1.66;5061;0.15;5057;0.57;4398;True;4398.00;3.09;4424;0.47;4398;2.09;4287;True;4287.00;0.07;4287;0.07;4287;0.07
60;30;11;4133;True;4133.00;0.25;4133;0.33;4133;0.14;6076;True;6076.00;2.07;6085;1.02;6076;0.62;4707;True;4707.00;0.06;4707;0.06;4707;0.06;4379;True;4379.00;0.83;4395;0.44;4379;0.39;3859;True;3859.00;0.07;3859;0.08;3859;0.08;3801;True;3801.00;0.94;3801;0.44;3801;0.61
60;30;12;4111;True;4111.00;4.80;4118;0.51;4111;10.80;5887;True;5887.00;1.41;5887;0.60;5887;0.64;4786;True;4786.00;4.87;4786;0.20;4786;1.43;4493;True;4493.00;2.57;4493;0.22;4493;0.81;3926;True;3926.00;1.67;3935;0.74;3926;0.91;3843;True;3843.00;3.37;3843;0.99;3843;0.86
60;30;13;4169;True;4169.00;19.77;4169;0.31;4169;42.92;6014;True;6014.00;1.77;6022;0.81;6014;0.47;4876;True;4876.00;1.19;4876;0.26;4876;0.55;4455;True;4455.00;0.44;4463;0.23;4455;0.31;4028;True;4028.00;2.12;4028;0.45;4028;0.39;3836;True;3836.00;1.06;3859;0.72;3836;0.97
60;30;14;4671;True;4671.00;0.20;4685;0.25;4671;0.55;6591;True;6591.00;1.07;6605;0.86;6591;0.56;5379;True;5379.00;0.08;5379;0.08;5379;0.08;4991;True;4991.00;0.49;4991;0.18;4991;0.17;4431;True;4431.00;1.60;4433;0.41;4431;0.43;4268;True;4268.00;1.96;4279;0.39;4268;0.71
60;30;15;3830;True;3830.00;0.22;3830;0.11;3830;0.10;5581;True;5581.00;1.38;5582;0.28;5581;0.38;4362;True;4362.00;2.34;4362;0.69;4362;0.63;4046;True;4046.00;3.89;4054;0.65;4046;1.45;3607;True;3607.00;1.93;3612;0.27;3607;0.96;3457;True;3457.00;0.49;3467;0.27;3457;0.41
60;30;16;3890;True;3890.00;7.73;3890;0.22;3890;21.20;5529;True;5529.00;1.45;5529;0.29;5529;0.51;4516;True;4516.00;1.50;4517;0.16;4516;0.47;4230;True;4230.00;2.86;4233;0.24;4230;1.06;3712;True;3712.00;0.77;3712;0.10;3712;0.66;3628;True;3628.00;1.26;3636;0.23;3628;0.51
60;30;17;4046;True;4046.00;133.20;4050;0.53;4051;120.00;5666;True;5666.00;10.52;5674;0.27;5666;6.82;4609;True;4609.00;0.94;4617;0.17;4609;0.30;4265;True;4265.00;6.09;4265;0.24;4265;2.91;3825;True;3825.00;4.56;3854;0.23;3825;1.87;3705;True;3705.00;9.71;3708;0.77;3705;3.18
60;30;18;3609;True;3609.00;1.27;3615;0.35;3609;0.49;5362;True;5362.00;1.10;5362;0.65;5362;0.70;4184;True;4184.00;0.21;4184;0.22;4184;0.22;3935;True;3935.00;1.76;3952;0.84;3935;0.85;3459;True;3459.00;0.80;3459;0.53;3459;0.53;3353;True;3353.00;0.36;3353;0.36;3353;0.49
60;30;19;3739;True;3739.00;3.47;3739;0.28;3739;2.60;5352;True;5352.00;3.46;5365;0.40;5352;1.57;4064;True;4064.00;0.12;4064;0.12;4064;0.11;3879;True;3879.00;2.67;3881;0.32;3879;0.88;3553;True;3553.00;1.54;3566;1.32;3553;1.07;3424;True;3424.00;1.60;3424;1.50;3424;0.81
60;30;20;3641;True;3641.00;6.10;3641;1.30;3641;28.60;5369;True;5369.00;6.37;5371;0.95;5369;2.22;4066;True;4066.00;5.35;4073;0.97;4066;1.63;3840;True;3840.00;6.19;3866;1.52;3840;2.49;3477;True;3477.00;11.68;3486;1.25;3477;6.06;3370;True;3370.00;5.01;3381;1.58;3370;2.08
60;30;21;4114;True;4114.00;0.06;4114;0.07;4114;0.07;5738;True;5738.00;1.41;5738;0.27;5738;0.44;4498;True;4498.00;8.04;4520;0.31;4498;2.94;4265;True;4265.00;1.19;4276;0.23;4265;0.61;3819;True;3819.00;0.09;3819;0.09;3819;0.10;3756;True;3756.00;3.06;3761;0.28;3756;0.94
60;30;22;4259;True;4259.00;21.15;4260;0.84;4259;114.17;6026;True;6026.00;0.48;6026;0.18;6026;0.16;5038;True;5038.00;0.53;5038;0.14;5038;0.10;4634;True;4634.00;0.60;4637;0.25;4634;0.23;4098;True;4098.00;1.38;4104;0.83;4098;0.36;3976;True;3976.00;0.64;3976;0.45;3976;0.42
60;30;23;4072;True;4072.00;0.78;4072;0.16;4072;0.11;5973;True;5973.00;1.12;5974;0.15;5973;0.26;4641;True;4641.00;15.24;4654;0.34;4641;10.33;4329;True;4329.00;1.47;4330;0.20;4329;1.17;3824;True;3824.00;19.07;3832;0.24;3824;15.93;3728;True;3728.00;0.31;3741;0.25;3728;0.40
60;30;24;4376;True;4376.00;2.77;4386;0.16;4376;1.37;6344;True;6344.00;1.06;6346;0.20;6344;0.20;5121;True;5121.00;0.23;5121;0.08;5121;0.08;4679;True;4679.00;0.24;4679;0.09;4679;0.09;4161;True;4161.00;0.25;4161;0.14;4161;0.11;4071;True;4071.00;0.79;4071;0.16;4071;0.28
60;30;25;4087;True;4087.00;0.31;4087;0.60;4087;0.13;5851;True;5851.00;2.03;5851;0.49;5851;1.25;4618;True;4618.00;0.65;4618;0.30;4618;0.20;4381;True;4381.00;4.03;4387;0.72;4381;1.86;3947;True;3947.00;1.70;3948;0.83;3947;0.80;3807;True;3807.00;4.54;3847;0.89;3807;1.11
60;30;26;3699;True;3699.00;1.35;3709;0.22;3699;1.98;5468;True;5468.00;0.45;5468;0.22;5468;0.17;4291;True;4291.00;1.61;4293;0.24;4291;0.44;4008;True;4008.00;0.77;4008;0.19;4008;0.20;3533;True;3533.00;0.07;3533;0.07;3533;0.08;3408;True;3408.00;0.70;3408;0.20;3408;0.24
60;30;27;4238;True;4238.00;2613.51;4238;0.71;4238;120.00;6087;True;6087.00;0.73;6087;0.38;6087;0.47;4874;True;4874.00;0.86;4884;0.83;4874;0.43;4512;True;4512.00;1.65;4517;0.66;4512;0.79;4024;True;4024.00;0.15;4024;0.16;4024;0.17;3897;True;3897.00;3.88;3900;1.42;3897;1.48
60;30;28;3658;True;3658.00;0.06;3658;0.07;3658;0.07;5247;True;5247.00;2.76;5259;1.06;5247;0.95;4207;True;4207.00;0.74;4207;0.48;4207;0.47;3903;True;3903.00;1.64;3916;0.72;3903;0.84;3506;True;3506.00;3.58;3508;0.76;3506;1.31;3371;True;3371.00;2.50;3371;0.62;3371;0.91
60;30;29;3707;True;3707.00;3.61;3713;0.88;3707;1.36;5342;True;5342.00;1.28;5364;0.47;5342;0.69;4139;True;4139.00;0.11;4139;0.12;4139;0.16;3942;True;3942.00;1.82;3942;0.50;3942;0.52;3523;True;3523.00;2.08;3523;0.24;3523;0.56;3371;True;3371.00;4.62;3371;0.46;3371;1.53
60;30;30;4191;True;4191.00;378.40;4191;0.41;4191;120.00;5989;True;5989.00;1.01;5989;0.81;5989;0.66;5040;True;5040.00;0.70;5102;1.17;5040;0.38;4637;True;4637.00;5.91;4646;0.91;4637;2.10;4036;True;4036.00;1.47;4036;0.76;4036;0.68;3917;True;3917.00;2.24;3921;0.56;3917;1.50
60;30;31;4190;True;4190.00;4.88;4190;0.75;4190;2.64;6008;True;6008.00;2.21;6008;0.69;6008;0.69;4785;True;4785.00;2.21;4787;0.43;4785;0.49;4407;True;4407.00;2.87;4407;0.50;4407;1.24;3982;True;3982.00;1.48;3982;1.07;3982;0.58;3858;True;3858.00;4.76;3873;0.56;3858;1.38
60;30;32;3762;True;3762.00;20.75;3767;0.41;3762;21.98;5594;True;5594.00;1.97;5614;0.29;5594;0.43;4329;True;4329.00;1.34;4334;0.23;4329;0.29;4037;True;4037.00;0.11;4037;0.11;4037;0.11;3582;True;3582.00;0.26;3590;0.19;3582;0.14;3470;True;3470.00;1.56;3470;0.28;3470;0.55
60;30;33;4064;True;4064.00;0.51;4064;0.16;4064;0.38;5837;True;5837.00;0.21;5837;0.13;5837;0.11;4810;True;4810.00;49.68;4810;0.57;4810;31.61;4461;True;4461.00;32.20;4492;0.52;4461;27.39;3839;True;3839.00;0.25;3839;0.44;3839;0.23;3812;True;3812.00;51.74;3812;0.57;3812;30.27
60;30;34;4152;True;4152.00;1.41;4165;0.32;4152;1.02;5792;True;5792.00;0.38;5813;0.51;5792;0.28;4630;True;4630.00;1.14;4630;0.53;4630;0.30;4308;True;4308.00;1.06;4308;0.67;4308;0.33;3936;True;3936.00;1.92;3941;0.64;3936;0.51;3741;True;3741.00;1.62;3748;0.55;3741;0.66
60;30;35;4354;True;4354.00;0.45;4354;0.09;4354;1.04;6433;True;6433.00;0.04;6433;0.05;6433;0.04;5147;True;5147.00;0.41;5147;0.14;5147;0.14;4695;True;4695.00;1.90;4697;0.29;4695;0.67;4167;True;4167.00;0.82;4167;0.11;4167;0.18;4041;True;4041.00;1.03;4042;0.18;4041;0.33
60;30;36;4115;True;4115.00;25.48;4115;0.61;4115;24.65;5911;True;5911.00;1.47;5911;0.26;5911;0.35;4585;True;4585.00;0.07;4585;0.07;4585;0.07;4261;True;4261.00;0.70;4261;0.18;4261;0.30;3828;True;3828.00;0.48;3828;0.14;3828;0.15;3716;True;3716.00;0.74;3725;0.21;3716;0.28
60;30;37;4237;True;4237.00;3.75;4237;0.50;4237;5.92;6224;True;6224.00;0.81;6224;0.34;6224;0.41;4979;True;4979.00;0.49;4979;0.25;4979;0.21;4609;True;4609.00;1.02;4623;0.27;4609;0.38;4093;True;4093.00;0.88;4095;0.29;4093;0.39;3933;True;3933.00;2.12;3938;0.29;3933;0.54
60;30;38;4218;True;4218.00;2.41;4221;0.46;4218;1.85;6084;True;6084.00;2.88;6089;1.08;6084;0.81;5016;True;5016.00;3.57;5019;0.58;5016;0.77;4617;True;4617.00;4.77;4618;0.52;4617;0.92;4049;True;4049.00;0.26;4049;0.26;4049;0.44;3950;True;3950.00;3.06;3953;0.95;3950;1.30
60;30;39;4143;True;4143.00;3.44;4143;0.23;4143;2.75;6122;True;6122.00;0.57;6136;0.38;6122;0.33;5008;True;5008.00;1.71;5021;0.30;5008;0.41;4597;True;4597.00;0.39;4599;0.17;4597;0.25;3999;True;3999.00;1.20;4006;0.41;3999;0.66;3918;True;3918.00;1.11;3918;0.36;3918;0.43
60;40;0;5839;True;5839.00;40.09;5839;0.69;5839;60.74;8453;True;8453.00;1.23;8460;0.27;8453;0.45;6936;True;6936.00;1.80;6938;0.25;6936;0.53;6486;True;6486.00;1.65;6486;0.50;6486;0.84;5659;True;5659.00;2.49;5660;0.72;5659;1.13;5534;True;5534.00;3.58;5541;1.51;5534;1.50
60;40;1;5221;True;5216.42;TL;5221;1.97;5228;120.00;7349;True;7349.00;16.94;7349;1.18;7349;5.64;6055;True;6055.00;34.77;6080;10.30;6055;21.61;5615;True;5615.00;9.92;5640;2.36;5615;5.13;4958;True;4958.00;231.48;4961;2.94;4959;120.00;4788;True;4788.00;49.60;4815;8.18;4788;45.15
60;40;2;5248;True;5248.00;258.08;5252;1.82;5250;120.00;7653;True;7653.00;4.54;7658;1.38;7653;1.32;5755;True;5755.00;1.58;5758;0.33;5755;0.42;5507;True;5507.00;1.29;5520;0.46;5507;0.80;4947;True;4947.00;2.55;4947;0.35;4947;0.82;4813;True;4813.00;6.87;4813;1.46;4813;4.40
60;40;3;5649;True;5642.72;TL;5651;0.92;5649;120.00;8173;True;8173.00;2.44;8173;0.41;8173;0.66;6691;True;6691.00;7.60;6718;1.64;6691;1.92;6127;True;6127.00;11.29;6127;1.08;6127;7.66;5382;True;5382.00;11.59;5383;1.00;5382;4.00;5221;True;5221.00;3.11;5223;0.53;5221;1.08
60;40;4;5934;True;5934.00;110.79;5937;0.62;5934;120.00;8775;True;8775.00;2.24;8775;0.37;8775;0.70;6973;True;6973.00;0.06;6973;0.07;6973;0.08;6411;True;6411.00;1.55;6427;0.33;6411;0.79;5669;True;5669.00;1.26;5679;0.38;5669;0.49;5524;True;5524.00;2.97;5524;0.29;5524;1.25
60;40;5;5259;False;5246.52;TL;5262;2.70;5263;120.00;7544;True;7544.00;8.16;7545;1.04;7544;2.06;6286;True;6286.00;2.26;6292;1.10;6286;0.78;5804;True;5804.00;2.34;5821;1.77;5804;1.52;5078;True;5078.00;6.28;5080;1.22;5078;2.12;4965;True;4965.00;5.16;4965;2.13;4965;3.26
60;40;6;5111;True;5111.00;404.42;5126;1.32;5111;120.00;7263;True;7263.00;3.99;7278;1.16;7263;1.01;5995;True;5995.00;45.83;6005;1.58;5995;24.62;5542;True;5542.00;15.86;5562;1.46;5542;10.95;4849;True;4849.00;9.20;4858;1.70;4849;3.22;4684;True;4684.00;3.73;4708;1.01;4684;4.51
60;40;7;4770;True;4770.00;3.20;4770;0.96;4770;1.40;6768;True;6768.00;1.40;6801;0.59;6768;0.55;5598;True;5598.00;4.89;5599;0.96;5598;1.46;5213;True;5213.00;0.26;5213;0.26;5213;0.28;4576;True;4576.00;3.72;4586;1.05;4576;2.67;4463;True;4463.00;6.71;4469;1.67;4463;3.38
60;40;8;5234;True;5234.00;52.12;5234;1.40;5234;120.00;7598;True;7598.00;27.57;7620;3.68;7598;19.62;6034;True;6034.00;1.58;6034;1.86;6034;0.84;5625;True;5625.00;14.48;5637;2.88;5625;6.79;5007;True;5007.00;13.84;5042;2.89;5007;16.95;4895;True;4895.00;64.40;4917;15.30;4895;36.82
60;40;9;5104;True;5104.00;27.42;5104;1.74;5104;37.99;7455;True;7455.00;52.50;7467;1.31;7455;20.27;6179;True;6179.00;4.21;6179;1.01;6179;2.26;5677;True;5677.00;6.60;5689;1.58;5677;2.61;4925;True;4925.00;12.17;4925;3.20;4925;6.95;4828;True;4828.00;46.80;4828;3.23;4828;11.95
60;40;10;5661;False;5651.33;TL;5677;1.09;5662;120.00;7954;True;7954.00;16.19;7956;0.76;7954;10.86;6593;True;6593.00;0.87;6612;0.26;6593;0.64;6047;True;6047.00;4.45;6060;0.28;6047;1.82;5324;True;5324.00;1.14;5324;0.33;5324;0.46;5212;True;5212.00;0.55;5212;0.30;5212;0.37
60;40;11;4548;True;4548.00;3.31;4548;0.59;4548;0.70;6744;True;6744.00;6.06;6744;1.62;6744;2.52;5421;True;5421.00;5.90;5423;1.08;5421;2.00;5043;True;5043.00;28.49;5045;1.81;5043;13.61;4400;True;4400.00;33.56;4415;1.81;4400;18.48;4299;True;4299.00;7.58;4303;2.12;4299;4.90
60;40;12;4806;True;4806.00;0.78;4806;0.67;4806;0.58;6979;True;6979.00;1.94;6979;0.40;6979;0.89;5661;True;5661.00;3.41;5680;1.54;5661;1.95;5186;True;5186.00;2.19;5186;0.73;5186;1.08;4616;True;4616.00;1.61;4621;0.51;4616;0.61;4441;True;4441.00;3.08;4441;0.63;4441;1.90
60;40;13;5165;False;5159.39;TL;5165;2.05;5165;120.00;7421;True;7421.00;10.71;7421;1.06;7421;6.58;5844;True;5844.00;12.31;5887;1.25;5844;8.54;5475;True;5475.00;60.89;5502;6.87;5475;57.64;4922;True;4922.00;11.30;4931;3.05;4922;4.01;4724;True;4724.00;23.50;4730;4.27;4724;13.49
60;40;14;5203;True;5203.00;16.85;5203;0.64;5203;17.05;7649;True;7649.00;2.67;7657;0.71;7649;1.10;6045;True;6045.00;3.79;6047;0.44;6045;1.65;5672;True;5672.00;1.62;5672;0.51;5672;0.91;4972;True;4972.00;7.84;4976;1.55;4972;2.63;4874;True;4874.00;38.54;4878;3.47;4874;24.36
60;40;15;5584;True;5584.00;1.05;5590;0.45;5584;0.49;7973;True;7973.00;0.11;7973;0.11;7973;0.13;6485;True;6485.00;3.47;6485;0.43;6485;2.44;6032;True;6032.00;0.87;6032;0.35;6032;1.11;5362;True;5362.00;3.58;5366;0.31;5362;1.28;5194;True;5194.00;5.76;5194;0.38;5194;2.63
60;40;16;5291;True;5291.00;83.63;5297;0.88;5291;120.00;7658;True;7658.00;2.77;7665;0.42;7658;0.83;6209;True;6209.00;0.86;6221;0.89;6209;0.41;5752;True;5752.00;1.57;5752;0.49;5752;0.75;5016;True;5016.00;1.41;5016;0.26;5016;0.47;4901;True;4901.00;1.40;4901;0.92;4901;1.18
60;40;17;5610;True;5610.00;2.93;5619;0.82;5610;31.18;8053;True;8053.00;9.68;8072;0.66;8053;7.68;6443;True;6443.00;1.98;6460;0.40;6443;0.68;6043;True;6043.00;1.95;6051;0.34;6043;1.11;5330;True;5330.00;61.96;5331;0.73;5330;47.00;5212;True;5212.00;41.76;5218;0.82;5212;43.95
60;40;18;5341;True;5341.00;1.81;5341;0.26;5341;1.54;7751;True;7751.00;2.29;7754;0.31;7751;0.85;6304;True;6304.00;0.56;6306;0.23;6304;0.25;5702;True;5702.00;0.13;5702;0.13;5702;0.15;5127;True;5127.00;1.49;5133;0.37;5127;0.52;4982;True;4982.00;0.73;4985;0.35;4982;0.31
60;40;19;5195;True;5195.00;14.74;5199;1.26;5195;12.43;7494;True;7494.00;0.83;7497;0.57;7494;0.51;5973;True;5973.00;1.59;5974;0.30;5973;0.66;5577;True;5577.00;1.11;5577;0.35;5577;0.38;5039;True;5039.00;3.86;5051;1.32;5039;0.94;4851;True;4851.00;2.56;4857;1.26;4851;1.23
60;40;20;5706;True;5706.00;7.12;5721;0.86;5706;10.12;8378;True;8378.00;1.14;8378;1.27;8378;0.99;6484;True;6484.00;1.55;6488;0.67;6484;0.63;6084;True;6084.00;1.35;6084;0.38;6084;0.54;5407;True;5407.00;2.39;5410;0.74;5407;0.80;5282;True;5282.00;3.18;5292;1.26;5282;1.29
60;40;21;5824;True;5824.00;5.83;5824;0.98;5824;1.45;8257;True;8257.00;48.49;8287;0.73;8257;63.89;6629;True;6629.00;6.27;6672;0.61;6629;2.21;6095;True;6095.00;1.38;6095;0.38;6095;0.87;5433;True;5433.00;3.59;5433;0.28;5433;1.49;5278;True;5278.00;15.75;5278;1.44;5278;9.46
60;40;22;4674;True;4674.00;9.84;4676;1.14;4674;8.13;6934;True;6934.00;1.14;6934;0.68;6934;0.80;5545;True;5545.00;8.47;5549;1.19;5545;3.22;5144;True;5144.00;5.01;5151;1.21;5144;2.24;4511;True;4511.00;1.27;4525;2.08;4511;0.86;4434;True;4434.00;9.76;4444;2.87;4434;4.62
60;40;23;4622;True;4622.00;117.57;4623;1.88;4622;120.00;6761;True;6761.00;33.48;6761;2.04;6761;7.63;5502;True;5502.00;17.94;5521;2.36;5502;7.33;5049;True;5049.00;54.61;5053;1.07;5049;29.22;4415;True;4415.00;23.77;4415;2.09;4415;6.86;4273;True;4273.00;6.36;4279;2.31;4273;3.80
60;40;24;5174;True;5174.00;46.72;5187;2.06;5174;120.00;7467;True;7467.00;10.62;7478;5.42;7467;5.86;5855;True;5855.00;11.67;5858;1.90;5855;4.05;5447;True;5447.00;4.92;5457;3.63;5447;2.75;4887;True;4887.00;52.44;4908;5.73;4887;42.29;4694;True;4694.00;1.70;4702;2.03;4694;1.31
60;40;25;5654;True;5654.00;24.73;5664;0.92;5654;120.00;8049;True;8049.00;2.03;8054;0.46;8049;0.72;6597;True;6597.00;15.71;6622;1.55;6597;7.73;6121;True;6121.00;145.12;6138;1.13;6128;120.00;5353;True;5353.00;11.21;5353;0.38;5353;7.50;5240;True;5240.00;31.52;5258;0.96;5240;30.25
60;40;26;5262;True;5262.00;2841.46;5262;1.40;5262;120.00;7727;True;7727.00;5.99;7727;1.06;7727;2.10;6133;True;6133.00;1.97;6135;0.28;6133;0.61;5659;True;5659.00;2.59;5665;0.55;5659;0.79;5076;True;5076.00;12.28;5083;1.01;5076;4.09;4962;True;4962.00;2.58;4962;1.20;4962;1.87
60;40;27;4703;True;4703.00;2965.99;4709;0.79;4703;120.00;6948;True;6948.00;4.54;6951;0.60;6948;1.13;5614;True;5614.00;5.60;5614;0.45;5614;3.19;5161;True;5161.00;4.10;5171;0.56;5161;1.61;4511;True;4511.00;4.40;4516;1.06;4511;1.17;4393;True;4393.00;5.15;4405;1.18;4393;3.44
60;40;28;5120;True;5120.00;7.17;5120;1.08;5120;7.64;7191;True;7191.00;1.70;7191;1.60;7191;0.86;6099;True;6099.00;8.72;6104;1.65;6099;3.47;5629;True;5629.00;16.14;5629;1.29;5629;10.04;4959;True;4959.00;23.28;4965;2.85;4959;10.94;4813;True;4813.00;2.67;4813;2.20;4813;2.99
60;40;29;5429;True;5429.00;28.58;5429;0.65;5429;65.87;7754;True;7754.00;1.80;7764;0.48;7754;0.60;6106;True;6106.00;2.28;6116;0.29;6106;0.59;5738;True;5738.00;4.53;5742;0.38;5738;2.76;5152;True;5152.00;1.66;5152;0.28;5152;0.78;4980;True;4980.00;1.83;4990;0.47;4980;0.77
60;40;30;5315;True;5310.97;TL;5315;0.80;5317;120.00;7531;True;7531.00;9.87;7531;1.97;7531;4.89;6150;True;6150.00;11.96;6152;2.32;6150;5.96;5659;True;5659.00;9.72;5663;2.34;5659;4.64;5001;True;5001.00;7.84;5011;2.25;5001;3.14;4844;True;4844.00;4.93;4844;1.76;4844;2.02
60;40;31;5763;True;5763.00;1268.44;5763;1.19;5763;120.00;8301;True;8301.00;2.88;8312;1.33;8301;1.16;6642;True;6642.00;3.59;6648;0.65;6642;1.10;6233;True;6233.00;1.89;6233;0.93;6233;1.02;5531;True;5531.00;11.50;5533;2.37;5531;4.59;5384;True;5384.00;11.72;5403;4.19;5384;4.32
60;40;32;4761;True;4761.00;2.66;4769;1.09;4761;0.91;6857;True;6857.00;5.34;6857;1.14;6857;1.12;5355;True;5355.00;1.60;5355;0.60;5355;0.52;5070;True;5070.00;6.43;5071;1.09;5070;3.86;4494;True;4494.00;4.17;4494;1.90;4494;2.31;4378;True;4378.00;11.89;4379;3.02;4378;8.69
60;40;33;5305;True;5301.42;TL;5307;1.27;5307;120.00;7593;True;7593.00;0.58;7593;0.36;7593;0.31;6040;True;6040.00;1.17;6057;0.30;6040;0.43;5648;True;5648.00;1.63;5659;0.38;5648;0.64;5061;True;5061.00;4.90;5079;1.21;5061;1.75;4911;True;4911.00;0.23;4911;0.25;4911;0.26
60;40;34;4714;True;4714.00;1.10;4714;0.89;4714;0.45;6734;True;6734.00;0.97;6734;1.00;6734;0.29;5469;True;5469.00;7.68;5475;1.17;5469;1.96;5096;True;5096.00;2.72;5107;1.41;5096;2.36;4536;True;4536.00;2.13;4558;1.08;4536;1.00;4417;True;4417.00;5.33;4417;1.49;4417;3.09
60;40;35;5268;True;5268.00;5.48;5268;0.59;5268;3.89;7651;True;7651.00;3.41;7655;0.76;7651;1.12;6291;True;6291.00;1.27;6291;0.33;6291;0.41;5790;True;5790.00;1.52;5800;0.36;5790;0.83;5107;True;5107.00;6.75;5116;1.56;5107;3.70;4933;True;4933.00;2.85;4943;1.35;4933;1.74
60;40;36;5231;True;5231.00;5.28;5231;0.47;5231;5.00;7661;True;7661.00;0.86;7674;0.35;7661;0.30;6151;True;6151.00;0.94;6151;0.26;6151;0.53;5690;True;5690.00;2.79;5690;0.38;5690;1.59;4975;True;4975.00;2.15;4975;0.30;4975;0.52;4849;True;4849.00;0.49;4860;0.84;4849;0.40
60;40;37;5727;True;5727.00;0.74;5727;0.26;5727;0.25;8136;True;8136.00;41.25;8148;1.09;8136;23.22;6553;True;6553.00;37.13;6554;1.01;6553;19.48;6111;True;6111.00;37.03;6111;1.34;6111;21.80;5419;True;5419.00;1.95;5442;1.28;5419;2.20;5255;True;5255.00;21.67;5255;0.92;5255;17.57
60;40;38;5232;True;5232.00;3.20;5236;0.51;5232;1.28;7381;True;7381.00;0.39;7398;0.43;7381;0.31;6283;True;6283.00;0.52;6301;0.28;6283;0.22;5833;True;5833.00;3.35;5834;0.34;5833;1.89;5026;True;5026.00;1.00;5026;0.31;5026;0.40;4938;True;4938.00;1.96;4954;1.22;4938;0.84
60;40;39;5163;True;5163.00;458.67;5163;1.49;5163;120.00;7662;True;7662.00;1.85;7674;1.50;7662;0.92;5888;True;5888.00;2.90;5899;1.09;5888;1.78;5536;True;5536.00;12.05;5545;2.43;5536;7.90;4968;True;4968.00;16.43;4977;1.90;4968;13.18;4811;True;4811.00;18.20;4828;4.56;4811;5.59
60;50;0;6857;True;6857.00;0.18;6857;0.18;6857;0.17;9842;True;9842.00;2.87;9853;0.77;9842;0.76;7895;True;7895.00;1.84;7896;0.64;7895;0.71;7313;True;7313.00;2.11;7313;0.53;7313;0.97;6621;True;6621.00;6.25;6621;1.50;6621;3.46;6393;True;6393.00;3.38;6393;0.48;6393;1.72
60;50;1;6504;True;6504.00;67.77;6504;1.75;6504;120.00;9380;True;9380.00;36.26;9424;6.10;9380;14.21;7853;True;7853.00;8.00;7866;0.85;7853;3.59;7216;True;7216.00;5.35;7230;1.13;7216;3.45;6366;True;6366.00;21.49;6381;4.13;6366;5.56;6169;True;6169.00;47.58;6181;7.42;6169;34.88
60;50;2;6043;True;6043.00;25.61;6063;7.05;6043;74.63;8687;True;8687.00;8.29;8725;3.26;8687;3.35;7209;True;7209.00;4.26;7209;1.28;7209;1.56;6587;True;6587.00;16.07;6589;1.34;6587;5.69;5851;True;5851.00;27.42;5859;4.17;5851;16.29;5713;True;5713.00;71.02;5717;5.00;5713;42.87
60;50;3;6193;True;6193.00;73.99;6196;0.50;6193;66.71;8979;True;8979.00;15.18;8996;3.14;8979;6.24;7270;True;7270.00;13.10;7289;2.52;7270;17.46;6580;True;6580.00;3.34;6583;1.54;6580;1.67;5865;True;5865.00;10.86;5871;2.77;5865;5.37;5723;True;5723.00;8.29;5723;1.85;5723;7.89
60;50;4;7227;True;7227.00;5.34;7227;0.90;7227;3.94;10698;True;10698.00;40.44;10709;3.70;10698;29.83;8497;True;8497.00;2.75;8497;0.73;8497;0.89;7865;True;7865.00;4.36;7883;1.94;7865;2.42;6961;True;6961.00;6.69;6974;1.63;6961;3.44;6789;True;6789.00;30.51;6801;3.18;6789;19.20
60;50;5;6864;True;6855.83;TL;6874;1.29;6864;120.00;9927;True;9927.00;3.64;9940;0.51;9927;0.98;7840;True;7840.00;3.00;7873;1.22;7840;1.61;7311;True;7311.00;9.92;7311;0.80;7311;3.89;6499;True;6499.00;6.30;6501;0.73;6499;2.00;6268;True;6268.00;1.13;6268;0.69;6268;1.42
60;50;6;7534;False;7524.79;TL;7534;0.19;7534;120.00;10833;True;10833.00;2.36;10838;1.75;10833;1.46;8741;True;8741.00;2.11;8750;0.66;8741;0.63;8082;True;8082.00;11.71;8085;1.60;8082;3.09;7215;True;7215.00;17.20;7215;3.14;7215;35.78;6931;True;6931.00;8.17;6941;2.34;6931;2.90
60;50;7;6641;False;6614.53;TL;6658;1.63;6649;120.00;9359;True;9359.00;274.56;9382;3.52;9366;120.00;7555;True;7555.00;41.96;7587;3.53;7555;20.89;7121;True;7121.00;138.66;7127;2.65;7129;120.00;6325;False;6320.87;TL;6327;2.80;6340;120.00;6148;True;6148.00;76.62;6151;2.68;6148;58.24
60;50;8;6203;True;6203.00;3.49;6203;1.94;6203;3.34;9099;True;9099.00;77.62;9106;7.32;9099;41.31;7148;True;7148.00;5.12;7148;0.75;7148;2.58;6685;True;6685.00;21.56;6688;2.07;6685;9.48;5988;True;5988.00;9.92;6003;3.16;5988;2.81;5824;True;5824.00;18.09;5843;4.17;5824;8.75
60;50;9;6799;True;6799.00;110.52;6799;2.50;6799;120.00;9865;True;9865.00;110.01;9944;3.38;9865;120.00;7699;True;7699.00;183.11;7727;12.79;7699;120.00;7237;True;7237.00;222.16;7237;2.85;7243;120.00;6378;True;6378.00;15.17;6381;2.52;6378;5.44;6159;True;6159.00;2.73;6162;1.81;6159;1.31
60;50;10;6196;False;6188.52;TL;6196;3.52;6196;120.00;8803;True;8803.00;47.17;8821;9.80;8803;22.36;7063;True;7063.00;2.77;7063;1.05;7063;0.96;6570;True;6570.00;30.26;6579;5.49;6570;14.94;5902;True;5902.00;38.84;5918;19.06;5902;15.25;5698;True;5698.00;68.54;5701;4.50;5698;67.34
60;50;11;6206;True;6206.00;15.92;6206;3.64;6206;32.55;9128;True;9128.00;12.15;9131;2.81;9128;5.31;7192;True;7192.00;3.75;7202;2.48;7192;4.61;6740;True;6740.00;36.64;6743;5.61;6740;19.32;5981;True;5981.00;27.52;5985;9.32;5981;9.67;5837;True;5837.00;95.32;5837;10.04;5837;46.19
60;50;12;6183;True;6183.00;25.72;6190;2.86;6183;60.62;9065;True;9065.00;43.31;9072;3.26;9065;14.06;7224;True;7224.00;4.24;7224;2.19;7224;2.53;6724;True;6724.00;38.61;6728;4.10;6724;23.32;5950;True;5950.00;41.43;5959;5.57;5950;25.12;5804;True;5804.00;25.37;5806;4.44;5804;12.64
60;50;13;6757;True;6757.00;10.18;6757;1.80;6757;17.21;9863;True;9863.00;133.09;9875;10.31;9863;111.17;7848;True;7848.00;14.44;7865;2.13;7848;10.45;7289;True;7289.00;4.29;7303;2.92;7289;2.60;6526;True;6526.00;6.39;6541;4.72;6526;3.91;6343;True;6343.00;58.77;6360;7.38;6343;21.41
60;50;14;6781;True;6781.00;131.22;6781;2.45;6781;120.00;9993;True;9993.00;85.93;10020;6.39;9993;68.75;7811;True;7811.00;7.52;7821;2.01;7811;2.37;7295;True;7295.00;25.91;7299;2.41;7295;13.24;6481;True;6481.00;63.09;6484;20.51;6481;59.40;6286;True;6286.00;108.44;6294;8.16;6286;57.96
60;50;15;6661;True;6661.00;8.28;6661;1.19;6661;8.01;9662;True;9662.00;23.37;9682;3.28;9662;7.70;7745;True;7745.00;49.02;7749;2.73;7745;20.56;7302;True;7302.00;34.72;7302;2.76;7302;29.01;6378;True;6378.00;22.00;6389;2.28;6378;9.67;6168;True;6168.00;9.08;6182;2.13;6168;3.22
60;50;16;6292;True;6292.00;66.76;6301;3.23;6292;120.00;8917;True;8917.00;13.09;8917;2.92;8917;3.53;7113;True;7113.00;22.06;7113;2.38;7113;7.51;6668;True;6668.00;31.67;6672;4.45;6668;12.14;5957;True;5957.00;263.27;5974;11.32;5957;120.00;5777;True;5777.00;66.94;5791;7.13;5777;38.08
60;50;17;7365;False;7360.27;TL;7365;2.33;7375;120.00;10746;True;10746.00;44.63;10764;3.96;10746;16.76;8293;True;8293.00;7.03;8313;2.59;8293;3.23;7837;True;7837.00;13.40;7844;1.68;7837;8.31;7007;True;7007.00;135.69;7011;12.75;7007;120.00;6792;True;6792.00;14.25;6805;2.72;6792;13.03
60;50;18;6219;True;6219.00;17.65;6219;1.06;6219;11.64;8997;True;8997.00;22.79;8998;1.55;8997;8.23;7421;True;7421.00;24.85;7434;2.70;7421;8.57;6890;True;6890.00;18.30;6896;2.85;6890;9.54;6050;True;6050.00;35.73;6053;2.50;6050;15.02;5929;True;5929.00;29.88;5932;4.13;5929;16.10
60;50;19;7041;True;7041.00;2.20;7047;1.50;7041;35.12;10211;True;10211.00;4.03;10218;1.79;10211;1.13;8289;True;8289.00;3.15;8342;1.72;8289;1.75;7568;True;7568.00;3.52;7572;1.78;7568;1.85;6662;True;6662.00;4.26;6665;1.25;6662;1.84;6524;True;6524.00;6.78;6530;1.66;6524;2.41
60;50;20;6757;False;6722.51;TL;6775;3.13;6782;120.00;9661;True;9661.00;105.65;9692;7.04;9661;100.08;7705;True;7705.00;19.19;7718;2.05;7705;12.49;7221;True;7221.00;67.66;7233;3.78;7221;103.11;6368;True;6368.00;394.27;6394;2.99;6404;120.00;6143;True;6143.00;31.06;6148;2.09;6143;15.65
60;50;21;6771;True;6771.00;0.71;6771;0.28;6771;0.21;9804;True;9804.00;8.24;9806;1.12;9804;2.33;7726;True;7726.00;0.44;7740;0.35;7726;0.20;7290;True;7290.00;4.70;7294;0.58;7290;2.65;6472;True;6472.00;0.97;6472;0.35;6472;0.57;6269;True;6269.00;5.78;6274;0.72;6269;2.83
60;50;22;5665;True;5665.00;1658.59;5667;2.64;5665;120.00;8258;True;8258.00;32.29;8265;3.12;8258;8.18;6602;True;6602.00;15.66;6602;1.83;6602;5.05;6046;True;6046.00;16.65;6050;1.86;6046;7.86;5426;True;5426.00;40.71;5433;4.67;5426;17.25;5184;True;5184.00;8.04;5199;1.80;5184;3.42
60;50;23;6228;True;6228.00;2.79;6239;2.08;6228;2.11;8939;True;8939.00;6.87;8939;1.42;8939;2.68;7171;True;7171.00;9.80;7171;0.82;7171;5.48;6685;True;6685.00;9.39;6693;1.21;6685;4.70;5976;True;5976.00;14.90;5992;3.75;5976;7.49;5823;True;5823.00;17.50;5829;2.87;5823;10.70
60;50;24;6695;False;6683.33;TL;6696;2.62;6696;120.00;9948;True;9948.00;41.15;9955;3.34;9948;32.78;7595;True;7595.00;33.63;7607;4.43;7595;17.10;7116;True;7116.00;24.39;7129;1.81;7116;10.14;6463;True;6463.00;44.32;6473;9.82;6463;30.50;6274;True;6274.00;160.61;6275;4.58;6277;120.00
60;50;25;6661;True;6661.00;40.85;6667;2.32;6661;94.61;9781;True;9781.00;11.46;9790;6.71;9781;4.78;7652;True;7652.00;5.05;7659;1.27;7652;3.35;7152;True;7152.00;2.18;7152;1.80;7152;2.21;6386;True;6386.00;29.43;6394;4.15;6386;12.39;6146;True;6146.00;13.99;6151;4.02;6146;5.64
60;50;26;5769;True;5769.00;695.59;5773;8.30;5769;120.00;8452;True;8452.00;19.66;8453;5.32;8452;5.66;6686;True;6686.00;2.59;6686;0.73;6686;1.36;6217;True;6217.00;6.16;6228;2.53;6217;5.26;5450;True;5450.00;8.09;5450;1.42;5450;2.75;5358;True;5358.00;3.84;5359;3.04;5358;3.04
60;50;27;6825;False;6823.25;TL;6825;3.43;6825;120.00;9606;True;9606.00;2.13;9606;1.98;9606;1.54;8032;True;8032.00;115.43;8056;13.58;8032;97.82;7343;True;7343.00;165.29;7359;3.45;7343;120.00;6533;True;6533.00;38.27;6533;3.72;6533;78.67;6367;True;6367.00;71.42;6370;8.05;6367;38.97
60;50;28;6203;True;6203.00;32.40;6203;3.15;6203;35.94;8976;True;8976.00;34.23;8985;5.02;8976;17.98;7254;True;7254.00;5.02;7254;2.22;7254;3.22;6733;True;6733.00;49.11;6737;4.10;6733;25.08;5998;True;5998.00;7.96;5998;2.34;5998;2.77;5824;True;5824.00;27.62;5829;4.00;5824;19.75
60;50;29;6775;True;6775.00;2.10;6775;2.40;6775;1.69;9586;True;9586.00;49.30;9593;6.51;9586;28.92;7748;True;7748.00;31.65;7758;30.10;7748;18.89;7288;True;7288.00;88.10;7304;9.69;7288;83.70;6444;True;6444.00;13.45;6451;3.24;6444;5.58;6294;True;6294.00;92.83;6302;8.41;6294;115.46
60;50;30;6688;True;6688.00;9.42;6697;1.55;6688;13.87;9792;True;9792.00;11.70;9795;4.37;9792;5.81;7760;True;7760.00;44.68;7778;2.02;7760;31.45;7225;True;7225.00;36.99;7260;3.23;7225;28.64;6414;True;6414.00;31.35;6431;6.08;6414;19.96;6217;True;6217.00;3.68;6217;2.95;6217;1.91
60;50;31;6749;True;6749.00;1.83;6749;0.99;6749;2.23;9753;True;9753.00;4.69;9771;2.89;9753;2.67;7834;True;7834.00;9.11;7844;0.97;7834;3.28;7286;True;7286.00;2.81;7286;1.14;7286;1.74;6430;True;6430.00;20.03;6430;2.90;6430;12.81;6279;True;6279.00;24.97;6291;4.23;6279;16.50
60;50;32;6710;True;6710.00;163.57;6710;1.05;6710;120.00;9720;True;9720.00;3.34;9749;1.46;9720;1.96;7792;True;7792.00;1.85;7814;0.82;7792;1.05;7284;True;7284.00;5.07;7290;1.12;7284;2.27;6432;True;6432.00;2.52;6432;1.09;6432;2.01;6287;True;6287.00;11.58;6287;1.02;6287;4.22
60;50;33;5707;True;5707.00;37.47;5707;2.73;5711;120.00;8156;True;8156.00;3.62;8156;0.99;8156;1.66;6589;True;6589.00;1.92;6589;0.83;6589;0.79;6112;True;6112.00;19.84;6118;3.34;6112;14.36;5441;True;5441.00;30.66;5446;3.34;5441;38.40;5242;True;5242.00;10.68;5256;4.42;5242;7.01
60;50;34;7280;True;7280.00;47.85;7285;1.53;7280;120.00;10656;True;10656.00;10.82;10664;2.45;10656;7.30;8497;True;8497.00;712.70;8525;2.46;8539;120.00;7912;True;7912.00;2430.89;7931;2.19;7925;120.00;6944;True;6944.00;113.65;6964;6.71;6967;120.00;6784;True;6784.00;293.19;6786;2.53;6786;120.00
60;50;35;6317;True;6317.00;8.80;6321;1.88;6317;120.00;9179;True;9179.00;4.41;9179;0.78;9179;1.78;7339;True;7339.00;4.11;7361;1.84;7339;3.25;6797;True;6797.00;4.74;6809;2.37;6797;3.32;6007;True;6007.00;0.28;6007;0.30;6007;0.30;5858;True;5858.00;12.70;5860;2.75;5858;15.53
60;50;36;6647;True;6647.00;3.89;6654;1.92;6647;2.13;9674;True;9674.00;12.87;9687;5.01;9674;6.08;7748;True;7748.00;1.98;7766;1.81;7748;1.56;7242;True;7242.00;8.66;7250;2.63;7242;5.72;6289;True;6289.00;3.07;6289;5.40;6289;1.90;6139;True;6139.00;15.18;6165;12.39;6139;18.95
60;50;37;6081;True;6081.00;76.99;6082;2.40;6081;120.00;8614;True;8614.00;121.93;8663;35.36;8629;120.00;6946;True;6946.00;12.95;6960;3.19;6946;5.98;6539;True;6539.00;112.00;6549;3.89;6539;78.13;5750;True;5750.00;10.23;5762;3.83;5750;3.76;5612;True;5612.00;263.56;5646;6.91;5632;120.00
60;50;38;6192;True;6192.00;44.20;6192;0.90;6192;114.06;8955;True;8955.00;2.78;8955;1.11;8955;1.08;7166;True;7166.00;3.15;7181;1.01;7166;1.44;6690;True;6690.00;15.43;6702;1.16;6690;10.50;5901;True;5901.00;5.57;5909;1.10;5901;1.88;5732;True;5732.00;24.56;5746;2.59;5732;14.93
60;50;39;6981;True;6981.00;0.82;6981;0.73;6981;0.47;10274;True;10274.00;4.28;10274;1.75;10274;1.51;8194;True;8194.00;6.43;8204;1.76;8194;2.69;7622;True;7622.00;1.83;7645;1.68;7622;0.91;6696;True;6696.00;2.83;6696;1.41;6696;1.27;6518;True;6518.00;0.80;6518;0.58;6518;0.65
60;60;0;8232;False;8212.28;TL;8232;2.30;8251;120.00;11956;True;11956.00;117.41;11961;5.23;11956;72.88;9356;True;9353.86;TL;9380;6.90;9388;120.00;8697;False;8687.46;TL;8722;3.61;8728;120.00;7780;False;7770.14;TL;7837;4.59;7908;120.00;7546;False;7536.63;TL;7549;3.52;7556;120.00
60;60;1;8081;False;8067.21;TL;8081;2.47;8085;120.00;11880;True;11880.00;1206.34;11896;2.71;11929;120.00;9399;True;9399.00;23.35;9399;2.90;9399;26.15;8664;True;8664.00;12.54;8672;4.10;8664;8.00;7722;True;7722.00;505.65;7735;4.02;7752;120.00;7532;True;7532.00;22.41;7532;2.10;7532;12.98
60;60;2;7582;True;7582.00;36.51;7582;2.31;7582;120.00;10904;True;10904.00;41.63;10909;4.70;10904;12.63;8701;True;8701.00;21.10;8737;5.54;8701;9.14;8215;True;8215.00;58.21;8237;7.60;8215;27.65;7232;True;7232.00;6.70;7242;2.23;7232;2.93;7053;True;7053.00;15.72;7062;3.80;7053;7.50
60;60;3;7717;False;7706.73;TL;7720;5.46;7734;120.00;11124;True;11124.00;465.34;11151;15.70;11124;120.00;8862;True;8862.00;86.07;8879;8.09;8862;85.41;8295;True;8295.00;202.64;8313;30.96;8295;120.00;7405;True;7405.00;232.08;7405;26.85;7405;120.00;7168;True;7168.00;202.78;7187;16.53;7168;120.00
60;60;4;8014;True;8014.00;2.79;8014;1.63;8014;4.11;11571;True;11571.00;2.24;11587;2.43;11571;1.07;9138;True;9138.00;3.55;9138;1.94;9138;2.10;8506;True;8506.00;5.64;8519;4.01;8506;3.43;7644;True;7644.00;13.82;7655;5.21;7644;5.78;7422;True;7422.00;13.52;7422;3.85;7422;4.74
60;60;5;7236;True;7236.00;85.98;7250;3.08;7236;120.00;10504;True;10504.00;21.48;10507;3.13;10504;11.22;8234;True;8234.00;60.40;8235;4.77;8234;51.73;7782;True;7782.00;20.90;7796;4.27;7782;12.87;7013;True;7013.00;15.20;7017;3.54;7013;9.49;6796;True;6796.00;13.28;6819;5.84;6796;5.90
60;60;6;7102;True;7102.00;540.68;7103;4.63;7104;120.00;10372;True;10372.00;86.28;10381;22.88;10372;65.58;8187;True;8187.00;183.98;8204;17.84;8187;104.23;7643;True;7643.00;118.46;7648;17.39;7643;81.71;6826;True;6826.00;107.51;6828;11.98;6826;41.17;6596;True;6596.00;74.75;6606;16.16;6596;81.13
60;60;7;7048;True;7048.00;1581.27;7064;6.13;7048;120.00;9981;True;9981.00;136.99;10018;6.74;9981;120.00;8029;True;8029.00;108.04;8029;4.25;8029;97.71;7479;True;7479.00;415.19;7482;12.27;7480;120.00;6689;True;6689.00;131.94;6711;12.57;6701;120.00;6526;True;6526.00;837.94;6528;5.69;6551;120.00
60;60;8;7932;True;7932.00;9.52;7932;1.18;7932;63.41;11436;True;11436.00;3.46;11459;4.57;11436;1.16;9324;True;9324.00;29.10;9324;3.62;9324;18.13;8606;True;8606.00;16.40;8611;3.51;8606;9.22;7562;True;7562.00;32.40;7562;3.30;7562;12.55;7350;True;7350.00;13.70;7362;3.20;7350;6.10
60;60;9;7097;True;7097.00;1662.04;7097;5.39;7097;120.00;10129;True;10129.00;81.01;10133;3.85;10129;26.08;8446;True;8446.00;26.69;8462;5.69;8446;13.04;7749;True;7749.00;69.57;7752;8.58;7749;30.74;6790;True;6790.00;221.72;6791;8.62;6791;120.00;6663;True;6663.00;87.75;6671;12.84;6663;28.47
60;60;10;7307;True;7307.00;418.63;7309;3.24;7313;120.00;10741;True;10741.00;9.64;10759;6.74;10741;6.51;8529;True;8529.00;7.31;8550;1.95;8529;1.88;7859;True;7859.00;20.92;7878;7.58;7859;9.81;7030;True;7030.00;20.37;7039;8.02;7030;7.90;6822;True;6822.00;56.75;6834;7.99;6822;41.62
60;60;11;7816;True;7816.00;1311.98;7816;3.67;7816;120.00;11215;True;11215.00;23.36;11233;6.45;11215;12.10;9132;True;9132.00;28.35;9152;3.86;9132;10.54;8462;True;8462.00;37.22;8474;3.42;8462;20.24;7510;True;7510.00;51.68;7512;6.85;7510;30.23;7337;True;7337.00;46.49;7351;6.26;7337;22.13
60;60;12;8185;False;8158.47;TL;8202;3.83;8223;120.00;11913;True;11913.00;45.18;11917;2.89;11913;25.40;9464;True;9464.00;99.78;9481;9.67;9464;67.19;8858;True;8858.00;17.71;8858;2.34;8858;17.84;7798;True;7798.00;43.57;7803;2.29;7798;46.86;7615;True;7615.00;114.56;7618;7.69;7615;79.70
60;60;13;7824;True;7824.00;14.52;7829;1.15;7824;14.32;11264;True;11264.00;12.44;11274;1.19;11264;2.17;9169;True;9169.00;20.55;9169;1.47;9169;5.91;8397;True;8397.00;12.70;8404;2.20;8397;6.91;7445;True;7445.00;2.02;7445;0.95;7445;1.16;7273;True;7273.00;30.12;7273;2.66;7273;10.17
60;60;14;7861;True;7861.00;15.43;7862;1.42;7861;120.00;11385;True;11385.00;1.67;11385;0.46;11385;0.95;9140;True;9140.00;1.95;9145;0.72;9140;1.17;8487;True;8487.00;15.99;8489;0.91;8487;8.48;7516;True;7516.00;35.34;7516;3.58;7516;18.98;7311;True;7311.00;17.39;7317;3.47;7311;8.14
60;60;15;7179;False;7175.35;TL;7182;3.67;7184;120.00;10406;True;10406.00;77.83;10434;11.28;10406;53.30;8328;True;8328.00;138.83;8328;11.58;8328;113.14;7740;True;7740.00;36.11;7755;11.86;7740;17.01;6867;True;6867.00;31.87;6867;4.30;6867;23.83;6683;True;6683.00;635.13;6690;33.62;6686;120.00
60;60;16;7137;True;7137.00;257.69;7137;3.65;7137;120.00;10323;True;10323.00;31.47;10340;4.94;10323;12.11;8475;True;8475.00;43.78;8487;4.88;8475;25.76;7808;True;7808.00;20.52;7808;2.29;7808;9.27;6911;True;6911.00;42.91;6915;7.68;6911;20.70;6723;True;6723.00;29.75;6734;8.69;6723;12.64
60;60;17;7794;True;7792.42;TL;7794;6.36;7803;120.00;11238;True;11238.00;4.47;11244;2.87;11238;2.47;9033;True;9033.00;38.46;9052;9.28;9033;10.90;8401;True;8401.00;12.07;8413;2.84;8401;6.79;7436;True;7436.00;230.67;7436;4.93;7436;120.00;7224;True;7224.00;40.74;7232;8.16;7224;20.55
60;60;18;8239;True;8239.00;9.68;8239;2.80;8239;12.00;11855;True;11855.00;69.47;11888;13.31;11855;64.49;9347;True;9347.00;5.11;9356;1.56;9347;1.26;8752;True;8752.00;54.13;8761;2.65;8752;27.81;7890;True;7890.00;168.60;7890;7.01;7894;120.00;7597;True;7597.00;38.53;7614;5.18;7597;19.46
60;60;19;7635;True;7635.00;261.73;7638;1.61;7635;120.00;11137;True;11137.00;74.02;11148;4.61;11137;42.81;8844;True;8844.00;16.14;8860;4.59;8844;7.63;8257;True;8257.00;44.20;8267;8.77;8257;20.16;7364;True;7364.00;43.94;7366;3.67;7364;25.05;7160;True;7160.00;48.42;7166;9.24;7160;33.38
60;60;20;7124;True;7124.00;23.93;7124;5.91;7124;18.76;10578;True;10578.00;28.75;10591;9.17;10578;8.86;8372;True;8372.00;8.82;8383;3.77;8372;4.19;7752;True;7752.00;18.39;7768;3.75;7752;11.09;6934;True;6934.00;66.10;6938;6.68;6934;60.39;6674;True;6674.00;42.43;6682;6.75;6674;34.40
60;60;21;8368;False;8361.93;TL;8368;4.51;8369;120.00;12210;True;12210.00;99.94;12229;14.25;12210;52.33;9633;True;9633.00;15.04;9649;3.00;9633;7.52;8888;True;8888.00;4.50;8908;3.35;8888;1.15;7909;True;7909.00;77.30;7921;6.04;7909;38.69;7649;True;7649.00;57.07;7670;21.69;7649;48.16
60;60;22;7727;True;7727.00;1676.24;7727;3.52;7736;120.00;11231;True;11231.00;150.92;11283;57.53;11231;67.57;8748;True;8748.00;191.30;8769;11.20;8748;104.21;8169;True;8169.00;43.75;8173;4.75;8169;27.95;7365;True;7365.00;130.29;7375;30.14;7368;120.00;7155;True;7155.00;1331.93;7168;49.38;7161;120.00
60;60;23;7876;True;7876.00;4.07;7876;0.77;7876;1.42;11329;True;11329.00;7.26;11358;3.34;11329;1.74;9185;True;9185.00;45.01;9193;2.50;9185;31.97;8423;True;8423.00;22.93;8435;3.44;8423;15.00;7447;True;7447.00;17.17;7447;1.18;7447;9.00;7258;True;7258.00;16.91;7272;3.69;7258;8.04
60;60;24;6989;True;6989.00;24.79;6989;1.23;6989;25.02;9940;True;9940.00;37.16;9941;2.91;9940;16.04;8054;True;8054.00;143.25;8104;13.80;8069;120.00;7485;True;7485.00;681.11;7511;10.25;7523;120.00;6655;True;6655.00;22.37;6665;4.74;6655;13.40;6516;True;6516.00;22.19;6525;11.03;6516;38.87
60;60;25;7649;False;7632.00;TL;7659;6.28;7651;120.00;11106;True;11106.00;87.70;11110;7.97;11106;34.02;8751;True;8751.00;427.43;8772;10.06;8785;120.00;8175;True;8175.00;363.70;8195;5.31;8194;120.00;7276;True;7276.00;61.74;7286;11.68;7276;68.48;7058;True;7058.00;357.71;7073;54.09;7064;120.00
60;60;26;7691;True;7691.00;419.39;7695;4.89;7695;120.00;10813;True;10813.00;104.13;10831;7.57;10813;56.53;8747;True;8747.00;7.86;8747;2.56;8747;2.69;8086;True;8086.00;7.32;8100;3.75;8086;5.67;7326;True;7326.00;211.28;7330;13.21;7326;120.00;7098;True;7098.00;48.45;7100;9.25;7098;51.75
60;60;27;7714;True;7704.71;TL;7714;2.69;7724;120.00;11345;True;11345.00;53.93;11368;5.74;11345;30.92;9100;True;9100.00;23.81;9100;3.94;9100;9.83;8399;True;8399.00;11.31;8410;3.27;8399;5.22;7412;True;7412.00;34.08;7415;2.38;7412;11.32;7278;True;7278.00;115.83;7290;7.62;7278;42.29
60;60;28;9263;True;9263.00;1506.89;9274;1.49;9263;120.00;13462;True;13462.00;551.75;13517;1.91;13496;120.00;10673;True;10673.00;18.85;10685;1.32;10673;9.13;9974;True;9974.00;54.71;9991;1.65;9974;38.74;8836;True;8836.00;260.15;8844;1.79;8836;120.00;8589;True;8589.00;129.35;8600;1.82;8589;105.21
60;60;29;8021;False;8013.33;TL;8032;2.77;8023;120.00;11651;True;11651.00;1412.63;11691;4.56;11720;120.00;9483;True;9483.00;273.06;9483;2.42;9483;120.00;8724;True;8724.00;554.28;8729;7.04;8738;120.00;7733;True;7733.00;581.61;7759;18.67;7798;120.00;7505;True;7505.00;287.65;7518;3.16;7505;120.00
60;60;30;7128;True;7128.00;19.90;7128;2.89;7128;23.46;10209;True;10209.00;113.63;10228;13.62;10209;69.62;8258;True;8258.00;85.61;8265;4.55;8258;48.13;7765;True;7765.00;19.14;7766;3.63;7765;13.75;6834;True;6834.00;288.80;6836;5.13;6836;120.00;6629;True;6629.00;73.48;6638;7.51;6629;38.31
60;60;31;7204;True;7204.00;4.70;7214;2.35;7204;6.81;10704;True;10704.00;9.80;10715;1.35;10704;5.25;8421;True;8421.00;12.36;8437;4.91;8421;4.63;7920;True;7920.00;59.17;7924;4.75;7920;84.87;6944;True;6944.00;51.92;6950;7.77;6944;23.27;6792;True;6792.00;5.15;6792;2.26;6792;3.92
60;60;32;7886;True;7886.00;113.86;7893;4.91;7886;120.00;11283;True;11283.00;244.14;11316;26.66;11283;120.00;8920;True;8920.00;47.69;8920;7.38;8920;20.53;8338;True;8338.00;190.17;8360;24.18;8338;109.71;7434;True;7434.00;19.49;7443;5.31;7434;6.68;7164;True;7164.00;24.81;7184;40.58;7164;11.89
60;60;33;7006;True;7006.00;100.35;7006;4.47;7006;120.00;10112;True;10112.00;202.98;10119;31.64;10112;120.00;8246;True;8246.00;158.97;8261;23.15;8246;120.00;7739;True;7739.00;3239.36;7776;29.37;7759;120.00;6759;True;6759.00;363.85;6769;97.00;6763;120.00;6588;True;6588.00;395.03;6628;80.74;6609;120.00
60;60;34;7734;False;7730.00;TL;7736;5.78;7743;120.00;11264;True;11264.00;39.83;11281;8.59;11264;17.43;9037;True;9037.00;154.09;9044;8.23;9037;94.47;8308;True;8308.00;37.39;8308;5.28;8308;23.21;7386;True;7386.00;16.79;7403;9.27;7386;8.65;7195;True;7195.00;29.93;7218;15.51;7195;8.06
60;60;35;7846;True;7846.00;6.65;7846;2.58;7846;25.79;11311;True;11311.00;19.71;11327;3.80;11311;11.79;9166;True;9166.00;1.90;9166;1.64;9166;0.76;8535;True;8535.00;26.52;8542;3.21;8535;11.17;7564;True;7564.00;17.54;7577;3.70;7564;12.91;7416;True;7416.00;32.77;7419;3.04;7416;18.40
60;60;36;7006;True;7006.00;18.92;7014;11.36;7006;44.79;10011;True;10011.00;294.25;10041;18.38;10102;120.00;8079;True;8079.00;348.61;8113;26.08;8089;120.00;7489;True;7489.00;617.12;7501;17.86;7495;120.00;6704;True;6704.00;1196.57;6722;119.49;6719;120.00;6529;True;6529.00;458.28;6550;17.58;6537;120.00
60;60;37;7263;False;7249.98;TL;7263;2.21;7263;120.00;10434;True;10434.00;22.31;10448;2.54;10434;6.13;8273;True;8273.00;14.84;8273;0.75;8273;9.19;7695;True;7695.00;42.93;7707;7.38;7695;35.61;7002;True;7002.00;75.02;7009;5.33;7002;71.28;6742;True;6742.00;71.83;6743;4.68;6742;62.29
60;60;38;7454;True;7454.00;186.57;7457;4.20;7454;120.00;10761;True;10761.00;29.07;10761;3.77;10761;14.38;8626;True;8626.00;31.53;8629;2.44;8626;14.98;7938;True;7938.00;29.83;7940;1.93;7938;36.51;6983;True;6983.00;50.49;6983;2.42;6983;38.20;6807;True;6807.00;23.76;6821;5.76;6807;31.41
60;60;39;7842;True;7842.00;55.22;7844;2.60;7842;120.00;11463;True;11463.00;29.40;11470;4.10;11463;24.04;9102;True;9102.00;1.74;9102;0.61;9102;0.73;8544;True;8544.00;18.36;8546;1.86;8544;7.68;7526;True;7526.00;9.47;7533;2.53;7526;3.01;7322;True;7322.00;23.63;7333;5.36;7322;13.32
60;70;0;7969;True;7969.00;52.63;7969;5.00;7969;120.00;11393;False;11328.60;TL;11393;34.30;11438;120.00;9180;True;9180.00;304.62;9194;15.31;9192;120.00;8619;True;8619.00;672.86;8632;91.12;8636;120.00;7595;True;7594.20;TL;7612;20.81;7723;120.00;7411;True;7410.03;TL;7428;114.06;7470;120.00
60;70;1;8729;True;8729.00;4.93;8729;4.15;8729;1.90;12636;True;12636.00;7.45;12645;1.14;12636;2.64;10082;True;10082.00;14.93;10117;6.45;10082;8.51;9412;True;9412.00;7.83;9421;3.28;9412;4.65;8346;True;8346.00;18.84;8358;2.34;8346;12.12;8139;True;8139.00;20.74;8156;5.08;8139;15.70
60;70;2;9208;False;9183.78;TL;9216;8.22;9223;120.00;13241;True;13241.00;154.18;13279;120.00;13274;120.00;10794;True;10794.00;173.59;10825;30.99;10794;120.00;9880;True;9880.00;153.71;9900;15.95;9881;120.00;8792;True;8792.00;400.67;8811;31.73;8832;120.00;8576;True;8576.00;532.23;8589;33.41;8576;120.00
60;70;3;8724;False;8716.44;TL;8732;8.66;8758;120.00;12487;False;12471.60;TL;12520;13.77;12677;120.00;10290;True;10290.00;728.85;10315;69.10;10315;120.00;9549;True;9549.00;1027.76;9563;19.30;9608;120.00;8377;True;8377.00;2906.04;8412;35.40;8421;120.00;8169;True;8169.00;596.40;8169;21.66;8177;120.00
60;70;4;9258;True;9258.00;37.22;9263;1.90;9260;120.00;13553;True;13553.00;22.53;13565;4.93;13553;16.19;10887;True;10887.00;13.45;10887;1.09;10887;11.74;10110;True;10110.00;47.62;10124;5.09;10110;38.17;8866;True;8866.00;10.95;8880;2.75;8866;5.75;8624;True;8624.00;12.21;8633;3.32;8624;10.07
60;70;5;8591;False;8539.92;TL;8591;14.49;8632;120.00;12314;True;12314.00;1324.88;12341;109.42;12337;120.00;9731;True;9731.00;365.77;9771;40.47;9752;120.00;9141;True;9141.00;521.31;9164;29.04;9150;120.00;8226;True;8226.00;153.55;8227;20.95;8229;120.00;7963;True;7963.00;535.25;7973;54.40;7986;120.00
60;70;6;9779;False;9772.33;TL;9782;2.66;9781;120.00;13834;True;13834.00;3346.89;13857;4.17;13893;120.00;11383;True;11383.00;103.71;11383;7.07;11383;114.29;10518;True;10518.00;268.61;10522;5.42;10529;120.00;9228;True;9228.00;152.02;9256;6.29;9230;120.00;9035;True;9035.00;374.41;9044;3.07;9070;120.00
60;70;7;9702;False;9675.96;TL;9707;3.12;9747;120.00;14153;True;14153.00;292.47;14183;2.80;14179;120.00;11250;False;11246.00;TL;11271;4.81;11313;120.00;10577;True;10577.00;2671.08;10581;5.55;10682;120.00;9342;True;9342.00;1480.43;9359;6.52;9355;120.00;9115;True;9115.00;120.99;9126;4.50;9128;120.00
60;70;8;8609;False;8594.77;TL;8614;8.03;8625;120.00;12573;True;12573.00;682.88;12612;66.29;12613;120.00;9840;True;9840.00;316.23;9853;32.17;9846;120.00;9185;True;9185.00;963.37;9190;36.39;9195;120.00;8222;True;8222.00;2681.78;8243;117.09;8233;120.00;7966;True;7966.00;1366.03;8005;120.00;7979;120.00
60;70;9;9318;True;9310.09;TL;9320;7.73;9323;120.00;13444;True;13444.00;67.58;13467;13.34;13444;24.94;10835;True;10835.00;169.19;10835;5.40;10835;120.00;10100;True;10100.00;203.51;10113;14.46;10100;98.58;8998;True;8998.00;99.86;9011;18.13;8998;91.41;8711;True;8711.00;258.58;8719;15.91;8713;120.00
60;70;10;9224;False;9206.39;TL;9224;4.15;9235;120.00;13172;True;13172.00;704.87;13213;117.24;13185;120.00;10772;True;10772.00;444.42;10780;31.22;10782;120.00;9887;True;9887.00;280.21;9889;9.48;9907;120.00;8827;True;8827.00;149.24;8827;26.83;8827;120.00;8615;True;8615.00;292.65;8621;37.95;8615;120.00
60;70;11;9861;False;9831.11;TL;9884;5.47;9900;120.00;13939;True;13939.00;506.69;13968;7.74;13939;120.00;11285;True;11285.00;152.21;11291;7.54;11288;120.00;10504;True;10504.00;491.78;10534;20.53;10515;120.00;9341;False;9335.39;TL;9350;4.76;9407;120.00;9053;False;9029.92;TL;9070;22.87;9057;120.00
60;70;12;9338;False;9332.20;TL;9338;4.65;9348;120.00;13521;True;13521.00;67.76;13536;9.67;13521;46.04;10804;True;10804.00;21.84;10805;1.19;10804;12.07;10042;True;10042.00;31.49;10058;5.94;10042;30.05;8909;True;8909.00;81.14;8913;3.17;8909;32.75;8671;True;8671.00;28.27;8671;5.55;8671;7.32
60;70;13;8752;False;8741.08;TL;8762;14.00;8752;120.00;12425;True;12425.00;39.82;12458;21.80;12425;14.53;10154;True;10154.00;271.77;10167;39.30;10161;120.00;9328;True;9328.00;40.79;9341;9.52;9328;34.62;8353;True;8353.00;142.14;8366;43.17;8355;120.00;8132;True;8132.00;318.50;8144;77.19;8151;120.00
60;70;14;8643;False;8621.09;TL;8652;8.02;8745;120.00;12326;True;12326.00;28.00;12336;4.47;12326;13.26;9835;True;9835.00;13.34;9851;5.90;9835;9.25;9128;True;9128.00;60.11;9132;5.33;9128;60.19;8172;True;8172.00;23.66;8172;1.82;8172;13.80;7898;True;7898.00;61.03;7898;4.68;7898;73.46
60;70;15;8768;False;8718.90;TL;8768;13.20;8778;120.00;12762;True;12762.00;276.35;12778;41.30;12766;120.00;10173;True;10173.00;234.55;10195;8.43;10173;120.00;9407;True;9407.00;1902.97;9420;15.12;9415;120.00;8373;True;8373.00;30.01;8386;15.91;8373;11.84;8124;True;8124.00;788.12;8124;61.60;8141;120.00
60;70;16;8647;True;8647.00;64.94;8654;10.17;8647;120.00;12530;True;12530.00;218.37;12549;8.70;12536;120.00;10019;True;10019.00;20.99;10046;5.60;10019;16.65;9295;True;9295.00;30.41;9295;2.22;9295;15.14;8345;True;8345.00;99.29;8361;16.91;8345;48.00;8036;True;8036.00;47.60;8037;3.74;8036;39.59
60;70;17;8640;True;8640.00;102.84;8649;14.74;8649;120.00;12345;True;12345.00;8.00;12345;3.03;12345;4.19;10082;True;10082.00;27.22;10086;2.81;10082;18.30;9304;True;9304.00;46.48;9318;4.92;9304;27.16;8272;True;8272.00;738.19;8281;17.57;8273;120.00;8060;True;8060.00;163.52;8065;14.43;8060;62.25
60;70;18;8969;True;8969.00;13.12;8969;5.89;8969;120.00;12854;True;12854.00;39.08;12854;10.49;12854;28.05;10323;True;10323.00;33.30;10331;8.67;10323;26.69;9671;True;9671.00;35.03;9679;4.34;9671;47.02;8539;True;8539.00;62.14;8541;13.19;8539;58.64;8293;True;8293.00;26.76;8303;10.96;8293;26.92
60;70;19;9246;True;9242.38;TL;9248;3.12;9254;120.00;13479;True;13479.00;37.50;13483;2.47;13479;21.34;10839;True;10839.00;96.50;10851;4.78;10839;61.71;10078;True;10078.00;18.14;10079;1.59;10078;11.55;8795;True;8795.00;14.74;8805;4.41;8795;14.62;8626;True;8626.00;68.35;8639;6.92;8626;75.28
60;70;20;8093;False;8089.80;TL;8096;10.04;8093;120.00;11664;True;11664.00;125.82;11684;19.80;11664;88.73;9459;True;9459.00;79.04;9459;7.93;9459;63.30;8727;True;8727.00;40.94;8727;14.36;8727;44.60;7731;True;7731.00;161.64;7737;8.83;7731;81.44;7502;True;7502.00;1113.58;7512;28.22;7504;120.00
60;70;21;8627;True;8627.00;244.33;8632;6.46;8627;120.00;12348;True;12348.00;14.91;12381;8.46;12348;7.32;9788;True;9788.00;6.06;9799;2.13;9788;4.25;9238;True;9238.00;109.48;9251;11.53;9238;110.44;8263;True;8263.00;250.94;8270;11.42;8265;120.00;8036;True;8036.00;81.13;8043;10.33;8036;109.22
60;70;22;8894;False;8883.95;TL;8899;4.89;8894;120.00;12721;True;12721.00;26.12;12731;2.45;12721;12.46;10192;True;10192.00;16.74;10211;3.40;10192;11.06;9576;True;9576.00;5.72;9585;1.90;9576;4.56;8479;True;8479.00;167.53;8479;13.02;8479;120.00;8259;True;8259.00;96.97;8259;8.89;8259;120.00
60;70;23;8787;False;8785.23;TL;8791;7.37;8787;120.00;12689;True;12689.00;16.57;12689;7.77;12689;16.73;10114;True;10114.00;82.70;10130;22.79;10114;76.32;9400;True;9400.00;79.52;9412;7.20;9400;77.06;8401;True;8401.00;425.48;8411;36.69;8401;120.00;8186;True;8186.00;56.29;8202;35.21;8186;34.71
60;70;24;9184;False;9165.00;TL;9186;4.17;9210;120.00;12822;True;12822.00;326.59;12834;37.15;12937;120.00;10553;True;10553.00;420.23;10557;8.54;10556;120.00;9807;True;9807.00;598.89;9808;5.45;9807;120.00;8765;True;8762.68;TL;8769;7.83;8834;120.00;8455;True;8455.00;85.30;8474;6.78;8476;120.00
60;70;25;8715;True;8715.00;194.56;8726;16.12;8715;120.00;12637;True;12637.00;152.38;12648;23.76;12637;120.00;10052;True;10052.00;8.88;10094;9.14;10052;12.73;9522;True;9522.00;70.81;9529;10.83;9522;34.68;8415;True;8415.00;949.48;8416;79.08;8417;120.00;8132;True;8132.00;46.32;8153;39.87;8132;31.77
60;70;26;8737;True;8732.12;TL;8737;5.17;8737;120.00;12581;True;12581.00;33.28;12610;6.48;12581;10.75;9964;True;9964.00;45.23;9974;7.47;9964;28.74;9336;True;9336.00;41.24;9356;10.73;9336;24.42;8341;True;8341.00;144.55;8352;7.62;8341;120.00;8080;True;8080.00;160.78;8084;7.13;8081;120.00
60;70;27;9031;True;9031.00;10.34;9031;5.03;9031;120.00;13113;True;13113.00;39.80;13132;15.03;13113;26.41;10302;True;10302.00;89.19;10320;16.19;10302;78.04;9584;True;9584.00;20.57;9584;5.29;9584;14.60;8504;True;8504.00;91.55;8513;10.02;8504;86.07;8242;True;8242.00;67.12;8255;13.68;8242;86.51
60;70;28;8691;True;8691.00;1686.19;8691;4.12;8691;120.00;12910;True;12910.00;86.11;12933;28.12;12910;43.61;10208;True;10208.00;29.06;10232;14.03;10208;19.66;9572;True;9572.00;369.04;9578;13.95;9572;120.00;8477;True;8477.00;275.75;8492;37.11;8477;120.00;8204;True;8204.00;186.05;8207;11.49;8204;120.00
60;70;29;8745;True;8745.00;41.81;8745;4.76;8745;120.00;12745;True;12745.00;34.56;12751;3.91;12745;10.32;9916;True;9916.00;13.31;9916;2.58;9916;7.67;9196;True;9196.00;15.21;9196;2.09;9196;9.69;8370;True;8370.00;127.18;8375;7.92;8370;94.98;8100;True;8100.00;35.47;8101;2.50;8100;37.01
60;70;30;9127;False;9100.78;TL;9127;30.04;9205;120.00;12927;True;12927.00;63.94;12933;5.50;12927;62.76;10686;True;10686.00;1088.92;10689;28.34;10729;120.00;9849;True;9849.00;1107.84;9864;30.72;9888;120.00;8752;True;8752.00;1823.33;8761;31.71;8838;120.00;8498;True;8498.00;874.50;8537;38.46;8514;120.00
60;70;31;8667;True;8667.00;111.42;8678;27.86;8667;120.00;12596;True;12596.00;74.43;12605;9.90;12596;34.06;9899;True;9899.00;65.43;9919;20.07;9899;45.86;9231;True;9231.00;21.52;9241;7.80;9231;25.00;8240;True;8240.00;321.98;8257;33.70;8244;120.00;8018;True;8018.00;74.22;8026;13.66;8018;25.56
60;70;32;8687;True;8687.00;196.84;8687;1.77;8687;120.00;12915;True;12915.00;97.97;12930;11.37;12915;69.39;9993;True;9993.00;162.03;9993;6.74;9993;118.04;9421;True;9421.00;66.82;9441;15.54;9421;114.06;8403;True;8403.00;519.05;8417;29.14;8403;120.00;8151;True;8151.00;143.70;8159;8.79;8151;72.70
60;70;33;8643;True;8643.00;648.94;8643;8.39;8643;120.00;12557;True;12557.00;203.43;12569;5.92;12557;115.94;10366;True;10366.00;20.97;10386;5.24;10366;9.70;9462;True;9462.00;5.07;9478;6.51;9462;4.35;8361;True;8361.00;406.58;8365;10.67;8364;120.00;8148;True;8148.00;106.64;8172;21.68;8148;59.83
60;70;34;9368;True;9368.00;18.40;9368;6.40;9368;120.00;13393;True;13393.00;256.08;13399;7.43;13393;120.00;10966;True;10966.00;30.87;10969;4.38;10966;20.80;10202;True;10202.00;17.59;10205;1.57;10202;5.97;8989;True;8989.00;93.45;8995;7.11;8989;80.58;8807;True;8807.00;896.85;8815;27.48;8816;120.00
60;70;35;8123;True;8123.00;230.03;8123;12.04;8123;120.00;11732;True;11732.00;9.91;11770;7.61;11732;5.36;9474;True;9474.00;25.96;9485;5.39;9474;8.38;8885;True;8885.00;51.94;8906;34.18;8885;42.89;7807;True;7807.00;24.68;7818;8.64;7807;18.32;7581;True;7581.00;31.27;7597;9.19;7581;15.47
60;70;36;8113;True;8113.00;19.43;8113;5.91;8113;37.92;11889;True;11889.00;44.47;11898;4.24;11889;25.18;9924;True;9924.00;30.68;9939;5.35;9924;21.41;9143;True;9143.00;101.58;9161;18.71;9143;120.00;7860;True;7860.00;6.79;7876;15.29;7860;3.00;7743;True;7743.00;51.16;7751;15.37;7745;120.00
60;70;37;9284;True;9280.86;TL;9286;3.38;9284;120.00;13439;True;13439.00;29.31;13442;4.22;13439;10.51;10712;True;10712.00;31.08;10716;3.33;10712;29.08;9984;True;9984.00;115.70;9991;6.06;9984;74.32;8830;True;8830.00;28.43;8847;12.43;8830;10.15;8611;True;8611.00;38.13;8620;4.17;8611;14.58
60;70;38;8418;True;8418.00;236.91;8421;6.27;8421;120.00;12231;True;12231.00;102.23;12241;20.68;12231;66.54;9624;True;9624.00;48.75;9628;6.04;9624;40.69;9025;True;9025.00;36.77;9031;10.59;9025;43.77;8037;True;8037.00;32.82;8041;14.66;8037;17.40;7771;True;7771.00;34.84;7780;15.71;7771;24.62
60;70;39;9161;False;9139.57;TL;9161;5.21;9180;120.00;13300;True;13300.00;1064.01;13346;86.11;13326;120.00;10603;True;10603.00;134.53;10618;28.72;10610;120.00;9908;True;9908.00;341.98;9926;49.95;9916;120.00;8742;True;8742.00;222.85;8742;55.31;8879;120.00;8508;True;8505.85;TL;8542;14.43;8540;120.00
60;80;0;10151;True;10151.00;2866.91;10151;8.48;10151;120.00;14564;True;14564.00;1346.32;14596;13.31;14718;120.00;11872;True;11872.00;122.21;11872;3.98;11934;120.00;11008;False;10989.90;TL;11008;37.56;11095;120.00;9799;True;9799.00;116.57;9799;21.09;9799;120.00;9504;True;9504.00;139.85;9514;29.52;9513;120.00
60;80;1;9565;True;9565.00;164.55;9565;4.05;9565;120.00;13628;True;13628.00;341.11;13637;52.55;13628;120.00;11176;True;11176.00;652.43;11244;120.00;11225;120.00;10468;False;10440.50;TL;10492;120.00;10482;120.00;9133;True;9133.00;35.29;9143;18.07;9133;63.67;8991;False;8976.23;TL;9042;120.00;9004;120.00
60;80;2;10307;True;10307.00;29.12;10311;7.78;10307;120.00;14800;True;14800.00;140.46;14820;39.01;14800;120.00;11957;True;11957.00;8.00;11957;1.76;11957;2.94;11034;True;11034.00;50.94;11052;9.81;11034;41.82;9894;True;9894.00;128.15;9894;5.70;9894;109.53;9606;True;9606.00;148.44;9617;18.76;9606;120.00
60;80;3;10327;True;10327.00;45.00;10328;4.73;10328;120.00;14841;True;14841.00;23.17;14849;6.11;14841;9.54;12235;True;12235.00;67.17;12251;10.47;12235;40.54;11352;True;11352.00;60.14;11363;7.80;11352;38.72;9979;True;9979.00;36.69;9981;6.50;9979;64.11;9790;True;9790.00;166.33;9805;67.39;9799;120.00
60;80;4;9559;True;9559.00;80.71;9559;7.97;9559;120.00;13829;True;13829.00;30.27;13840;6.15;13829;15.34;11521;True;11521.00;136.52;11551;22.94;11521;120.00;10568;True;10568.00;110.57;10573;9.30;10568;109.99;9223;True;9223.00;125.55;9226;10.17;9223;62.08;9070;True;9070.00;102.13;9080;16.08;9070;116.17
60;80;5;9079;False;9057.69;TL;9079;48.18;9079;120.00;13264;True;13264.00;325.33;13264;65.44;13282;120.00;10692;True;10692.00;731.75;10710;120.00;10707;120.00;9947;True;9947.00;718.05;9967;80.09;9976;120.00;8676;True;8676.00;634.96;8679;17.05;8680;120.00;8509;True;8509.00;3379.76;8512;65.80;8512;120.00
60;80;6;11046;True;11046.00;8.78;11063;4.34;11046;120.00;16016;True;16016.00;72.00;16026;12.01;16016;61.21;13014;True;13014.00;38.99;13014;8.58;13014;25.06;12007;True;12007.00;3.55;12032;5.82;12007;3.78;10620;True;10620.00;83.02;10623;6.18;10620;120.00;10310;True;10310.00;19.74;10325;14.98;10310;11.61
60;80;7;10257;True;10254.30;TL;10257;11.15;10257;120.00;14791;True;14791.00;887.25;14791;22.05;14813;120.00;12065;True;12065.00;3.94;12065;1.86;12065;1.88;11201;True;11201.00;186.01;11208;33.73;11201;107.21;9941;True;9941.00;1096.60;9944;54.05;9944;120.00;9655;True;9655.00;878.07;9670;120.00;9671;120.00
60;80;8;10134;False;10121.70;TL;10141;50.68;10176;120.00;14714;True;14714.00;324.27;14732;107.68;14718;120.00;11925;True;11925.00;357.65;11931;18.23;11925;120.00;11003;True;11003.00;393.43;11020;36.83;11003;120.00;9670;True;9670.00;119.11;9686;40.60;9685;120.00;9497;False;9482.11;TL;9513;120.00;9505;120.00
60;80;9;9990;True;9981.49;TL;9990;6.83;10024;120.00;14627;True;14627.00;163.26;14633;39.50;14636;120.00;11613;True;11613.00;249.94;11640;20.23;11673;120.00;10810;False;10780.90;TL;10810;44.44;10881;120.00;9701;True;9701.00;787.98;9707;23.99;9710;120.00;9413;True;9413.00;632.43;9428;61.77;9439;120.00
60;80;10;9100;False;9093.18;TL;9106;16.32;9106;120.00;12977;True;12977.00;503.67;12979;18.75;12979;120.00;10500;True;10500.00;112.95;10512;9.03;10500;70.44;9828;True;9828.00;134.27;9832;7.85;9828;79.29;8680;True;8680.00;588.13;8686;19.84;8684;120.00;8462;True;8462.00;506.34;8467;65.93;8462;120.00
60;80;11;10368;False;10358.90;TL;10372;8.61;10368;120.00;15119;True;15119.00;27.99;15153;24.89;15119;20.79;11902;True;11902.00;59.69;11902;6.90;11902;116.26;11141;True;11141.00;74.00;11149;18.99;11141;53.53;9908;True;9908.00;120.89;9920;13.43;9908;99.03;9610;True;9610.00;34.61;9628;17.25;9610;36.71
60;80;12;10280;False;10258.30;TL;10280;45.91;10306;120.00;14777;True;14777.00;441.27;14807;57.55;14783;120.00;11858;True;11858.00;571.05;11879;48.51;11872;120.00;10969;True;10969.00;75.60;10974;13.39;10969;107.77;9776;True;9776.00;1553.19;9788;117.49;9794;120.00;9500;True;9500.00;128.64;9519;37.08;9500;76.72
60;80;13;9979;True;9979.00;24.96;9979;7.16;9979;22.61;14545;True;14545.00;1144.33;14574;72.87;14545;120.00;11800;True;11800.00;285.77;11808;15.18;11804;120.00;10945;True;10945.00;754.09;10966;46.67;10960;120.00;9654;False;9638.27;TL;9654;14.81;9706;120.00;9342;False;9322.90;TL;9343;66.97;9370;120.00
60;80;14;10835;False;10827.80;TL;10837;7.17;10836;120.00;15600;True;15600.00;140.81;15602;10.83;15600;40.30;12590;True;12590.00;49.97;12602;8.25;12590;31.19;11712;True;11712.00;82.19;11725;9.71;11712;107.30;10324;True;10324.00;2993.03;10325;10.34;10326;120.00;10032;True;10032.00;427.20;10035;24.05;10032;120.00
60;80;15;9030;False;9024.29;TL;9032;24.19;9030;120.00;13068;True;13068.00;1197.82;13128;120.00;13106;120.00;10647;True;10647.00;961.94;10680;120.00;10685;120.00;9911;True;9911.00;1164.19;9929;120.00;9911;120.00;8764;True;8764.00;3047.91;8790;120.00;8787;120.00;8558;True;8558.00;3062.54;8607;120.00;8625;120.00
60;80;16;10811;False;10787.20;TL;10811;6.13;10822;120.00;15752;True;15752.00;190.32;15765;13.39;15756;120.00;12688;True;12688.00;32.57;12709;12.42;12688;21.40;11850;True;11850.00;517.38;11852;15.51;11854;120.00;10439;True;10439.00;347.52;10446;10.99;10441;120.00;10123;True;10123.00;1155.84;10142;20.16;10125;120.00
60;80;17;10394;True;10394.00;14.65;10398;6.24;10394;120.00;14925;True;14925.00;104.60;14940;12.89;14925;92.14;12276;True;12276.00;51.73;12285;21.39;12276;51.75;11460;True;11460.00;88.10;11483;19.37;11460;67.30;10039;True;10039.00;212.86;10045;24.39;10043;120.00;9760;True;9760.00;64.95;9785;80.22;9760;52.40
60;80;18;10810;False;10804.50;TL;10810;9.86;10810;120.00;15442;True;15442.00;1086.11;15475;120.00;15447;120.00;12629;True;12629.00;359.51;12635;30.79;12633;120.00;11705;True;11705.00;607.78;11713;5.97;11709;120.00;10326;True;10326.00;3067.37;10336;39.10;10358;120.00;10041;True;10041.00;1200.45;10049;52.41;10050;120.00
60;80;19;10876;True;10876.00;1.70;10883;5.04;10876;1.11;15924;True;15924.00;169.08;15953;11.99;15924;120.00;12669;True;12669.00;32.35;12677;5.41;12669;21.37;11779;True;11779.00;39.50;11799;13.51;11779;52.63;10406;True;10406.00;770.24;10408;51.17;10417;120.00;10143;True;10143.00;533.68;10153;11.50;10155;120.00
60;80;20;9584;True;9584.00;95.88;9584;9.61;9584;120.00;14034;True;14034.00;380.44;14036;18.42;14041;120.00;11071;True;11071.00;34.70;11099;24.24;11071;18.40;10332;True;10332.00;58.85;10342;6.51;10332;45.05;9217;True;9217.00;703.33;9222;16.64;9221;120.00;8910;True;8910.00;253.48;8921;15.70;8920;120.00
60;80;21;9188;False;9183.27;TL;9188;27.28;9191;120.00;13039;True;13039.00;142.24;13070;40.99;13039;51.81;10493;True;10493.00;55.67;10493;8.45;10493;72.46;9856;True;9856.00;335.32;9858;22.16;9866;120.00;8760;True;8760.00;365.87;8767;120.00;8777;120.00;8469;True;8469.00;77.56;8469;13.66;8469;37.02
60;80;22;10756;False;10738.70;TL;10760;13.21;10857;120.00;15592;True;15592.00;557.38;15662;37.84;15592;120.00;12373;True;12373.00;237.63;12373;7.53;12373;120.00;11574;True;11574.00;550.34;11587;53.00;11586;120.00;10346;False;10340.70;TL;10377;20.73;10403;120.00;9959;False;9953.94;TL;9984;120.00;9972;120.00
60;80;23;9690;False;9657.87;TL;9697;36.47;9704;120.00;13949;True;13949.00;1264.90;13987;112.06;14089;120.00;11186;False;11176.10;TL;11219;120.00;11218;120.00;10331;False;10309.30;TL;10347;76.90;10353;120.00;9192;True;9192.00;104.32;9264;120.00;9192;120.00;8976;False;8952.67;TL;8976;97.18;9005;120.00
60;80;24;10434;True;10434.00;2687.89;10436;6.68;10434;120.00;15206;True;15206.00;47.96;15210;4.88;15206;28.57;12202;True;12202.00;65.58;12207;9.92;12202;35.17;11242;True;11242.00;41.17;11255;9.22;11242;65.80;10063;True;10063.00;95.91;10076;16.75;10063;120.00;9695;True;9695.00;17.02;9708;8.38;9695;9.63
60;80;25;10319;False;10305.70;TL;10319;10.56;10319;120.00;14957;True;14957.00;247.50;14968;35.75;14957;120.00;12094;True;12094.00;41.69;12094;4.84;12094;46.66;11201;True;11201.00;58.49;11213;7.42;11201;66.13;9931;True;9931.00;140.20;9943;8.12;9931;102.00;9680;True;9680.00;474.73;9680;17.22;9687;120.00
60;80;26;9616;False;9587.83;TL;9617;23.50;9621;120.00;13963;True;13963.00;1788.10;13963;64.29;14088;120.00;11197;True;11197.00;341.73;11249;120.00;11197;120.00;10439;True;10439.00;597.78;10490;117.43;10474;120.00;9258;False;9250.07;TL;9258;66.63;9311;120.00;8974;True;8974.00;2090.07;8996;72.29;9020;120.00
60;80;27;10110;False;10089.00;TL;10118;7.06;10122;120.00;14662;True;14662.00;889.97;14681;76.03;14686;120.00;11827;True;11826.10;TL;11859;52.17;11953;120.00;11073;True;11073.00;1500.39;11128;14.66;11161;120.00;9722;True;9722.00;1144.10;9735;16.07;9743;120.00;9507;False;9476.29;TL;9516;35.67;9538;120.00
60;80;28;10271;False;10258.50;TL;10280;28.88;10280;120.00;14944;True;14944.00;607.17;14968;85.07;14978;120.00;11776;True;11776.00;261.04;11784;15.89;11776;120.00;10993;True;10993.00;1202.80;11007;35.82;11001;120.00;9800;True;9800.00;180.86;9801;16.61;9800;120.00;9506;True;9506.00;12.86;9518;13.49;9506;7.62
60;80;29;10321;False;10312.70;TL;10321;12.13;10346;120.00;14836;False;14791.00;TL;14853;33.78;14894;120.00;11823;False;11818.60;TL;11840;75.50;11825;120.00;10982;True;10982.00;396.45;10991;48.08;11040;120.00;9792;True;9792.00;207.81;9807;78.52;9801;120.00;9581;False;9536.48;TL;9587;99.68;9614;120.00
60;80;30;10121;False;10106.60;TL;10121;5.47;10268;120.00;14775;False;14718.60;TL;14775;83.25;14891;120.00;11464;True;11459.10;TL;11516;35.44;11464;120.00;10719;True;10715.90;TL;10766;69.00;10764;120.00;9598;True;9594.43;TL;9607;67.37;9688;120.00;9358;True;9358.00;309.50;9400;120.00;9412;120.00
60;80;31;9849;False;9811.41;TL;9849;66.66;9886;120.00;14187;False;14143.60;TL;14217;120.00;14199;120.00;11056;True;11056.00;156.74;11082;58.44;11056;120.00;10423;False;10420.30;TL;10447;120.00;10423;120.00;9329;False;9317.52;TL;9387;120.00;9355;120.00;9060;True;9060.00;1557.22;9121;120.00;9113;120.00
60;80;32;10016;False;9979.55;TL;10032;11.52;10169;120.00;14655;True;14655.00;105.81;14655;53.59;14655;120.00;11733;True;11729.60;TL;11749;8.80;11769;120.00;10932;True;10932.00;1157.13;10967;16.70;11081;120.00;9648;True;9648.00;964.80;9656;6.12;9751;120.00;9398;True;9398.00;288.22;9415;30.37;9404;120.00
60;80;33;10348;False;10314.00;TL;10349;20.82;10353;120.00;14640;True;14640.00;540.25;14666;57.64;14646;120.00;12008;True;12008.00;98.23;12012;15.38;12008;40.51;10993;True;10993.00;139.84;11011;38.08;10993;88.92;9781;True;9781.00;781.18;9796;82.48;9793;120.00;9540;True;9540.00;1144.61;9565;120.00;9549;120.00
60;80;34;9693;False;9689.06;TL;9694;17.12;9702;120.00;14055;True;14055.00;863.25;14068;47.08;14071;120.00;11355;True;11355.00;1088.89;11362;45.76;11366;120.00;10539;True;10539.00;221.83;10557;64.35;10539;120.00;9341;True;9341.00;749.57;9344;34.38;9343;120.00;9103;True;9103.00;1226.03;9135;120.00;9106;120.00
60;80;35;9217;True;9217.00;27.14;9217;7.15;9217;120.00;13450;True;13450.00;226.15;13454;52.34;13450;120.00;10941;True;10941.00;13.15;10982;29.19;10941;7.12;10153;True;10153.00;296.86;10169;87.74;10153;120.00;8913;True;8913.00;155.97;8914;16.68;8913;120.00;8690;True;8690.00;281.91;8730;120.00;8690;120.00
60;80;36;10394;False;10368.00;TL;10394;23.77;10408;120.00;14810;True;14810.00;189.88;14834;22.12;14810;69.82;11805;True;11805.00;748.31;11817;89.01;11805;120.00;11081;True;11081.00;698.35;11081;42.76;11087;120.00;9877;True;9877.00;736.21;9885;68.94;9877;120.00;9693;False;9674.44;TL;9701;120.00;9718;120.00
60;80;37;11011;True;11010.60;TL;11013;6.46;11011;120.00;15917;True;15917.00;392.52;15938;36.77;15929;120.00;12382;True;12382.00;74.26;12386;7.45;12382;41.06;11606;True;11606.00;33.72;11611;9.43;11606;27.31;10436;True;10436.00;407.63;10443;13.20;10438;120.00;10133;True;10133.00;2787.42;10178;120.00;10203;120.00
60;80;38;9214;True;9214.00;2743.01;9218;18.97;9218;120.00;13503;True;13503.00;182.20;13514;39.99;13509;120.00;10767;True;10767.00;32.48;10784;4.69;10767;22.31;10099;True;10099.00;98.57;10106;67.93;10105;120.00;8894;True;8894.00;307.85;8897;25.19;8894;120.00;8619;True;8619.00;226.06;8635;55.38;8631;120.00
60;80;39;9654;False;9577.32;TL;9664;9.46;9809;120.00;13882;False;13823.30;TL;13895;92.72;14045;120.00;10955;False;10894.40;TL;10974;83.12;11065;120.00;10151;False;10113.40;TL;10165;71.28;10269;120.00;9080;True;9080.00;1881.94;9117;10.88;9250;120.00;8887;False;8831.07;TL;8887;91.89;9060;120.00
60;90;0;11214;True;11214.00;1055.55;11217;15.08;11217;120.00;16219;True;16219.00;146.16;16235;17.31;16219;120.00;12703;True;12703.00;389.38;12715;19.98;12711;120.00;11960;True;11960.00;610.56;11960;11.63;11968;120.00;10688;True;10688.00;343.70;10692;16.04;10690;120.00;10355;True;10355.00;1370.05;10365;89.39;10366;120.00
60;90;1;11279;True;11279.00;1827.27;11279;9.29;11279;120.00;16624;True;16624.00;153.10;16653;56.73;16624;120.00;13109;True;13109.00;162.48;13127;34.31;13109;120.00;12203;True;12203.00;394.53;12220;71.09;12221;120.00;10828;True;10828.00;276.58;10846;30.08;10828;120.00;10565;True;10565.00;590.02;10632;120.00;10583;120.00
60;90;2;11720;False;11684.80;TL;11720;41.51;11740;120.00;16748;False;16734.30;TL;16748;48.51;16873;120.00;13715;True;13715.00;235.04;13745;91.05;13715;120.00;12724;False;12712.20;TL;12746;41.02;12743;120.00;11156;True;11156.00;1571.57;11181;84.59;11157;120.00;10911;True;10911.00;3394.83;10945;71.30;10941;120.00
60;90;3;11537;True;11535.30;TL;11537;10.30;11555;120.00;16569;False;16522.70;TL;16569;56.53;16758;120.00;13462;True;13462.00;618.41;13486;76.43;13521;120.00;12554;False;12536.10;TL;12566;50.74;12559;120.00;11197;True;11197.00;1626.65;11197;68.28;11240;120.00;10884;False;10873.00;TL;10936;57.76;10936;120.00
60;90;4;10002;True;10002.00;46.76;10021;48.08;10002;120.00;14605;True;14605.00;33.34;14614;9.92;14605;26.59;11929;True;11929.00;139.00;11956;119.47;11929;120.00;11041;True;11041.00;176.19;11048;31.13;11056;120.00;9688;True;9688.00;181.47;9692;20.41;9688;120.00;9457;True;9457.00;99.70;9461;74.26;9457;120.00
60;90;5;11817;False;11804.40;TL;11818;24.40;11817;120.00;17067;True;17067.00;542.17;17102;72.31;17067;120.00;13662;True;13662.00;80.04;13675;9.51;13662;59.04;12715;True;12715.00;198.51;12725;13.10;12715;116.80;11271;True;11271.00;1863.97;11287;116.56;11280;120.00;11025;True;11025.00;3129.28;11043;120.00;11058;120.00
60;90;6;10810;True;10810.00;274.75;10821;25.20;10811;120.00;15755;True;15755.00;404.69;15791;91.41;15755;120.00;12516;True;12516.00;286.35;12547;93.15;12537;120.00;11688;True;11688.00;606.37;11779;120.00;11691;120.00;10316;True;10316.00;25.83;10345;81.70;10316;23.44;10083;True;10083.00;229.47;10224;120.00;10089;120.00
60;90;7;11157;False;11151.80;TL;11157;50.25;11157;120.00;16122;True;16122.00;332.19;16156;80.26;16129;120.00;13092;True;13092.00;37.29;13122;23.12;13092;34.64;12225;True;12225.00;243.27;12229;24.93;12227;120.00;10739;True;10739.00;104.57;10749;29.41;10739;57.70;10507;True;10507.00;1173.28;10540;120.00;10524;120.00
60;90;8;11140;False;11088.20;TL;11140;27.98;11244;120.00;16069;False;16008.40;TL;16069;61.59;16238;120.00;13062;False;13057.50;TL;13090;28.37;13133;120.00;12097;False;12060.90;TL;12097;83.45;12167;120.00;10692;False;10650.10;TL;10692;45.73;10752;120.00;10436;False;10405.00;TL;10436;116.20;10468;120.00
60;90;9;11255;True;11255.00;12.31;11279;14.63;11255;63.32;16225;True;16225.00;37.66;16225;6.30;16225;13.94;13059;True;13059.00;75.74;13093;55.04;13059;65.31;12253;True;12253.00;207.29;12270;75.62;12272;120.00;10833;True;10833.00;145.96;10855;65.04;10833;120.00;10564;True;10564.00;435.30;10573;35.43;10582;120.00
60;90;10;10505;True;10504.70;TL;10513;35.37;10508;120.00;15198;True;15198.00;414.91;15221;52.89;15198;120.00;12146;True;12146.00;377.65;12173;87.87;12146;120.00;11342;True;11340.80;TL;11377;120.00;11356;120.00;10087;True;10087.00;1582.15;10098;116.80;10113;120.00;9872;False;9843.27;TL;9890;119.33;9931;120.00
60;90;11;10972;False;10944.40;TL;10972;14.88;11071;120.00;15987;True;15987.00;1346.60;15987;83.06;16038;120.00;12804;True;12804.00;3451.27;12807;56.11;12812;120.00;11825;True;11825.00;490.85;11845;77.86;11837;120.00;10463;True;10463.00;598.28;10498;98.29;10529;120.00;10180;True;10180.00;797.98;10244;120.00;10215;120.00
60;90;12;10533;False;10512.00;TL;10533;27.02;10550;120.00;15278;False;15267.50;TL;15404;120.00;15288;120.00;12091;True;12091.00;846.75;12117;120.00;12113;120.00;11384;True;11384.00;1315.98;11416;120.00;11430;120.00;10149;False;10145.70;TL;10159;101.95;10160;120.00;9809;True;9809.00;829.50;9824;120.00;9815;120.00
60;90;13;11719;True;11719.00;1235.48;11733;12.41;11731;120.00;16994;True;16994.00;352.54;17023;118.87;16994;120.00;13486;True;13486.00;98.12;13486;6.36;13486;106.63;12678;True;12678.00;696.77;12706;83.66;12693;120.00;11285;True;11285.00;626.65;11292;109.96;11324;120.00;10998;True;10998.00;2836.56;11003;120.00;11012;120.00
60;90;14;11195;False;11191.10;TL;11206;28.39;11206;120.00;16139;True;16139.00;472.02;16142;23.64;16154;120.00;12993;True;12993.00;162.02;13002;25.12;12993;112.63;12115;True;12115.00;995.99;12121;56.66;12120;120.00;10736;True;10736.00;2807.05;10748;117.06;10749;120.00;10467;False;10453.00;TL;10476;120.00;10477;120.00
60;90;15;10638;False;10635.10;TL;10640;28.86;10666;120.00;15272;True;15272.00;313.31;15281;37.70;15274;120.00;12300;True;12300.00;141.73;12312;55.11;12300;120.00;11532;True;11532.00;143.89;11551;21.21;11538;120.00;10198;True;10198.00;110.56;10211;44.58;10206;120.00;9941;True;9941.00;287.61;9953;18.18;9943;120.00
60;90;16;11907;False;11893.80;TL;11907;31.98;11909;120.00;17195;False;17182.50;TL;17236;120.00;17223;120.00;13819;True;13819.00;459.73;13836;55.99;13828;120.00;12823;True;12823.00;1266.37;12827;89.10;12832;120.00;11413;True;11413.00;187.69;11416;49.90;11416;120.00;11053;True;11053.00;749.92;11061;77.93;11068;120.00
60;90;17;11595;False;11540.50;TL;11595;11.39;11632;120.00;16869;True;16869.00;45.23;16901;52.72;16869;44.91;13257;False;13250.60;TL;13289;60.57;13304;120.00;12467;False;12426.50;TL;12474;28.08;12501;120.00;11064;False;11034.40;TL;11064;87.81;11170;120.00;10743;False;10717.60;TL;10751;27.80;10773;120.00
60;90;18;11736;True;11736.00;457.18;11738;14.33;11736;120.00;16925;True;16925.00;821.26;16949;103.29;16930;120.00;13296;True;13296.00;463.72;13307;27.29;13296;120.00;12330;True;12330.00;121.88;12351;19.83;12330;113.78;11201;True;11201.00;1181.32;11214;74.85;11209;120.00;10837;True;10837.00;1988.13;10857;119.42;10851;120.00
60;90;19;10779;True;10779.00;49.58;10779;13.46;10785;120.00;15773;True;15773.00;324.52;16018;120.00;15782;120.00;12691;True;12691.00;1373.10;12768;119.44;12701;120.00;11636;True;11636.00;350.71;11644;87.35;11636;120.00;10308;True;10308.00;185.32;10325;61.43;10317;120.00;10016;True;10016.00;406.65;10026;115.48;10016;120.00
60;90;20;10962;False;10952.10;TL;10973;26.68;11257;120.00;15665;False;15632.60;TL;15665;76.95;15722;120.00;12882;True;12882.00;1826.37;12895;65.48;12958;120.00;11957;False;11953.90;TL;11981;45.41;12112;120.00;10537;True;10537.00;1731.81;10558;48.40;10725;120.00;10293;True;10293.00;977.79;10328;120.00;10393;120.00
60;90;21;11439;True;11439.00;58.96;11443;9.39;11448;120.00;16537;True;16537.00;141.84;16558;30.54;16537;120.00;13177;True;13177.00;287.08;13194;22.28;13184;120.00;12309;True;12309.00;390.64;12340;120.00;12310;120.00;10821;True;10821.00;49.51;10821;11.68;10821;57.86;10525;True;10525.00;135.88;10531;50.39;10525;120.00
60;90;22;11689;False;11658.50;TL;11691;30.72;11724;120.00;16917;True;16917.00;1068.05;16944;70.99;16917;120.00;13449;True;13449.00;202.45;13453;9.14;13453;120.00;12593;True;12593.00;153.46;12593;18.60;12593;115.20;11210;True;11210.00;220.98;11217;24.18;11210;120.00;10905;True;10905.00;1017.05;10928;120.00;10905;120.00
60;90;23;11582;False;11556.70;TL;11583;10.70;11843;120.00;17061;False;17051.00;TL;17088;35.26;17443;120.00;13501;False;13468.40;TL;13501;23.01;13596;120.00;12575;False;12551.30;TL;12575;51.69;12599;120.00;11162;False;11145.70;TL;11162;32.86;11457;120.00;10870;False;10830.00;TL;10932;120.00;10919;120.00
60;90;24;12247;False;12227.80;TL;12247;9.96;12269;120.00;17552;False;17514.60;TL;17586;16.11;17570;120.00;14352;True;14352.00;216.98;14356;39.19;14352;120.00;13310;True;13310.00;836.84;13327;45.84;13335;120.00;11719;True;11716.20;TL;11732;55.54;11761;120.00;11518;False;11493.80;TL;11530;62.76;11571;120.00
60;90;25;9780;False;9758.69;TL;9780;28.72;9980;120.00;14434;False;14371.40;TL;14541;120.00;14597;120.00;11249;True;11249.00;3290.80;11327;119.49;11290;120.00;10578;True;10578.00;1447.62;10600;114.44;10578;120.00;9483;False;9454.89;TL;9509;116.55;9591;120.00;9165;True;9165.00;1784.63;9327;120.00;9193;120.00
60;90;26;11082;False;11078.30;TL;11097;57.52;11105;120.00;15958;True;15958.00;256.32;15986;120.00;15968;120.00;12849;True;12849.00;606.06;12849;7.29;12853;120.00;11916;True;11916.00;1822.16;11924;60.24;11934;120.00;10716;True;10716.00;756.51;10726;116.70;10726;120.00;10364;True;10364.00;703.84;10373;57.99;10377;120.00
60;90;27;11282;True;11282.00;248.39;11287;10.86;11287;120.00;16547;True;16547.00;81.98;16569;26.15;16547;38.93;13215;True;13215.00;93.31;13239;22.03;13215;112.49;12417;True;12417.00;943.44;12440;120.00;12438;120.00;10917;True;10917.00;115.23;10918;18.60;10917;97.49;10648;True;10648.00;169.71;10669;96.14;10655;120.00
60;90;28;11749;False;11741.80;TL;11749;21.95;11786;120.00;17269;True;17269.00;145.10;17292;31.32;17269;120.00;13680;True;13680.00;252.80;13681;17.78;13684;120.00;12551;True;12551.00;420.37;12556;20.28;12563;120.00;11310;True;11310.00;2340.90;11321;53.74;11323;120.00;10993;True;10993.00;2325.96;11026;120.00;11017;120.00
60;90;29;11302;True;11296.30;TL;11336;73.08;11314;120.00;16274;True;16274.00;1340.54;16274;66.73;16304;120.00;12853;True;12853.00;342.59;12857;48.69;12880;120.00;12034;True;12034.00;897.20;12055;120.00;12036;120.00;10871;True;10871.00;2127.85;10908;116.85;10877;120.00;10492;True;10492.00;1439.34;10532;120.00;10529;120.00
60;90;30;10812;False;10808.10;TL;10815;13.88;10816;120.00;15658;True;15658.00;254.82;15674;66.06;15666;120.00;12497;True;12497.00;388.04;12516;120.00;12515;120.00;11655;True;11655.00;177.74;11664;31.51;11655;120.00;10410;True;10410.00;143.22;10418;63.87;10419;120.00;10064;True;10064.00;96.17;10080;106.82;10064;86.95
60;90;31;10065;False;10039.30;TL;10065;54.93;10097;120.00;14874;False;14869.30;TL;14938;120.00;14963;120.00;11583;False;11578.20;TL;11595;120.00;11617;120.00;10729;True;10729.00;397.77;10742;24.55;10729;120.00;9650;True;9650.00;201.09;9667;116.90;9657;120.00;9335;True;9335.00;2816.19;9366;119.46;9346;120.00
60;90;32;10635;False;10606.40;TL;10640;37.40;10746;120.00;15357;False;15341.20;TL;15400;120.00;15486;120.00;12276;False;12262.70;TL;12302;120.00;12298;120.00;11302;True;11302.00;3169.66;11315;120.00;11339;120.00;10159;False;10139.80;TL;10161;116.69;10225;120.00;9890;False;9844.03;TL;9890;120.00;9912;120.00
60;90;33;10784;True;10781.60;TL;10784;9.55;10784;120.00;15854;True;15854.00;252.31;15946;120.00;15854;120.00;12372;True;12372.00;302.21;12387;55.03;12376;120.00;11470;True;11470.00;143.20;11481;15.55;11481;120.00;10352;True;10352.00;1657.96;10365;83.12;10352;120.00;10018;True;10018.00;1374.31;10199;120.00;10019;120.00
60;90;34;10833;True;10833.00;190.58;10835;14.83;10833;120.00;15927;True;15927.00;84.16;15948;60.57;15927;52.48;12489;True;12489.00;122.63;12561;120.00;12509;120.00;11620;True;11620.00;45.42;11629;19.85;11620;58.44;10434;True;10434.00;255.78;10438;42.42;10434;120.00;10135;True;10135.00;831.59;10203;120.00;10142;120.00
60;90;35;11077;False;11049.50;TL;11077;8.00;11250;120.00;16133;True;16130.80;TL;16376;120.00;16342;120.00;12630;False;12574.70;TL;12642;84.09;12669;120.00;11791;False;11749.10;TL;11794;31.31;11884;120.00;10591;False;10552.60;TL;10617;117.00;10770;120.00;10282;False;10250.10;TL;10378;120.00;10479;120.00
60;90;36;10731;True;10726.80;TL;10731;15.70;10731;120.00;15598;True;15598.00;1386.97;15611;90.73;15611;120.00;12459;True;12459.00;305.51;12472;13.22;12464;120.00;11642;True;11642.00;59.01;11659;8.39;11642;45.63;10291;True;10291.00;1388.30;10300;52.79;10293;120.00;10056;True;10056.00;650.54;10066;120.00;10058;120.00
60;90;37;10860;False;10850.80;TL;10860;15.11;10860;120.00;15531;True;15531.00;291.75;15542;63.38;15536;120.00;12526;True;12526.00;36.24;12544;26.40;12526;26.17;11628;True;11628.00;233.62;11854;120.00;11629;120.00;10321;True;10321.00;154.91;10322;59.08;10321;120.00;10091;True;10091.00;354.53;10120;120.00;10111;120.00
60;90;38;11093;False;11068.20;TL;11093;101.20;11111;120.00;16107;True;16107.00;241.84;16127;27.61;16113;120.00;12846;True;12846.00;99.55;12869;33.46;12846;55.46;11884;True;11884.00;243.23;11906;50.22;11887;120.00;10706;True;10706.00;399.21;10721;77.91;10716;120.00;10364;True;10364.00;614.05;10364;32.63;10371;120.00
60;90;39;11162;True;11162.00;2919.09;11170;17.09;11168;120.00;16630;True;16630.00;37.56;16647;21.65;16630;23.48;12800;True;12800.00;18.29;12820;12.74;12800;6.40;11982;True;11982.00;26.37;11982;16.53;11982;27.89;10685;True;10685.00;865.65;10695;70.95;10694;120.00;10437;True;10437.00;896.29;10455;120.00;10440;120.00
60;100;0;11628;True;11628.00;610.26;11638;47.37;11638;120.00;16860;True;16860.00;66.62;16872;34.86;16860;117.94;13658;True;13658.00;141.09;13681;89.58;13675;120.00;12665;True;12665.00;182.22;12670;11.06;12670;120.00;11227;True;11227.00;1576.89;11279;120.00;11235;120.00;10976;True;10976.00;216.74;11171;120.00;11001;120.00
60;100;1;12394;True;12394.00;1561.61;12399;20.78;12394;120.00;18271;True;18271.00;375.18;18271;42.27;18282;120.00;14298;True;14298.00;2365.22;14505;120.00;14323;120.00;13268;True;13268.00;260.55;13601;120.00;13288;120.00;11917;True;11917.00;42.50;11930;50.95;11917;78.85;11526;True;11526.00;803.39;11605;120.00;11540;120.00
60;100;2;11638;False;11635.40;TL;11638;5.86;11638;120.00;17203;True;17203.00;592.62;17304;119.43;17244;120.00;13469;False;13430.10;TL;13661;120.00;13477;120.00;12494;True;12494.00;511.14;12514;117.62;12513;120.00;11158;True;11158.00;1532.33;11451;119.49;11173;120.00;10926;True;10926.00;778.41;11032;120.00;10940;120.00
60;100;3;11379;False;11366.60;TL;11381;33.56;11379;120.00;16404;False;16337.20;TL;16404;81.66;16619;120.00;13272;False;13268.00;TL;13334;120.00;13272;120.00;12370;False;12351.50;TL;12426;120.00;12404;120.00;10961;True;10961.00;867.90;11008;120.00;11062;120.00;10713;True;10713.00;823.49;10727;120.00;10793;120.00
60;100;4;12682;False;12656.60;TL;12698;55.94;12723;120.00;18278;False;18252.00;TL;18313;119.44;18324;120.00;14879;True;14879.00;550.94;14919;119.37;14888;120.00;13726;True;13726.00;3589.21;13770;120.00;13780;120.00;12258;False;12231.90;TL;12258;120.00;12290;120.00;11900;False;11863.20;TL;11940;120.00;11925;120.00
60;100;5;12318;False;12312.30;TL;12318;29.18;12320;120.00;17755;True;17755.00;1772.52;17892;119.44;17762;120.00;14136;True;14136.00;287.37;14140;48.43;14138;120.00;13020;True;13020.00;257.46;13027;12.73;13029;120.00;11700;True;11700.00;319.32;11710;76.55;11713;120.00;11390;True;11390.00;437.86;11399;62.00;11390;120.00
60;100;6;12257;False;12251.60;TL;12257;10.10;12259;120.00;17414;True;17414.00;2754.13;17491;100.70;17511;120.00;14069;False;14023.20;TL;14072;120.00;14103;120.00;13143;False;13085.70;TL;13143;39.12;13190;120.00;11689;False;11685.80;TL;11768;120.00;11709;120.00;11432;False;11401.10;TL;11500;120.00;11662;120.00
60;100;7;12718;False;12710.90;TL;12724;30.42;12726;120.00;18531;True;18531.00;3556.01;18559;119.43;18560;120.00;14823;True;14823.00;685.25;14826;22.60;14823;120.00;13935;True;13935.00;1269.80;13983;120.00;13951;120.00;12228;True;12228.00;639.94;12228;98.66;12228;120.00;11934;True;11934.00;2473.40;11944;120.00;11967;120.00
60;100;8;13132;False;13075.20;TL;13132;15.91;13210;120.00;19047;False;18958.10;TL;19058;77.51;19177;120.00;15099;True;15099.00;776.38;15127;98.15;15149;120.00;14147;True;14147.00;708.08;14199;120.00;14185;120.00;12644;False;12590.20;TL;12705;120.00;12732;120.00;12212;False;12200.30;TL;12218;74.28;12288;120.00
60;100;9;11767;True;11767.00;1129.88;11782;68.01;11773;120.00;16897;True;16897.00;359.34;16913;120.00;16906;120.00;13612;True;13612.00;178.71;13639;26.92;13615;120.00;12643;True;12643.00;584.72;12648;79.46;12643;120.00;11233;True;11233.00;56.42;11268;120.00;11233;95.81;10967;True;10967.00;1303.64;10976;27.79;10972;120.00
60;100;10;12193;False;12169.90;TL;12193;47.31;12201;120.00;17703;True;17703.00;1019.09;17755;119.43;17721;120.00;13958;True;13958.00;457.99;13969;29.40;13963;120.00;13027;False;13017.20;TL;13034;120.00;13046;120.00;11633;True;11633.00;499.11;11643;100.69;11637;120.00;11239;True;11239.00;251.72;11251;63.95;11271;120.00
60;100;11;12722;False;12694.50;TL;12739;60.95;12722;120.00;18193;False;18092.80;TL;18200;94.13;18280;120.00;14423;False;14421.60;TL;14441;120.00;14448;120.00;13488;True;13488.00;2318.88;13499;73.58;13514;120.00;12156;False;12106.80;TL;12198;120.00;12191;120.00;11774;False;11746.30;TL;11797;120.00;11793;120.00
60;100;12;12213;False;12181.50;TL;12214;120.00;12221;120.00;17740;False;17697.70;TL;17762;119.41;17757;120.00;14152;True;14152.00;137.89;14152;11.64;14152;67.29;13054;True;13054.00;2409.79;13119;120.00;13066;120.00;11646;True;11646.00;822.48;11656;79.18;11656;120.00;11328;False;11313.60;TL;11358;120.00;11331;120.00
60;100;13;12756;False;12747.00;TL;12761;9.17;12756;120.00;18534;False;18508.60;TL;18563;119.40;18574;120.00;14430;True;14430.00;336.21;14450;85.16;14443;120.00;13535;True;13535.00;473.17;13542;82.91;13540;120.00;12158;True;12158.00;314.55;12158;42.59;12158;120.00;11789;True;11789.00;1945.68;11933;120.00;11896;120.00
60;100;14;12225;False;12200.90;TL;12225;95.22;12247;120.00;17455;True;17455.00;2349.94;17455;74.66;17513;120.00;14162;True;14162.00;1018.05;14176;69.40;14175;120.00;13266;True;13266.00;2413.33;13334;120.00;13304;120.00;11744;True;11742.50;TL;11811;120.00;11773;120.00;11450;False;11438.80;TL;11470;120.00;11478;120.00
60;100;15;12113;False;12107.30;TL;12132;120.00;12121;120.00;17488;False;17406.10;TL;17504;119.41;17540;120.00;13807;False;13775.90;TL;13839;120.00;13892;120.00;12947;False;12886.50;TL;12991;120.00;13039;120.00;11488;False;11485.10;TL;11505;120.00;11509;120.00;11233;False;11188.00;TL;11233;120.00;11344;120.00
60;100;16;11499;False;11485.10;TL;11499;32.53;11518;120.00;16913;False;16909.90;TL;16913;71.90;16978;120.00;13266;True;13266.00;145.59;13292;78.19;13271;120.00;12441;True;12441.00;2596.11;12465;120.00;12462;120.00;11072;True;11072.00;2935.41;11082;103.69;11086;120.00;10763;True;10763.00;2731.47;10826;120.00;10786;120.00
60;100;17;13317;False;13291.60;TL;13318;15.17;13317;120.00;19485;False;19479.40;TL;19495;41.80;19485;120.00;15987;True;15987.00;916.62;16000;54.49;15990;120.00;14671;True;14671.00;419.74;14686;26.71;14675;120.00;12904;True;12903.10;TL;12966;120.00;12925;120.00;12601;False;12589.40;TL;12603;39.37;12616;120.00
60;100;18;12229;False;12212.80;TL;12229;69.38;12235;120.00;17595;True;17595.00;1408.62;17656;119.41;17620;120.00;14191;True;14191.00;629.51;14207;79.62;14205;120.00;13148;True;13148.00;1011.76;13159;19.17;13149;120.00;11663;True;11663.00;1211.77;11690;105.39;11691;120.00;11425;True;11425.00;2453.56;11434;120.00;11436;120.00
60;100;19;12157;False;12144.50;TL;12157;33.78;12181;120.00;17610;True;17610.00;3483.91;17658;119.42;17612;120.00;14139;False;14137.60;TL;14167;120.00;14172;120.00;13199;False;13196.30;TL;13246;120.00;13205;120.00;11747;False;11720.20;TL;11764;120.00;11776;120.00;11435;False;11389.50;TL;11454;120.00;11476;120.00
60;100;20;12829;False;12813.00;TL;12859;120.00;12831;120.00;18815;False;18749.40;TL;18815;120.00;18866;120.00;14781;False;14743.10;TL;14781;67.79;14851;120.00;13840;False;13786.20;TL;13840;106.20;13864;120.00;12255;False;12225.20;TL;12312;120.00;12353;120.00;11902;False;11876.80;TL;11929;115.10;11902;120.00
60;100;21;12139;False;12120.00;TL;12139;37.73;12152;120.00;17568;True;17568.00;1426.95;17571;62.94;17571;120.00;14031;True;14031.00;860.23;14038;33.84;14036;120.00;13108;True;13108.00;794.81;13116;61.01;13130;120.00;11727;True;11727.00;231.17;11735;80.99;11729;120.00;11370;False;11368.90;TL;11380;108.17;11393;120.00
60;100;22;11628;False;11614.70;TL;11628;52.89;11628;120.00;17133;True;17133.00;1059.00;17243;119.46;17153;120.00;13693;True;13693.00;74.30;13699;5.95;13693;67.40;12720;True;12720.00;275.10;12764;120.00;12720;120.00;11255;True;11255.00;3208.66;11268;92.00;11255;120.00;10940;True;10940.00;1686.48;10957;120.00;10940;120.00
60;100;23;12838;True;12838.00;1657.80;12841;24.11;12840;120.00;18567;True;18567.00;905.71;18578;92.37;18567;120.00;14795;True;14795.00;48.58;14816;50.32;14795;40.16;13750;True;13750.00;327.21;13766;58.14;13751;120.00;12353;True;12353.00;331.55;12382;120.00;12359;120.00;12004;True;12004.00;1073.85;12086;120.00;12025;120.00
60;100;24;12746;False;12741.70;TL;12750;60.24;12758;120.00;18208;True;18208.00;1394.43;18222;59.34;18220;120.00;14938;True;14938.00;303.54;15005;120.00;14958;120.00;13747;True;13747.00;582.01;13751;56.98;13752;120.00;12210;True;12210.00;948.62;12221;106.06;12224;120.00;11951;True;11951.00;1404.02;11970;120.00;11980;120.00
60;100;25;12717;False;12711.80;TL;12718;18.12;12718;120.00;18475;True;18475.00;2556.47;18523;119.44;18495;120.00;14686;True;14686.00;739.43;14686;59.71;14698;120.00;13645;True;13645.00;115.57;13670;44.21;13650;120.00;12267;True;12267.00;3269.75;12290;120.00;12284;120.00;11820;True;11820.00;1144.34;11826;60.16;11834;120.00
60;100;26;12286;True;12286.00;113.42;12301;32.58;12286;120.00;17585;True;17585.00;89.13;17639;119.44;17585;37.15;14449;True;14449.00;705.32;14614;120.00;14466;120.00;13437;True;13437.00;464.11;13495;120.00;13457;120.00;11835;True;11835.00;853.45;11961;120.00;11846;120.00;11560;True;11560.00;1326.97;11808;120.00;11591;120.00
60;100;27;12307;False;12293.80;TL;12307;23.45;12308;120.00;18034;True;18034.00;2498.01;18093;120.00;18064;120.00;14371;True;14371.00;368.53;14433;120.00;14382;120.00;13306;True;13306.00;1595.35;13332;120.00;13311;120.00;11820;True;11819.50;TL;11828;59.25;11830;120.00;11532;False;11527.30;TL;11540;118.18;11548;120.00
60;100;28;12931;True;12931.00;1121.90;12931;13.10;12939;120.00;18932;True;18932.00;48.01;18974;34.00;18932;28.14;15034;True;15034.00;1542.03;15157;120.00;15041;120.00;14057;True;14057.00;240.83;14160;120.00;14083;120.00;12414;True;12414.00;25.76;12442;46.40;12414;24.87;12112;True;12112.00;630.62;12168;120.00;12124;120.00
60;100;29;12206;False;12170.90;TL;12206;100.38;12228;120.00;17766;False;17731.60;TL;17887;119.44;17899;120.00;13952;False;13935.50;TL;13965;120.00;13971;120.00;13051;False;13004.60;TL;13072;120.00;13052;120.00;11728;False;11709.40;TL;11763;120.00;11800;120.00;11350;False;11347.10;TL;11351;75.51;11456;120.00
60;100;30;11636;False;11616.00;TL;11642;47.95;11650;120.00;16850;True;16850.00;1275.99;16884;119.47;16881;120.00;13455;True;13455.00;207.24;13455;24.44;13464;120.00;12584;True;12584.00;2082.17;12653;120.00;12594;120.00;11220;False;11207.30;TL;11240;120.00;11239;120.00;10929;False;10925.80;TL;10978;120.00;10935;120.00
60;100;31;11979;False;11960.00;TL;11979;115.70;12011;120.00;17272;False;17241.60;TL;17353;119.46;17308;120.00;13695;False;13682.20;TL;13710;120.00;13720;120.00;12886;False;12883.70;TL;12906;120.00;12926;120.00;11502;True;11502.00;1469.04;11505;23.85;11512;120.00;11168;False;11152.20;TL;11171;120.00;11187;120.00
60;100;32;13281;False;13263.20;TL;13281;17.57;13281;120.00;19171;True;19171.00;1036.23;19176;11.10;19174;120.00;15436;True;15436.00;238.63;15452;27.24;15440;120.00;14283;True;14283.00;76.43;14284;8.21;14283;75.11;12769;False;12767.40;TL;12782;72.05;12788;120.00;12334;True;12334.00;356.00;12339;19.33;12334;120.00
60;100;33;13169;False;13148.40;TL;13169;116.82;13181;120.00;19113;False;19074.50;TL;19113;55.09;19217;120.00;15276;False;15260.10;TL;15307;120.00;15323;120.00;14234;True;14234.00;3382.88;14259;33.14;14276;120.00;12602;True;12602.00;2568.29;12607;30.39;12723;120.00;12293;False;12262.60;TL;12324;120.00;12374;120.00
60;100;34;12374;False;12365.10;TL;12374;32.65;12386;120.00;17640;True;17640.00;142.11;17650;8.49;17640;120.00;14152;True;14152.00;82.20;14172;68.42;14152;103.73;13310;True;13310.00;1085.50;13354;120.00;13317;120.00;11809;True;11809.00;76.22;11815;36.93;11809;86.31;11547;True;11547.00;1053.11;11558;83.96;11550;120.00
60;100;35;11821;False;11782.80;TL;11822;9.78;12036;120.00;17164;False;17065.00;TL;17335;120.00;17215;120.00;13733;False;13728.90;TL;13758;120.00;13743;120.00;12759;False;12742.10;TL;12947;120.00;12759;120.00;11294;False;11284.20;TL;11435;120.00;11514;120.00;11029;False;11003.70;TL;11182;120.00;11111;120.00
60;100;36;12545;False;12542.90;TL;12545;100.91;12545;120.00;18255;True;18255.00;104.02;18257;66.38;18255;120.00;14601;True;14601.00;509.39;14602;18.25;14601;120.00;13628;False;13615.00;TL;13639;120.00;13637;120.00;12093;True;12093.00;812.60;12105;41.62;12109;120.00;11723;False;11721.70;TL;11746;120.00;11738;120.00
60;100;37;11676;False;11668.70;TL;11684;120.00;11684;120.00;16712;True;16712.00;634.25;16750;119.42;16721;120.00;13450;True;13450.00;987.08;13496;120.00;13457;120.00;12538;True;12538.00;131.27;12565;110.70;12538;120.00;11260;True;11260.00;928.14;11285;120.00;11261;120.00;10880;True;10880.00;534.87;10893;95.12;10881;120.00
60;100;38;12107;False;12099.40;TL;12117;40.87;12115;120.00;17475;False;17461.40;TL;17491;119.47;17484;120.00;14226;True;14226.00;1529.72;14235;120.00;14237;120.00;13020;True;13020.00;873.96;13037;90.58;13024;120.00;11506;True;11506.00;664.79;11525;71.55;11534;120.00;11290;True;11290.00;1035.72;11309;120.00;11316;120.00
60;100;39;12229;False;12225.70;TL;12235;19.23;12232;120.00;17623;True;17623.00;349.22;17623;69.08;17623;120.00;14353;True;14353.00;1056.96;14365;28.31;14359;120.00;13217;True;13217.00;101.21;13229;72.51;13217;120.00;11796;True;11796.00;378.52;11816;120.00;11809;120.00;11455;True;11455.00;834.79;11463;76.52;11455;120.00
75;20;0;2203;True;2203.00;1.58;2203;0.55;2203;0.62;3354;True;3354.00;0.48;3355;0.13;3354;0.11;2706;True;2706.00;0.05;2706;0.05;2706;0.05;2516;True;2516.00;0.07;2516;0.07;2516;0.08;2098;True;2098.00;0.52;2099;0.14;2098;0.14;2058;True;2058.00;0.07;2058;0.08;2058;0.07
75;20;1;2191;True;2191.00;0.41;2191;0.06;2191;0.57;3276;True;3276.00;0.04;3276;0.05;3276;0.05;2730;True;2730.00;0.06;2730;0.05;2730;0.06;2532;True;2532.00;0.09;2532;0.09;2532;0.09;2142;True;2142.00;0.03;2142;0.04;2142;0.04;2086;True;2086.00;0.09;2086;0.09;2086;0.09
75;20;2;2209;True;2209.00;0.94;2209;0.20;2209;0.57;3284;True;3284.00;0.63;3284;0.21;3284;0.22;2770;True;2770.00;0.38;2772;0.11;2770;0.12;2540;True;2540.00;0.07;2540;0.08;2540;0.08;2134;True;2134.00;0.37;2137;0.25;2134;0.23;2100;True;2100.00;0.56;2100;0.17;2100;0.24
75;20;3;2125;True;2125.00;9.74;2146;0.79;2125;2.56;3121;True;3121.00;0.38;3121;0.42;3121;0.43;2574;True;2574.00;0.15;2574;0.17;2574;0.23;2407;True;2407.00;0.36;2407;0.37;2407;0.38;2051;True;2051.00;0.38;2051;0.41;2051;0.43;2034;True;2034.00;5.05;2035;1.16;2034;1.90
75;20;4;2686;True;2686.00;0.24;2686;0.11;2686;0.22;3918;True;3918.00;0.06;3918;0.06;3918;0.06;3179;True;3179.00;0.06;3179;0.07;3179;0.10;2939;True;2939.00;0.08;2939;0.10;2939;0.11;2604;True;2604.00;0.07;2604;0.07;2604;0.07;2507;True;2507.00;0.61;2507;0.30;2507;0.35
75;20;5;2168;True;2168.00;1.09;2168;0.34;2168;0.27;3205;True;3205.00;0.13;3205;0.13;3205;0.18;2650;True;2650.00;1.77;2659;0.63;2650;0.53;2461;True;2461.00;3.26;2461;1.07;2461;0.96;2117;True;2117.00;0.63;2117;0.67;2117;0.76;2074;True;2074.00;2.45;2084;1.03;2074;0.98
75;20;6;2146;True;2146.00;143.32;2146;0.15;2146;120.00;3147;True;3147.00;1.13;3147;0.36;3147;0.60;2695;True;2695.00;0.15;2695;0.18;2695;0.18;2437;True;2437.00;0.24;2437;0.26;2437;0.26;2085;True;2085.00;1.51;2085;0.33;2085;0.70;2045;True;2045.00;1.07;2058;0.54;2045;0.59
75;20;7;2445;True;2445.00;3.37;2445;0.04;2445;1.30;3634;True;3634.00;0.17;3634;0.08;3634;0.08;2928;True;2928.00;0.04;2928;0.04;2928;0.05;2775;True;2775.00;0.08;2775;0.09;2775;0.09;2368;True;2368.00;0.20;2368;0.09;2368;0.13;2317;True;2317.00;0.48;2317;0.14;2317;0.17
75;20;8;2192;True;2192.00;1.82;2192;0.29;2192;0.60;3152;True;3152.00;0.17;3152;0.18;3152;0.13;2651;True;2651.00;0.09;2651;0.11;2651;0.11;2453;True;2453.00;0.39;2453;0.21;2453;0.21;2094;True;2094.00;0.33;2094;0.16;2094;0.15;2045;True;2045.00;0.16;2045;0.18;2045;0.18
75;20;9;2184;True;2184.00;2.75;2184;0.23;2184;4.31;3124;True;3124.00;0.22;3124;0.23;3124;0.27;2702;True;2702.00;2.67;2702;0.76;2702;1.00;2503;True;2503.00;1.04;2503;0.45;2503;0.59;2113;True;2113.00;0.50;2113;0.32;2113;0.29;2050;True;2050.00;0.30;2050;0.32;2050;0.35
75;20;10;2583;True;2583.00;0.83;2583;0.21;2583;0.51;3772;True;3772.00;0.08;3772;0.08;3772;0.09;3022;True;3022.00;0.04;3022;0.04;3022;0.04;2870;True;2870.00;0.85;2870;0.15;2870;0.39;2480;True;2480.00;0.75;2492;0.18;2480;0.23;2401;True;2401.00;0.07;2401;0.08;2401;0.09
75;20;11;2561;True;2561.00;15.94;2561;0.32;2561;13.64;3694;True;3694.00;0.15;3694;0.20;3694;0.07;3059;True;3059.00;0.04;3059;0.04;3059;0.04;2872;True;2872.00;0.35;2872;0.22;2872;0.14;2489;True;2489.00;0.67;2489;0.31;2489;0.15;2433;True;2433.00;0.61;2433;0.33;2433;0.19
75;20;12;2164;True;2164.00;0.13;2164;0.14;2164;0.12;3254;True;3254.00;0.33;3254;0.34;3254;0.37;2749;True;2749.00;1.43;2771;0.51;2749;0.52;2448;True;2448.00;1.31;2449;0.84;2448;0.85;2083;True;2083.00;0.14;2083;0.15;2083;0.15;2054;True;2054.00;1.61;2054;0.77;2054;1.08
75;20;13;2217;True;2217.00;25.99;2217;0.06;2217;24.93;3289;True;3289.00;0.04;3289;0.05;3289;0.05;2740;True;2740.00;0.51;2740;0.11;2740;0.13;2529;True;2529.00;0.05;2529;0.06;2529;0.06;2149;True;2149.00;0.21;2151;0.10;2149;0.11;2090;True;2090.00;0.62;2095;0.13;2090;0.24
75;20;14;2695;True;2695.00;0.32;2695;0.08;2695;0.08;4120;True;4120.00;0.19;4132;0.11;4120;0.11;3350;True;3350.00;0.04;3350;0.05;3350;0.05;3107;True;3107.00;0.18;3107;0.20;3107;0.19;2638;True;2638.00;0.30;2638;0.11;2638;0.09;2580;True;2580.00;0.09;2580;0.10;2580;0.10
75;20;15;2672;True;2672.00;0.47;2685;0.24;2672;0.10;4031;True;4031.00;0.67;4036;0.26;4031;0.26;3211;True;3211.00;0.23;3211;0.15;3211;0.12;2995;True;2995.00;0.39;2995;0.16;2995;0.19;2575;True;2575.00;0.04;2575;0.05;2575;0.05;2525;True;2525.00;0.92;2533;0.27;2525;0.38
75;20;16;2456;True;2456.00;0.02;2456;0.03;2456;0.02;3643;True;3643.00;0.11;3656;0.08;3643;0.05;3140;True;3140.00;0.33;3140;0.11;3140;0.13;2863;True;2863.00;1.20;2868;0.15;2863;0.48;2431;True;2431.00;0.04;2431;0.04;2431;0.05;2388;True;2388.00;0.55;2392;0.18;2388;0.24
75;20;17;2227;True;2227.00;5.36;2227;0.06;2227;2.92;3382;True;3382.00;0.26;3382;0.10;3382;0.08;2727;True;2727.00;0.56;2727;0.13;2727;0.13;2542;True;2542.00;0.41;2552;0.17;2542;0.26;2152;True;2152.00;0.06;2152;0.06;2152;0.10;2111;True;2111.00;0.05;2111;0.05;2111;0.06
75;20;18;2111;True;2111.00;7.52;2121;0.30;2111;4.60;3010;True;3010.00;0.89;3010;0.40;3010;0.39;2508;True;2508.00;0.18;2508;0.21;2508;0.29;2292;True;2292.00;0.22;2292;0.25;2292;0.26;2019;True;2019.00;0.21;2019;0.22;2019;0.20;1959;True;1959.00;0.38;1959;0.40;1959;0.52
75;20;19;2135;True;2135.00;0.07;2135;0.07;2135;0.07;3255;True;3255.00;0.96;3265;0.41;3255;0.45;2660;True;2660.00;0.16;2660;0.18;2660;0.18;2447;True;2447.00;0.29;2447;0.32;2447;0.39;2102;True;2102.00;1.03;2102;0.31;2102;0.37;2034;True;2034.00;0.40;2034;0.42;2034;0.46
75;20;20;2473;True;2473.00;17.70;2475;0.03;2473;19.15;3605;True;3605.00;0.38;3605;0.10;3605;0.16;2941;True;2941.00;0.03;2941;0.04;2941;0.04;2706;True;2706.00;0.05;2706;0.05;2706;0.05;2329;True;2329.00;0.04;2329;0.04;2329;0.05;2272;True;2272.00;0.19;2277;0.11;2272;0.17
75;20;21;2513;True;2513.00;202.80;2513;0.05;2513;120.00;3697;True;3697.00;0.02;3697;0.02;3697;0.02;2977;True;2977.00;0.04;2977;0.04;2977;0.04;2791;True;2791.00;0.21;2791;0.10;2791;0.10;2440;True;2440.00;0.15;2440;0.07;2440;0.15;2352;True;2352.00;0.26;2352;0.14;2352;0.19
75;20;22;2127;True;2127.00;923.08;2127;0.97;2127;120.00;3130;True;3130.00;0.73;3130;0.52;3130;0.32;2479;True;2479.00;0.17;2479;0.20;2479;0.22;2312;True;2312.00;0.17;2312;0.18;2312;0.35;2036;True;2036.00;0.69;2036;0.29;2036;0.30;1986;True;1986.00;2.89;1986;1.11;1986;0.93
75;20;23;1921;True;1921.00;0.06;1921;0.07;1921;0.06;2840;True;2840.00;0.60;2840;0.26;2840;0.24;2355;True;2355.00;1.96;2355;0.27;2355;0.99;2149;True;2149.00;2.11;2149;0.36;2149;0.85;1874;True;1874.00;1.43;1876;0.44;1874;0.54;1815;True;1815.00;0.20;1815;0.22;1815;0.24
75;20;24;2176;True;2176.00;0.14;2176;0.15;2176;0.14;3301;True;3301.00;0.24;3301;0.23;3301;0.25;2605;True;2605.00;2.07;2605;0.74;2605;0.96;2436;True;2436.00;2.48;2436;0.74;2436;0.86;2080;True;2080.00;0.19;2080;0.21;2080;0.22;2051;True;2051.00;0.26;2051;0.29;2051;0.31
75;20;25;2023;True;2023.00;0.06;2023;0.06;2023;0.06;2971;True;2971.00;0.09;2971;0.09;2971;0.11;2480;True;2480.00;0.10;2480;0.12;2480;0.12;2264;True;2264.00;0.22;2264;0.24;2264;0.30;1980;True;1980.00;1.97;1980;0.77;1980;1.08;1924;True;1924.00;1.42;1925;0.40;1924;0.87
75;20;26;2136;True;2136.00;145.90;2146;0.22;2136;120.00;3118;True;3118.00;1.59;3118;0.48;3118;0.50;2664;True;2664.00;0.50;2664;0.60;2664;0.50;2455;True;2455.00;6.06;2467;0.90;2455;1.54;2084;True;2084.00;2.41;2084;0.61;2084;0.72;2030;True;2030.00;0.43;2030;0.45;2030;0.48
75;20;27;2677;True;2677.00;995.64;2677;0.20;2677;120.00;3916;True;3916.00;0.07;3916;0.06;3916;0.07;3247;True;3247.00;0.07;3247;0.09;3247;0.09;2986;True;2986.00;0.72;2989;0.29;2986;0.27;2571;True;2571.00;0.52;2571;0.31;2571;0.20;2461;True;2461.00;0.06;2461;0.07;2461;0.07
75;20;28;2073;True;2073.00;0.07;2073;0.08;2073;0.08;3190;True;3190.00;1.86;3190;0.40;3190;0.52;2565;True;2565.00;1.30;2569;0.93;2565;0.59;2384;True;2384.00;3.78;2387;1.01;2384;1.33;2072;True;2072.00;17.29;2073;0.33;2072;7.11;1976;True;1976.00;1.00;1978;0.55;1976;0.62
75;20;29;2170;True;2170.00;0.12;2170;0.13;2170;0.13;3277;True;3277.00;0.73;3277;0.12;3277;0.16;2697;True;2697.00;0.04;2697;0.05;2697;0.05;2509;True;2509.00;0.05;2509;0.06;2509;0.06;2110;True;2110.00;0.27;2110;0.12;2110;0.13;2065;True;2065.00;0.08;2065;0.08;2065;0.09
75;20;30;2180;True;2180.00;1.29;2183;0.05;2180;0.56;3377;True;3377.00;0.85;3378;0.12;3377;0.17;2652;True;2652.00;0.04;2652;0.05;2652;0.05;2483;True;2483.00;0.05;2483;0.05;2483;0.05;2112;True;2112.00;0.30;2120;0.13;2112;0.15;2075;True;2075.00;0.39;2076;0.24;2075;0.28
75;20;31;2013;True;2013.00;0.18;2013;0.20;2013;0.20;2913;True;2913.00;0.15;2913;0.16;2913;0.21;2547;True;2547.00;0.93;2547;0.60;2547;0.66;2300;True;2300.00;0.73;2300;0.45;2300;0.54;1955;True;1955.00;0.13;1955;0.15;1955;0.16;1928;True;1928.00;1.13;1931;0.66;1928;0.55
75;20;32;2096;True;2096.00;1.06;2110;0.48;2096;0.46;3078;True;3078.00;2.91;3090;0.65;3078;0.81;2554;True;2554.00;0.23;2554;0.28;2554;0.35;2363;True;2363.00;0.24;2363;0.27;2363;0.27;2028;True;2028.00;0.33;2028;0.39;2028;0.41;1971;True;1971.00;2.53;1972;0.86;1971;0.88
75;20;33;2075;True;2075.00;47.39;2075;0.47;2075;32.90;3146;True;3146.00;0.22;3146;0.22;3146;0.21;2571;True;2571.00;0.16;2571;0.20;2571;0.22;2291;True;2291.00;0.18;2291;0.20;2291;0.20;2017;True;2017.00;2.35;2022;0.84;2017;0.78;1984;True;1984.00;1.08;1998;0.86;1984;0.74
75;20;34;2213;True;2213.00;0.04;2213;0.04;2213;0.04;3258;True;3258.00;0.05;3258;0.05;3258;0.08;2823;True;2823.00;0.04;2823;0.04;2823;0.14;2571;True;2571.00;0.58;2571;0.36;2571;0.32;2172;True;2172.00;0.42;2172;0.20;2172;0.19;2102;True;2102.00;0.04;2102;0.05;2102;0.05
75;20;35;2189;True;2189.00;0.73;2189;0.18;2189;0.23;3340;True;3340.00;2.83;3358;0.62;3340;0.83;2534;True;2534.00;0.25;2534;0.31;2534;0.43;2409;True;2409.00;0.44;2409;0.48;2409;0.44;2091;True;2091.00;0.72;2091;0.35;2091;0.25;2040;True;2040.00;0.19;2040;0.21;2040;0.23
75;20;36;2688;True;2688.00;1.95;2691;0.38;2688;0.73;3904;True;3904.00;0.05;3904;0.05;3904;0.06;3246;True;3246.00;0.37;3246;0.15;3246;0.18;2984;True;2984.00;0.48;2984;0.18;2984;0.17;2576;True;2576.00;0.60;2578;0.27;2576;0.14;2466;True;2466.00;0.20;2470;0.12;2466;0.13
75;20;37;2143;True;2143.00;3.83;2146;0.35;2143;2.22;3206;True;3206.00;0.14;3206;0.15;3206;0.16;2567;True;2567.00;0.18;2567;0.23;2567;0.23;2393;True;2393.00;0.60;2393;0.66;2393;0.59;2108;True;2108.00;9.01;2114;0.64;2108;10.78;2019;True;2019.00;2.30;2019;0.81;2019;0.85
75;20;38;2177;True;2177.00;5.72;2177;0.49;2177;48.71;3190;True;3190.00;0.46;3190;0.48;3190;0.49;2607;True;2607.00;0.39;2607;0.48;2607;0.56;2418;True;2418.00;0.46;2418;0.50;2418;0.45;2094;True;2094.00;0.12;2094;0.15;2094;0.13;2040;True;2040.00;2.63;2040;1.23;2040;1.58
75;20;39;2199;True;2199.00;1.66;2199;0.39;2199;0.43;3306;True;3306.00;0.20;3306;0.21;3306;0.19;2739;True;2739.00;0.36;2739;0.43;2739;0.27;2495;True;2495.00;0.18;2495;0.21;2495;0.22;2162;True;2162.00;2.02;2162;0.51;2162;0.53;2081;True;2081.00;0.63;2081;0.67;2081;0.47
75;30;0;3273;True;3273.00;50.83;3273;1.76;3273;120.00;4943;True;4943.00;1.43;4954;1.30;4943;0.70;3913;True;3913.00;0.55;3913;0.33;3913;0.29;3572;True;3572.00;1.16;3572;1.19;3572;1.24;3101;True;3101.00;1.95;3101;1.09;3101;0.88;3059;True;3059.00;17.87;3065;4.22;3059;7.36
75;30;1;3033;True;3033.00;1.34;3087;1.84;3033;0.32;4434;True;4434.00;4.32;4434;1.86;4434;1.49;3739;True;3739.00;1.97;3753;1.78;3739;1.11;3462;True;3462.00;12.27;3465;2.73;3462;5.52;2932;True;2932.00;5.42;2938;1.60;2932;1.82;2854;True;2854.00;0.59;2854;0.55;2854;0.93
75;30;2;3681;True;3681.00;13.60;3681;1.18;3681;9.96;5611;True;5611.00;8.79;5611;1.32;5611;7.70;4498;True;4498.00;2.34;4498;1.78;4498;1.04;4173;True;4173.00;6.96;4191;1.41;4173;3.00;3530;True;3530.00;1.23;3530;1.19;3530;0.44;3447;True;3447.00;4.27;3451;1.00;3447;1.95
75;30;3;2751;True;2751.00;2.00;2751;0.72;2751;1.02;4005;True;4005.00;0.30;4005;0.39;4005;0.55;3475;True;3475.00;1.40;3475;0.76;3475;0.69;3152;True;3152.00;3.64;3152;1.84;3152;1.85;2652;True;2652.00;8.29;2652;1.28;2652;2.93;2595;True;2595.00;0.68;2595;0.65;2595;1.65
75;30;4;3166;True;3166.00;7.70;3166;0.52;3166;1.66;4790;True;4790.00;12.79;4796;2.71;4790;3.40;3837;True;3837.00;0.44;3837;0.47;3837;0.77;3571;True;3571.00;3.00;3571;3.05;3571;3.20;3095;True;3095.00;29.89;3099;2.27;3095;13.72;3011;True;3011.00;60.58;3016;4.19;3011;16.79
75;30;5;3716;True;3716.00;132.94;3716;0.98;3716;120.00;5268;True;5268.00;4.09;5275;2.02;5268;1.38;4502;True;4502.00;0.76;4502;0.84;4502;0.23;4149;True;4149.00;1.69;4155;1.07;4149;0.72;3519;True;3519.00;1.66;3519;0.91;3519;0.76;3455;True;3455.00;0.36;3455;0.34;3455;0.61
75;30;6;3221;True;3221.00;12.50;3221;0.26;3221;3.89;4942;True;4942.00;4.22;4942;1.24;4942;1.69;3839;True;3839.00;8.15;3839;1.68;3839;2.51;3553;True;3553.00;4.48;3555;1.56;3553;1.51;3075;True;3075.00;0.32;3075;0.30;3075;0.41;3034;True;3034.00;9.09;3043;1.63;3034;2.73
75;30;7;3541;True;3541.00;0.86;3546;0.28;3541;0.46;5095;True;5095.00;0.42;5095;0.28;5095;0.24;4347;True;4347.00;2.74;4370;0.39;4347;1.96;3954;True;3954.00;1.29;3966;0.32;3954;0.48;3383;True;3383.00;4.09;3387;0.32;3383;1.30;3289;True;3289.00;0.67;3289;0.34;3289;0.38
75;30;8;3243;True;3243.00;0.97;3243;0.33;3243;0.34;4819;True;4819.00;0.59;4819;0.37;4819;0.28;4129;True;4129.00;0.99;4134;0.35;4129;0.64;3744;True;3744.00;3.48;3761;0.60;3744;1.31;3151;True;3151.00;2.27;3151;0.34;3151;0.46;3091;True;3091.00;0.31;3091;0.29;3091;0.60
75;30;9;3262;True;3260.69;TL;3262;1.61;3262;120.00;4886;True;4886.00;15.41;4902;3.12;4886;4.08;3834;True;3834.00;13.96;3858;2.95;3834;3.48;3593;True;3593.00;9.29;3604;2.94;3593;3.60;3106;True;3106.00;12.21;3106;2.88;3106;6.23;3033;True;3033.00;17.47;3045;4.16;3033;8.71
75;30;10;3677;True;3677.00;95.72;3677;0.61;3677;120.00;5261;True;5261.00;0.15;5261;0.20;5261;0.16;4360;True;4360.00;1.59;4360;1.23;4360;0.56;4030;True;4030.00;1.31;4036;0.61;4030;0.45;3501;True;3501.00;3.46;3510;0.86;3501;1.40;3392;True;3392.00;2.86;3400;0.66;3392;1.17
75;30;11;3584;True;3584.00;0.48;3584;0.40;3584;0.28;5137;True;5137.00;1.69;5149;0.82;5137;0.42;4193;True;4193.00;0.15;4193;0.16;4193;0.16;3981;True;3981.00;9.84;3990;1.01;3981;7.47;3420;True;3420.00;5.46;3430;0.64;3420;1.86;3330;True;3330.00;0.76;3330;0.41;3330;0.35
75;30;12;3178;False;3168.71;TL;3196;1.16;3178;120.00;4546;True;4546.00;0.63;4546;0.82;4546;1.03;3757;True;3757.00;2.36;3781;2.71;3757;1.97;3500;True;3500.00;9.51;3530;3.57;3500;5.18;3021;True;3021.00;4.28;3023;1.96;3021;2.52;2934;True;2934.00;1.74;2934;1.61;2934;2.12
75;30;13;3674;True;3674.00;38.03;3678;0.79;3674;89.50;5349;True;5349.00;4.74;5349;1.31;5349;1.16;4383;True;4383.00;0.80;4383;1.01;4383;0.72;4110;True;4110.00;7.46;4116;1.58;4110;3.67;3534;True;3534.00;18.25;3535;1.46;3534;6.78;3435;True;3435.00;4.78;3435;1.88;3435;3.09
75;30;14;3291;True;3291.00;0.20;3291;0.23;3291;0.24;4864;True;4864.00;1.40;4864;0.95;4864;0.64;3963;True;3963.00;0.43;3963;0.47;3963;0.67;3664;True;3664.00;4.12;3664;1.69;3664;2.22;3093;True;3093.00;2.50;3093;0.88;3093;0.93;3028;True;3028.00;6.62;3030;2.46;3028;1.73
75;30;15;3072;True;3072.00;12.37;3072;1.25;3072;8.51;4412;True;4412.00;6.40;4414;1.40;4412;1.61;3656;True;3656.00;26.88;3658;1.54;3656;11.47;3362;True;3362.00;1.27;3362;1.49;3362;0.81;2887;True;2887.00;0.45;2887;0.40;2887;0.42;2826;True;2826.00;0.47;2826;0.43;2826;0.46
75;30;16;4158;True;4158.00;550.61;4168;0.53;4158;120.00;6014;True;6014.00;4.28;6018;0.79;6014;2.13;5167;True;5167.00;0.51;5184;0.47;5167;0.24;4742;True;4742.00;1.47;4742;0.52;4742;0.42;4032;True;4032.00;4.36;4049;0.81;4032;2.23;3946;True;3946.00;11.84;3957;0.87;3946;6.99
75;30;17;2622;True;2622.00;61.25;2632;2.62;2622;63.65;3917;True;3917.00;13.47;3921;3.63;3917;3.63;3072;True;3072.00;7.29;3073;3.34;3072;3.27;2897;True;2897.00;2.96;2897;3.08;2897;4.25;2531;True;2531.00;16.33;2534;6.57;2531;6.61;2464;True;2464.00;19.64;2477;4.96;2464;12.81
75;30;18;3149;False;3143.73;TL;3153;1.70;3149;120.00;4505;True;4505.00;18.56;4510;5.19;4505;6.19;3743;True;3743.00;1.32;3766;1.53;3743;1.02;3538;True;3538.00;29.47;3548;3.75;3538;9.65;3020;True;3020.00;54.43;3020;3.84;3020;12.34;2952;True;2952.00;8.30;2971;6.28;2952;6.11
75;30;19;2964;True;2964.00;0.09;2964;0.11;2964;0.09;4228;True;4228.00;1.01;4252;0.47;4228;0.38;3664;True;3664.00;3.42;3664;0.70;3664;1.44;3354;True;3354.00;1.87;3372;1.54;3354;0.87;2828;True;2828.00;1.75;2828;0.45;2828;0.70;2783;True;2783.00;0.47;2783;0.43;2783;0.46
75;30;20;3173;True;3173.00;1964.64;3183;1.36;3178;120.00;4708;True;4708.00;7.69;4714;2.01;4708;3.21;3710;True;3710.00;4.57;3723;2.54;3710;2.36;3441;True;3441.00;15.45;3447;3.64;3441;4.81;3040;True;3040.00;17.09;3040;2.34;3040;3.53;2959;True;2959.00;18.91;2991;3.85;2959;6.48
75;30;21;3121;True;3121.00;4.49;3135;1.08;3121;2.84;4703;True;4703.00;20.04;4714;2.55;4703;7.13;3642;True;3642.00;3.65;3667;3.29;3642;1.76;3399;True;3399.00;3.17;3409;2.09;3399;1.87;3014;True;3014.00;9.18;3014;3.34;3014;4.15;2911;True;2911.00;1.97;2911;1.84;2911;1.10
75;30;22;3200;True;3200.00;59.95;3200;0.55;3200;74.94;5009;True;5009.00;6.49;5029;1.74;5009;1.54;3745;True;3745.00;0.61;3745;0.27;3745;0.31;3530;True;3530.00;0.62;3557;0.50;3530;0.36;3083;True;3083.00;1.33;3083;0.52;3083;0.47;3014;True;3014.00;2.75;3022;1.20;3014;1.54
75;30;23;3228;False;3223.24;TL;3230;3.17;3228;120.00;4748;True;4748.00;21.70;4751;2.42;4748;4.67;3834;True;3834.00;1.89;3834;1.16;3834;1.16;3590;True;3590.00;0.52;3590;0.56;3590;0.51;3051;True;3051.00;5.29;3051;2.62;3051;2.39;2971;True;2971.00;0.36;2971;0.33;2971;0.36
75;30;24;3207;True;3207.00;55.77;3207;0.63;3207;32.77;4802;True;4802.00;4.44;4807;1.32;4802;1.02;3918;True;3918.00;5.05;3918;1.22;3918;1.73;3588;True;3588.00;2.82;3590;0.69;3588;1.42;3091;True;3091.00;3.76;3097;1.03;3091;1.26;2943;True;2943.00;3.64;2943;1.12;2943;1.35
75;30;25;3213;True;3213.00;72.16;3213;0.94;3213;120.00;4848;True;4848.00;1.54;4854;0.47;4848;0.47;4038;True;4038.00;1.19;4046;0.28;4038;0.38;3712;True;3712.00;1.01;3718;0.41;3712;0.48;3079;True;3079.00;2.33;3086;0.45;3079;0.82;3062;True;3062.00;4.03;3072;0.66;3062;1.37
75;30;26;3688;True;3688.00;27.12;3688;0.23;3688;120.00;5516;True;5516.00;0.92;5545;1.75;5516;0.45;4292;True;4292.00;1.58;4292;0.51;4292;0.78;3992;True;3992.00;0.46;3992;0.61;3992;0.27;3524;True;3524.00;1.15;3524;0.32;3524;0.31;3417;True;3417.00;3.14;3417;1.04;3417;0.70
75;30;27;3252;True;3252.00;4.80;3252;1.54;3252;2.45;4806;True;4806.00;1.30;4814;0.49;4806;0.55;3961;True;3961.00;0.24;3961;0.26;3961;0.26;3670;True;3670.00;1.88;3670;0.39;3670;0.91;3122;True;3122.00;1.75;3122;0.41;3122;0.52;3038;True;3038.00;4.10;3043;1.07;3038;1.57
75;30;28;3565;True;3565.00;11.11;3565;0.21;3565;9.09;5134;True;5134.00;11.91;5134;1.27;5134;5.58;4331;True;4331.00;3.45;4331;0.91;4331;1.02;3992;True;3992.00;0.70;3992;0.60;3992;0.31;3429;True;3429.00;1.43;3429;0.94;3429;0.36;3345;True;3345.00;0.23;3345;0.21;3345;0.23
75;30;29;3197;True;3193.72;TL;3200;0.52;3200;120.00;4743;True;4743.00;1.78;4755;1.18;4743;1.41;3849;True;3849.00;12.40;3849;1.55;3849;4.28;3607;True;3607.00;19.80;3612;2.71;3607;4.54;3084;True;3084.00;4.05;3085;0.75;3084;0.84;3019;True;3019.00;36.31;3023;2.44;3019;11.71
75;30;30;3676;True;3676.00;7.86;3676;1.05;3676;64.09;5604;True;5604.00;14.04;5614;4.00;5604;7.10;4457;True;4457.00;0.57;4457;0.76;4457;0.35;4126;True;4126.00;2.48;4126;0.94;4126;1.19;3543;True;3543.00;14.37;3543;0.96;3543;8.12;3478;True;3478.00;0.70;3489;0.89;3478;0.39
75;30;31;3142;True;3142.00;799.39;3142;1.20;3142;120.00;4616;True;4616.00;9.02;4621;2.68;4616;5.17;3834;True;3834.00;29.45;3853;2.42;3834;15.78;3516;True;3516.00;68.05;3542;15.23;3516;17.95;3003;True;3003.00;1.65;3003;1.04;3003;1.00;2944;True;2944.00;8.27;2946;2.89;2944;3.58
75;30;32;3209;True;3209.00;80.39;3212;0.46;3209;36.74;4755;True;4755.00;15.68;4755;2.78;4755;4.01;3862;True;3862.00;8.75;3879;2.70;3862;2.68;3604;True;3604.00;2.05;3629;2.94;3604;1.15;3085;True;3085.00;5.21;3089;1.79;3085;3.65;3014;True;3014.00;31.48;3023;7.93;3014;9.96
75;30;33;3194;True;3194.00;2342.25;3203;1.34;3194;120.00;4576;True;4576.00;1.26;4576;1.62;4576;1.61;3885;True;3885.00;4.84;3888;1.87;3885;2.92;3568;True;3568.00;0.70;3568;0.84;3568;0.98;3092;True;3092.00;16.29;3099;2.44;3092;5.66;3001;True;3001.00;8.21;3001;3.31;3001;4.30
75;30;34;3547;True;3547.00;739.70;3549;0.30;3547;120.00;5268;True;5268.00;2.40;5288;0.54;5268;0.76;4321;True;4321.00;2.99;4340;0.84;4321;0.91;3981;True;3981.00;0.74;3986;0.43;3981;0.39;3428;True;3428.00;1.25;3428;0.68;3428;0.38;3315;True;3315.00;1.15;3334;0.39;3315;1.01
75;30;35;3196;False;3192.41;TL;3196;1.24;3196;120.00;4738;True;4738.00;9.62;4744;2.07;4738;2.06;3845;True;3845.00;3.35;3853;0.78;3845;1.11;3550;True;3550.00;1.68;3550;1.04;3550;1.27;3049;True;3049.00;1.18;3049;0.64;3049;0.53;3002;True;3002.00;5.83;3013;1.44;3002;1.89
75;30;36;3004;True;3004.00;373.61;3004;0.79;3004;120.00;4324;True;4324.00;2.61;4357;1.59;4324;1.16;3427;True;3427.00;0.22;3427;0.24;3427;0.24;3248;True;3248.00;1.00;3258;0.75;3248;0.58;2868;True;2868.00;34.52;2869;0.64;2868;14.71;2770;True;2770.00;4.89;2770;0.72;2770;1.53
75;30;37;3271;True;3271.00;0.10;3271;0.12;3271;0.11;4876;True;4876.00;0.39;4876;0.27;4876;0.17;3901;True;3901.00;0.13;3901;0.15;3901;0.15;3661;True;3661.00;0.22;3661;0.29;3661;0.23;3147;True;3147.00;1.17;3147;0.34;3147;0.38;3048;True;3048.00;0.25;3048;0.22;3048;0.24
75;30;38;3295;True;3295.00;19.52;3300;0.24;3295;120.00;4966;True;4966.00;0.17;4966;0.22;4966;0.16;4041;True;4041.00;0.11;4041;0.13;4041;0.12;3744;True;3744.00;0.99;3744;0.32;3744;0.44;3166;True;3166.00;1.90;3166;0.26;3166;0.44;3065;True;3065.00;0.60;3072;0.34;3065;0.30
75;30;39;3179;False;3170.16;TL;3187;1.41;3179;120.00;4527;True;4527.00;3.19;4535;2.35;4527;1.24;3799;True;3799.00;35.86;3819;4.73;3799;25.34;3507;True;3507.00;7.23;3507;1.73;3507;3.36;3059;True;3059.00;4.22;3059;3.42;3059;2.44;2979;True;2979.00;5.57;2979;2.41;2979;2.02
75;40;0;4638;True;4638.00;453.78;4643;0.53;4638;120.00;6721;True;6721.00;2.55;6754;0.78;6721;0.90;5597;True;5597.00;29.32;5597;1.08;5597;15.07;5162;True;5162.00;6.96;5162;0.95;5162;3.94;4393;True;4393.00;1.27;4395;0.63;4393;0.54;4307;True;4307.00;4.49;4324;3.05;4307;2.37
75;40;1;4303;True;4303.00;13.72;4303;1.48;4303;90.06;6398;True;6398.00;4.14;6410;2.43;6398;2.24;5276;True;5276.00;15.08;5277;1.53;5276;6.62;4875;True;4875.00;7.21;4887;1.39;4875;3.60;4139;True;4139.00;9.11;4139;2.10;4139;3.76;3978;True;3978.00;2.88;3978;2.11;3978;2.63
75;40;2;4793;False;4790.12;TL;4793;2.01;4793;120.00;6954;True;6954.00;69.02;6960;3.47;6954;30.36;5686;True;5686.00;3.25;5686;1.77;5686;1.86;5303;True;5303.00;16.70;5312;3.35;5303;15.30;4592;True;4592.00;37.53;4597;14.18;4592;22.76;4446;True;4446.00;24.09;4467;8.71;4446;11.02
75;40;3;4132;True;4132.00;635.20;4132;12.78;4132;120.00;5931;True;5931.00;8.70;5949;6.08;5931;4.57;4936;True;4936.00;59.26;4946;15.97;4936;59.69;4586;True;4586.00;21.02;4599;4.41;4586;33.27;3935;True;3935.00;67.32;3935;6.28;3935;67.34;3837;True;3837.00;9.08;3846;6.02;3837;7.62
75;40;4;4686;False;4675.62;TL;4686;1.51;4686;120.00;6831;True;6831.00;61.13;6831;2.01;6831;26.85;5547;True;5547.00;34.41;5555;5.52;5547;19.46;5186;True;5186.00;110.77;5202;12.69;5186;83.91;4444;True;4444.00;20.90;4459;1.81;4444;15.77;4354;True;4354.00;13.42;4356;3.96;4354;10.66
75;40;5;4172;True;4172.00;1144.88;4184;2.09;4172;120.00;6103;True;6103.00;34.85;6134;6.66;6103;8.20;5113;True;5113.00;24.54;5122;4.35;5113;20.61;4643;True;4643.00;24.28;4643;4.87;4643;8.46;4023;True;4023.00;56.67;4037;8.81;4023;29.89;3946;True;3946.00;90.64;3959;26.08;3946;22.17
75;40;6;4183;True;4183.00;1931.26;4185;1.64;4183;120.00;6314;True;6314.00;37.93;6376;15.95;6314;14.04;5015;True;5015.00;6.25;5023;4.42;5015;4.87;4637;True;4637.00;21.90;4637;7.90;4637;11.07;3982;True;3982.00;95.34;3982;4.72;3982;75.67;3899;True;3899.00;9.02;3899;6.15;3899;8.19
75;40;7;4303;True;4303.00;2.03;4303;0.55;4303;2.18;6493;True;6493.00;2.80;6522;0.86;6493;1.10;5265;True;5265.00;3.33;5298;2.18;5265;1.37;4859;True;4859.00;1.21;4859;0.88;4859;1.13;4158;True;4158.00;4.65;4158;0.79;4158;2.08;4059;True;4059.00;7.34;4061;1.16;4059;3.37
75;40;8;4058;False;4054.26;TL;4064;3.15;4058;120.00;5872;True;5872.00;5.70;5890;2.45;5872;2.21;4806;True;4806.00;3.09;4806;2.24;4806;1.08;4465;True;4465.00;4.68;4466;2.23;4465;2.91;3756;True;3756.00;2.33;3756;2.21;3756;0.88;3709;True;3709.00;9.84;3718;4.60;3709;5.79
75;40;9;3980;True;3980.00;0.22;3980;0.26;3980;0.24;5854;True;5854.00;7.40;5867;0.95;5854;4.58;4820;True;4820.00;3.04;4830;1.03;4820;1.57;4467;True;4467.00;6.11;4482;2.94;4467;5.96;3857;True;3857.00;13.06;3880;3.42;3857;6.74;3753;True;3753.00;13.65;3758;1.31;3753;10.47
75;40;10;4126;True;4126.00;25.25;4126;2.61;4126;28.52;6164;True;6164.00;109.91;6189;6.31;6164;47.50;5019;True;5019.00;16.05;5045;6.22;5019;6.55;4609;True;4609.00;24.97;4622;9.44;4609;11.42;4000;True;4000.00;28.47;4002;3.45;4000;9.59;3918;True;3918.00;1.53;3918;1.71;3918;3.01
75;40;11;4135;True;4135.00;227.85;4135;2.80;4135;120.00;6259;True;6259.00;115.86;6271;9.77;6259;43.40;5122;True;5122.00;8.10;5130;2.85;5122;3.34;4762;True;4762.00;25.61;4794;4.52;4762;20.88;4011;True;4011.00;17.88;4015;4.84;4011;7.25;3937;True;3937.00;131.93;3953;9.82;3937;85.16
75;40;12;4697;True;4697.00;1.23;4697;0.67;4697;0.27;7119;True;7119.00;10.64;7126;2.60;7119;4.52;5658;True;5658.00;0.32;5658;0.36;5658;0.34;5218;True;5218.00;1.42;5218;0.93;5218;0.72;4507;True;4507.00;4.66;4519;1.68;4507;1.99;4374;True;4374.00;2.65;4392;2.79;4374;1.03
75;40;13;4202;True;4202.00;3.05;4202;1.17;4202;2.20;6339;True;6339.00;4.35;6339;0.62;6339;1.21;5193;True;5193.00;2.84;5193;0.72;5193;0.98;4853;True;4853.00;11.98;4863;1.31;4853;6.95;4068;True;4068.00;6.69;4096;3.36;4068;2.73;3995;True;3995.00;34.05;3999;1.99;3995;15.24
75;40;14;4292;True;4292.00;17.37;4292;0.46;4292;21.42;6446;True;6446.00;1.88;6470;2.39;6446;0.73;5361;True;5361.00;2.13;5361;0.53;5361;0.97;4890;True;4890.00;5.35;4890;1.23;4890;4.99;4181;True;4181.00;5.19;4186;2.35;4181;2.67;4071;True;4071.00;4.88;4077;1.17;4071;3.07
75;40;15;3656;True;3656.00;21.18;3668;3.86;3656;13.17;5533;True;5533.00;40.44;5533;4.34;5533;9.10;4528;True;4528.00;24.43;4534;6.62;4528;11.64;4191;True;4191.00;96.77;4196;9.63;4191;42.49;3597;True;3597.00;106.93;3604;6.28;3597;48.53;3480;True;3480.00;17.34;3488;7.66;3480;9.59
75;40;16;4160;True;4160.00;239.52;4169;3.54;4165;120.00;6252;True;6252.00;230.41;6267;33.59;6252;103.77;4914;True;4914.00;5.54;4914;3.64;4914;3.29;4566;True;4566.00;13.12;4583;11.60;4566;9.95;3999;True;3999.00;68.45;4008;7.68;3999;46.99;3888;True;3888.00;221.71;3900;13.04;3888;120.00
75;40;17;4002;False;3962.88;TL;4010;1.46;4032;120.00;5743;True;5743.00;0.40;5743;0.46;5743;0.45;4768;True;4768.00;56.36;4791;4.43;4768;43.26;4472;True;4472.00;48.22;4511;5.48;4472;86.86;3839;True;3839.00;27.60;3859;2.23;3839;19.52;3714;True;3714.00;5.48;3725;2.87;3714;3.24
75;40;18;4270;True;4270.00;4.69;4279;1.86;4270;120.00;6241;True;6241.00;7.23;6260;2.25;6241;4.30;5131;True;5131.00;9.84;5148;3.39;5131;4.16;4690;True;4690.00;3.37;4703;4.12;4690;2.52;4081;True;4081.00;23.43;4097;5.62;4081;12.68;3993;True;3993.00;23.96;4001;6.06;3993;8.09
75;40;19;4340;False;4333.71;TL;4340;2.18;4340;120.00;6469;True;6469.00;22.29;6473;3.59;6469;6.79;5166;True;5166.00;3.41;5181;3.17;5166;2.32;4820;True;4820.00;50.80;4830;5.52;4820;16.85;4159;True;4159.00;21.47;4164;4.69;4159;10.77;4042;True;4042.00;15.32;4046;3.91;4042;5.91
75;40;20;3667;True;3667.00;18.64;3672;2.66;3667;56.16;5502;True;5502.00;4.29;5502;2.49;5502;2.26;4437;True;4437.00;11.47;4449;4.29;4437;5.18;4092;True;4092.00;12.05;4104;6.24;4092;5.84;3482;True;3482.00;3.87;3482;2.30;3482;2.12;3422;True;3422.00;8.48;3428;7.12;3422;4.69
75;40;21;4273;True;4273.00;23.24;4273;1.66;4273;35.92;6167;True;6167.00;17.12;6176;2.18;6167;6.11;5064;True;5064.00;82.09;5064;4.61;5064;48.39;4782;True;4782.00;30.48;4789;7.99;4782;12.91;4052;True;4052.00;67.02;4052;4.57;4052;16.07;3962;True;3962.00;34.17;3977;6.42;3962;22.26
75;40;22;4721;True;4721.00;212.84;4721;2.07;4721;120.00;7112;True;7112.00;39.43;7118;4.81;7112;18.04;5681;True;5681.00;40.54;5690;5.14;5681;16.09;5293;True;5293.00;21.40;5301;3.11;5293;9.67;4552;True;4552.00;144.03;4556;5.30;4553;120.00;4435;True;4435.00;82.70;4450;3.23;4435;37.59
75;40;23;4183;True;4183.00;12.61;4183;2.22;4183;2.39;6250;True;6250.00;45.79;6251;5.58;6250;16.71;5030;True;5030.00;0.80;5030;0.85;5030;0.87;4649;True;4649.00;12.46;4660;3.19;4649;8.18;4018;True;4018.00;17.26;4018;3.27;4018;5.99;3958;True;3958.00;80.03;3959;11.12;3958;23.53
75;40;24;4330;True;4330.00;0.85;4330;0.63;4330;0.46;6444;True;6444.00;7.23;6444;0.87;6444;2.53;5250;True;5250.00;9.80;5257;0.76;5250;4.61;4869;True;4869.00;5.16;4869;0.73;4869;3.26;4137;True;4137.00;14.28;4140;3.86;4137;7.82;4000;True;4000.00;0.45;4000;0.52;4000;0.47
75;40;25;4240;False;4232.30;TL;4240;3.37;4252;120.00;6201;True;6201.00;5.33;6201;3.28;6201;2.80;5081;True;5081.00;9.46;5091;3.33;5081;4.30;4696;True;4696.00;31.95;4706;6.14;4696;20.22;4067;True;4067.00;13.99;4077;3.70;4067;7.98;3958;True;3958.00;63.37;3966;9.25;3958;11.63
75;40;26;4258;True;4258.00;317.36;4262;2.29;4258;120.00;6267;True;6267.00;27.00;6277;3.24;6267;5.93;5236;True;5236.00;15.49;5244;3.78;5236;9.22;4790;True;4790.00;18.31;4795;4.63;4790;8.16;4108;True;4108.00;107.90;4108;4.61;4108;38.96;4015;True;4015.00;56.63;4017;9.25;4015;17.86
75;40;27;4371;True;4363.90;TL;4375;0.84;4371;120.00;6382;True;6382.00;2.71;6383;0.82;6382;1.05;5262;True;5262.00;3.04;5269;0.82;5262;1.39;4871;True;4871.00;4.06;4875;1.10;4871;1.42;4188;True;4188.00;13.21;4188;2.01;4188;5.21;4071;True;4071.00;9.26;4079;4.28;4071;5.17
75;40;28;4136;True;4136.00;12.11;4154;2.44;4136;15.12;5869;True;5869.00;3.92;5875;1.78;5869;1.20;4846;True;4846.00;22.04;4846;8.09;4846;8.20;4499;True;4499.00;81.84;4519;8.76;4499;49.02;3923;True;3923.00;8.57;3938;4.35;3923;5.46;3788;True;3788.00;74.22;3803;8.38;3788;62.60
75;40;29;3502;True;3502.00;1708.22;3502;2.92;3502;120.00;5085;True;5085.00;46.38;5110;3.35;5085;30.28;4152;True;4152.00;20.09;4152;4.13;4152;22.64;3893;True;3893.00;253.35;3924;24.16;3893;120.00;3292;True;3292.00;5.45;3292;2.95;3292;2.32;3256;True;3256.00;79.74;3271;8.68;3256;84.93
75;40;30;4366;True;4366.00;0.37;4366;0.24;4366;0.19;6393;True;6393.00;3.94;6393;0.80;6393;1.56;5269;True;5269.00;2.41;5269;1.45;5269;1.51;4935;True;4935.00;4.52;4957;2.00;4935;2.21;4164;True;4164.00;2.03;4164;0.68;4164;0.88;4098;True;4098.00;19.09;4105;1.01;4098;16.13
75;40;31;4091;True;4091.00;322.55;4091;4.66;4091;120.00;6164;True;6164.00;25.59;6181;8.32;6164;14.49;5072;True;5072.00;14.08;5072;3.42;5072;7.02;4608;True;4608.00;3.77;4665;31.14;4608;3.26;3954;True;3954.00;13.58;3954;3.29;3954;8.67;3895;True;3895.00;7.17;3897;21.08;3895;5.51
75;40;32;4361;True;4361.00;6.56;4361;0.89;4361;120.00;6419;True;6419.00;0.29;6419;0.31;6419;0.50;5312;True;5312.00;1.97;5312;1.57;5312;1.23;4878;True;4878.00;6.49;4899;1.99;4878;3.54;4160;True;4160.00;5.83;4164;1.17;4160;2.53;4079;True;4079.00;6.21;4083;2.30;4079;5.04
75;40;33;4294;False;4282.14;TL;4321;1.41;4330;120.00;6228;True;6228.00;6.01;6236;2.66;6228;1.53;5239;True;5239.00;10.85;5244;2.20;5239;4.33;4826;True;4826.00;19.90;4840;2.69;4826;16.48;4133;True;4133.00;41.37;4135;3.83;4133;9.01;4035;True;4035.00;59.68;4036;5.32;4035;13.78
75;40;34;4618;False;4610.70;TL;4635;1.65;4618;120.00;6784;True;6784.00;2.49;6826;2.11;6784;0.97;5441;True;5441.00;1.81;5486;2.06;5441;1.46;5120;True;5120.00;8.69;5148;2.73;5120;9.42;4422;True;4422.00;27.88;4433;1.91;4422;35.80;4301;True;4301.00;9.71;4317;1.32;4301;4.37
75;40;35;4224;True;4224.00;3065.69;4224;2.21;4224;120.00;6503;True;6503.00;68.65;6519;3.60;6503;36.67;5086;True;5086.00;50.85;5086;4.30;5086;15.75;4734;True;4734.00;44.21;4735;8.45;4734;11.97;4063;True;4063.00;41.24;4071;6.06;4063;9.10;3990;True;3990.00;118.91;4002;8.30;3990;57.10
75;40;36;4248;False;4244.78;TL;4248;0.33;4248;120.00;6434;True;6434.00;63.24;6467;4.23;6434;21.07;5202;True;5202.00;49.96;5204;3.71;5202;16.97;4806;True;4806.00;19.31;4816;4.61;4806;8.41;4112;True;4112.00;86.10;4114;2.80;4112;111.42;4052;True;4052.00;72.03;4066;13.14;4052;30.69
75;40;37;4571;True;4571.00;226.79;4571;1.52;4571;120.00;6702;True;6702.00;0.97;6702;0.51;6702;0.43;5523;True;5523.00;10.19;5526;0.98;5523;4.35;5073;True;5073.00;8.68;5093;2.31;5073;3.58;4390;True;4390.00;13.30;4402;0.83;4390;8.30;4272;True;4272.00;2.35;4294;2.02;4272;2.07
75;40;38;4218;True;4218.00;47.23;4229;1.57;4218;120.00;6272;True;6272.00;11.60;6272;3.39;6272;4.45;5133;True;5133.00;17.23;5153;5.14;5133;4.92;4706;True;4706.00;18.92;4711;3.92;4706;9.58;4075;True;4075.00;16.48;4075;2.79;4075;8.17;3948;True;3948.00;73.43;3960;7.69;3948;39.69
75;40;39;4334;True;4334.00;30.78;4334;1.12;4334;120.00;6441;True;6441.00;3.88;6449;1.63;6441;1.43;5342;True;5342.00;4.92;5361;1.59;5342;3.83;4910;True;4910.00;3.47;4910;0.89;4910;1.95;4175;True;4175.00;3.43;4175;0.78;4175;1.93;4109;True;4109.00;16.48;4124;3.80;4109;7.77
75;50;0;5261;True;5261.00;28.04;5270;6.58;5261;52.09;7870;True;7870.00;165.95;7888;8.46;7870;61.57;6462;True;6462.00;65.55;6474;7.37;6462;18.82;6018;True;6018.00;368.36;6025;14.60;6018;120.00;5035;True;5035.00;133.29;5041;9.46;5035;56.12;4929;True;4929.00;151.89;4941;13.24;4929;43.32
75;50;1;5270;True;5270.00;514.99;5279;3.47;5270;120.00;7865;True;7865.00;6.44;7873;3.42;7865;4.21;6226;True;6226.00;30.16;6226;2.57;6226;16.50;5881;True;5881.00;85.04;5884;8.89;5881;84.93;5110;True;5110.00;1.55;5110;1.60;5110;1.77;4965;True;4965.00;21.00;4984;8.40;4965;18.27
75;50;2;5335;True;5330.89;TL;5335;10.54;5335;120.00;7938;True;7938.00;301.38;7939;7.35;7938;120.00;6299;True;6299.00;16.93;6304;4.16;6299;5.82;5929;True;5929.00;34.80;5931;6.01;5929;13.14;5146;True;5146.00;49.43;5146;7.38;5146;120.00;5019;True;5019.00;403.81;5022;10.30;5019;120.00
75;50;3;5351;True;5351.00;326.18;5372;2.86;5351;120.00;7777;True;7777.00;21.64;7798;6.54;7777;13.58;6450;True;6450.00;62.41;6473;11.15;6450;24.59;6012;True;6012.00;39.14;6029;8.86;6012;37.00;5153;True;5153.00;116.89;5158;9.12;5153;93.52;5029;True;5029.00;137.12;5032;7.74;5029;59.40
75;50;4;5282;True;5282.00;751.26;5296;8.63;5282;120.00;7738;True;7738.00;259.89;7755;10.95;7738;120.00;6388;True;6388.00;30.33;6421;10.14;6388;13.91;5916;True;5916.00;32.64;5931;6.88;5916;14.38;5072;True;5072.00;61.70;5072;7.47;5072;24.97;4989;True;4989.00;348.89;4997;12.35;4990;120.00
75;50;5;5219;True;5219.00;6.05;5219;3.36;5219;3.36;7713;True;7713.00;284.37;7737;13.23;7720;120.00;6317;True;6317.00;126.60;6334;26.29;6317;42.41;5873;True;5873.00;240.33;5888;24.02;5873;120.00;5016;True;5016.00;129.20;5028;15.35;5016;75.86;4925;True;4925.00;74.77;4937;24.55;4925;30.05
75;50;6;5232;False;5224.86;TL;5246;15.89;5234;120.00;7819;True;7819.00;244.35;7839;33.47;7833;120.00;6225;True;6225.00;138.82;6253;42.74;6229;120.00;5769;True;5769.00;119.35;5798;36.15;5769;63.84;4998;True;4998.00;68.52;4999;6.48;4998;58.57;4894;True;4894.00;136.57;4923;73.77;4894;69.69
75;50;7;5284;False;5275.02;TL;5284;3.80;5284;120.00;7724;True;7724.00;182.04;7738;12.95;7737;120.00;6272;True;6272.00;254.29;6288;23.01;6272;116.68;5827;True;5827.00;30.42;5873;48.82;5827;32.02;5018;True;5018.00;104.81;5027;17.10;5018;85.30;4914;True;4914.00;225.27;4916;24.90;4914;120.00
75;50;8;5704;False;5693.10;TL;5707;4.32;5704;120.00;8398;True;8398.00;3214.36;8427;12.47;8503;120.00;6780;True;6780.00;57.08;6780;28.81;6780;42.76;6343;True;6343.00;45.66;6362;14.08;6343;88.61;5408;True;5408.00;132.73;5427;10.90;5427;120.00;5266;True;5266.00;222.65;5266;13.03;5268;120.00
75;50;9;5799;False;5782.37;TL;5799;5.19;5799;120.00;8543;True;8543.00;137.61;8550;11.29;8543;120.00;6822;True;6822.00;8.89;6841;6.58;6822;7.59;6384;True;6384.00;27.71;6400;46.49;6384;12.95;5572;True;5572.00;111.73;5581;30.25;5572;105.57;5437;True;5437.00;445.54;5448;25.67;5470;120.00
75;50;10;5203;False;5186.83;TL;5208;6.06;5203;120.00;7719;True;7719.00;118.92;7725;8.83;7719;38.21;6219;True;6219.00;115.25;6255;31.66;6219;60.87;5831;True;5831.00;524.52;5872;107.92;5847;120.00;4988;True;4988.00;57.62;4996;10.90;4988;28.85;4892;True;4892.00;641.40;4922;120.00;4902;120.00
75;50;11;5785;True;5783.15;TL;5795;4.52;5785;120.00;8711;True;8711.00;33.14;8735;21.50;8711;13.85;6986;True;6986.00;180.19;7005;24.50;6986;120.00;6534;True;6534.00;102.15;6550;28.03;6534;120.00;5615;True;5615.00;199.10;5654;9.84;5617;120.00;5494;True;5494.00;1691.45;5522;37.84;5506;120.00
75;50;12;5720;False;5700.05;TL;5720;5.84;5728;120.00;8384;True;8384.00;28.68;8404;9.91;8384;20.48;6829;True;6829.00;289.92;6848;17.17;6849;120.00;6382;True;6382.00;504.24;6405;8.32;6390;120.00;5470;True;5470.00;12.62;5478;3.85;5470;10.00;5332;True;5332.00;84.25;5335;8.42;5332;89.49
75;50;13;4999;True;4999.00;126.92;5000;0.96;4999;109.48;7311;True;7311.00;40.33;7316;4.62;7311;37.46;6006;True;6006.00;5.25;6022;4.19;6006;2.72;5589;True;5589.00;20.07;5611;7.38;5589;37.20;4789;True;4789.00;10.76;4797;7.69;4789;6.46;4668;True;4668.00;6.27;4678;4.48;4668;8.70
75;50;14;5109;False;5107.19;TL;5109;5.80;5113;120.00;7292;True;7292.00;44.22;7296;9.67;7292;24.49;6115;True;6115.00;862.63;6127;10.75;6191;120.00;5634;True;5634.00;44.68;5679;16.31;5640;120.00;4823;True;4823.00;13.58;4838;13.20;4823;8.54;4739;True;4739.00;32.45;4763;21.06;4739;36.60
75;50;15;5238;True;5238.00;3576.61;5246;7.91;5238;120.00;7680;True;7680.00;195.31;7685;14.67;7680;120.00;6136;True;6136.00;62.99;6162;52.41;6136;29.08;5750;True;5750.00;80.62;5759;12.13;5750;76.86;4966;True;4966.00;36.17;4978;12.54;4966;20.29;4847;True;4847.00;574.12;4853;57.79;4850;120.00
75;50;16;5659;True;5659.00;3.14;5692;3.00;5664;120.00;8226;True;8226.00;41.86;8232;3.75;8226;18.16;6850;True;6850.00;50.18;6887;5.14;6850;40.94;6261;True;6261.00;134.61;6282;3.24;6261;120.00;5365;True;5365.00;18.95;5373;5.74;5365;15.66;5284;True;5284.00;61.10;5297;4.77;5284;43.73
75;50;17;5905;False;5894.41;TL;5905;1.47;5905;120.00;8665;True;8665.00;18.12;8683;3.68;8665;7.76;7101;True;7101.00;6.34;7111;2.35;7101;3.41;6555;True;6555.00;4.40;6555;1.91;6555;2.58;5683;True;5683.00;9.41;5683;4.35;5683;6.00;5532;True;5532.00;45.95;5535;5.48;5532;24.04
75;50;18;5732;True;5730.08;TL;5732;1.49;5732;120.00;8576;True;8576.00;46.61;8611;6.24;8576;18.25;6802;True;6802.00;47.27;6802;4.55;6802;16.17;6336;True;6336.00;42.58;6339;5.69;6336;23.24;5497;True;5497.00;24.91;5505;8.86;5497;17.47;5343;True;5343.00;17.29;5346;6.44;5343;8.86
75;50;19;5813;False;5809.19;TL;5827;3.48;5813;120.00;8478;True;8478.00;16.10;8478;8.15;8478;5.98;6839;True;6839.00;143.72;6879;6.93;6852;120.00;6363;True;6363.00;860.00;6377;8.39;6408;120.00;5497;True;5497.00;36.36;5519;7.61;5497;27.16;5281;True;5281.00;8.22;5298;8.57;5281;3.57
75;50;20;5193;True;5189.04;TL;5197;3.02;5197;120.00;7824;True;7824.00;7.08;7824;3.53;7824;2.66;6455;True;6455.00;23.73;6470;4.50;6455;9.28;5911;True;5911.00;14.65;5922;2.97;5911;6.61;5036;True;5036.00;4.16;5045;5.18;5036;2.65;4954;True;4954.00;102.22;4965;9.14;4954;77.40
75;50;21;5323;True;5323.00;278.56;5328;4.57;5323;120.00;7955;True;7955.00;36.45;7968;6.15;7955;23.94;6521;True;6521.00;13.68;6538;2.77;6521;5.70;6070;True;6070.00;43.58;6071;1.77;6070;35.66;5151;True;5151.00;12.59;5151;1.53;5151;6.40;5021;True;5021.00;117.30;5035;9.90;5021;61.28
75;50;22;5273;True;5273.00;51.67;5278;5.05;5273;111.44;7694;True;7694.00;69.39;7721;31.47;7694;57.76;6272;True;6272.00;254.77;6297;17.06;6275;120.00;5819;True;5819.00;79.42;5848;40.30;5819;56.51;5064;True;5064.00;324.53;5069;38.02;5068;120.00;4936;True;4936.00;232.24;4955;76.97;4950;120.00
75;50;23;5292;True;5292.00;47.28;5292;4.94;5292;120.00;7836;True;7836.00;231.27;7843;13.79;7836;120.00;6357;True;6357.00;160.18;6358;12.64;6357;100.99;5929;True;5929.00;153.16;5952;40.34;5929;78.72;5084;True;5084.00;128.42;5100;14.37;5084;90.20;4948;True;4948.00;27.84;4956;8.38;4948;14.07
75;50;24;5234;True;5234.00;424.23;5234;6.30;5234;120.00;7661;True;7661.00;179.14;7686;10.83;7668;120.00;6308;True;6308.00;57.46;6314;5.65;6308;18.11;5825;True;5825.00;110.71;5850;12.04;5825;67.59;5037;True;5037.00;153.62;5037;15.51;5037;120.00;4954;True;4954.00;345.07;4966;30.64;4959;120.00
75;50;25;5198;True;5189.86;TL;5208;6.56;5223;120.00;7600;True;7600.00;253.05;7638;63.30;7600;120.00;6171;True;6171.00;115.29;6215;72.38;6183;120.00;5750;True;5750.00;237.16;5773;25.54;5750;120.00;4976;True;4976.00;288.25;5004;12.07;4991;120.00;4872;True;4872.00;578.58;4894;38.68;4919;120.00
75;50;26;5174;False;5136.03;TL;5186;33.08;5190;120.00;7569;True;7569.00;2401.46;7592;9.28;7605;120.00;6211;True;6211.00;23.62;6240;10.46;6211;14.45;5720;True;5720.00;55.84;5742;16.70;5720;45.40;4924;True;4924.00;30.55;4956;31.10;4924;34.91;4816;True;4816.00;273.47;4817;26.74;4821;120.00
75;50;27;4727;False;4722.37;TL;4739;7.14;4727;120.00;6956;True;6956.00;688.39;6964;37.73;6956;120.00;5723;True;5723.00;608.06;5740;18.94;5723;120.00;5307;True;5307.00;188.16;5320;27.94;5307;52.19;4552;True;4552.00;270.58;4552;21.16;4552;79.10;4476;True;4476.00;1236.54;4494;18.85;4492;120.00
75;50;28;5191;True;5191.00;1.14;5191;1.26;5191;3.61;7639;True;7639.00;461.19;7661;34.28;7649;120.00;6307;True;6307.00;328.63;6330;40.74;6310;120.00;5818;True;5818.00;110.35;5835;18.53;5818;42.49;5030;True;5030.00;464.08;5036;10.39;5030;120.00;4938;True;4938.00;244.23;4946;13.99;4938;110.15
75;50;29;5682;True;5682.00;3.03;5682;0.93;5682;15.00;8304;True;8304.00;51.41;8323;5.18;8304;29.77;6713;True;6713.00;65.79;6716;3.26;6713;37.09;6256;True;6256.00;171.63;6271;2.89;6260;120.00;5421;True;5421.00;380.45;5423;7.60;5423;120.00;5290;True;5290.00;259.03;5307;6.14;5306;120.00
75;50;30;5161;False;5153.45;TL;5165;8.41;5165;120.00;7752;True;7752.00;437.24;7773;12.51;7754;120.00;6173;True;6173.00;26.58;6181;5.79;6173;18.98;5777;True;5777.00;59.43;5789;9.71;5777;38.76;5019;True;5019.00;875.85;5019;13.27;5021;120.00;4839;True;4839.00;55.61;4855;9.94;4839;74.02
75;50;31;5275;False;5264.97;TL;5277;4.16;5275;120.00;7741;True;7741.00;9.74;7741;2.94;7741;4.23;6395;True;6395.00;17.74;6395;6.03;6395;15.06;5892;True;5892.00;9.19;5912;4.24;5892;7.00;5059;True;5059.00;63.57;5073;11.63;5059;41.56;4936;True;4936.00;63.77;4940;5.33;4936;58.81
75;50;32;5081;False;5061.66;TL;5082;3.45;5091;120.00;7312;True;7312.00;19.13;7330;6.52;7312;6.49;6165;True;6165.00;96.26;6165;1.73;6165;85.89;5688;True;5688.00;93.72;5718;12.37;5688;93.37;4837;True;4837.00;152.78;4850;16.39;4837;120.00;4736;True;4736.00;41.38;4751;12.02;4736;76.97
75;50;33;5164;True;5164.00;318.52;5167;2.99;5164;120.00;7502;True;7502.00;48.42;7511;13.16;7502;39.08;6240;True;6240.00;99.44;6267;13.12;6283;120.00;5793;True;5793.00;546.19;5850;48.84;5806;120.00;5009;True;5009.00;96.70;5023;40.15;5014;120.00;4870;True;4870.00;1915.37;4895;8.11;4887;120.00
75;50;34;5164;True;5164.00;53.55;5169;3.92;5164;20.44;7709;True;7709.00;46.72;7719;7.03;7709;14.63;6319;True;6319.00;123.60;6347;25.53;6319;106.26;5859;True;5859.00;188.70;5884;31.13;5860;120.00;5005;True;5005.00;119.35;5011;12.63;5005;72.35;4894;True;4894.00;169.01;4908;13.44;4894;89.94
75;50;35;5071;True;5071.00;12.86;5092;6.08;5071;120.00;7321;True;7321.00;15.42;7346;8.66;7321;14.02;6044;True;6044.00;120.84;6104;118.76;6072;120.00;5622;True;5622.00;2180.33;5667;12.93;5826;120.00;4804;True;4804.00;99.11;4829;10.14;4804;59.55;4678;True;4678.00;8.65;4713;11.72;4678;15.37
75;50;36;5070;True;5063.94;TL;5087;6.93;5082;120.00;7426;True;7426.00;85.29;7469;13.94;7426;63.65;5974;True;5974.00;1472.65;6002;43.30;6008;120.00;5615;True;5615.00;260.44;5636;7.52;5686;120.00;4898;True;4898.00;68.35;4911;21.10;4898;46.36;4749;True;4749.00;121.79;4757;52.59;4749;118.85
75;50;37;5343;False;5327.51;TL;5345;7.74;5348;120.00;7836;True;7836.00;40.96;7844;12.45;7836;18.97;6364;True;6364.00;229.52;6368;13.12;6364;53.95;5886;True;5886.00;113.47;5905;12.47;5886;36.94;5112;True;5112.00;56.45;5112;9.81;5112;53.41;4960;True;4960.00;465.73;4971;16.43;4961;120.00
75;50;38;5867;True;5867.00;0.29;5867;0.32;5867;0.34;8773;True;8773.00;80.53;8781;6.20;8773;30.24;6959;True;6959.00;3.68;6979;3.90;6959;1.56;6523;True;6523.00;70.69;6533;8.00;6523;34.35;5604;True;5604.00;11.74;5615;4.07;5604;4.18;5455;True;5455.00;22.43;5468;6.88;5455;10.27
75;50;39;5166;True;5166.00;782.12;5166;24.23;5166;120.00;7488;True;7488.00;152.21;7499;14.05;7488;103.72;6242;True;6242.00;99.17;6258;22.32;6242;91.56;5761;True;5761.00;316.16;5793;27.99;5762;120.00;5024;True;5024.00;253.52;5048;55.87;5048;120.00;4919;True;4919.00;374.98;4938;48.69;4943;120.00
75;60;0;5730;True;5730.00;400.62;5741;41.22;5730;120.00;8378;True;8378.00;3.46;8378;3.41;8378;5.63;6732;True;6732.00;82.76;6744;12.64;6732;54.95;6365;True;6365.00;354.53;6386;29.14;6365;120.00;5506;True;5506.00;220.02;5515;11.56;5513;120.00;5318;True;5318.00;302.59;5342;57.44;5318;120.00
75;60;1;6969;False;6967.41;TL;6974;9.11;6974;120.00;10176;True;10176.00;3391.47;10206;120.00;10198;120.00;8077;True;8077.00;317.06;8116;63.22;8087;120.00;7598;True;7598.00;593.50;7626;16.12;7639;120.00;6633;True;6633.00;190.61;6633;74.36;6633;120.00;6445;True;6445.00;127.97;6459;15.67;6445;89.69
75;60;2;6197;True;6197.00;616.90;6205;26.40;6197;120.00;9089;True;9089.00;342.20;9089;70.69;9095;120.00;7382;True;7382.00;355.26;7388;20.52;7382;120.00;6860;True;6860.00;495.65;6889;113.28;6884;120.00;5928;True;5928.00;36.08;5936;25.56;5928;36.91;5793;True;5793.00;3197.89;5825;61.43;5862;120.00
75;60;3;6239;True;6239.00;308.37;6239;3.05;6246;120.00;9143;True;9143.00;284.78;9143;60.19;9143;120.00;7469;True;7469.00;388.70;7496;106.04;7484;120.00;6970;True;6970.00;720.20;7004;119.27;6984;120.00;5967;True;5967.00;332.55;5973;31.80;5971;120.00;5837;True;5837.00;1078.78;5843;65.60;5839;120.00
75;60;4;5771;False;5766.11;TL;5785;6.79;5771;120.00;8582;True;8582.00;245.35;8617;38.02;8595;120.00;7088;True;7088.00;24.85;7123;45.46;7088;12.24;6486;True;6486.00;56.02;6494;14.92;6486;37.04;5575;True;5575.00;291.59;5576;9.38;5576;120.00;5492;True;5492.00;350.01;5496;16.53;5494;120.00
75;60;5;5728;True;5728.00;38.39;5747;14.95;5736;120.00;8652;True;8652.00;4.83;8679;2.40;8652;4.11;6986;True;6986.00;77.79;7032;82.14;6986;77.82;6512;True;6512.00;412.39;6538;88.90;6518;120.00;5521;True;5521.00;37.60;5525;29.19;5521;30.78;5437;True;5437.00;39.23;5452;29.23;5437;31.51
75;60;6;5763;True;5763.00;19.42;5783;22.23;5763;21.39;8612;True;8612.00;39.60;8612;4.53;8612;18.12;7025;True;7025.00;20.59;7041;7.64;7025;10.54;6499;True;6499.00;249.31;6524;22.98;6502;120.00;5551;True;5551.00;50.33;5557;37.75;5551;33.77;5453;True;5453.00;94.57;5461;55.55;5462;120.00
75;60;7;6256;False;6236.81;TL;6260;56.18;6265;120.00;9102;True;9102.00;48.47;9131;27.58;9102;31.56;7620;True;7620.00;735.96;7639;77.79;7630;120.00;7065;True;7065.00;1333.98;7130;120.00;7082;120.00;5983;True;5983.00;63.76;5983;10.79;5983;25.34;5897;True;5897.00;460.28;5906;80.05;5900;120.00
75;60;8;6263;True;6263.00;28.15;6265;7.61;6263;120.00;9373;True;9373.00;38.50;9388;6.44;9373;12.18;7441;True;7441.00;57.55;7490;15.54;7441;44.97;6982;True;6982.00;21.76;6995;5.84;6982;28.68;5984;True;5984.00;9.82;5984;7.09;5984;5.53;5885;True;5885.00;166.64;5895;12.50;5885;62.91
75;60;9;6238;False;6229.38;TL;6238;10.57;6252;120.00;9246;True;9246.00;248.57;9286;120.00;9252;120.00;7546;True;7546.00;419.81;7557;36.49;7546;120.00;6892;True;6892.00;36.25;6894;18.13;6892;20.77;6017;True;6017.00;613.68;6021;44.12;6022;120.00;5828;True;5828.00;245.06;5833;25.59;5828;120.00
75;60;10;6617;True;6610.98;TL;6619;3.58;6668;120.00;9745;True;9745.00;685.61;9772;16.15;9784;120.00;7845;True;7845.00;421.32;7887;45.79;7849;120.00;7393;True;7390.54;TL;7413;26.44;7445;120.00;6384;True;6384.00;123.25;6398;43.99;6384;120.00;6223;True;6223.00;100.62;6243;9.84;6225;120.00
75;60;11;6180;False;6124.57;TL;6180;15.96;6329;120.00;9067;True;9067.00;420.51;9151;39.32;9276;120.00;7205;False;7196.39;TL;7256;35.73;7315;120.00;6766;False;6708.14;TL;6797;28.39;6813;120.00;5774;True;5774.00;548.57;5801;11.22;5778;120.00;5663;True;5663.00;240.46;5700;78.91;5779;120.00
75;60;12;7037;False;7027.74;TL;7040;3.39;7037;120.00;10219;True;10219.00;118.72;10223;11.22;10219;34.84;8539;True;8539.00;161.36;8539;7.81;8543;120.00;7836;True;7836.00;59.61;7845;15.58;7836;30.56;6680;True;6680.00;103.35;6680;5.94;6680;40.62;6538;True;6538.00;333.04;6539;10.55;6538;120.00
75;60;13;6741;True;6741.00;1207.80;6741;2.11;6741;120.00;10152;True;10152.00;256.02;10168;16.10;10152;120.00;8240;True;8240.00;31.25;8271;25.75;8240;10.34;7649;True;7649.00;366.52;7673;16.37;7657;120.00;6553;True;6553.00;135.83;6565;9.93;6562;120.00;6447;True;6447.00;88.73;6447;13.30;6447;44.63
75;60;14;6231;True;6228.78;TL;6241;39.27;6243;120.00;9073;True;9073.00;818.05;9117;44.92;9103;120.00;7332;True;7332.00;1071.20;7337;56.63;7341;120.00;6862;True;6862.00;719.37;6862;63.16;6862;120.00;5952;True;5952.00;1801.82;5970;120.00;5952;120.00;5770;True;5770.00;330.27;5773;29.59;5771;120.00
75;60;15;6168;False;6161.39;TL;6171;8.59;6168;120.00;9052;True;9052.00;47.09;9093;23.89;9052;57.49;7405;True;7405.00;841.30;7474;107.37;7427;120.00;6867;True;6867.00;461.34;6895;77.75;6938;120.00;5900;True;5900.00;98.01;5920;15.06;5900;120.00;5741;True;5741.00;243.68;5749;24.15;5744;120.00
75;60;16;5657;False;5648.86;TL;5657;36.64;5657;120.00;8296;True;8296.00;559.41;8354;120.00;8329;120.00;6808;True;6808.00;1051.13;6828;70.94;6858;120.00;6301;True;6301.00;288.33;6304;21.85;6302;120.00;5436;True;5436.00;735.76;5450;76.76;5450;120.00;5282;True;5282.00;364.10;5286;36.77;5282;120.00
75;60;17;6716;False;6687.79;TL;6716;8.19;6725;120.00;10005;True;10005.00;88.81;10039;39.51;10005;40.72;7991;True;7991.00;28.63;8017;7.61;7991;35.25;7486;True;7486.00;392.87;7497;20.29;7507;120.00;6465;True;6465.00;584.57;6473;17.20;6468;120.00;6326;True;6326.00;386.13;6338;36.90;6346;120.00
75;60;18;6154;True;6154.00;722.85;6156;7.31;6154;120.00;8869;True;8869.00;116.57;8896;11.77;8869;84.01;7426;True;7426.00;692.24;7444;28.90;7573;120.00;6853;True;6853.00;3054.92;6878;47.91;6870;120.00;5873;False;5869.59;TL;5879;24.72;6039;120.00;5777;True;5777.00;3003.93;5781;76.49;5790;120.00
75;60;19;6259;True;6252.71;TL;6262;6.94;6262;120.00;9429;True;9429.00;185.32;9440;41.99;9429;65.89;7571;True;7571.00;401.79;7591;42.71;7571;120.00;7042;True;7042.00;233.68;7073;114.71;7046;120.00;6007;True;6007.00;34.40;6032;31.38;6007;15.28;5934;True;5934.00;402.95;5951;63.24;5934;120.00
75;60;20;6379;True;6379.00;9.04;6396;8.76;6379;7.67;9427;True;9427.00;131.35;9439;17.89;9427;120.00;7736;True;7736.00;64.77;7765;36.66;7736;69.33;7124;True;7124.00;203.25;7139;21.43;7125;120.00;6157;True;6157.00;17.45;6173;10.49;6157;12.45;5987;True;5987.00;61.67;5988;3.06;5987;28.27
75;60;21;5776;True;5776.00;8.14;5778;4.28;5776;5.87;8622;True;8622.00;222.02;8637;36.07;8627;120.00;7097;True;7097.00;83.45;7126;14.04;7097;88.08;6577;True;6577.00;150.69;6595;38.42;6586;120.00;5574;True;5574.00;58.01;5594;36.90;5574;57.87;5455;True;5455.00;40.95;5485;22.12;5455;68.54
75;60;22;6237;False;6225.17;TL;6246;18.63;6239;120.00;9153;True;9153.00;63.72;9208;17.35;9153;45.40;7457;True;7457.00;2010.91;7479;76.79;7463;120.00;6912;True;6912.00;779.65;6923;39.67;6931;120.00;5967;True;5967.00;271.94;5980;13.70;5967;120.00;5859;True;5857.59;TL;5883;118.36;5877;120.00
75;60;23;6677;False;6659.20;TL;6677;12.12;6689;120.00;10102;True;10102.00;841.47;10120;38.17;10102;120.00;8077;True;8077.00;185.34;8098;16.59;8138;120.00;7482;True;7482.00;403.78;7511;72.37;7526;120.00;6443;True;6443.00;179.42;6451;17.16;6443;120.00;6307;True;6307.00;111.88;6313;32.21;6307;89.99
75;60;24;5602;False;5580.26;TL;5604;120.00;5666;120.00;8449;True;8449.00;1591.38;8549;120.00;8465;120.00;6724;True;6724.00;2248.15;6801;116.65;6762;120.00;6263;True;6263.00;1692.80;6335;120.00;6308;120.00;5355;True;5355.00;570.25;5428;120.00;5355;120.00;5262;True;5262.00;1381.79;5284;87.30;5271;120.00
75;60;25;5143;False;5129.50;TL;5145;29.31;5151;120.00;7701;True;7701.00;77.93;7709;13.60;7701;53.85;6267;True;6267.00;214.09;6293;23.18;6267;120.00;5810;True;5810.00;326.78;5833;54.64;5823;120.00;5009;True;5009.00;152.82;5039;51.05;5009;61.05;4931;True;4931.00;3558.57;4986;120.00;5197;120.00
75;60;26;6292;True;6288.00;TL;6292;4.33;6292;120.00;9515;True;9515.00;100.41;9534;8.80;9515;33.74;7582;True;7582.00;114.15;7591;13.64;7582;41.89;7097;True;7097.00;250.62;7116;51.96;7097;120.00;6119;True;6119.00;816.93;6119;7.46;6119;120.00;5909;True;5909.00;145.67;5921;13.38;5909;64.19
75;60;27;6319;True;6319.00;268.46;6326;4.85;6319;120.00;9398;True;9398.00;25.64;9425;11.46;9398;24.19;7915;True;7915.00;46.91;7943;10.98;7915;33.07;7286;True;7286.00;31.87;7309;12.20;7286;18.89;6161;True;6161.00;78.63;6161;3.24;6161;91.35;6039;True;6039.00;58.72;6039;3.06;6039;60.56
75;60;28;5627;False;5611.96;TL;5627;118.21;5631;120.00;8359;True;8359.00;154.70;8396;22.91;8359;120.00;6892;True;6892.00;368.08;6911;17.69;6892;120.00;6299;True;6299.00;20.90;6306;18.40;6299;20.77;5468;True;5468.00;683.66;5470;31.25;5478;120.00;5348;True;5348.00;456.96;5371;86.54;5348;120.00
75;60;29;6863;True;6863.00;8.18;6863;24.09;6863;1.13;9996;True;9996.00;8.91;9996;4.17;9996;5.97;8193;True;8193.00;85.61;8224;26.12;8193;85.19;7598;True;7598.00;212.67;7598;10.58;7598;120.00;6543;True;6543.00;30.68;6551;4.76;6543;15.63;6410;True;6410.00;58.74;6424;16.98;6410;28.96
75;60;30;6094;False;6063.07;TL;6094;8.56;6114;120.00;8823;True;8823.00;17.31;8864;15.26;8823;10.15;7388;True;7388.00;899.93;7394;6.92;7433;120.00;6830;True;6830.00;2146.05;6852;62.08;6866;120.00;5840;True;5840.00;214.95;5854;11.62;5847;120.00;5697;True;5697.00;123.00;5724;96.14;5697;120.00
75;60;31;6244;False;6240.56;TL;6247;6.54;6247;120.00;9061;True;9061.00;742.11;9066;12.62;9066;120.00;7354;True;7354.00;387.19;7371;33.98;7354;120.00;6939;True;6939.00;411.61;6966;120.00;6956;120.00;5969;True;5969.00;61.18;5986;31.94;5969;44.21;5894;True;5894.00;638.69;5925;120.00;5894;120.00
75;60;32;6242;True;6242.00;2765.28;6248;23.59;6242;120.00;9284;True;9284.00;40.16;9302;7.93;9284;13.51;7465;True;7465.00;120.27;7470;14.02;7465;73.77;6935;True;6935.00;114.98;6956;35.83;6935;120.00;5989;True;5989.00;197.89;5991;12.00;5989;97.36;5869;True;5869.00;406.09;5873;14.99;5876;120.00
75;60;33;6730;False;6721.99;TL;6730;4.86;6730;120.00;9828;True;9828.00;107.79;9839;6.39;9828;45.39;8246;True;8246.00;350.20;8266;63.67;8246;120.00;7604;True;7604.00;147.58;7616;11.89;7604;107.92;6485;True;6485.00;46.45;6508;40.55;6485;14.52;6330;True;6330.00;555.61;6351;35.52;6344;120.00
75;60;34;6831;False;6814.76;TL;6844;10.75;6856;120.00;9985;True;9985.00;321.97;10010;43.21;10000;120.00;8262;True;8262.00;3303.38;8306;108.69;8300;120.00;7573;True;7573.00;44.06;7594;21.11;7573;44.33;6475;True;6475.00;196.89;6492;13.55;6480;120.00;6361;True;6361.00;797.13;6374;69.64;6371;120.00
75;60;35;6682;False;6645.73;TL;6682;12.70;6710;120.00;9586;True;9586.00;513.34;9637;15.19;9716;120.00;8273;True;8273.00;198.36;8285;8.54;8322;120.00;7552;True;7552.00;1765.21;7617;13.78;7664;120.00;6452;False;6410.18;TL;6461;25.04;6587;120.00;6344;False;6303.65;TL;6344;83.25;6421;120.00
75;60;36;6341;True;6341.00;463.55;6341;3.00;6341;120.00;9401;True;9401.00;126.47;9427;26.80;9408;120.00;7678;True;7678.00;46.26;7699;5.38;7678;43.72;7147;True;7147.00;80.66;7172;21.93;7147;101.82;6067;True;6067.00;71.76;6067;5.88;6067;21.07;5965;True;5965.00;241.68;5976;16.23;5965;86.87
75;60;37;6290;False;6273.41;TL;6298;7.75;6298;120.00;9295;True;9295.00;79.89;9331;32.56;9295;28.03;7521;True;7521.00;19.54;7544;10.29;7521;22.59;6998;True;6998.00;233.03;7017;25.47;6998;120.00;6043;True;6043.00;336.00;6063;12.26;6053;120.00;5900;True;5900.00;1037.47;5907;15.80;5906;120.00
75;60;38;6267;False;6234.16;TL;6280;35.81;6290;120.00;9075;True;9075.00;476.11;9109;55.53;9096;120.00;7437;True;7437.00;175.97;7463;31.98;7445;120.00;6940;True;6940.00;484.75;6968;78.04;6949;120.00;5987;True;5987.00;24.68;5987;18.82;5987;24.05;5852;True;5852.00;150.95;5880;57.44;5852;83.48
75;60;39;6229;False;6205.86;TL;6229;30.71;6245;120.00;8889;True;8889.00;581.34;8904;81.61;8904;120.00;7486;True;7486.00;386.01;7556;62.79;7515;120.00;6935;True;6935.00;1062.09;6999;33.34;6963;120.00;5930;True;5930.00;83.12;5939;45.45;5930;62.89;5829;True;5829.00;544.14;5851;96.93;5831;120.00
75;70;0;7185;False;7169.03;TL;7193;18.24;7185;120.00;10370;True;10370.00;536.07;10399;71.98;10377;120.00;8621;True;8621.00;1627.49;8659;96.75;8674;120.00;7978;True;7978.00;1048.28;7978;75.90;7999;120.00;6817;True;6817.00;288.16;6837;74.25;6834;120.00;6685;True;6685.00;714.36;6790;120.00;6709;120.00
75;70;1;7128;True;7124.27;TL;7167;117.59;7142;120.00;10593;False;10558.90;TL;10715;117.16;10661;120.00;8636;True;8636.00;2954.24;8741;120.00;8659;120.00;8043;True;8043.00;429.15;8129;120.00;8043;120.00;6971;False;6934.06;TL;6997;119.45;7010;120.00;6719;True;6719.00;2119.30;6737;74.64;6734;120.00
75;70;2;6706;True;6706.00;784.24;6710;16.54;6706;120.00;10132;True;10132.00;435.38;10150;21.40;10146;120.00;8220;True;8220.00;157.06;8221;11.31;8222;120.00;7656;True;7656.00;69.44;7695;120.00;7656;87.91;6508;True;6508.00;81.25;6531;84.42;6508;40.63;6417;True;6417.00;179.05;6502;120.00;6417;120.00
75;70;3;7300;False;7290.35;TL;7301;48.55;7300;120.00;10598;True;10598.00;637.01;10614;99.37;10598;120.00;8747;True;8747.00;338.27;8859;120.00;8758;120.00;8117;True;8117.00;598.73;8263;120.00;8153;120.00;6974;True;6974.00;1612.05;7008;120.00;6992;120.00;6836;False;6830.29;TL;6845;56.16;6879;120.00
75;70;4;7105;False;7100.64;TL;7105;19.52;7168;120.00;10728;True;10728.00;1235.99;10886;117.12;10744;120.00;8285;True;8285.00;2893.07;8309;84.24;8339;120.00;7802;True;7802.00;513.40;7867;120.00;7852;120.00;6889;False;6872.32;TL;6889;91.59;6951;120.00;6684;False;6675.92;TL;6753;120.00;6796;120.00
75;70;5;7140;False;7131.86;TL;7140;32.46;7151;120.00;10442;True;10442.00;861.77;10442;28.03;10542;120.00;8492;False;8480.67;TL;8576;120.00;8591;120.00;7966;False;7934.56;TL;8022;120.00;8048;120.00;6875;True;6873.94;TL;6949;120.00;6993;120.00;6700;True;6700.00;176.20;6700;71.86;6735;120.00
75;70;6;7752;False;7715.53;TL;7752;19.75;7849;120.00;11437;True;11437.00;512.87;11475;101.27;11449;120.00;9290;True;9290.00;127.35;9355;93.17;9396;120.00;8732;False;8712.45;TL;8801;120.00;8803;120.00;7441;False;7410.88;TL;7443;67.40;7623;120.00;7269;True;7269.00;691.31;7291;33.72;7489;120.00
75;70;7;6740;False;6730.81;TL;6740;17.72;6743;120.00;10123;True;10123.00;99.81;10132;27.60;10123;105.31;8106;True;8106.00;257.96;8132;76.46;8108;120.00;7521;True;7521.00;77.75;7542;43.81;7521;106.60;6482;True;6482.00;641.89;6484;43.85;6485;120.00;6376;True;6376.00;487.73;6410;120.00;6381;120.00
75;70;8;6652;False;6650.25;TL;6681;116.74;6652;120.00;9872;True;9872.00;1803.64;9920;117.30;9907;120.00;7869;True;7869.00;349.11;7894;80.15;7889;120.00;7414;True;7414.00;1479.88;7416;76.96;7422;120.00;6375;True;6375.00;650.65;6385;98.90;6375;120.00;6200;True;6200.00;625.29;6214;39.70;6200;120.00
75;70;9;7582;False;7565.05;TL;7586;14.57;7582;120.00;11267;False;11240.00;TL;11272;19.31;11368;120.00;9211;True;9211.00;92.45;9238;36.39;9217;120.00;8492;True;8492.00;132.72;8512;31.56;8501;120.00;7281;True;7281.00;2291.99;7286;11.21;7307;120.00;7106;True;7106.00;279.17;7111;31.95;7106;120.00
75;70;10;7300;False;7296.72;TL;7301;23.62;7300;120.00;10808;True;10808.00;109.09;10808;19.94;10808;40.17;8929;True;8929.00;196.52;8945;15.57;8929;120.00;8273;True;8273.00;832.57;8282;42.57;8281;120.00;7032;True;7032.00;381.89;7045;88.22;7046;120.00;6883;True;6883.00;437.33;6901;53.36;6893;120.00
75;70;11;7342;False;7338.51;TL;7351;16.13;7342;120.00;10799;True;10799.00;10.85;10823;6.19;10799;9.29;9008;True;9008.00;469.54;9022;84.87;9012;120.00;8273;True;8273.00;111.79;8292;20.03;8278;120.00;7000;True;7000.00;150.70;7006;24.35;7003;120.00;6894;True;6894.00;29.43;6899;7.31;6894;15.53
75;70;12;7627;False;7609.68;TL;7633;14.29;7646;120.00;11034;True;11034.00;269.14;11066;58.74;11063;120.00;9322;True;9318.81;TL;9367;61.85;9444;120.00;8653;False;8609.36;TL;8700;119.48;8798;120.00;7300;True;7300.00;365.09;7322;72.89;7300;120.00;7143;True;7143.00;1840.73;7172;67.81;7355;120.00
75;70;13;7176;False;7150.32;TL;7176;20.69;7183;120.00;10622;False;10537.60;TL;10695;117.09;10622;120.00;8577;True;8577.00;620.14;8656;120.00;8606;120.00;7886;True;7886.00;263.37;7894;29.88;7886;120.00;6902;True;6902.00;786.35;6904;13.00;6979;120.00;6738;False;6727.43;TL;6817;120.00;6770;120.00
75;70;14;7742;False;7724.66;TL;7758;58.93;7748;120.00;11469;True;11469.00;3377.66;11519;117.12;11513;120.00;9241;False;9232.31;TL;9299;26.20;9244;120.00;8633;False;8627.76;TL;8705;45.14;8689;120.00;7427;True;7427.00;383.99;7427;61.23;7427;120.00;7222;True;7222.00;1325.01;7254;57.75;7356;120.00
75;70;15;7110;False;7081.24;TL;7112;42.23;7272;120.00;10330;True;10330.00;94.67;10360;73.53;10330;91.95;8561;True;8561.00;1916.26;8643;120.00;8603;120.00;7967;True;7967.00;941.22;8202;120.00;8131;120.00;6791;True;6791.00;422.35;6794;23.95;6802;120.00;6678;True;6678.00;269.96;6678;6.31;6678;120.00
75;70;16;7091;False;7073.03;TL;7091;12.83;7139;120.00;10711;True;10711.00;1730.24;10756;117.21;10711;120.00;8620;True;8620.00;1971.90;8680;120.00;8641;120.00;8022;True;8022.00;2360.17;8106;120.00;8063;120.00;6905;False;6902.19;TL;6914;112.57;7054;120.00;6781;False;6742.51;TL;6810;120.00;6783;120.00
75;70;17;7860;False;7849.13;TL;7863;3.11;7860;120.00;11500;True;11500.00;12.96;11520;6.19;11500;5.32;9477;True;9477.00;208.18;9493;15.20;9477;120.00;8791;True;8791.00;407.49;8795;9.30;8803;120.00;7581;True;7581.00;435.32;7587;22.74;7581;120.00;7374;True;7374.00;199.17;7385;17.43;7374;120.00
75;70;18;7868;False;7857.42;TL;7868;14.58;7868;120.00;11743;False;11732.20;TL;11807;117.57;11840;120.00;9335;True;9335.00;2149.16;9367;120.00;9365;120.00;8761;True;8761.00;231.26;8815;119.12;8777;120.00;7504;True;7504.00;342.10;7514;60.24;7543;120.00;7343;True;7343.00;821.71;7408;120.00;7362;120.00
75;70;19;7286;False;7273.48;TL;7286;37.69;7293;120.00;10629;True;10629.00;3079.33;10651;117.22;10668;120.00;8796;True;8796.00;1799.27;8844;120.00;8821;120.00;8086;True;8086.00;1173.39;8123;120.00;8139;120.00;6958;True;6958.00;1096.54;6970;74.80;6976;120.00;6851;False;6826.19;TL;6872;120.00;6860;120.00
75;70;20;7780;False;7760.22;TL;7784;12.27;7780;120.00;11446;True;11446.00;1019.23;11490;120.00;11464;120.00;9443;True;9443.00;270.67;9462;94.19;9472;120.00;8693;True;8693.00;2268.42;8718;91.79;8721;120.00;7454;True;7454.00;274.58;7465;44.89;7465;120.00;7318;True;7318.00;433.93;7323;70.51;7318;120.00
75;70;21;7209;True;7204.94;TL;7240;83.86;7209;120.00;10613;True;10613.00;1908.70;10678;117.23;10623;120.00;8708;False;8703.68;TL;8724;120.00;8729;120.00;8013;True;8013.00;841.11;8027;101.76;8025;120.00;6948;True;6948.00;1943.55;6954;79.60;6952;120.00;6814;True;6814.00;1815.89;6873;120.00;6847;120.00
75;70;22;7203;False;7193.46;TL;7206;16.88;7206;120.00;10420;True;10420.00;36.16;10432;11.36;10420;15.70;8815;True;8815.00;280.45;8849;104.89;8821;120.00;8254;True;8254.00;610.92;8274;57.84;8254;120.00;6982;True;6982.00;140.35;6988;43.51;6982;120.00;6826;True;6826.00;1443.38;6836;120.00;6838;120.00
75;70;23;6719;False;6681.88;TL;6719;49.35;6834;120.00;9794;True;9794.00;318.10;9974;117.77;9812;120.00;7907;True;7907.00;227.88;7920;113.81;7915;120.00;7377;True;7377.00;693.50;7444;120.00;7388;120.00;6448;True;6448.00;3171.39;6453;120.00;6484;120.00;6285;True;6285.00;1040.75;6351;120.00;6419;120.00
75;70;24;6866;False;6855.36;TL;6868;15.50;6871;120.00;10245;True;10245.00;1310.70;10265;106.69;10252;120.00;8113;True;8113.00;702.12;8265;120.00;8119;120.00;7517;True;7517.00;83.57;7558;97.99;7529;120.00;6523;True;6523.00;116.86;6546;25.57;6535;120.00;6356;True;6356.00;218.77;6366;120.00;6365;120.00
75;70;25;7287;False;7267.60;TL;7287;24.18;7339;120.00;10902;True;10902.00;28.13;11008;120.00;10902;14.52;8606;True;8606.00;224.01;8721;120.00;8629;120.00;8032;True;8032.00;2125.42;8142;119.41;8173;120.00;6974;False;6965.93;TL;6974;23.80;7193;120.00;6805;True;6805.00;1378.30;6951;120.00;7006;120.00
75;70;26;6723;True;6719.74;TL;6730;7.47;6723;120.00;9747;True;9747.00;901.00;9761;114.86;9751;120.00;8186;True;8186.00;130.41;8220;90.60;8198;120.00;7640;True;7640.00;201.69;7650;52.13;7640;120.00;6520;True;6520.00;679.36;6534;49.89;6535;120.00;6396;True;6396.00;2425.78;6438;120.00;6412;120.00
75;70;27;7069;True;7069.00;285.16;7069;9.12;7069;120.00;10478;True;10478.00;1406.53;10542;64.23;10478;120.00;8564;True;8564.00;697.11;8634;106.11;8632;120.00;7985;False;7942.62;TL;7991;119.47;7990;120.00;6857;True;6857.00;263.45;6881;120.00;6857;120.00;6699;True;6699.00;22.63;6699;37.56;6699;22.47
75;70;28;6816;False;6812.50;TL;6816;24.55;6817;120.00;10143;True;10143.00;156.46;10210;117.69;10143;104.30;8289;True;8289.00;604.28;8305;59.72;8301;120.00;7601;True;7601.00;2826.94;7637;120.00;7619;120.00;6551;True;6551.00;2285.10;6562;82.64;6559;120.00;6407;False;6392.02;TL;6435;120.00;6413;120.00
75;70;29;6183;True;6183.00;14.65;6190;3.32;6183;120.00;9464;True;9464.00;1021.45;9550;117.54;9466;120.00;7487;True;7487.00;702.41;7536;120.00;7501;120.00;7039;True;7039.00;691.13;7429;120.00;7080;120.00;5999;True;5999.00;61.98;5999;22.21;5999;29.58;5907;True;5907.00;507.68;6292;120.00;5916;120.00
75;70;30;7306;False;7297.46;TL;7309;20.52;7306;120.00;10786;True;10786.00;1013.73;10865;120.00;10818;120.00;8845;True;8845.00;1228.57;8855;26.04;8861;120.00;8155;True;8155.00;2171.59;8209;120.00;8171;120.00;6997;True;6997.00;2237.30;6998;62.96;6999;120.00;6830;True;6830.00;1094.17;6832;47.36;6875;120.00
75;70;31;6718;True;6717.29;TL;6733;62.32;6718;120.00;9824;True;9824.00;1070.88;9841;56.98;9828;120.00;8066;True;8066.00;1508.46;8107;120.00;8072;120.00;7484;True;7484.00;726.66;7517;120.00;7503;120.00;6481;False;6477.65;TL;6482;27.82;6487;120.00;6351;True;6351.00;2510.55;6376;120.00;6370;120.00
75;70;32;7358;False;7354.36;TL;7364;8.14;7358;120.00;10826;True;10826.00;624.82;10846;63.47;10826;120.00;8875;True;8875.00;110.24;8875;15.96;8875;41.41;8246;True;8246.00;925.71;8248;46.09;8266;120.00;7054;True;7054.00;2699.26;7061;47.95;7068;120.00;6917;True;6917.00;113.04;6921;16.24;6917;41.82
75;70;33;7298;False;7276.64;TL;7298;33.32;7298;120.00;10669;True;10669.00;1155.76;10679;36.23;10677;120.00;8806;False;8804.96;TL;8849;120.00;8820;120.00;8189;True;8189.00;463.33;8200;50.02;8190;120.00;7101;True;7101.00;927.46;7112;103.07;7121;120.00;6855;True;6855.00;670.32;6871;72.60;6869;120.00
75;70;34;7334;False;7322.88;TL;7334;7.26;7334;120.00;10934;True;10934.00;368.83;10968;109.31;10940;120.00;8843;True;8843.00;192.43;8869;67.44;8855;120.00;8259;True;8259.00;245.15;8278;12.12;8259;120.00;7153;True;7153.00;1554.35;7161;15.37;7160;120.00;6944;True;6944.00;181.09;6959;34.12;6951;120.00
75;70;35;6760;True;6760.00;6.86;6760;10.41;6760;2.88;10039;True;10039.00;91.68;10069;82.51;10039;120.00;8237;True;8237.00;93.69;8297;64.23;8237;108.95;7707;True;7707.00;291.59;7729;31.17;7710;120.00;6527;True;6527.00;40.59;6580;120.00;6527;89.77;6465;True;6465.00;1016.15;6510;120.00;6474;120.00
75;70;36;7181;False;7154.80;TL;7190;116.75;7215;120.00;10715;True;10715.00;3212.89;10856;117.54;10804;120.00;8814;True;8814.00;1056.88;8963;120.00;8841;120.00;8123;True;8123.00;719.76;8222;120.00;8185;120.00;6938;True;6938.00;1957.40;7018;119.45;7063;120.00;6787;True;6787.00;306.47;6823;120.00;6793;120.00
75;70;37;6701;False;6681.52;TL;6701;33.50;6714;120.00;10034;True;10034.00;1619.64;10050;68.82;10042;120.00;8084;True;8084.00;931.18;8119;120.00;8087;120.00;7575;True;7575.00;1225.99;7604;104.29;7579;120.00;6443;True;6443.00;2576.00;6451;39.15;6458;120.00;6320;True;6320.00;1629.88;6397;120.00;6328;120.00
75;70;38;7209;False;7188.34;TL;7209;58.23;7263;120.00;10775;True;10775.00;539.41;10855;117.68;10804;120.00;8653;True;8653.00;487.75;8692;120.00;8659;120.00;8057;True;8057.00;1152.36;8118;120.00;8109;120.00;7052;False;7008.53;TL;7093;119.16;7097;120.00;6841;False;6828.30;TL;6882;120.00;6852;120.00
75;70;39;6764;False;6757.20;TL;6764;15.54;6766;120.00;10060;True;10060.00;3287.05;10079;93.79;10083;120.00;8152;True;8152.00;477.89;8187;120.00;8166;120.00;7565;True;7565.00;2050.42;7587;72.43;7580;120.00;6556;True;6556.00;633.98;6556;34.34;6556;120.00;6425;True;6425.00;2112.90;6428;53.14;6425;120.00
75;80;0;8259;True;8259.00;37.20;8275;20.57;8259;120.00;12403;True;12403.00;292.08;12426;29.12;12408;120.00;9838;True;9838.00;255.15;9854;26.41;9848;120.00;9259;True;9259.00;1116.77;9269;47.01;9280;120.00;7935;True;7935.00;36.04;7935;16.69;7935;27.84;7778;True;7778.00;1077.23;7793;113.11;7820;120.00
75;80;1;8233;False;8225.47;TL;8234;22.37;8251;120.00;12107;False;12103.60;TL;12205;120.00;12122;120.00;9892;True;9892.00;1856.44;9932;111.22;9928;120.00;9224;True;9224.00;1726.44;9273;120.00;9249;120.00;7880;True;7880.00;1110.71;7885;40.04;7953;120.00;7721;False;7683.72;TL;7737;120.00;7767;120.00
75;80;2;7656;False;7617.07;TL;7656;31.12;7684;120.00;11182;False;11133.40;TL;11211;120.00;11227;120.00;9255;False;9212.46;TL;9369;111.88;9269;120.00;8616;False;8594.85;TL;8697;120.00;8617;120.00;7360;True;7358.99;TL;7395;47.20;7432;120.00;7245;False;7219.22;TL;7245;120.00;7247;120.00
75;80;3;8953;False;8949.00;TL;8953;5.38;8953;120.00;13316;True;13316.00;279.66;13326;69.48;13342;120.00;10993;True;10993.00;247.96;11010;58.34;11007;120.00;10073;True;10073.00;417.96;10088;28.29;10091;120.00;8663;True;8663.00;18.82;8679;12.28;8663;13.24;8454;True;8454.00;177.92;8461;28.06;8460;120.00
75;80;4;7736;False;7728.92;TL;7739;73.82;7751;120.00;11733;True;11733.00;107.45;12351;120.00;11733;120.00;9521;True;9521.00;172.48;9735;111.41;9536;120.00;8795;True;8795.00;178.18;8805;65.24;8815;120.00;7529;True;7529.00;891.34;7529;38.50;7529;120.00;7381;True;7381.00;2267.51;7789;120.00;7389;120.00
75;80;5;8314;False;8310.74;TL;8325;90.13;8317;120.00;12237;True;12237.00;265.42;12282;47.63;12268;120.00;10139;True;10139.00;1428.87;10160;113.09;10147;120.00;9434;True;9434.00;878.28;9458;101.19;9465;120.00;7994;False;7991.23;TL;8003;79.50;7999;120.00;7845;False;7838.50;TL;7852;105.09;7854;120.00
75;80;6;7523;False;7508.86;TL;7523;43.15;7554;120.00;11339;True;11339.00;3291.98;11475;120.00;11358;120.00;9240;True;9240.00;611.12;9323;111.64;9246;120.00;8654;False;8616.26;TL;8731;120.00;8744;120.00;7296;True;7296.00;205.14;7384;120.00;7310;120.00;7151;True;7151.00;1201.48;7234;120.00;7190;120.00
75;80;7;7686;True;7686.00;1574.78;7686;35.98;7686;120.00;11357;True;11357.00;2483.86;11428;120.00;11405;120.00;9266;True;9266.00;3251.16;9279;93.26;9273;120.00;8607;True;8607.00;1261.18;8669;120.00;8634;120.00;7414;True;7414.00;374.92;7473;120.00;7414;120.00;7300;False;7273.35;TL;7324;120.00;7326;120.00
75;80;8;8203;False;8196.29;TL;8224;40.26;8203;120.00;12121;False;12110.20;TL;12141;51.73;12121;120.00;10023;True;10023.00;1367.41;10061;111.31;10053;120.00;9323;False;9321.73;TL;9352;120.00;9342;120.00;7902;True;7902.00;2338.03;7919;68.88;7921;120.00;7810;False;7806.90;TL;7824;120.00;7817;120.00
75;80;9;8172;False;8126.76;TL;8172;33.57;8311;120.00;11858;True;11858.00;942.90;11863;81.47;11858;120.00;9788;False;9741.71;TL;9910;112.79;9891;120.00;9132;False;9043.30;TL;9259;120.00;9362;120.00;7771;True;7771.00;201.75;7778;19.10;7778;120.00;7622;False;7589.42;TL;7807;120.00;7747;120.00
75;80;10;9308;False;9291.00;TL;9310;17.70;9312;120.00;13756;True;13756.00;958.59;13862;120.00;13852;120.00;11117;True;11117.00;836.74;11130;49.04;11122;120.00;10329;True;10329.00;1435.35;10357;84.11;10369;120.00;8929;False;8926.14;TL;8953;120.00;8979;120.00;8693;True;8693.00;2557.63;8728;120.00;8744;120.00
75;80;11;8272;False;8245.86;TL;8272;111.17;8290;120.00;12035;True;12035.00;265.04;12096;120.00;12046;120.00;9901;True;9901.00;1468.26;9938;111.80;9920;120.00;9234;True;9234.00;2365.11;9271;120.00;9252;120.00;7917;True;7917.00;1053.96;7941;120.00;7917;120.00;7722;False;7707.65;TL;7756;120.00;7770;120.00
75;80;12;7751;False;7736.57;TL;7751;89.08;7751;120.00;11662;True;11662.00;3027.60;11756;120.00;11678;120.00;8966;True;8966.00;492.56;8980;53.18;8985;120.00;8554;False;8527.94;TL;8573;120.00;8575;120.00;7410;True;7410.00;774.60;7432;120.00;7423;120.00;7215;False;7202.17;TL;7238;120.00;7218;120.00
75;80;13;8226;False;8223.54;TL;8226;17.72;8232;120.00;12176;True;12176.00;1094.97;12203;86.42;12193;120.00;9929;True;9929.00;322.07;9946;69.54;9932;120.00;9187;True;9187.00;3105.73;9236;120.00;9193;120.00;7972;True;7972.00;2104.48;7981;71.58;7988;120.00;7818;True;7816.67;TL;7856;120.00;7820;120.00
75;80;14;7764;False;7762.36;TL;7770;14.24;7764;120.00;11426;True;11426.00;1447.91;11605;120.00;11426;120.00;9491;True;9491.00;196.54;9506;27.90;9502;120.00;8794;True;8794.00;50.98;9281;120.00;8794;110.39;7477;True;7477.00;1481.69;7919;120.00;7492;120.00;7337;True;7337.00;714.82;7772;120.00;7365;120.00
75;80;15;8379;False;8372.00;TL;8385;27.78;8379;120.00;12363;True;12363.00;704.02;12464;120.00;12400;120.00;9963;True;9963.00;121.08;9988;35.46;9963;58.96;9289;True;9289.00;172.03;9321;82.99;9289;110.91;8021;True;8021.00;846.23;8023;29.74;8024;120.00;7818;True;7818.00;1396.05;7873;120.00;7818;120.00
75;80;16;7827;False;7809.75;TL;7851;120.00;7839;120.00;11586;True;11586.00;847.86;11701;120.00;11587;120.00;9417;True;9417.00;627.67;9433;63.63;9444;120.00;8660;True;8660.00;128.79;8779;120.00;8660;113.97;7556;True;7556.00;985.21;7605;120.00;7578;120.00;7330;True;7330.00;120.34;7363;120.00;7330;120.00
75;80;17;8158;False;8142.02;TL;8168;41.50;8268;120.00;12236;False;12164.80;TL;12259;120.00;12341;120.00;9878;True;9878.00;852.05;9944;112.71;9886;120.00;9243;True;9243.00;1246.08;9276;97.92;9271;120.00;7877;True;7877.00;1980.66;7909;120.00;7996;120.00;7752;False;7719.11;TL;7849;120.00;7782;120.00
75;80;18;7610;True;7610.00;981.12;7621;104.08;7610;120.00;11501;True;11501.00;39.63;11526;17.71;11501;22.21;9306;True;9306.00;184.92;9426;110.92;9306;120.00;8712;True;8712.00;437.25;8762;120.00;8717;120.00;7415;True;7415.00;193.67;7424;99.21;7424;120.00;7276;True;7276.00;874.66;7390;120.00;7299;120.00
75;80;19;8833;False;8812.21;TL;8833;54.36;8847;120.00;12932;True;12932.00;1702.81;13005;120.00;12982;120.00;10672;False;10671.00;TL;10735;111.49;10692;120.00;9901;True;9901.00;2805.88;9929;120.00;9921;120.00;8498;True;8498.00;596.25;8504;93.18;8543;120.00;8372;False;8363.75;TL;8432;120.00;8372;120.00
75;80;20;8393;False;8385.50;TL;8393;20.47;8393;120.00;12410;True;12410.00;401.98;12453;120.00;12417;120.00;9987;True;9987.00;84.68;10008;17.65;9987;92.79;9341;True;9341.00;91.46;9358;19.01;9341;120.00;8092;True;8092.00;225.95;8100;69.34;8092;120.00;7922;True;7922.00;2188.88;7957;120.00;7925;120.00
75;80;21;8131;False;8042.75;TL;8131;39.70;8206;120.00;11915;True;11915.00;188.50;11946;50.67;11923;120.00;9742;False;9686.66;TL;9902;113.09;9915;120.00;9004;False;8993.21;TL;9004;37.17;9195;120.00;7675;True;7675.00;194.67;7698;37.93;7675;120.00;7564;True;7564.00;1349.66;7777;120.00;7625;120.00
75;80;22;7690;True;7690.00;552.65;7696;120.00;7696;120.00;11060;True;11060.00;545.79;11113;120.00;11060;111.73;9167;True;9167.00;214.17;9305;113.40;9187;120.00;8549;True;8549.00;145.26;8561;63.88;8549;95.79;7332;True;7332.00;313.56;7354;120.00;7345;120.00;7213;True;7213.00;2250.91;7226;108.12;7242;120.00
75;80;23;7798;False;7793.19;TL;7802;17.07;7800;120.00;11465;True;11465.00;566.06;11503;120.00;11494;120.00;9404;True;9404.00;566.95;9777;111.99;9415;120.00;8697;True;8697.00;2620.51;8800;120.00;8715;120.00;7463;True;7463.00;2522.21;7475;107.45;7476;120.00;7331;True;7331.00;1686.36;7373;120.00;7341;120.00
75;80;24;8866;False;8846.72;TL;8866;44.52;8927;120.00;13087;False;13066.50;TL;13141;120.00;13094;120.00;10625;False;10613.60;TL;10678;111.26;10661;120.00;9897;False;9876.75;TL;9943;120.00;9948;120.00;8458;True;8458.00;1638.85;8552;120.00;8523;120.00;8294;True;8294.00;3580.86;8363;119.41;8397;120.00
75;80;25;8254;False;8249.36;TL;8254;43.54;8254;120.00;12180;False;12145.40;TL;12218;120.00;12213;120.00;10074;True;10074.00;507.76;10111;113.44;10100;120.00;9248;True;9248.00;3580.13;9315;120.00;9314;120.00;8018;False;8008.00;TL;8018;80.15;8042;120.00;7859;True;7859.00;2316.41;7909;120.00;7870;120.00
75;80;26;7677;False;7675.05;TL;7684;51.72;7677;120.00;11507;True;11507.00;431.42;12112;120.00;11512;120.00;9465;True;9465.00;140.82;9900;112.13;9465;120.00;8787;True;8787.00;224.26;8965;120.00;8825;120.00;7410;True;7410.00;80.84;7417;28.85;7410;56.12;7294;True;7294.00;62.45;7305;18.79;7298;120.00
75;80;27;8240;False;8217.97;TL;8240;36.04;8269;120.00;12047;True;12047.00;1903.77;12167;120.00;12220;120.00;9836;False;9820.68;TL;9858;89.96;9852;120.00;9139;False;9122.31;TL;9156;117.43;9150;120.00;7852;True;7852.00;1003.41;7941;120.00;7861;120.00;7702;True;7702.00;571.16;7831;120.00;7742;120.00
75;80;28;7773;False;7767.42;TL;7793;120.00;7797;120.00;11482;False;11437.90;TL;11526;119.40;11484;120.00;9366;True;9366.00;410.87;9370;65.79;9366;120.00;8635;True;8635.00;208.11;8653;69.22;8651;120.00;7457;True;7457.00;1730.35;7475;93.70;7470;120.00;7347;True;7347.00;2171.81;7385;120.00;7356;120.00
75;80;29;8852;True;8852.00;426.12;8852;13.10;8852;120.00;13033;True;13033.00;646.46;13053;56.31;13041;120.00;10786;True;10786.00;712.60;10838;113.07;10799;120.00;10002;True;10002.00;811.92;10012;47.34;10008;120.00;8503;True;8503.00;619.62;8518;104.71;8511;120.00;8338;True;8338.00;1101.48;8345;34.49;8346;120.00
75;80;30;8743;False;8670.09;TL;8743;46.04;8981;120.00;12602;False;12573.20;TL;12850;120.00;12611;120.00;10476;True;10474.30;TL;10542;111.21;10532;120.00;9784;False;9727.44;TL;9803;66.90;9882;120.00;8279;False;8275.79;TL;8427;120.00;8442;120.00;8171;False;8131.36;TL;8197;120.00;8522;120.00
75;80;31;7758;True;7758.00;197.68;7762;88.92;7776;120.00;11464;False;11426.90;TL;11570;120.00;11464;120.00;9270;True;9270.00;2912.39;9333;112.45;9301;120.00;8616;False;8610.12;TL;8649;120.00;8619;120.00;7436;False;7415.82;TL;7444;120.00;7470;120.00;7288;False;7260.60;TL;7352;120.00;7299;120.00
75;80;32;7608;False;7576.04;TL;7608;87.68;7797;120.00;11280;False;11276.50;TL;11409;120.00;11461;120.00;9137;False;9108.10;TL;9193;112.12;9137;120.00;8511;False;8454.04;TL;8536;120.00;8602;120.00;7363;True;7363.00;2939.26;7378;120.00;7374;120.00;7193;False;7171.52;TL;7286;120.00;7233;120.00
75;80;33;7856;True;7854.68;TL;7861;15.27;7857;120.00;11462;True;11462.00;1424.12;12062;120.00;11480;120.00;9462;True;9462.00;561.47;9788;112.65;9474;120.00;8797;True;8797.00;2015.97;8937;120.00;8822;120.00;7559;True;7559.00;166.74;7564;42.07;7559;120.00;7430;True;7430.00;699.91;7853;120.00;7430;120.00
75;80;34;8866;False;8862.59;TL;8870;12.83;8929;120.00;13253;True;13253.00;576.58;13341;120.00;13272;120.00;10588;False;10550.10;TL;10637;113.12;10663;120.00;9845;False;9784.13;TL;9845;45.25;9850;120.00;8480;False;8478.16;TL;8492;105.26;8608;120.00;8325;False;8272.31;TL;8386;120.00;8471;120.00
75;80;35;7713;True;7711.60;TL;7718;44.49;7713;120.00;11638;True;11638.00;1408.40;11652;52.86;11638;120.00;9284;True;9284.00;703.16;9319;113.17;9292;120.00;8674;True;8674.00;2287.20;8709;120.00;8674;120.00;7472;False;7461.20;TL;7497;120.00;7472;120.00;7307;True;7307.00;2208.22;7338;120.00;7315;120.00
75;80;36;7648;False;7635.01;TL;7648;17.05;7678;120.00;11180;True;11180.00;1997.65;11196;109.83;11230;120.00;9378;False;9376.53;TL;9485;113.12;9404;120.00;8670;True;8670.00;1335.59;8721;120.00;8676;120.00;7446;False;7444.49;TL;7452;59.13;7469;120.00;7278;True;7278.00;1337.70;7284;98.00;7284;120.00
75;80;37;8285;True;8285.00;70.55;8285;13.00;8285;120.00;12388;True;12388.00;93.19;12434;92.93;12388;69.39;10033;True;10033.00;100.03;10055;13.56;10065;120.00;9295;True;9295.00;289.10;9307;51.29;9327;120.00;8012;True;8012.00;369.23;8039;119.37;8020;120.00;7799;True;7799.00;381.38;7816;112.75;7829;120.00
75;80;38;8214;False;8210.89;TL;8214;78.19;8222;120.00;12124;True;12124.00;2957.71;12189;120.00;12124;120.00;9741;False;9738.76;TL;9793;112.83;9794;120.00;9061;True;9059.61;TL;9088;120.00;9088;120.00;7938;False;7918.69;TL;7972;120.00;8050;120.00;7715;False;7699.74;TL;7757;120.00;7752;120.00
75;80;39;8230;False;8218.55;TL;8237;95.28;8230;120.00;12158;False;12156.20;TL;12260;120.00;12275;120.00;9943;True;9943.00;459.19;9996;112.28;9961;120.00;9262;True;9260.77;TL;9264;120.00;9266;120.00;7970;True;7970.00;1571.75;8026;120.00;8011;120.00;7812;False;7799.11;TL;7842;120.00;7813;120.00
75;90;0;8554;False;8530.09;TL;8554;118.68;8663;120.00;12577;True;12577.00;691.34;12888;120.00;12597;120.00;10167;False;10113.80;TL;10294;120.00;10167;120.00;9581;False;9451.52;TL;9680;119.43;9754;120.00;8162;True;8162.00;947.46;8290;119.47;8168;120.00;8124;False;7966.18;TL;8175;120.00;8248;120.00
75;90;1;8847;False;8830.41;TL;8847;65.86;8847;120.00;12861;True;12861.00;517.08;12910;120.00;12870;120.00;10619;False;10590.40;TL;11005;120.00;10628;120.00;9819;True;9819.00;1347.00;9952;119.45;9829;120.00;8506;False;8486.21;TL;8508;120.00;8510;120.00;8270;False;8251.99;TL;8340;120.00;8277;120.00
75;90;2;9667;False;9630.70;TL;9667;25.38;9775;120.00;14378;False;14258.70;TL;14587;120.00;14430;120.00;11521;False;11467.90;TL;11569;120.00;11600;120.00;10799;False;10745.20;TL;10799;107.36;10863;120.00;9270;False;9234.61;TL;9319;120.00;9326;120.00;9145;False;9069.17;TL;9179;120.00;9145;120.00
75;90;3;8678;False;8662.19;TL;8680;95.96;8686;120.00;12782;True;12782.00;1010.16;12985;120.00;12782;120.00;10428;False;10421.70;TL;10468;119.44;10447;120.00;9707;True;9707.00;2900.19;9793;120.00;9781;120.00;8357;True;8357.00;654.05;8385;120.00;8367;120.00;8162;True;8162.00;2019.08;8245;115.23;8183;120.00
75;90;4;9014;False;8986.57;TL;9014;21.93;9318;120.00;13354;False;13251.00;TL;13574;120.00;13593;120.00;11126;False;11056.20;TL;11126;101.38;11396;120.00;10405;False;10265.50;TL;10515;120.00;10656;120.00;8772;False;8743.03;TL;8868;120.00;8900;120.00;8570;True;8570.00;1405.21;8608;120.00;9003;120.00
75;90;5;8713;False;8705.32;TL;8721;70.08;8718;120.00;12944;True;12944.00;478.02;13080;120.00;12969;120.00;10477;True;10477.00;540.11;10755;119.41;10500;120.00;9729;True;9729.00;2202.24;9968;119.47;9749;120.00;8367;True;8367.00;452.35;8621;120.00;8374;120.00;8212;True;8212.00;2261.23;8214;76.33;8218;120.00
75;90;6;9262;False;9250.24;TL;9273;39.02;9267;120.00;13720;False;13642.40;TL;13818;120.00;13799;120.00;11181;False;11178.20;TL;11276;120.00;11221;120.00;10390;False;10355.30;TL;10440;119.47;10390;120.00;8964;False;8935.96;TL;8998;120.00;8964;120.00;8798;False;8744.57;TL;8845;120.00;8814;120.00
75;90;7;9815;False;9785.95;TL;9815;67.71;9895;120.00;14460;False;14375.20;TL;14472;120.00;14630;120.00;11817;False;11718.10;TL;11855;120.00;11827;120.00;10885;False;10859.40;TL;10927;119.45;10935;120.00;9414;True;9414.00;3096.91;9495;120.00;9436;120.00;9214;False;9167.12;TL;9259;120.00;9266;120.00
75;90;8;9153;False;9138.51;TL;9153;44.26;9265;120.00;13573;False;13485.30;TL;13777;120.00;13668;120.00;11177;False;11073.50;TL;11179;120.00;11364;120.00;10259;True;10259.00;504.37;10475;119.30;10408;120.00;8838;False;8834.86;TL;8881;120.00;8878;120.00;8670;False;8668.28;TL;8864;120.00;9079;120.00
75;90;9;9220;False;9153.99;TL;9222;77.54;9352;120.00;13618;False;13314.90;TL;13696;120.00;13797;120.00;11211;False;11100.10;TL;11315;120.00;11390;120.00;10381;False;10296.50;TL;10396;120.00;10609;120.00;8863;False;8839.25;TL;9063;120.00;9257;120.00;8717;False;8672.97;TL;8843;120.00;8913;120.00
75;90;10;9781;False;9771.40;TL;9782;24.28;9784;120.00;14465;True;14465.00;3219.59;14504;120.00;14489;120.00;11688;True;11687.10;TL;11781;120.00;11688;120.00;10845;True;10845.00;457.06;10882;120.00;10876;120.00;9408;True;9408.00;314.33;9426;30.73;9421;120.00;9187;True;9187.00;485.40;9272;120.00;9217;120.00
75;90;11;8466;False;8435.62;TL;8509;111.59;8479;120.00;12569;False;12485.40;TL;12748;120.00;12582;120.00;10270;False;10246.50;TL;10316;120.00;10319;120.00;9626;False;9562.07;TL;9678;120.00;9626;120.00;8141;True;8141.00;210.11;8231;120.00;8169;120.00;8049;False;8014.90;TL;8160;120.00;8081;120.00
75;90;12;8714;False;8701.96;TL;8714;29.86;8721;120.00;12886;False;12820.10;TL;12892;120.00;12980;120.00;10230;True;10230.00;2552.15;10334;119.46;10298;120.00;9610;False;9574.31;TL;9683;120.00;9629;120.00;8372;True;8372.00;1162.37;8468;120.00;8392;120.00;8173;False;8145.85;TL;8224;120.00;8173;120.00
75;90;13;8784;False;8763.38;TL;8784;120.00;8790;120.00;13012;False;13008.80;TL;13062;120.00;13043;120.00;10451;True;10451.00;3005.75;10552;120.00;10461;120.00;9819;False;9808.42;TL;9845;120.00;9849;120.00;8484;False;8464.19;TL;8507;120.00;8484;120.00;8257;False;8250.32;TL;8286;120.00;8272;120.00
75;90;14;8817;False;8810.00;TL;8817;61.87;8823;120.00;12997;True;12997.00;2674.63;13011;37.69;13003;120.00;10704;True;10704.00;1576.08;10759;120.00;10720;120.00;9984;True;9984.00;3549.81;10069;120.00;10019;120.00;8518;True;8518.00;3499.60;8551;120.00;8523;120.00;8338;True;8338.00;3019.17;8363;120.00;8346;120.00
75;90;15;8517;False;8499.44;TL;8592;111.43;8517;120.00;12644;False;12507.40;TL;12750;120.00;12716;120.00;10269;False;10136.40;TL;10340;120.00;10368;120.00;9593;False;9522.87;TL;9760;120.00;9593;120.00;8246;True;8246.00;1339.23;8379;120.00;8337;120.00;8074;False;8050.09;TL;8261;120.00;8300;120.00
75;90;16;8812;False;8798.80;TL;8843;112.08;8813;120.00;12931;True;12931.00;326.29;13294;120.00;12931;120.00;10683;True;10683.00;1915.68;10955;120.00;10693;120.00;9835;True;9835.00;2276.11;9910;120.00;9898;120.00;8522;True;8522.00;1036.65;8943;120.00;8530;120.00;8325;True;8325.00;1839.34;8400;120.00;8348;120.00
75;90;17;9205;False;9179.57;TL;9205;51.09;9261;120.00;13720;True;13720.00;3119.58;13760;120.00;14021;120.00;10973;False;10959.70;TL;11190;120.00;11092;120.00;10239;True;10235.70;TL;10383;120.00;10355;120.00;8822;True;8822.00;1001.23;8955;120.00;8875;120.00;8743;False;8666.89;TL;8831;120.00;8830;120.00
75;90;18;8678;True;8678.00;148.38;8693;73.69;8678;120.00;12990;True;12990.00;972.99;13086;120.00;13019;120.00;10611;True;10611.00;1512.15;10640;120.00;10613;120.00;9896;False;9862.23;TL;10362;120.00;9901;120.00;8398;False;8396.30;TL;8425;120.00;8406;120.00;8263;False;8240.09;TL;8292;120.00;8275;120.00
75;90;19;9350;False;9329.33;TL;9359;38.42;9352;120.00;13573;False;13548.40;TL;13639;120.00;13573;120.00;11395;False;11357.80;TL;11407;120.00;11401;120.00;10506;False;10476.90;TL;10558;120.00;10524;120.00;8972;True;8972.00;1903.70;9036;120.00;8986;120.00;8861;False;8810.34;TL;8908;120.00;8869;120.00
75;90;20;8633;False;8625.48;TL;8651;112.27;8648;120.00;12741;False;12664.20;TL;12833;120.00;12741;120.00;10213;True;10213.00;1892.34;10302;119.48;10227;120.00;9600;False;9553.17;TL;9656;120.00;9600;120.00;8376;False;8355.24;TL;8396;120.00;8383;120.00;8231;False;8164.30;TL;8259;120.00;8242;120.00
75;90;21;8107;True;8105.67;TL;8107;43.70;8136;120.00;12028;True;12028.00;2772.93;12613;120.00;12071;120.00;10095;True;10095.00;1360.42;10615;120.00;10150;120.00;9312;False;9309.11;TL;9776;120.00;9364;120.00;7853;True;7853.00;774.53;8251;120.00;7864;120.00;7727;True;7727.00;2275.87;8134;120.00;7737;120.00
75;90;22;9321;True;9320.71;TL;9329;25.94;9321;120.00;13709;True;13709.00;756.85;13743;120.00;13751;120.00;11164;True;11164.00;1349.38;11185;120.00;11177;120.00;10351;True;10351.00;642.63;10396;120.00;10371;120.00;8936;True;8936.00;874.15;8942;111.28;8938;120.00;8759;True;8759.00;1865.18;8814;120.00;8759;120.00
75;90;23;9437;False;9426.24;TL;9443;77.60;9439;120.00;14054;True;14054.00;1720.66;14648;120.00;14059;120.00;11653;True;11653.00;404.39;12027;120.00;11658;120.00;10735;False;10733.70;TL;11181;120.00;10767;120.00;9124;True;9124.00;794.40;9139;111.04;9124;120.00;8938;True;8938.00;714.07;9351;120.00;8951;120.00
75;90;24;9075;True;9066.62;TL;9075;17.65;9075;120.00;13297;False;13244.20;TL;13323;120.00;13498;120.00;11236;False;11105.60;TL;11404;120.00;11319;120.00;10422;False;10212.30;TL;10501;120.00;10766;120.00;8704;False;8700.71;TL;8796;120.00;9150;120.00;8644;False;8578.73;TL;8824;120.00;9060;120.00
75;90;25;8605;False;8597.51;TL;8610;64.96;8605;120.00;12979;False;12910.70;TL;13023;120.00;13076;120.00;10502;False;10453.20;TL;10594;120.00;10516;120.00;9741;True;9741.00;3085.34;9863;120.00;9763;120.00;8324;True;8324.00;2393.99;8364;120.00;8333;120.00;8222;False;8186.77;TL;8251;120.00;8247;120.00
75;90;26;9507;False;9496.76;TL;9507;49.66;9509;120.00;13868;True;13868.00;195.45;14503;120.00;13872;120.00;11610;True;11610.00;225.12;12081;120.00;11621;120.00;10702;True;10702.00;783.36;10759;120.00;10710;120.00;9151;True;9151.00;875.39;9237;120.00;9178;120.00;8967;True;8967.00;1417.84;9285;120.00;8971;120.00
75;90;27;9694;False;9661.62;TL;9697;31.91;9711;120.00;14557;False;14478.70;TL;14671;120.00;14670;120.00;11919;False;11877.60;TL;11953;120.00;11919;120.00;11069;False;10988.50;TL;11138;120.00;11069;120.00;9336;True;9336.00;1586.87;9400;120.00;9502;120.00;9157;True;9156.15;TL;9302;120.00;9340;120.00
75;90;28;8795;False;8785.95;TL;8800;74.19;8802;120.00;13104;False;13100.30;TL;13146;120.00;13112;120.00;10407;True;10407.00;1750.54;10428;120.00;10420;120.00;9752;True;9752.00;206.67;9841;120.00;9765;120.00;8500;False;8497.38;TL;8517;120.00;8529;120.00;8258;False;8251.58;TL;8334;120.00;8291;120.00
75;90;29;9397;True;9397.00;90.29;9405;55.81;9397;120.00;13677;True;13677.00;1157.15;13829;120.00;13715;120.00;11217;True;11217.00;208.93;11230;14.63;11221;120.00;10497;True;10497.00;906.75;10536;120.00;10503;120.00;9019;True;9019.00;324.33;9024;32.33;9020;120.00;8805;True;8805.00;1654.40;8807;49.60;8811;120.00
75;90;30;8923;False;8906.43;TL;8923;50.38;8938;120.00;13372;True;13370.80;TL;13634;120.00;13411;120.00;10903;False;10882.90;TL;11196;120.00;11052;120.00;10179;False;10100.70;TL;10437;120.00;10377;120.00;8691;True;8691.00;94.83;8704;21.54;8696;120.00;8507;True;8505.45;TL;8767;120.00;8592;120.00
75;90;31;8718;True;8718.00;47.39;8737;92.12;8718;120.00;13042;True;13042.00;299.72;13179;120.00;13088;120.00;10820;False;10817.00;TL;11096;120.00;10857;120.00;9973;True;9973.00;1360.74;10176;120.00;10017;120.00;8445;True;8445.00;765.39;8861;120.00;8455;120.00;8312;True;8312.00;1801.94;8337;120.00;8329;120.00
75;90;32;9138;False;9126.14;TL;9138;28.45;9355;120.00;13579;False;13571.10;TL;13839;119.39;13838;120.00;10783;False;10681.90;TL;10827;120.00;10841;120.00;10152;False;10091.50;TL;10217;120.00;10244;120.00;8773;False;8696.91;TL;8849;120.00;8894;120.00;8608;False;8558.22;TL;8773;120.00;8608;120.00
75;90;33;8784;False;8776.12;TL;8784;46.93;8784;120.00;13046;True;13046.00;1303.86;13209;120.00;13058;120.00;10649;True;10649.00;1151.87;11081;119.36;10706;120.00;9925;False;9910.42;TL;10082;120.00;9925;120.00;8473;True;8473.00;1098.61;8526;119.26;8489;120.00;8308;True;8308.00;3279.74;8580;120.00;8310;120.00
75;90;34;8732;False;8724.80;TL;8741;19.80;8736;120.00;12923;True;12923.00;346.35;13061;120.00;12943;120.00;10537;True;10537.00;775.80;10980;120.00;10547;120.00;9855;True;9855.00;3225.34;10282;120.00;9858;120.00;8474;True;8474.00;1829.99;8496;120.00;8475;120.00;8271;True;8271.00;662.06;8281;63.63;8285;120.00
75;90;35;8740;False;8705.25;TL;8766;112.47;8798;120.00;12789;True;12789.00;2539.55;13007;120.00;12912;120.00;10146;True;10146.00;2122.33;10223;120.00;10208;120.00;9527;True;9527.00;2692.98;9620;120.00;9618;120.00;8398;False;8350.31;TL;8443;120.00;8440;120.00;8240;False;8168.74;TL;8342;120.00;8326;120.00
75;90;36;9050;False;9048.80;TL;9074;30.13;9050;120.00;13447;True;13447.00;1236.16;13491;120.00;13475;120.00;10947;False;10941.40;TL;11291;119.42;11064;120.00;10193;False;10161.30;TL;10304;120.00;10193;120.00;8625;True;8625.00;170.35;8641;30.22;8633;120.00;8494;True;8494.00;1002.03;8794;120.00;8674;120.00
75;90;37;9335;False;9320.75;TL;9371;113.40;9341;120.00;13588;False;13561.80;TL;13692;120.00;13594;120.00;11172;False;11131.60;TL;11193;120.00;11172;120.00;10364;True;10364.00;1048.56;10397;120.00;10393;120.00;8927;True;8927.00;2135.39;8945;120.00;8927;120.00;8735;False;8704.01;TL;8768;120.00;8746;120.00
75;90;38;9916;False;9904.39;TL;9916;61.50;9924;120.00;14788;False;14696.70;TL;14841;119.35;14798;120.00;11912;False;11907.80;TL;11941;120.00;11955;120.00;11018;True;11018.00;1043.36;11091;120.00;11057;120.00;9509;True;9509.00;1999.56;9520;104.24;9623;120.00;9336;False;9288.82;TL;9337;120.00;9372;120.00
75;90;39;9503;False;9500.83;TL;9508;52.02;9503;120.00;13939;True;13939.00;1423.67;14152;120.00;13956;120.00;11408;True;11408.00;1231.22;11532;120.00;11451;120.00;10543;True;10543.00;2863.37;10677;120.00;10564;120.00;9045;True;9045.00;965.53;9060;104.28;9063;120.00;8882;True;8882.00;1129.11;8894;118.84;8883;120.00
75;100;0;9556;False;9544.67;TL;9556;95.31;9556;120.00;13928;True;13928.00;2366.58;14050;120.00;13984;120.00;11713;True;11713.00;492.35;12069;120.00;11743;120.00;10847;False;10834.80;TL;11140;120.00;10847;120.00;9315;False;9302.21;TL;9340;117.80;9363;120.00;9172;False;9138.18;TL;9192;120.00;9192;120.00
75;100;1;10291;False;10281.30;TL;10292;36.44;10291;120.00;15280;True;15280.00;1336.74;15532;120.00;15283;120.00;12953;False;12951.40;TL;13470;120.00;12980;120.00;11913;False;11872.00;TL;12377;120.00;11925;120.00;9971;True;9971.00;662.93;10045;116.99;9971;120.00;9848;True;9848.00;1451.27;10258;120.00;9865;120.00
75;100;2;9911;False;9908.36;TL;9923;58.75;9911;120.00;14403;True;14403.00;2472.39;14890;120.00;14405;120.00;11940;False;11894.90;TL;12370;120.00;11940;120.00;11159;False;11119.10;TL;11636;120.00;11159;120.00;9563;False;9561.06;TL;9616;117.52;9605;120.00;9400;False;9363.48;TL;9818;120.00;9402;120.00
75;100;3;10673;False;10647.70;TL;10673;65.46;10771;120.00;15824;False;15791.80;TL;15958;120.00;15939;120.00;12866;False;12812.10;TL;12982;120.00;12866;120.00;11941;False;11915.30;TL;12051;120.00;11941;120.00;10293;False;10286.10;TL;10293;117.06;10397;120.00;10184;False;10080.60;TL;10244;120.00;10264;120.00
75;100;4;10077;False;10045.50;TL;10153;120.00;10149;120.00;15051;False;14887.10;TL;15194;120.00;15090;120.00;12197;False;12115.70;TL;12243;120.00;12197;120.00;11362;False;11303.50;TL;11415;120.00;11414;120.00;9841;False;9758.46;TL;9851;117.31;9969;120.00;9647;False;9553.37;TL;9723;120.00;9676;120.00
75;100;5;11378;False;11335.80;TL;11387;120.00;11539;120.00;16646;False;16542.00;TL;16718;120.00;16675;120.00;13434;False;13412.30;TL;13578;120.00;13664;120.00;12600;False;12552.70;TL;12657;120.00;12662;120.00;10734;True;10734.00;682.04;10957;116.99;10748;120.00;10623;False;10602.10;TL;10704;120.00;10894;120.00
75;100;6;9658;False;9613.33;TL;9664;120.00;9683;120.00;14409;False;14351.90;TL;14409;120.00;14438;120.00;11547;False;11529.70;TL;11615;120.00;11583;120.00;10808;False;10776.60;TL;10995;120.00;10852;120.00;9334;False;9305.16;TL;9398;117.95;9385;120.00;9130;False;9115.62;TL;9200;120.00;9130;120.00
75;100;7;9448;False;9380.43;TL;9448;38.37;9621;120.00;13943;False;13857.10;TL;14293;120.00;14098;120.00;11319;False;11247.70;TL;11399;120.00;11343;120.00;10771;False;10579.90;TL;10832;120.00;10821;120.00;9193;False;9079.65;TL;9273;117.86;9425;120.00;8944;False;8887.89;TL;9008;120.00;9013;120.00
75;100;8;9735;False;9715.11;TL;9747;120.00;9743;120.00;14161;False;14132.10;TL;14225;120.00;14161;120.00;11677;False;11638.50;TL;11720;120.00;11694;120.00;10830;False;10797.90;TL;10961;120.00;10852;120.00;9415;False;9400.10;TL;9472;117.99;9417;120.00;9191;False;9188.48;TL;9213;120.00;9229;120.00
75;100;9;11367;False;11346.30;TL;11367;57.26;11412;120.00;16805;False;16716.60;TL;16842;120.00;16889;120.00;13556;False;13531.40;TL;13607;120.00;13557;120.00;12761;False;12705.40;TL;12839;120.00;12801;120.00;10932;True;10932.00;2408.44;11000;117.75;11027;120.00;10731;False;10661.90;TL;10777;120.00;10806;120.00
75;100;10;10199;False;10181.30;TL;10204;120.00;10224;120.00;15204;False;15034.70;TL;15309;120.00;15420;120.00;12174;False;12079.50;TL;12259;120.00;12243;120.00;11259;False;11252.00;TL;11385;120.00;11476;120.00;9858;False;9784.58;TL;9876;118.28;10016;120.00;9599;False;9559.54;TL;9685;120.00;9736;120.00
75;100;11;10314;False;10295.30;TL;10354;120.00;10392;120.00;15474;False;15323.80;TL;15576;120.00;15624;120.00;12401;False;12312.80;TL;12500;120.00;12445;120.00;11559;False;11496.30;TL;11595;120.00;11633;120.00;9963;False;9900.25;TL;9963;117.46;10130;120.00;9784;False;9704.99;TL;9813;120.00;9869;120.00
75;100;12;10128;False;10117.30;TL;10135;120.00;10136;120.00;14949;False;14853.70;TL;15057;120.00;15090;120.00;12142;True;12142.00;2308.50;12228;120.00;12198;120.00;11336;False;11314.30;TL;11336;120.00;11377;120.00;9795;False;9764.10;TL;9816;117.20;9842;120.00;9715;False;9624.72;TL;9836;120.00;9768;120.00
75;100;13;10253;False;10238.10;TL;10268;120.00;10281;120.00;15177;False;15100.90;TL;15250;120.00;15198;120.00;12594;False;12549.50;TL;12621;120.00;12594;120.00;11662;False;11640.60;TL;11739;120.00;11698;120.00;9959;False;9934.46;TL;10010;120.00;9967;120.00;9729;False;9723.38;TL;9852;120.00;9729;120.00
75;100;14;9216;False;9204.44;TL;9499;120.00;9216;120.00;13529;False;13520.40;TL;14196;120.00;13533;120.00;11235;True;11235.00;353.33;11540;120.00;11280;120.00;10341;True;10341.00;2836.59;10826;120.00;10370;120.00;8942;True;8941.08;TL;9338;117.05;8966;120.00;8780;True;8780.00;2434.93;9203;120.00;8832;120.00
75;100;15;9733;False;9694.38;TL;9756;120.00;9739;120.00;14341;False;14302.90;TL;14504;120.00;14341;120.00;11548;False;11486.10;TL;11634;120.00;11597;120.00;10703;False;10700.80;TL;10777;120.00;10787;120.00;9353;False;9310.42;TL;9397;117.40;9422;120.00;9167;False;9119.93;TL;9229;120.00;9308;120.00
75;100;16;10694;False;10660.20;TL;10694;51.56;10842;120.00;15909;False;15834.70;TL;16078;120.00;15918;120.00;12593;False;12545.80;TL;12615;120.00;12671;120.00;11886;False;11827.00;TL;12078;120.00;11999;120.00;10196;True;10196.00;561.32;10222;117.02;10243;120.00;9918;True;9918.00;194.20;10090;120.00;9930;120.00
75;100;17;10130;False;10118.40;TL;10148;51.49;10159;120.00;15061;False;15016.40;TL;15404;120.00;15378;120.00;12238;False;12055.20;TL;12317;120.00;12351;120.00;11448;False;11297.00;TL;11553;120.00;11460;120.00;9666;True;9666.00;70.67;9685;109.66;9666;43.04;9536;False;9522.42;TL;9835;120.00;9536;120.00
75;100;18;9849;True;9849.00;182.39;9851;72.13;9849;120.00;14557;False;14505.80;TL;14730;120.00;14567;120.00;11877;True;11877.00;1963.43;12312;120.00;11881;120.00;11036;False;11001.70;TL;11454;120.00;11036;120.00;9505;False;9478.65;TL;9958;117.39;9520;120.00;9267;True;9267.00;1463.76;9712;120.00;9267;120.00
75;100;19;10140;False;10122.90;TL;10171;120.00;10171;120.00;15088;False;15073.90;TL;15159;120.00;15180;120.00;12486;False;12447.30;TL;12509;120.00;12495;120.00;11520;False;11490.60;TL;11560;120.00;11520;120.00;9797;False;9766.44;TL;9797;120.00;9816;120.00;9638;False;9615.36;TL;9750;120.00;9698;120.00
75;100;20;9859;False;9850.27;TL;9889;120.00;9859;120.00;14479;True;14479.00;1630.90;15137;120.00;14502;120.00;12185;False;12152.60;TL;12614;120.00;12244;120.00;11167;False;11112.20;TL;11615;120.00;11184;120.00;9481;True;9481.00;783.69;9916;117.21;9502;120.00;9290;False;9288.24;TL;9745;120.00;9302;120.00
75;100;21;9752;False;9744.59;TL;9754;102.68;9752;120.00;14769;True;14769.00;3494.72;14861;120.00;14843;120.00;11808;False;11805.20;TL;11880;120.00;11813;120.00;10968;False;10937.30;TL;11444;120.00;10983;120.00;9464;True;9464.00;1897.38;9695;117.34;9467;120.00;9226;True;9226.00;2272.36;9253;120.00;9258;120.00
75;100;22;9630;False;9610.64;TL;9701;120.00;9630;120.00;14375;False;14266.00;TL;14464;120.00;14604;120.00;11659;False;11578.40;TL;11738;120.00;11755;120.00;10901;False;10812.40;TL;10937;120.00;10901;120.00;9341;False;9243.78;TL;9367;118.50;9404;120.00;9166;False;9103.12;TL;9193;120.00;9376;120.00
75;100;23;9755;True;9755.00;2124.74;9777;120.00;9777;120.00;14592;True;14592.00;1562.59;15207;120.00;14643;120.00;11683;True;11683.00;2470.58;12099;120.00;11705;120.00;11037;False;11000.80;TL;11391;120.00;11111;120.00;9378;True;9378.00;765.61;9394;117.20;9378;120.00;9223;True;9223.00;3054.30;9572;120.00;9265;120.00
75;100;24;10176;False;10105.10;TL;10176;60.11;10377;120.00;15035;False;14894.10;TL;15243;120.00;15527;120.00;12358;False;12273.20;TL;12464;120.00;12438;120.00;11284;False;11282.80;TL;11646;120.00;11419;120.00;9780;False;9704.39;TL;9985;117.73;9917;120.00;9521;True;9521.00;969.13;9805;120.00;9583;120.00
75;100;25;10413;False;10406.90;TL;10418;120.00;10422;120.00;15316;False;15241.50;TL;15333;120.00;15357;120.00;12453;True;12453.00;1182.67;12559;120.00;12453;120.00;11614;False;11586.70;TL;11654;120.00;11656;120.00;10024;False;10003.80;TL;10051;120.00;10024;120.00;9790;False;9760.41;TL;9818;120.00;9857;120.00
75;100;26;9651;False;9616.81;TL;9660;120.00;9713;120.00;14304;False;14255.00;TL;14723;120.00;14342;120.00;11542;True;11542.00;2200.77;11668;120.00;11549;120.00;10882;False;10818.50;TL;11002;120.00;10882;120.00;9372;False;9345.21;TL;9438;117.50;9381;120.00;9171;False;9121.01;TL;9258;120.00;9179;120.00
75;100;27;9137;False;9135.66;TL;9147;120.00;9222;120.00;13444;False;13386.10;TL;13489;120.00;13444;120.00;10898;False;10866.30;TL;10954;120.00;10898;120.00;10198;False;10176.00;TL;10229;120.00;10199;120.00;8887;False;8855.62;TL;8917;117.65;8887;120.00;8652;False;8617.23;TL;8690;120.00;8669;120.00
75;100;28;9759;False;9752.72;TL;9761;18.69;9759;120.00;14494;False;14468.00;TL;14887;120.00;14531;120.00;11822;False;11774.70;TL;12357;120.00;11836;120.00;10987;False;10970.20;TL;11522;120.00;11047;120.00;9391;True;9391.00;2813.11;9819;117.33;9409;120.00;9181;True;9181.00;808.72;9235;120.00;9203;120.00
75;100;29;9666;False;9646.43;TL;9666;107.53;9668;120.00;14448;False;14423.80;TL;14595;120.00;14479;120.00;11496;False;11472.00;TL;11684;120.00;11502;120.00;10654;False;10651.40;TL;10690;120.00;10670;120.00;9348;False;9334.35;TL;9360;117.97;9360;120.00;9071;False;9068.99;TL;9143;120.00;9126;120.00
75;100;30;10148;False;10126.10;TL;10148;114.39;10193;120.00;15151;False;15080.10;TL;15264;120.00;15168;120.00;12208;False;12171.70;TL;12292;120.00;12237;120.00;11382;False;11342.60;TL;11387;120.00;11382;120.00;9780;True;9780.00;948.30;9889;117.73;9817;120.00;9636;False;9604.89;TL;9646;120.00;9662;120.00
75;100;31;10334;True;10334.00;57.43;10350;67.36;10334;120.00;15301;False;15298.40;TL;15437;120.00;15303;120.00;12756;True;12754.80;TL;13212;120.00;12827;120.00;11869;False;11814.00;TL;12290;120.00;11869;120.00;9963;True;9963.00;2578.26;10052;117.01;9980;120.00;9775;True;9775.00;1251.85;10196;120.00;9809;120.00
75;100;32;9769;True;9769.00;768.65;9769;20.93;9769;120.00;14494;False;14479.30;TL;15124;120.00;14563;120.00;11815;False;11792.50;TL;12279;120.00;11850;120.00;11002;False;10997.20;TL;11326;120.00;11074;120.00;9491;True;9491.00;1811.43;9734;118.02;9495;120.00;9270;True;9268.60;TL;9701;120.00;9324;120.00
75;100;33;9605;False;9574.84;TL;9605;120.00;9664;120.00;14120;False;14108.70;TL;14225;120.00;14264;120.00;11734;False;11646.80;TL;11833;120.00;11798;120.00;10912;False;10859.70;TL;11185;120.00;11008;120.00;9386;False;9335.39;TL;9452;117.48;9441;120.00;9165;False;9097.19;TL;9220;120.00;9243;120.00
75;100;34;10249;False;10227.70;TL;10288;120.00;10274;120.00;15014;False;14921.10;TL;15021;120.00;15052;120.00;12344;False;12289.60;TL;12430;120.00;12377;120.00;11416;True;11416.00;2310.44;11534;120.00;11466;120.00;9859;False;9857.37;TL;9966;117.26;9956;120.00;9731;False;9669.07;TL;9815;120.00;9785;120.00
75;100;35;9597;False;9572.70;TL;9705;120.00;9597;120.00;14072;False;13993.60;TL;14145;120.00;14108;120.00;11605;True;11605.00;2597.89;11867;120.00;11651;120.00;10894;False;10810.50;TL;11088;120.00;10924;120.00;9250;False;9229.21;TL;9369;117.29;9433;120.00;9146;False;9024.50;TL;9243;120.00;9189;120.00
75;100;36;9208;False;9205.18;TL;9446;120.00;9208;120.00;13725;False;13690.60;TL;14266;120.00;13747;120.00;11302;False;11276.40;TL;11673;120.00;11302;120.00;10564;False;10509.30;TL;10917;120.00;10564;120.00;8956;True;8956.00;1021.84;9301;117.63;8966;120.00;8815;False;8790.15;TL;9166;120.00;8833;120.00
75;100;37;9663;False;9650.60;TL;9723;120.00;9785;120.00;14447;False;14362.10;TL;14618;120.00;14447;120.00;11728;False;11675.50;TL;11813;120.00;11728;120.00;10820;False;10775.90;TL;10829;120.00;10851;120.00;9329;False;9280.10;TL;9420;117.04;9473;120.00;9182;False;9106.52;TL;9239;120.00;9283;120.00
75;100;38;10192;True;10192.00;2959.49;10194;16.86;10194;120.00;15060;False;15030.70;TL;15160;120.00;15094;120.00;12181;True;12181.00;2320.79;12255;120.00;12202;120.00;11399;False;11370.00;TL;11514;120.00;11399;120.00;9821;True;9821.00;2210.25;9907;118.54;9861;120.00;9641;True;9640.55;TL;9771;120.00;9693;120.00
75;100;39;10286;False;10272.40;TL;10289;21.50;10292;120.00;15392;True;15392.00;3065.06;15710;120.00;15418;120.00;12555;True;12555.00;3079.30;12664;120.00;12591;120.00;11665;False;11648.50;TL;12133;120.00;11693;120.00;9901;True;9901.00;246.57;9906;55.86;9903;120.00;9776;True;9776.00;508.18;9864;120.00;9781;120.00
