;;;traversal;traversal;traversal;traversal;traversal;traversal;traversal;traversal;return;return;return;return;return;return;return;return;midpoint;midpoint;midpoint;midpoint;midpoint;midpoint;midpoint;midpoint;largest gap;largest gap;largest gap;largest gap;largest gap;largest gap;largest gap;largest gap;combined;combined;combined;combined;combined;combined;combined;combined;optimal;optimal;optimal;optimal;optimal;optimal;optimal;optimal
;;;;;BPC;BPC;SC-2;SC-2;BPC-DF-2;BPC-DF-2;;;BPC;BPC;SC-2;SC-2;BPC-DF-2;BPC-DF-2;;;BPC;BPC;SC-2;SC-2;BPC-DF-2;BPC-DF-2;;;BPC;BPC;SC-2;SC-2;BPC-DF-2;BPC-DF-2;;;BPC;BPC;SC-2;SC-2;BPC-DF-2;BPC-DF-2;;;BPC;BPC;SC-2;SC-2;BPC-DF-2;BPC-DF-2
capacity;numOrders;instNum;BKS;BKS_is_opt;LB tree;runtime;UB;runtime;UB;runtime;BKS;BKS_is_opt;LB tree;runtime;UB;runtime;UB;runtime;BKS;BKS_is_opt;LB tree;runtime;UB;runtime;UB;runtime;BKS;BKS_is_opt;LB tree;runtime;UB;runtime;UB;runtime;BKS;BKS_is_opt;LB tree;runtime;UB;runtime;UB;runtime;BKS;BKS_is_opt;LB tree;runtime;UB;runtime;UB;runtime
30;20;0;4612;True;4612.00;0.00;4612;0.00;4612;0.00;5609;True;5609.00;0.00;5609;0.00;5609;0.00;3988;True;3988.00;0.00;3988;0.00;3988;0.00;3940;True;3940.00;0.00;3940;0.00;3940;0.00;4172;True;4172.00;0.00;4172;0.00;4172;0.00;3743;True;3743.00;0.00;3743;0.00;3743;0.00
30;20;1;4053;True;4053.00;0.00;4053;0.00;4053;0.00;5215;True;5215.00;0.00;5215;0.00;5215;0.00;3884;True;3884.00;0.00;3884;0.00;3884;0.00;3671;True;3671.00;0.00;3671;0.00;3671;0.00;3686;True;3686.00;0.00;3686;0.00;3686;0.00;3450;True;3450.00;0.00;3450;0.00;3450;0.00
30;20;2;3885;True;3885.00;0.00;3885;0.00;3885;0.00;4831;True;4831.00;0.00;4831;0.00;4831;0.00;3614;True;3614.00;0.00;3614;0.00;3614;0.00;3440;True;3440.00;0.00;3440;0.00;3440;0.00;3486;True;3486.00;0.00;3486;0.00;3486;0.00;3207;True;3207.00;0.00;3207;0.00;3207;0.00
30;20;3;4769;True;4769.00;0.00;4769;0.00;4769;0.00;5584;True;5584.00;0.00;5584;0.00;5584;0.00;4194;True;4194.00;0.00;4194;0.00;4194;0.00;4020;True;4020.00;0.00;4020;0.00;4020;0.00;4252;True;4252.00;0.00;4252;0.00;4252;0.00;3877;True;3877.00;0.00;3877;0.00;3877;0.00
30;20;4;3465;True;3465.00;0.00;3465;0.00;3465;0.00;4343;True;4343.00;0.00;4343;0.00;4343;0.00;3164;True;3164.00;0.01;3164;0.01;3164;0.01;3103;True;3103.00;0.00;3103;0.00;3103;0.00;3197;True;3197.00;0.02;3204;0.01;3197;0.01;2922;True;2922.00;0.00;2922;0.00;2922;0.00
30;20;5;4091;True;4091.00;0.00;4091;0.00;4091;0.00;5354;True;5354.00;0.00;5354;0.00;5354;0.00;3772;True;3772.00;0.00;3772;0.00;3772;0.00;3627;True;3627.00;0.00;3627;0.00;3627;0.00;3733;True;3733.00;0.00;3733;0.00;3733;0.00;3448;True;3448.00;0.00;3448;0.00;3448;0.00
30;20;6;4755;True;4755.00;0.00;4755;0.00;4755;0.00;6032;True;6032.00;0.00;6032;0.00;6032;0.00;4226;True;4226.00;0.00;4226;0.00;4226;0.00;4069;True;4069.00;0.00;4069;0.00;4069;0.00;4281;True;4281.00;0.00;4281;0.00;4281;0.00;3959;True;3959.00;0.00;3959;0.00;3959;0.00
30;20;7;4115;True;4115.00;0.00;4115;0.00;4115;0.00;5351;True;5351.00;0.00;5351;0.00;5351;0.00;3851;True;3851.00;0.00;3851;0.00;3851;0.00;3701;True;3701.00;0.00;3701;0.00;3701;0.00;3762;True;3762.00;0.00;3762;0.00;3762;0.00;3505;True;3505.00;0.00;3505;0.00;3505;0.00
30;20;8;3592;True;3592.00;0.00;3592;0.00;3592;0.00;4453;True;4453.00;0.00;4453;0.00;4453;0.00;3396;True;3396.00;0.00;3396;0.00;3396;0.00;3230;True;3230.00;0.00;3230;0.00;3230;0.00;3322;True;3322.00;0.00;3322;0.00;3322;0.00;3052;True;3052.00;0.00;3052;0.00;3052;0.00
30;20;9;3578;True;3578.00;0.03;3578;0.03;3578;0.01;4604;True;4604.00;0.01;4604;0.00;4604;0.01;3238;True;3238.00;0.00;3238;0.01;3238;0.01;3123;True;3123.00;0.01;3123;0.01;3123;0.01;3216;True;3216.00;0.09;3216;0.08;3216;0.01;2996;True;2996.00;0.01;2996;0.01;2996;0.01
30;20;10;3739;True;3739.00;0.00;3739;0.00;3739;0.00;4873;True;4873.00;0.00;4873;0.00;4873;0.00;3611;True;3611.00;0.00;3611;0.00;3611;0.00;3469;True;3469.00;0.00;3469;0.00;3469;0.00;3461;True;3461.00;0.00;3461;0.00;3461;0.00;3218;True;3218.00;0.00;3218;0.00;3218;0.00
30;20;11;4816;True;4816.00;0.00;4816;0.00;4816;0.00;6091;True;6091.00;0.00;6091;0.00;6091;0.00;4126;True;4126.00;0.00;4126;0.00;4126;0.00;3977;True;3977.00;0.00;3977;0.00;3977;0.00;4300;True;4300.00;0.00;4300;0.00;4300;0.00;3850;True;3850.00;0.00;3850;0.00;3850;0.00
30;20;12;5213;True;5213.00;0.00;5213;0.00;5213;0.00;6607;True;6607.00;0.00;6607;0.00;6607;0.00;4855;True;4855.00;0.00;4855;0.00;4855;0.00;4636;True;4636.00;0.00;4636;0.00;4636;0.00;4788;True;4788.00;0.00;4788;0.00;4788;0.00;4399;True;4399.00;0.00;4399;0.00;4399;0.00
30;20;13;4730;True;4730.00;0.00;4730;0.00;4730;0.00;5650;True;5650.00;0.00;5650;0.00;5650;0.00;4221;True;4221.00;0.00;4221;0.00;4221;0.00;4082;True;4082.00;0.00;4082;0.00;4082;0.00;4261;True;4261.00;0.00;4261;0.00;4261;0.00;3873;True;3873.00;0.00;3873;0.00;3873;0.00
30;20;14;4008;True;4008.00;0.00;4008;0.00;4008;0.00;5379;True;5379.00;0.00;5379;0.01;5379;0.00;3995;True;3995.00;0.00;3995;0.00;3995;0.00;3780;True;3780.00;0.00;3780;0.00;3780;0.00;3746;True;3746.00;0.00;3746;0.00;3746;0.00;3536;True;3536.00;0.00;3536;0.00;3536;0.00
30;20;15;3045;True;3045.00;0.01;3045;0.01;3045;0.01;3949;True;3949.00;0.00;3949;0.00;3949;0.00;2888;True;2888.00;0.00;2888;0.00;2888;0.00;2775;True;2775.00;0.00;2775;0.00;2775;0.01;2842;True;2842.00;0.01;2842;0.01;2842;0.01;2614;True;2614.00;0.00;2614;0.01;2614;0.00
30;20;16;4636;True;4636.00;0.00;4636;0.00;4636;0.00;5702;True;5702.00;0.00;5702;0.00;5702;0.00;4207;True;4207.00;0.00;4207;0.00;4207;0.00;4040;True;4040.00;0.00;4040;0.00;4040;0.00;4078;True;4078.00;0.00;4078;0.00;4078;0.00;3751;True;3751.00;0.00;3751;0.00;3751;0.00
30;20;17;4501;True;4501.00;0.00;4501;0.00;4501;0.00;5900;True;5900.00;0.00;5900;0.00;5900;0.00;4376;True;4376.00;0.00;4376;0.00;4376;0.00;4125;True;4125.00;0.00;4125;0.00;4125;0.00;4376;True;4376.00;0.00;4376;0.00;4376;0.00;3885;True;3885.00;0.00;3885;0.00;3885;0.00
30;20;18;4442;True;4442.00;0.01;4442;0.00;4442;0.00;5657;True;5657.00;0.01;5657;0.00;5657;0.00;4027;True;4027.00;0.00;4027;0.00;4027;0.00;3925;True;3925.00;0.01;3925;0.01;3925;0.01;4132;True;4132.00;0.00;4132;0.00;4132;0.00;3729;True;3729.00;0.00;3729;0.00;3729;0.00
30;20;19;3559;True;3559.00;0.00;3559;0.00;3559;0.00;4836;True;4836.00;0.00;4836;0.00;4836;0.00;3407;True;3407.00;0.00;3407;0.01;3407;0.00;3277;True;3277.00;0.00;3277;0.00;3277;0.00;3274;True;3274.00;0.00;3274;0.00;3274;0.00;3072;True;3072.00;0.00;3072;0.00;3072;0.00
30;20;20;5397;True;5397.00;0.00;5397;0.00;5397;0.00;6687;True;6687.00;0.00;6687;0.00;6687;0.00;4985;True;4985.00;0.00;4985;0.00;4985;0.00;4710;True;4710.00;0.00;4710;0.00;4710;0.00;5007;True;5007.00;0.00;5007;0.00;5007;0.00;4505;True;4505.00;0.00;4505;0.00;4505;0.00
30;20;21;3443;True;3443.00;0.03;3443;0.01;3443;0.01;4593;True;4593.00;0.03;4593;0.02;4593;0.01;3429;True;3429.00;0.00;3429;0.00;3429;0.00;3232;True;3232.00;0.00;3232;0.00;3232;0.00;3188;True;3188.00;0.07;3208;0.04;3188;0.02;3023;True;3023.00;0.03;3023;0.02;3023;0.01
30;20;22;3260;True;3260.00;0.00;3260;0.01;3260;0.00;4397;True;4397.00;0.16;4400;0.07;4397;0.05;2998;True;2998.00;0.05;2998;0.02;2998;0.02;2921;True;2921.00;0.37;2921;0.09;2921;0.17;3007;True;3007.00;0.10;3016;0.03;3007;0.02;2799;True;2799.00;0.33;2799;0.05;2799;0.05
30;20;23;4072;True;4072.00;0.00;4072;0.00;4072;0.00;4941;True;4941.00;0.00;4941;0.01;4941;0.00;3651;True;3651.00;0.00;3651;0.00;3651;0.00;3538;True;3538.00;0.00;3538;0.00;3538;0.00;3592;True;3592.00;0.00;3592;0.00;3592;0.00;3423;True;3423.00;0.00;3423;0.00;3423;0.00
30;20;24;4561;True;4561.00;0.00;4561;0.00;4561;0.00;5970;True;5970.00;0.00;5970;0.00;5970;0.00;4118;True;4118.00;0.00;4118;0.00;4118;0.00;4011;True;4011.00;0.00;4011;0.00;4011;0.00;4215;True;4215.00;0.00;4215;0.00;4215;0.00;3801;True;3801.00;0.00;3801;0.00;3801;0.00
30;20;25;3817;True;3817.00;0.07;3817;0.01;3817;0.10;4899;True;4899.00;0.00;4899;0.00;4899;0.00;3399;True;3399.00;0.00;3399;0.00;3399;0.00;3306;True;3306.00;0.00;3306;0.00;3306;0.00;3412;True;3412.00;0.00;3412;0.00;3412;0.00;3176;True;3176.00;0.01;3176;0.01;3176;0.00
30;20;26;3663;True;3663.00;0.00;3663;0.00;3663;0.00;4884;True;4884.00;0.00;4884;0.00;4884;0.00;3475;True;3475.00;0.00;3475;0.00;3475;0.00;3382;True;3382.00;0.00;3382;0.00;3382;0.00;3429;True;3429.00;0.00;3429;0.00;3429;0.00;3186;True;3186.00;0.00;3186;0.00;3186;0.00
30;20;27;4210;True;4210.00;0.00;4210;0.00;4210;0.00;5458;True;5458.00;0.00;5458;0.00;5458;0.00;3665;True;3665.00;0.00;3665;0.00;3665;0.00;3555;True;3555.00;0.00;3555;0.00;3555;0.00;3718;True;3718.00;0.00;3718;0.00;3718;0.00;3340;True;3340.00;0.00;3340;0.00;3340;0.00
30;20;28;3789;True;3789.00;0.00;3789;0.00;3789;0.00;4845;True;4845.00;0.00;4845;0.00;4845;0.00;3552;True;3552.00;0.00;3552;0.00;3552;0.00;3422;True;3422.00;0.00;3422;0.00;3422;0.00;3432;True;3432.00;0.00;3432;0.00;3432;0.00;3251;True;3251.00;0.00;3251;0.00;3251;0.00
30;20;29;3354;True;3354.00;0.00;3354;0.00;3354;0.00;4318;True;4318.00;0.00;4318;0.00;4318;0.00;3083;True;3083.00;0.00;3083;0.00;3083;0.00;2997;True;2997.00;0.00;2997;0.00;2997;0.00;3157;True;3157.00;0.00;3157;0.00;3157;0.00;2836;True;2836.00;0.00;2836;0.00;2836;0.00
30;20;30;3589;True;3589.00;0.00;3589;0.00;3589;0.00;4617;True;4617.00;0.00;4617;0.00;4617;0.00;3163;True;3163.00;0.00;3163;0.00;3163;0.01;3032;True;3032.00;0.00;3032;0.00;3032;0.00;3227;True;3227.00;0.00;3227;0.00;3227;0.00;2897;True;2897.00;0.00;2897;0.00;2897;0.00
30;20;31;4529;True;4529.00;0.00;4529;0.00;4529;0.00;5805;True;5805.00;0.00;5805;0.00;5805;0.00;4131;True;4131.00;0.00;4131;0.00;4131;0.00;3987;True;3987.00;0.00;3987;0.00;3987;0.00;4061;True;4061.00;0.00;4061;0.00;4061;0.00;3799;True;3799.00;0.00;3799;0.00;3799;0.00
30;20;32;4456;True;4456.00;0.00;4456;0.00;4456;0.00;5298;True;5298.00;0.00;5298;0.00;5298;0.00;3781;True;3781.00;0.00;3781;0.00;3781;0.00;3644;True;3644.00;0.00;3644;0.00;3644;0.00;3911;True;3911.00;0.00;3911;0.00;3911;0.00;3475;True;3475.00;0.00;3475;0.00;3475;0.00
30;20;33;4136;True;4136.00;0.00;4136;0.00;4136;0.00;5408;True;5408.00;0.00;5408;0.00;5408;0.00;3938;True;3938.00;0.00;3938;0.00;3938;0.00;3784;True;3784.00;0.00;3784;0.00;3784;0.00;3825;True;3825.00;0.00;3825;0.00;3825;0.00;3521;True;3521.00;0.00;3521;0.00;3521;0.00
30;20;34;4204;True;4204.00;0.00;4204;0.00;4204;0.01;5198;True;5198.00;0.00;5198;0.01;5198;0.00;3780;True;3780.00;0.00;3780;0.00;3780;0.00;3669;True;3669.00;0.00;3669;0.00;3669;0.00;3848;True;3848.00;0.00;3848;0.00;3848;0.00;3499;True;3499.00;0.00;3499;0.00;3499;0.00
30;20;35;5254;True;5254.00;0.00;5254;0.00;5254;0.00;6398;True;6398.00;0.00;6398;0.00;6398;0.00;4594;True;4594.00;0.00;4594;0.00;4594;0.00;4442;True;4442.00;0.00;4442;0.00;4442;0.00;4483;True;4483.00;0.00;4483;0.00;4483;0.00;4187;True;4187.00;0.00;4187;0.00;4187;0.00
30;20;36;4809;True;4809.00;0.00;4809;0.00;4809;0.00;5878;True;5878.00;0.00;5878;0.00;5878;0.00;4262;True;4262.00;0.00;4262;0.00;4262;0.00;4101;True;4101.00;0.00;4101;0.00;4101;0.00;4345;True;4345.00;0.00;4345;0.00;4345;0.00;3925;True;3925.00;0.00;3925;0.00;3925;0.00
30;20;37;4281;True;4281.00;0.01;4281;0.01;4281;0.00;5591;True;5591.00;0.00;5591;0.00;5591;0.00;4132;True;4132.00;0.00;4132;0.00;4132;0.00;3928;True;3928.00;0.00;3928;0.00;3928;0.00;3944;True;3944.00;0.00;3944;0.00;3944;0.00;3725;True;3725.00;0.00;3725;0.00;3725;0.00
30;20;38;4860;True;4860.00;0.00;4860;0.00;4860;0.00;5917;True;5917.00;0.00;5917;0.00;5917;0.00;4176;True;4176.00;0.00;4176;0.00;4176;0.00;4039;True;4039.00;0.00;4039;0.00;4039;0.00;4357;True;4357.00;0.00;4357;0.00;4357;0.00;3914;True;3914.00;0.00;3914;0.00;3914;0.00
30;20;39;4397;True;4397.00;0.00;4397;0.00;4397;0.00;5601;True;5601.00;0.00;5601;0.00;5601;0.00;4277;True;4277.00;0.00;4277;0.00;4277;0.00;4058;True;4058.00;0.00;4058;0.00;4058;0.00;4133;True;4133.00;0.00;4133;0.00;4133;0.00;3840;True;3840.00;0.00;3840;0.00;3840;0.00
30;30;0;7174;True;7174.00;0.00;7174;0.00;7174;0.00;8890;True;8890.00;0.01;8890;0.00;8890;0.01;6251;True;6251.00;0.01;6251;0.00;6251;0.00;6068;True;6068.00;0.00;6068;0.00;6068;0.00;6361;True;6361.00;0.00;6361;0.00;6361;0.01;5782;True;5782.00;0.00;5782;0.01;5782;0.01
30;30;1;6224;True;6224.00;0.00;6224;0.00;6224;0.00;7994;True;7994.00;0.00;7994;0.00;7994;0.00;5680;True;5680.00;0.01;5680;0.01;5680;0.00;5493;True;5493.00;0.01;5493;0.01;5493;0.01;5662;True;5662.00;0.00;5662;0.00;5662;0.00;5195;True;5195.00;0.01;5195;0.01;5195;0.01
30;30;2;8534;True;8534.00;0.00;8534;0.00;8534;0.00;10702;True;10702.00;0.00;10702;0.00;10702;0.00;7683;True;7683.00;0.00;7683;0.00;7683;0.00;7479;True;7479.00;0.00;7479;0.00;7479;0.00;7779;True;7779.00;0.00;7779;0.00;7779;0.00;6996;True;6996.00;0.00;6996;0.01;6996;0.00
30;30;3;5825;True;5825.00;0.00;5825;0.00;5825;0.00;7326;True;7326.00;0.00;7326;0.00;7326;0.00;5150;True;5150.00;0.00;5150;0.00;5150;0.00;5039;True;5039.00;0.00;5039;0.00;5039;0.00;5290;True;5290.00;0.01;5290;0.00;5290;0.00;4854;True;4854.00;0.00;4854;0.00;4854;0.01
30;30;4;5696;True;5696.00;0.00;5696;0.00;5696;0.00;7298;True;7298.00;0.00;7298;0.00;7298;0.00;5172;True;5172.00;0.00;5172;0.00;5172;0.00;5039;True;5039.00;0.02;5039;0.01;5039;0.01;5137;True;5137.00;0.00;5137;0.00;5137;0.00;4789;True;4789.00;0.00;4789;0.01;4789;0.00
30;30;5;5624;True;5624.00;0.04;5624;0.02;5624;0.02;7164;True;7164.00;0.00;7164;0.00;7164;0.00;5107;True;5107.00;0.00;5107;0.00;5107;0.00;4944;True;4944.00;0.00;4944;0.00;4944;0.00;5087;True;5087.00;0.00;5087;0.00;5087;0.01;4719;True;4719.00;0.00;4719;0.01;4719;0.00
30;30;6;6043;True;6043.00;0.00;6043;0.00;6043;0.00;7871;True;7871.00;0.00;7871;0.00;7871;0.00;5473;True;5473.00;0.00;5473;0.00;5473;0.00;5279;True;5279.00;0.00;5279;0.00;5279;0.00;5605;True;5605.00;0.00;5605;0.00;5605;0.00;5023;True;5023.00;0.00;5023;0.01;5023;0.00
30;30;7;6484;True;6484.00;0.00;6484;0.00;6484;0.00;7949;True;7949.00;0.00;7949;0.00;7949;0.00;6000;True;6000.00;0.00;6000;0.00;6000;0.00;5774;True;5774.00;0.00;5774;0.00;5774;0.00;5911;True;5911.00;0.00;5911;0.00;5911;0.00;5457;True;5457.00;0.00;5457;0.00;5457;0.00
30;30;8;5162;True;5162.00;0.00;5162;0.00;5162;0.00;6649;True;6649.00;0.00;6649;0.00;6649;0.00;4589;True;4589.00;0.01;4589;0.01;4589;0.01;4430;True;4430.00;0.01;4430;0.01;4430;0.01;4769;True;4769.00;0.05;4769;0.02;4769;0.01;4255;True;4255.00;0.00;4255;0.01;4255;0.01
30;30;9;6365;True;6365.00;0.00;6365;0.00;6365;0.00;8009;True;8009.00;0.00;8009;0.00;8009;0.00;5806;True;5806.00;0.00;5806;0.00;5806;0.00;5598;True;5598.00;0.00;5598;0.00;5598;0.00;5731;True;5731.00;0.00;5731;0.00;5731;0.00;5299;True;5299.00;0.00;5299;0.00;5299;0.00
30;30;10;6117;True;6117.00;0.01;6117;0.01;6117;0.00;7518;True;7518.00;0.00;7518;0.00;7518;0.00;5710;True;5710.00;0.00;5710;0.00;5710;0.00;5459;True;5459.00;0.00;5459;0.00;5459;0.00;5560;True;5560.00;0.00;5560;0.01;5560;0.00;5188;True;5188.00;0.00;5188;0.01;5188;0.01
30;30;11;5890;True;5890.00;0.00;5890;0.00;5890;0.00;7715;True;7715.00;0.00;7715;0.01;7715;0.01;5213;True;5213.00;0.00;5213;0.00;5213;0.00;5070;True;5070.00;0.00;5070;0.00;5070;0.00;5380;True;5380.00;0.00;5380;0.00;5380;0.00;4865;True;4865.00;0.01;4865;0.01;4865;0.01
30;30;12;5212;True;5212.00;0.04;5212;0.02;5212;0.01;6566;True;6566.00;0.09;6566;0.03;6566;0.02;4654;True;4654.00;0.00;4654;0.00;4654;0.00;4520;True;4520.00;0.01;4520;0.01;4520;0.01;4587;True;4587.00;0.00;4587;0.00;4587;0.01;4309;True;4309.00;0.01;4309;0.01;4309;0.01
30;30;13;7278;True;7278.00;0.00;7278;0.00;7278;0.00;9305;True;9305.00;0.00;9305;0.00;9305;0.00;6488;True;6488.00;0.00;6488;0.00;6488;0.00;6294;True;6294.00;0.00;6294;0.00;6294;0.00;6446;True;6446.00;0.00;6446;0.00;6446;0.00;5956;True;5956.00;0.00;5956;0.00;5956;0.00
30;30;14;6543;True;6543.00;0.00;6543;0.00;6543;0.00;8012;True;8012.00;0.00;8012;0.00;8012;0.00;6041;True;6041.00;0.00;6041;0.00;6041;0.00;5821;True;5821.00;0.00;5821;0.00;5821;0.00;5853;True;5853.00;0.00;5853;0.00;5853;0.00;5447;True;5447.00;0.00;5447;0.01;5447;0.01
30;30;15;6062;True;6062.00;0.01;6062;0.01;6062;0.01;7777;True;7777.00;0.01;7777;0.01;7777;0.01;5618;True;5618.00;0.01;5618;0.00;5618;0.01;5417;True;5417.00;0.01;5417;0.00;5417;0.01;5424;True;5424.00;0.00;5424;0.00;5424;0.00;5035;True;5035.00;0.01;5035;0.01;5035;0.00
30;30;16;6947;True;6947.00;0.01;6947;0.01;6947;0.01;8628;True;8628.00;0.00;8628;0.01;8628;0.00;6168;True;6168.00;0.00;6168;0.00;6168;0.00;5969;True;5969.00;0.00;5969;0.00;5969;0.00;6222;True;6222.00;0.00;6222;0.00;6222;0.00;5676;True;5676.00;0.01;5676;0.01;5676;0.00
30;30;17;5933;True;5933.00;0.00;5933;0.01;5933;0.00;7570;True;7570.00;0.00;7570;0.00;7570;0.00;5588;True;5588.00;0.00;5588;0.00;5588;0.00;5343;True;5343.00;0.01;5343;0.01;5343;0.01;5540;True;5540.00;0.06;5540;0.01;5540;0.02;5074;True;5074.00;0.01;5074;0.01;5074;0.00
30;30;18;5875;True;5875.00;0.00;5875;0.00;5875;0.00;7682;True;7682.00;0.00;7682;0.00;7682;0.00;5394;True;5394.00;0.00;5394;0.00;5394;0.00;5179;True;5179.00;0.00;5179;0.00;5179;0.00;5354;True;5354.00;0.00;5354;0.00;5354;0.00;4893;True;4893.00;0.00;4893;0.01;4893;0.00
30;30;19;7263;True;7263.00;0.00;7263;0.00;7263;0.00;9202;True;9202.00;0.00;9202;0.00;9202;0.00;6367;True;6367.00;0.00;6367;0.00;6367;0.00;6185;True;6185.00;0.00;6185;0.00;6185;0.00;6550;True;6550.00;0.00;6550;0.00;6550;0.00;5902;True;5902.00;0.00;5902;0.00;5902;0.00
30;30;20;6594;True;6594.00;0.00;6594;0.00;6594;0.00;8070;True;8070.00;0.00;8070;0.00;8070;0.00;5910;True;5910.00;0.00;5910;0.00;5910;0.00;5715;True;5715.00;0.00;5715;0.00;5715;0.00;5872;True;5872.00;0.00;5872;0.00;5872;0.00;5449;True;5449.00;0.00;5449;0.01;5449;0.00
30;30;21;6111;True;6111.00;0.00;6111;0.00;6111;0.00;7947;True;7947.00;0.00;7947;0.00;7947;0.00;5433;True;5433.00;0.00;5433;0.00;5433;0.00;5265;True;5265.00;0.00;5265;0.00;5265;0.00;5478;True;5478.00;0.00;5478;0.00;5478;0.00;5050;True;5050.00;0.00;5050;0.01;5050;0.00
30;30;22;6919;True;6919.00;0.00;6919;0.00;6919;0.00;8640;True;8640.00;0.00;8640;0.00;8640;0.00;6300;True;6300.00;0.00;6300;0.00;6300;0.00;6108;True;6108.00;0.00;6108;0.00;6108;0.00;6300;True;6300.00;0.00;6300;0.00;6300;0.00;5746;True;5746.00;0.00;5746;0.00;5746;0.00
30;30;23;5520;True;5520.00;0.04;5520;0.02;5520;0.03;7168;True;7168.00;0.06;7168;0.01;7168;0.02;4883;True;4883.00;0.03;4883;0.01;4883;0.00;4705;True;4705.00;0.00;4705;0.00;4705;0.00;4890;True;4890.00;0.01;4890;0.00;4890;0.00;4501;True;4501.00;0.00;4501;0.00;4501;0.00
30;30;24;5764;True;5764.00;0.01;5764;0.01;5764;0.00;7394;True;7394.00;0.00;7394;0.00;7394;0.00;5487;True;5487.00;0.03;5487;0.01;5487;0.01;5170;True;5170.00;0.00;5170;0.00;5170;0.00;5338;True;5338.00;0.00;5338;0.00;5338;0.00;4951;True;4951.00;0.01;4951;0.01;4951;0.01
30;30;25;4773;True;4773.00;0.01;4773;0.01;4773;0.02;6185;True;6185.00;0.01;6185;0.01;6185;0.01;4536;True;4536.00;0.01;4536;0.01;4536;0.01;4309;True;4309.00;0.01;4309;0.01;4309;0.01;4499;True;4499.00;0.06;4499;0.07;4499;0.02;4031;True;4031.00;0.01;4031;0.01;4031;0.01
30;30;26;6999;True;6999.00;0.00;6999;0.00;6999;0.00;8903;True;8903.00;0.00;8903;0.00;8903;0.00;6088;True;6088.00;0.00;6088;0.00;6088;0.00;5989;True;5989.00;0.00;5989;0.00;5989;0.00;6304;True;6304.00;0.00;6304;0.00;6304;0.00;5725;True;5725.00;0.00;5725;0.00;5725;0.00
30;30;27;6675;True;6675.00;0.00;6675;0.00;6675;0.00;8664;True;8664.00;0.00;8664;0.00;8664;0.00;5908;True;5908.00;0.00;5908;0.00;5908;0.00;5817;True;5817.00;0.00;5817;0.00;5817;0.00;6044;True;6044.00;0.00;6044;0.00;6044;0.00;5534;True;5534.00;0.00;5534;0.00;5534;0.00
30;30;28;6426;True;6426.00;0.00;6426;0.00;6426;0.00;8432;True;8432.00;0.00;8432;0.00;8432;0.00;6080;True;6080.00;0.00;6080;0.00;6080;0.00;5739;True;5739.00;0.00;5739;0.00;5739;0.00;5926;True;5926.00;0.00;5926;0.00;5926;0.00;5426;True;5426.00;0.00;5426;0.00;5426;0.00
30;30;29;6892;True;6892.00;0.00;6892;0.00;6892;0.00;8457;True;8457.00;0.00;8457;0.00;8457;0.00;6050;True;6050.00;0.00;6050;0.00;6050;0.00;5873;True;5873.00;0.00;5873;0.00;5873;0.00;6127;True;6127.00;0.00;6127;0.00;6127;0.00;5565;True;5565.00;0.00;5565;0.00;5565;0.00
30;30;30;5188;True;5188.00;0.01;5188;0.01;5188;0.01;6748;True;6748.00;0.00;6748;0.01;6748;0.00;4814;True;4814.00;0.00;4814;0.01;4814;0.01;4653;True;4653.00;0.01;4653;0.01;4653;0.01;4708;True;4708.00;0.07;4708;0.02;4708;0.01;4390;True;4390.00;0.01;4390;0.01;4390;0.01
30;30;31;6698;True;6698.00;0.00;6698;0.00;6698;0.00;8483;True;8483.00;0.00;8483;0.00;8483;0.00;6198;True;6198.00;0.00;6198;0.00;6198;0.00;5881;True;5881.00;0.00;5881;0.00;5881;0.00;6022;True;6022.00;0.00;6022;0.00;6022;0.00;5574;True;5574.00;0.00;5574;0.01;5574;0.01
30;30;32;5500;True;5500.00;0.01;5500;0.01;5500;0.00;7192;True;7192.00;0.00;7192;0.00;7192;0.00;5099;True;5099.00;0.00;5099;0.00;5099;0.00;4885;True;4885.00;0.00;4885;0.00;4885;0.00;5036;True;5036.00;0.00;5036;0.00;5036;0.00;4641;True;4641.00;0.01;4641;0.01;4641;0.01
30;30;33;6128;True;6128.00;0.00;6128;0.00;6128;0.00;7952;True;7952.00;0.00;7952;0.00;7952;0.00;5555;True;5555.00;0.00;5555;0.00;5555;0.00;5373;True;5373.00;0.00;5373;0.00;5373;0.00;5491;True;5491.00;0.01;5491;0.00;5491;0.01;5106;True;5106.00;0.01;5106;0.00;5106;0.01
30;30;34;5939;True;5939.00;0.00;5939;0.00;5939;0.00;7633;True;7633.00;0.00;7633;0.00;7633;0.00;5612;True;5612.00;0.00;5612;0.00;5612;0.00;5379;True;5379.00;0.00;5379;0.00;5379;0.00;5490;True;5490.00;0.00;5490;0.00;5490;0.00;5065;True;5065.00;0.00;5065;0.01;5065;0.00
30;30;35;6157;True;6157.00;0.00;6157;0.00;6157;0.00;7880;True;7880.00;0.00;7880;0.01;7880;0.00;5759;True;5759.00;0.00;5759;0.01;5759;0.00;5540;True;5540.00;0.00;5540;0.00;5540;0.00;5642;True;5642.00;0.01;5642;0.00;5642;0.00;5205;True;5205.00;0.01;5205;0.01;5205;0.01
30;30;36;4568;True;4568.00;0.01;4568;0.01;4568;0.02;6003;True;6003.00;0.01;6003;0.01;6003;0.02;4278;True;4278.00;0.01;4278;0.00;4278;0.01;4145;True;4145.00;0.01;4145;0.01;4145;0.01;4261;True;4261.00;0.01;4261;0.01;4261;0.03;3868;True;3868.00;0.01;3868;0.01;3868;0.03
30;30;37;6252;True;6252.00;0.00;6252;0.00;6252;0.00;8267;True;8267.00;0.00;8267;0.00;8267;0.00;6002;True;6002.00;0.00;6002;0.00;6002;0.00;5825;True;5825.00;0.00;5825;0.00;5825;0.00;5900;True;5900.00;0.00;5900;0.00;5900;0.00;5468;True;5468.00;0.00;5468;0.01;5468;0.00
30;30;38;6475;True;6475.00;0.00;6475;0.00;6475;0.00;8014;True;8014.00;0.00;8014;0.00;8014;0.00;5809;True;5809.00;0.00;5809;0.00;5809;0.00;5693;True;5693.00;0.00;5693;0.00;5693;0.00;5949;True;5949.00;0.00;5949;0.00;5949;0.00;5491;True;5491.00;0.00;5491;0.01;5491;0.01
30;30;39;5700;True;5700.00;0.06;5700;0.02;5700;0.01;7426;True;7426.00;0.00;7426;0.01;7426;0.00;5544;True;5544.00;0.00;5544;0.01;5544;0.00;5266;True;5266.00;0.00;5266;0.00;5266;0.00;5226;True;5226.00;0.00;5226;0.00;5226;0.00;4913;True;4913.00;0.00;4913;0.01;4913;0.00
30;40;0;7986;True;7986.00;0.00;7986;0.00;7986;0.00;10533;True;10533.00;0.00;10533;0.01;10533;0.00;7389;True;7389.00;0.01;7389;0.00;7389;0.02;7077;True;7077.00;0.00;7077;0.00;7077;0.00;7267;True;7267.00;0.00;7267;0.00;7267;0.00;6721;True;6721.00;0.01;6721;0.01;6721;0.01
30;40;1;6905;True;6905.00;0.00;6905;0.00;6905;0.01;9277;True;9277.00;0.01;9277;0.01;9277;0.01;6581;True;6581.00;0.01;6581;0.01;6581;0.02;6284;True;6284.00;0.01;6284;0.01;6284;0.01;6529;True;6529.00;0.01;6529;0.01;6529;0.01;5908;True;5908.00;0.01;5908;0.02;5908;0.01
30;40;2;8253;True;8253.00;0.00;8253;0.00;8253;0.00;10578;True;10578.00;0.00;10578;0.00;10578;0.00;7363;True;7363.00;0.00;7363;0.00;7363;0.00;7118;True;7118.00;0.00;7118;0.00;7118;0.01;7482;True;7482.00;0.00;7482;0.01;7482;0.00;6780;True;6780.00;0.01;6780;0.01;6780;0.01
30;40;3;10356;True;10356.00;0.00;10356;0.00;10356;0.00;12720;True;12720.00;0.00;12720;0.00;12720;0.00;9333;True;9333.00;0.00;9333;0.00;9333;0.00;9125;True;9125.00;0.00;9125;0.00;9125;0.00;9586;True;9586.00;0.00;9586;0.00;9586;0.00;8686;True;8686.00;0.01;8686;0.01;8686;0.01
30;40;4;8608;True;8608.00;0.00;8608;0.00;8608;0.00;11207;True;11207.00;0.00;11207;0.00;11207;0.00;7844;True;7844.00;0.00;7844;0.00;7844;0.00;7587;True;7587.00;0.01;7587;0.00;7587;0.00;7938;True;7938.00;0.01;7938;0.01;7938;0.01;7141;True;7141.00;0.01;7141;0.01;7141;0.01
30;40;5;7468;True;7468.00;0.00;7468;0.00;7468;0.00;9125;True;9125.00;0.03;9125;0.02;9125;0.01;6693;True;6693.00;0.00;6693;0.00;6693;0.00;6459;True;6459.00;0.01;6459;0.00;6459;0.01;6743;True;6743.00;0.03;6743;0.02;6743;0.01;6174;True;6174.00;0.00;6174;0.01;6174;0.01
30;40;6;8788;True;8788.00;0.00;8788;0.00;8788;0.00;11146;True;11146.00;0.00;11146;0.00;11146;0.00;8201;True;8201.00;0.00;8201;0.00;8201;0.00;7889;True;7889.00;0.00;7889;0.00;7889;0.00;8096;True;8096.00;0.00;8096;0.00;8096;0.00;7395;True;7395.00;0.01;7395;0.01;7395;0.00
30;40;7;8148;True;8148.00;0.00;8148;0.00;8148;0.00;10484;True;10484.00;0.00;10484;0.01;10484;0.01;7568;True;7568.00;0.02;7568;0.02;7568;0.02;7290;True;7290.00;0.00;7290;0.00;7290;0.01;7441;True;7441.00;0.01;7441;0.01;7441;0.01;6895;True;6895.00;0.01;6895;0.01;6895;0.01
30;40;8;8596;True;8596.00;0.00;8596;0.00;8596;0.01;11069;True;11069.00;0.01;11069;0.01;11069;0.01;7760;True;7760.00;0.00;7760;0.00;7760;0.00;7504;True;7504.00;0.00;7504;0.01;7504;0.01;7765;True;7765.00;0.00;7765;0.01;7765;0.00;7136;True;7136.00;0.01;7136;0.01;7136;0.01
30;40;9;8110;True;8110.00;0.01;8110;0.01;8110;0.01;10185;True;10185.00;0.01;10185;0.01;10185;0.03;7334;True;7334.00;0.01;7334;0.01;7334;0.01;7009;True;7009.00;0.00;7009;0.01;7009;0.00;7299;True;7299.00;0.01;7299;0.01;7299;0.01;6690;True;6690.00;0.02;6690;0.02;6690;0.01
30;40;10;9816;True;9816.00;0.00;9816;0.00;9816;0.01;12252;True;12252.00;0.00;12252;0.00;12252;0.00;8773;True;8773.00;0.00;8773;0.00;8773;0.00;8583;True;8583.00;0.01;8583;0.01;8583;0.01;8926;True;8926.00;0.01;8926;0.01;8926;0.01;8214;True;8214.00;0.01;8214;0.01;8214;0.01
30;40;11;8787;True;8787.00;0.00;8787;0.00;8787;0.00;11147;True;11147.00;0.00;11147;0.00;11147;0.00;8020;True;8020.00;0.00;8020;0.00;8020;0.00;7677;True;7677.00;0.01;7677;0.00;7677;0.01;7886;True;7886.00;0.00;7886;0.01;7886;0.00;7280;True;7280.00;0.01;7280;0.01;7280;0.01
30;40;12;6006;True;6006.00;0.69;6006;0.11;6006;0.23;7933;True;7933.00;0.01;7933;0.01;7933;0.01;5458;True;5458.00;0.21;5461;0.03;5458;0.11;5291;True;5291.00;0.01;5291;0.01;5291;0.01;5554;True;5554.00;0.18;5554;0.07;5554;0.05;5120;True;5120.00;0.08;5125;0.07;5120;0.03
30;40;13;7840;True;7840.00;0.00;7840;0.01;7840;0.00;10029;True;10029.00;0.00;10029;0.00;10029;0.00;7213;True;7213.00;0.01;7213;0.01;7213;0.01;6959;True;6959.00;0.01;6959;0.01;6959;0.01;7277;True;7277.00;0.00;7277;0.00;7277;0.01;6657;True;6657.00;0.01;6657;0.01;6657;0.01
30;40;14;6469;True;6469.00;0.01;6469;0.02;6469;0.02;8359;True;8359.00;0.02;8359;0.02;8359;0.03;6078;True;6078.00;0.02;6078;0.01;6078;0.01;5898;True;5898.00;0.01;5898;0.01;5898;0.02;6024;True;6024.00;0.02;6024;0.02;6024;0.02;5584;True;5584.00;0.03;5584;0.03;5584;0.06
30;40;15;6949;True;6949.00;0.01;6949;0.00;6949;0.01;9182;True;9182.00;0.07;9182;0.05;9182;0.03;6510;True;6510.00;0.11;6510;0.08;6510;0.03;6286;True;6286.00;0.21;6286;0.09;6286;0.04;6502;True;6502.00;0.06;6502;0.12;6502;0.02;5956;True;5956.00;0.02;5956;0.03;5956;0.02
30;40;16;9622;True;9622.00;0.00;9622;0.00;9622;0.00;11798;True;11798.00;0.00;11798;0.00;11798;0.00;8759;True;8759.00;0.00;8759;0.00;8759;0.00;8420;True;8420.00;0.01;8420;0.00;8420;0.00;8644;True;8644.00;0.00;8644;0.01;8644;0.00;7981;True;7981.00;0.01;7981;0.01;7981;0.00
30;40;17;9348;True;9348.00;0.00;9348;0.00;9348;0.00;12169;True;12169.00;0.00;12169;0.00;12169;0.00;8385;True;8385.00;0.00;8385;0.01;8385;0.00;8171;True;8171.00;0.00;8171;0.00;8171;0.01;8440;True;8440.00;0.00;8440;0.01;8440;0.00;7738;True;7738.00;0.01;7738;0.01;7738;0.01
30;40;18;6712;True;6712.00;0.01;6712;0.01;6712;0.00;8664;True;8664.00;0.01;8664;0.01;8664;0.01;6072;True;6072.00;0.01;6072;0.01;6072;0.01;5847;True;5847.00;0.11;5847;0.03;5847;0.03;6033;True;6033.00;0.01;6033;0.01;6033;0.00;5591;True;5591.00;0.02;5591;0.02;5591;0.02
30;40;19;7788;True;7788.00;0.00;7788;0.00;7788;0.00;9816;True;9816.00;0.00;9816;0.00;9816;0.00;7495;True;7495.00;0.01;7495;0.01;7495;0.01;7112;True;7112.00;0.04;7112;0.02;7112;0.02;7179;True;7179.00;0.01;7179;0.00;7179;0.01;6641;True;6641.00;0.01;6641;0.01;6641;0.01
30;40;20;7561;True;7561.00;0.00;7561;0.00;7561;0.01;9921;True;9921.00;0.04;9921;0.02;9921;0.01;7109;True;7109.00;0.01;7109;0.01;7109;0.01;6689;True;6689.00;0.01;6689;0.01;6689;0.01;6964;True;6964.00;0.05;6964;0.02;6964;0.02;6453;True;6453.00;0.01;6453;0.01;6453;0.01
30;40;21;7815;True;7815.00;0.03;7815;0.02;7815;0.04;10512;True;10512.00;0.96;10512;0.02;10512;0.42;7486;True;7486.00;0.01;7486;0.01;7486;0.01;7167;True;7167.00;0.02;7167;0.02;7167;0.02;7272;True;7272.00;0.20;7272;0.04;7272;0.05;6794;True;6794.00;0.01;6794;0.02;6794;0.01
30;40;22;7377;True;7377.00;0.00;7377;0.00;7377;0.00;9397;True;9397.00;0.01;9397;0.01;9397;0.01;6617;True;6617.00;0.00;6617;0.00;6617;0.00;6436;True;6436.00;0.01;6436;0.00;6436;0.01;6807;True;6807.00;0.01;6807;0.01;6807;0.00;6131;True;6131.00;0.01;6131;0.01;6131;0.01
30;40;23;7371;True;7371.00;0.15;7371;0.04;7371;0.04;9379;True;9379.00;0.51;9379;0.06;9379;0.18;6548;True;6548.00;0.01;6548;0.01;6548;0.01;6296;True;6296.00;0.01;6296;0.01;6296;0.01;6631;True;6631.00;0.05;6631;0.05;6631;0.02;6106;True;6106.00;0.01;6106;0.02;6106;0.01
30;40;24;6575;True;6575.00;0.07;6575;0.02;6575;0.05;8622;True;8622.00;0.01;8622;0.01;8622;0.01;6339;True;6339.00;0.00;6339;0.01;6339;0.01;6095;True;6095.00;0.01;6095;0.01;6095;0.01;6151;True;6151.00;0.01;6151;0.01;6151;0.02;5702;True;5702.00;0.01;5702;0.02;5702;0.01
30;40;25;8629;True;8629.00;0.00;8629;0.00;8629;0.00;11191;True;11191.00;0.00;11191;0.00;11191;0.00;7863;True;7863.00;0.00;7863;0.00;7863;0.01;7639;True;7639.00;0.00;7639;0.00;7639;0.01;7896;True;7896.00;0.01;7896;0.01;7896;0.01;7210;True;7210.00;0.01;7210;0.01;7210;0.01
30;40;26;7569;True;7569.00;0.00;7569;0.00;7569;0.00;9978;True;9978.00;0.00;9978;0.00;9978;0.00;7299;True;7299.00;0.00;7299;0.00;7299;0.00;6986;True;6986.00;0.00;6986;0.00;6986;0.00;7047;True;7047.00;0.00;7047;0.00;7047;0.00;6667;True;6667.00;0.01;6667;0.01;6667;0.01
30;40;27;6874;True;6874.00;0.10;6874;0.05;6874;0.09;8749;True;8749.00;0.00;8749;0.01;8749;0.01;6363;True;6363.00;0.01;6363;0.01;6363;0.01;6160;True;6160.00;0.05;6160;0.01;6160;0.01;6300;True;6300.00;0.01;6300;0.01;6300;0.01;5881;True;5881.00;0.01;5881;0.01;5881;0.01
30;40;28;7709;True;7709.00;0.78;7709;0.24;7709;0.85;10282;True;10282.00;0.06;10282;0.08;10282;0.08;6745;True;6745.00;0.01;6745;0.01;6745;0.01;6569;True;6569.00;0.01;6569;0.01;6569;0.01;6878;True;6878.00;0.01;6878;0.01;6878;0.00;6266;True;6266.00;0.21;6266;0.08;6266;0.09
30;40;29;7871;True;7871.00;0.00;7871;0.00;7871;0.00;9906;True;9906.00;0.00;9906;0.00;9906;0.00;7305;True;7305.00;0.01;7305;0.01;7305;0.00;6989;True;6989.00;0.01;6989;0.00;6989;0.00;7148;True;7148.00;0.00;7148;0.00;7148;0.00;6693;True;6693.00;0.01;6693;0.01;6693;0.00
30;40;30;7420;True;7420.00;0.00;7420;0.00;7420;0.00;9635;True;9635.00;0.08;9635;0.01;9635;0.01;6828;True;6828.00;0.00;6828;0.00;6828;0.00;6548;True;6548.00;0.00;6548;0.01;6548;0.01;6687;True;6687.00;0.00;6687;0.00;6687;0.01;6141;True;6141.00;0.01;6141;0.01;6141;0.01
30;40;31;6617;True;6617.00;0.00;6617;0.01;6617;0.01;8685;True;8685.00;0.00;8685;0.01;8685;0.00;6143;True;6143.00;0.01;6143;0.01;6143;0.01;5963;True;5963.00;0.01;5963;0.01;5963;0.01;5998;True;5998.00;0.01;5998;0.01;5998;0.01;5535;True;5535.00;0.01;5535;0.02;5535;0.04
30;40;32;7195;True;7195.00;0.00;7195;0.00;7195;0.00;9084;True;9084.00;0.03;9084;0.02;9084;0.01;6752;True;6752.00;0.01;6752;0.01;6752;0.01;6453;True;6453.00;0.01;6453;0.00;6453;0.01;6468;True;6468.00;0.01;6468;0.01;6468;0.00;6066;True;6066.00;0.02;6066;0.02;6066;0.02
30;40;33;8558;True;8558.00;0.00;8558;0.00;8558;0.00;10938;True;10938.00;0.00;10938;0.00;10938;0.00;7723;True;7723.00;0.00;7723;0.00;7723;0.00;7434;True;7434.00;0.00;7434;0.00;7434;0.00;7745;True;7745.00;0.00;7745;0.00;7745;0.01;7109;True;7109.00;0.01;7109;0.01;7109;0.01
30;40;34;7702;True;7702.00;0.25;7702;0.03;7702;0.12;9964;True;9964.00;0.11;9964;0.04;9964;0.06;7248;True;7248.00;0.01;7248;0.01;7248;0.00;6964;True;6964.00;0.01;6964;0.01;6964;0.01;7169;True;7169.00;0.14;7169;0.04;7169;0.05;6596;True;6596.00;0.14;6596;0.04;6596;0.03
30;40;35;7616;True;7616.00;0.00;7616;0.00;7616;0.01;9866;True;9866.00;0.06;9866;0.12;9866;0.05;7069;True;7069.00;0.01;7069;0.01;7069;0.01;6860;True;6860.00;0.01;6860;0.01;6860;0.01;7022;True;7022.00;0.01;7022;0.01;7022;0.01;6557;True;6557.00;0.01;6557;0.02;6557;0.02
30;40;36;8703;True;8703.00;0.01;8703;0.01;8703;0.01;11280;True;11280.00;0.00;11280;0.01;11280;0.00;8080;True;8080.00;0.00;8080;0.00;8080;0.01;7720;True;7720.00;0.01;7720;0.00;7720;0.01;7825;True;7825.00;0.01;7825;0.01;7825;0.01;7207;True;7207.00;0.01;7207;0.01;7207;0.01
30;40;37;7793;True;7793.00;0.00;7793;0.00;7793;0.00;9905;True;9905.00;0.03;9905;0.01;9905;0.01;7216;True;7216.00;0.01;7216;0.00;7216;0.00;6867;True;6867.00;0.00;6867;0.00;6867;0.00;7222;True;7222.00;0.00;7222;0.01;7222;0.00;6589;True;6589.00;0.00;6589;0.01;6589;0.01
30;40;38;7483;True;7483.00;0.12;7488;0.09;7483;0.08;9598;True;9598.00;0.01;9598;0.01;9598;0.01;7088;True;7088.00;0.01;7088;0.01;7088;0.01;6832;True;6832.00;0.08;6832;0.16;6832;0.07;6918;True;6918.00;0.14;6930;0.14;6918;0.09;6446;True;6446.00;0.27;6447;0.49;6446;0.10
30;40;39;9302;True;9302.00;0.00;9302;0.00;9302;0.00;12139;True;12139.00;0.00;12139;0.00;12139;0.00;8666;True;8666.00;0.00;8666;0.00;8666;0.00;8314;True;8314.00;0.00;8314;0.00;8314;0.00;8521;True;8521.00;0.00;8521;0.00;8521;0.00;7858;True;7858.00;0.00;7858;0.00;7858;0.00
30;50;0;9632;True;9632.00;0.01;9632;0.00;9632;0.01;12415;True;12415.00;0.01;12415;0.02;12415;0.01;8615;True;8615.00;0.01;8615;0.01;8615;0.01;8318;True;8318.00;0.01;8318;0.02;8318;0.01;8690;True;8690.00;0.01;8690;0.01;8690;0.01;7915;True;7915.00;0.02;7915;0.02;7915;0.01
30;50;1;10445;True;10445.00;0.00;10445;0.00;10445;0.00;13621;True;13621.00;0.01;13621;0.00;13621;0.01;9837;True;9837.00;0.01;9837;0.01;9837;0.01;9447;True;9447.00;0.01;9447;0.01;9447;0.01;9505;True;9505.00;0.01;9505;0.01;9505;0.00;8800;True;8800.00;0.01;8800;0.01;8800;0.01
30;50;2;8166;True;8166.00;0.73;8166;0.10;8166;0.36;10503;True;10503.00;0.02;10503;0.02;10503;0.02;7685;True;7685.00;0.25;7686;0.09;7685;0.05;7324;True;7324.00;0.02;7324;0.02;7324;0.02;7329;True;7329.00;0.02;7329;0.02;7329;0.02;6948;True;6948.00;0.12;6948;0.06;6948;0.04
30;50;3;9379;True;9379.00;0.00;9379;0.00;9379;0.00;11736;True;11736.00;0.01;11736;0.01;11736;0.01;8473;True;8473.00;0.01;8473;0.01;8473;0.01;8111;True;8111.00;0.01;8111;0.01;8111;0.01;8493;True;8493.00;0.01;8493;0.01;8493;0.01;7847;True;7847.00;0.02;7847;0.01;7847;0.01
30;50;4;8974;True;8974.00;0.02;8974;0.02;8974;0.02;11690;True;11690.00;0.13;11690;0.20;11690;0.05;8692;True;8692.00;0.02;8692;0.02;8692;0.02;8244;True;8244.00;0.01;8244;0.01;8244;0.03;8317;True;8317.00;0.03;8317;0.04;8317;0.07;7795;True;7795.00;0.02;7795;0.03;7795;0.07
30;50;5;10748;True;10748.00;0.00;10748;0.00;10748;0.00;13851;True;13851.00;0.00;13851;0.00;13851;0.00;9896;True;9896.00;0.01;9896;0.01;9896;0.00;9626;True;9626.00;0.01;9626;0.00;9626;0.00;9863;True;9863.00;0.01;9863;0.00;9863;0.00;9085;True;9085.00;0.01;9085;0.01;9085;0.01
30;50;6;10254;True;10254.00;0.00;10254;0.00;10254;0.00;12989;True;12989.00;0.00;12989;0.00;12989;0.00;9427;True;9427.00;0.01;9427;0.00;9427;0.00;9106;True;9106.00;0.01;9106;0.00;9106;0.00;9298;True;9298.00;0.00;9298;0.00;9298;0.01;8634;True;8634.00;0.01;8634;0.01;8634;0.01
30;50;7;11516;True;11516.00;0.00;11516;0.00;11516;0.00;14447;True;14447.00;0.00;14447;0.00;14447;0.00;10557;True;10557.00;0.00;10557;0.00;10557;0.00;10127;True;10127.00;0.00;10127;0.01;10127;0.01;10539;True;10539.00;0.00;10539;0.01;10539;0.00;9685;True;9685.00;0.01;9685;0.01;9685;0.01
30;50;8;10738;True;10738.00;0.00;10738;0.01;10738;0.01;13207;True;13207.00;0.01;13207;0.01;13207;0.01;9589;True;9589.00;0.01;9589;0.01;9589;0.01;9303;True;9303.00;0.01;9303;0.01;9303;0.01;9611;True;9611.00;0.01;9611;0.01;9611;0.01;8862;True;8862.00;0.02;8862;0.02;8862;0.02
30;50;9;10548;True;10548.00;0.00;10548;0.00;10548;0.00;13232;True;13232.00;0.00;13232;0.01;13232;0.00;9959;True;9959.00;0.00;9959;0.00;9959;0.01;9394;True;9394.00;0.01;9394;0.01;9394;0.01;9597;True;9597.00;0.01;9597;0.00;9597;0.00;8842;True;8842.00;0.01;8842;0.01;8842;0.01
30;50;10;9232;True;9232.00;0.16;9232;0.04;9232;0.05;11854;True;11854.00;0.01;11854;0.01;11854;0.01;8684;True;8684.00;0.01;8684;0.01;8684;0.01;8421;True;8421.00;0.37;8423;0.06;8421;0.07;8638;True;8638.00;0.01;8638;0.01;8638;0.01;8046;True;8046.00;0.04;8046;0.04;8046;0.04
30;50;11;10202;True;10202.00;0.00;10202;0.00;10202;0.00;12666;True;12666.00;0.01;12666;0.00;12666;0.01;9232;True;9232.00;0.01;9232;0.01;9232;0.01;8898;True;8898.00;0.01;8898;0.00;8898;0.00;9286;True;9286.00;0.00;9286;0.01;9286;0.00;8454;True;8454.00;0.01;8454;0.01;8454;0.01
30;50;12;9683;True;9683.00;0.06;9683;0.13;9683;0.04;12473;True;12473.00;0.01;12473;0.01;12473;0.01;9252;True;9252.00;0.01;9252;0.01;9252;0.01;8827;True;8827.00;0.01;8827;0.01;8827;0.02;8998;True;8998.00;0.02;8998;0.01;8998;0.02;8428;True;8428.00;0.02;8428;0.02;8428;0.02
30;50;13;10942;True;10942.00;0.00;10942;0.00;10942;0.00;13376;True;13376.00;0.00;13376;0.01;13376;0.01;9200;True;9200.00;0.01;9200;0.01;9200;0.01;8876;True;8876.00;0.01;8876;0.00;8876;0.00;9613;True;9613.00;0.01;9613;0.01;9613;0.01;8642;True;8642.00;0.01;8642;0.01;8642;0.01
30;50;14;9736;True;9736.00;0.01;9736;0.01;9736;0.01;12767;True;12767.00;0.20;12767;0.10;12767;0.05;8833;True;8833.00;0.01;8833;0.01;8833;0.01;8593;True;8593.00;0.01;8593;0.01;8593;0.01;8965;True;8965.00;0.02;8965;0.03;8965;0.02;8225;True;8225.00;0.02;8225;0.02;8225;0.02
30;50;15;11252;True;11252.00;0.00;11252;0.00;11252;0.00;14095;True;14095.00;0.00;14095;0.00;14095;0.00;9794;True;9794.00;0.00;9794;0.00;9794;0.01;9579;True;9579.00;0.00;9579;0.00;9579;0.00;9995;True;9995.00;0.00;9995;0.00;9995;0.00;9107;True;9107.00;0.01;9107;0.01;9107;0.01
30;50;16;11998;True;11998.00;0.00;11998;0.00;11998;0.00;15067;True;15067.00;0.00;15067;0.00;15067;0.01;10276;True;10276.00;0.01;10276;0.00;10276;0.00;10040;True;10040.00;0.00;10040;0.00;10040;0.01;10960;True;10960.00;0.00;10960;0.01;10960;0.01;9587;True;9587.00;0.01;9587;0.01;9587;0.01
30;50;17;10013;True;10013.00;0.01;10013;0.01;10013;0.01;12790;True;12790.00;0.01;12790;0.01;12790;0.01;9135;True;9135.00;0.01;9135;0.01;9135;0.01;8719;True;8719.00;0.01;8719;0.01;8719;0.01;9130;True;9130.00;0.01;9130;0.01;9130;0.01;8236;True;8236.00;0.01;8236;0.02;8236;0.02
30;50;18;10725;True;10725.00;0.00;10725;0.00;10725;0.00;13920;True;13920.00;0.00;13920;0.00;13920;0.01;9631;True;9631.00;0.01;9631;0.01;9631;0.01;9425;True;9425.00;0.01;9425;0.01;9425;0.00;9869;True;9869.00;0.00;9869;0.01;9869;0.00;8964;True;8964.00;0.01;8964;0.01;8964;0.01
30;50;19;10500;True;10500.00;0.00;10500;0.00;10500;0.00;13250;True;13250.00;0.01;13250;0.00;13250;0.00;9713;True;9713.00;0.00;9713;0.00;9713;0.00;9362;True;9362.00;0.01;9362;0.00;9362;0.00;9551;True;9551.00;0.00;9551;0.00;9551;0.00;8796;True;8796.00;0.01;8796;0.01;8796;0.01
30;50;20;9125;True;9125.00;1.10;9125;0.14;9125;1.39;12072;True;12072.00;0.02;12072;0.02;12072;0.02;8531;True;8531.00;0.02;8531;0.02;8531;0.02;8182;True;8182.00;0.16;8182;0.05;8182;0.05;8373;True;8373.00;0.10;8373;0.13;8373;0.06;7749;True;7749.00;0.19;7749;0.19;7749;0.05
30;50;21;9697;True;9697.00;0.01;9697;0.01;9697;0.01;12549;True;12549.00;0.01;12549;0.01;12549;0.02;9036;True;9036.00;0.01;9036;0.01;9036;0.01;8726;True;8726.00;0.01;8726;0.01;8726;0.01;8955;True;8955.00;0.00;8955;0.01;8955;0.01;8361;True;8361.00;0.01;8361;0.01;8361;0.01
30;50;22;10237;True;10237.00;0.00;10237;0.01;10237;0.01;13147;True;13147.00;0.00;13147;0.00;13147;0.01;9274;True;9274.00;0.01;9274;0.01;9274;0.01;8980;True;8980.00;0.01;8980;0.01;8980;0.01;9266;True;9266.00;0.00;9266;0.01;9266;0.01;8514;True;8514.00;0.02;8514;0.02;8514;0.02
30;50;23;11716;True;11716.00;0.00;11716;0.00;11716;0.00;14729;True;14729.00;0.01;14729;0.00;14729;0.00;10427;True;10427.00;0.01;10427;0.00;10427;0.00;10050;True;10050.00;0.01;10050;0.00;10050;0.00;10631;True;10631.00;0.00;10631;0.00;10631;0.00;9696;True;9696.00;0.01;9696;0.01;9696;0.01
30;50;24;9447;True;9447.00;0.03;9447;0.02;9447;0.01;12322;True;12322.00;0.01;12322;0.01;12322;0.01;8705;True;8705.00;0.00;8705;0.01;8705;0.01;8425;True;8425.00;0.01;8425;0.01;8425;0.01;8607;True;8607.00;0.01;8607;0.01;8607;0.01;7993;True;7993.00;0.02;7993;0.02;7993;0.02
30;50;25;8941;True;8941.00;0.22;8941;0.04;8941;0.06;11378;True;11378.00;0.18;11378;0.20;11378;0.05;8618;True;8618.00;0.11;8618;0.08;8618;0.03;8215;True;8215.00;0.01;8215;0.02;8215;0.02;8353;True;8353.00;0.02;8353;0.02;8353;0.02;7808;True;7808.00;0.02;7808;0.02;7808;0.02
30;50;26;10259;True;10259.00;0.04;10259;0.03;10259;0.03;13179;True;13179.00;0.01;13179;0.01;13179;0.01;9209;True;9209.00;0.21;9209;0.07;9209;0.07;8895;True;8895.00;0.74;8895;0.13;8895;0.23;9224;True;9224.00;0.04;9224;0.08;9224;0.02;8485;True;8485.00;0.15;8489;0.07;8485;0.06
30;50;27;9423;True;9423.00;0.45;9425;0.11;9423;0.19;12194;True;12194.00;0.01;12194;0.01;12194;0.01;8872;True;8872.00;0.01;8872;0.01;8872;0.02;8546;True;8546.00;0.09;8546;0.04;8546;0.04;8589;True;8589.00;0.01;8589;0.01;8589;0.01;7942;True;7942.00;0.02;7942;0.02;7942;0.02
30;50;28;10923;True;10923.00;0.00;10923;0.00;10923;0.00;13576;True;13576.00;0.00;13576;0.00;13576;0.00;10002;True;10002.00;0.00;10002;0.00;10002;0.00;9582;True;9582.00;0.00;9582;0.01;9582;0.00;9810;True;9810.00;0.00;9810;0.00;9810;0.00;9105;True;9105.00;0.01;9105;0.01;9105;0.01
30;50;29;10562;True;10562.00;0.00;10562;0.00;10562;0.01;12850;True;12850.00;0.00;12850;0.01;12850;0.01;9208;True;9208.00;0.00;9208;0.00;9208;0.01;8901;True;8901.00;0.01;8901;0.01;8901;0.01;9326;True;9326.00;0.01;9326;0.01;9326;0.01;8439;True;8439.00;0.01;8439;0.01;8439;0.01
30;50;30;9569;True;9569.00;0.02;9569;0.03;9569;0.01;12107;True;12107.00;0.01;12107;0.01;12107;0.01;8942;True;8942.00;0.01;8942;0.01;8942;0.01;8591;True;8591.00;0.01;8591;0.01;8591;0.01;8777;True;8777.00;0.01;8777;0.01;8777;0.01;8088;True;8088.00;0.02;8088;0.02;8088;0.02
30;50;31;11099;True;11099.00;0.00;11099;0.00;11099;0.00;13882;True;13882.00;0.00;13882;0.00;13882;0.00;10143;True;10143.00;0.00;10143;0.01;10143;0.00;9625;True;9625.00;0.00;9625;0.00;9625;0.00;9855;True;9855.00;0.00;9855;0.01;9855;0.00;9159;True;9159.00;0.01;9159;0.01;9159;0.01
30;50;32;10674;True;10674.00;0.01;10674;0.01;10674;0.01;13435;True;13435.00;0.01;13435;0.00;13435;0.01;9991;True;9991.00;0.01;9991;0.01;9991;0.01;9434;True;9434.00;0.01;9434;0.01;9434;0.01;9767;True;9767.00;0.01;9767;0.01;9767;0.01;8931;True;8931.00;0.01;8931;0.01;8931;0.01
30;50;33;9273;True;9273.00;0.01;9273;0.01;9273;0.01;11857;True;11857.00;0.02;11857;0.02;11857;0.03;8646;True;8646.00;0.02;8646;0.02;8646;0.02;8393;True;8393.00;0.02;8393;0.02;8393;0.03;8488;True;8488.00;0.01;8488;0.01;8488;0.01;7794;True;7794.00;0.02;7794;0.03;7794;0.03
30;50;34;9174;True;9174.00;0.02;9174;0.02;9174;0.01;11856;True;11856.00;0.07;11860;0.25;11856;0.02;8352;True;8352.00;0.02;8352;0.01;8352;0.02;8134;True;8134.00;0.20;8134;0.35;8134;0.06;8279;True;8279.00;0.16;8279;0.42;8279;0.04;7610;True;7610.00;0.02;7610;0.02;7610;0.02
30;50;35;9260;True;9260.00;0.03;9260;0.03;9260;0.03;11982;True;11982.00;0.02;11982;0.02;11982;0.02;8852;True;8852.00;0.02;8852;0.02;8852;0.02;8445;True;8445.00;0.01;8445;0.01;8445;0.01;8654;True;8654.00;0.02;8654;0.02;8654;0.02;7987;True;7987.00;0.02;7987;0.03;7987;0.03
30;50;36;10405;True;10405.00;0.00;10405;0.00;10405;0.00;13402;True;13402.00;0.01;13402;0.00;13402;0.00;9553;True;9553.00;0.01;9553;0.01;9553;0.01;9227;True;9227.00;0.00;9227;0.01;9227;0.01;9610;True;9610.00;0.01;9610;0.01;9610;0.01;8720;True;8720.00;0.01;8720;0.01;8720;0.01
30;50;37;10182;True;10182.00;0.01;10182;0.01;10182;0.01;13310;True;13310.00;0.00;13310;0.01;13310;0.01;9466;True;9466.00;0.01;9466;0.01;9466;0.01;9136;True;9136.00;0.01;9136;0.01;9136;0.01;9424;True;9424.00;0.01;9424;0.01;9424;0.00;8647;True;8647.00;0.01;8647;0.01;8647;0.01
30;50;38;9754;True;9754.00;0.01;9754;0.01;9754;0.01;12466;True;12466.00;0.06;12466;0.06;12466;0.02;9140;True;9140.00;0.01;9140;0.00;9140;0.00;8701;True;8701.00;0.01;8701;0.01;8701;0.01;8934;True;8934.00;0.00;8934;0.01;8934;0.01;8255;True;8255.00;0.01;8255;0.02;8255;0.02
30;50;39;9505;True;9505.00;0.01;9505;0.01;9505;0.01;11998;True;11998.00;0.02;11998;0.02;11998;0.02;8747;True;8747.00;0.09;8747;0.02;8747;0.02;8426;True;8426.00;0.01;8426;0.01;8426;0.01;8785;True;8785.00;0.12;8785;0.08;8785;0.02;8063;True;8063.00;0.02;8063;0.02;8063;0.02
30;60;0;13080;True;13080.00;0.01;13080;0.01;13080;0.01;16649;True;16649.00;0.01;16649;0.01;16649;0.01;11990;True;11990.00;0.01;11990;0.01;11990;0.01;11552;True;11552.00;0.01;11552;0.01;11552;0.02;11775;True;11775.00;0.01;11775;0.01;11775;0.01;10879;True;10879.00;0.02;10879;0.02;10879;0.01
30;60;1;12472;True;12472.00;0.01;12472;0.01;12472;0.02;16007;True;16007.00;0.01;16007;0.02;16007;0.01;11353;True;11353.00;0.01;11353;0.00;11353;0.01;10950;True;10950.00;0.01;10950;0.01;10950;0.01;11274;True;11274.00;0.01;11274;0.01;11274;0.01;10501;True;10501.00;0.02;10501;0.02;10501;0.02
30;60;2;11264;True;11264.00;0.01;11264;0.02;11264;0.09;14972;True;14972.00;0.02;14972;0.02;14972;0.02;10208;True;10208.00;0.10;10208;0.05;10208;0.02;9861;True;9861.00;0.19;9865;0.07;9861;0.08;10149;True;10149.00;0.01;10149;0.01;10149;0.01;9365;True;9365.00;0.03;9365;0.03;9365;0.03
30;60;3;12014;True;12014.00;0.01;12014;0.01;12014;0.01;15616;True;15616.00;0.01;15616;0.01;15616;0.01;11045;True;11045.00;0.01;11045;0.01;11045;0.02;10638;True;10638.00;0.02;10638;0.01;10638;0.01;11071;True;11071.00;0.02;11071;0.02;11071;0.02;10143;True;10143.00;0.02;10143;0.02;10143;0.03
30;60;4;11999;True;11999.00;0.01;11999;0.01;11999;0.01;15237;True;15237.00;0.01;15237;0.01;15237;0.01;11166;True;11166.00;0.01;11166;0.01;11166;0.01;10654;True;10654.00;0.01;10654;0.01;10654;0.01;11016;True;11016.00;0.01;11016;0.01;11016;0.01;10071;True;10071.00;0.02;10071;0.02;10071;0.02
30;60;5;10631;True;10631.00;0.03;10631;0.03;10631;0.05;13246;True;13246.00;0.03;13246;0.03;13246;0.03;9651;True;9651.00;0.29;9651;0.14;9651;0.09;9343;True;9343.00;0.45;9343;0.17;9343;0.11;9595;True;9595.00;0.07;9595;0.07;9595;0.08;8955;True;8955.00;0.31;8955;0.22;8955;0.15
30;60;6;10951;True;10951.00;2.07;10954;0.93;10951;3.13;14184;True;14184.00;0.02;14184;0.02;14184;0.02;10154;True;10154.00;0.03;10154;0.02;10154;0.03;9802;True;9802.00;0.22;9802;0.74;9802;0.07;9950;True;9950.00;0.47;9950;0.18;9950;0.18;9224;True;9224.00;0.28;9224;0.58;9224;0.08
30;60;7;11914;True;11914.00;0.01;11914;0.01;11914;0.01;15143;True;15143.00;0.01;15143;0.01;15143;0.01;10500;True;10500.00;0.02;10500;0.02;10500;0.02;10127;True;10127.00;0.01;10127;0.01;10127;0.02;10645;True;10645.00;0.01;10645;0.01;10645;0.01;9712;True;9712.00;0.02;9712;0.02;9712;0.02
30;60;8;13486;True;13486.00;0.00;13486;0.01;13486;0.01;17020;True;17020.00;0.01;17020;0.01;17020;0.01;11947;True;11947.00;0.01;11947;0.01;11947;0.01;11520;True;11520.00;0.01;11520;0.01;11520;0.01;11956;True;11956.00;0.01;11956;0.01;11956;0.01;10889;True;10889.00;0.03;10889;0.03;10889;0.03
30;60;9;10964;True;10964.00;0.02;10964;0.02;10964;0.02;13723;True;13723.00;0.03;13723;0.03;13723;0.03;10174;True;10174.00;0.18;10174;0.13;10174;0.08;9713;True;9713.00;0.08;9713;0.33;9713;0.06;10114;True;10114.00;0.03;10114;0.03;10114;0.03;9187;True;9187.00;0.06;9187;0.05;9187;0.06
30;60;10;15370;True;15370.00;0.00;15370;0.01;15370;0.00;19760;True;19760.00;0.00;19760;0.01;19760;0.00;13725;True;13725.00;0.01;13725;0.00;13725;0.01;13383;True;13383.00;0.01;13383;0.01;13383;0.01;14064;True;14064.00;0.01;14064;0.01;14064;0.00;12704;True;12704.00;0.01;12704;0.01;12704;0.01
30;60;11;10658;True;10658.00;0.48;10658;0.29;10658;0.34;13661;True;13661.00;0.02;13661;0.02;13661;0.02;9670;True;9670.00;0.01;9670;0.01;9670;0.01;9315;True;9315.00;0.01;9315;0.01;9315;0.01;9891;True;9891.00;0.03;9891;0.04;9891;0.03;8919;True;8919.00;0.04;8919;0.03;8919;0.04
30;60;12;11562;True;11562.00;0.01;11562;0.01;11562;0.01;14675;True;14675.00;0.19;14675;0.07;14675;0.07;10454;True;10454.00;0.02;10454;0.01;10454;0.02;10100;True;10100.00;0.02;10100;0.02;10100;0.02;10417;True;10417.00;0.09;10417;0.09;10417;0.10;9566;True;9566.00;0.08;9566;0.07;9566;0.08
30;60;13;11412;True;11412.00;0.01;11412;0.01;11412;0.01;14728;True;14728.00;0.01;14728;0.01;14728;0.01;10738;True;10738.00;0.01;10738;0.01;10738;0.01;10256;True;10256.00;0.01;10256;0.01;10256;0.01;10433;True;10433.00;0.01;10433;0.01;10433;0.01;9750;True;9750.00;0.02;9750;0.02;9750;0.02
30;60;14;9754;True;9754.00;0.41;9754;0.05;9754;0.06;13031;True;13031.00;0.26;13031;0.08;13031;0.08;9312;True;9312.00;0.14;9324;0.15;9312;0.08;8900;True;8900.00;0.19;8900;0.06;8900;0.12;9127;True;9127.00;0.03;9127;0.04;9127;0.03;8379;True;8379.00;0.03;8379;0.03;8379;0.03
30;60;15;11543;True;11543.00;0.01;11543;0.01;11543;0.02;14673;True;14673.00;0.02;14673;0.02;14673;0.03;10965;True;10965.00;0.02;10965;0.02;10965;0.05;10518;True;10518.00;0.01;10518;0.01;10518;0.02;10646;True;10646.00;0.01;10646;0.01;10646;0.01;9887;True;9887.00;0.02;9887;0.02;9887;0.02
30;60;16;11207;True;11207.00;0.10;11207;0.21;11207;0.03;14232;True;14232.00;0.05;14232;0.04;14232;0.04;10452;True;10452.00;0.03;10452;0.03;10452;0.03;10107;True;10107.00;0.12;10107;0.13;10107;0.03;10436;True;10436.00;0.32;10436;0.56;10436;0.07;9542;True;9542.00;0.03;9542;0.03;9542;0.03
30;60;17;10968;True;10968.00;0.01;10968;0.02;10968;0.02;14110;True;14110.00;0.01;14110;0.01;14110;0.01;10247;True;10247.00;0.01;10247;0.01;10247;0.01;9970;True;9970.00;0.01;9970;0.01;9970;0.02;10102;True;10102.00;0.01;10102;0.01;10102;0.01;9378;True;9378.00;0.02;9378;0.02;9378;0.02
30;60;18;11278;True;11278.00;0.01;11278;0.02;11278;0.05;14571;True;14571.00;0.24;14571;0.13;14571;0.12;10171;True;10171.00;0.88;10171;0.38;10171;0.30;9808;True;9808.00;1.73;9808;0.66;9808;1.20;10157;True;10157.00;2.62;10157;0.49;10157;1.47;9255;True;9255.00;0.04;9255;0.03;9255;0.12
30;60;19;10700;True;10700.00;0.02;10700;0.03;10700;0.11;13701;True;13701.00;0.33;13701;0.06;13701;0.11;9767;True;9767.00;0.01;9767;0.02;9767;0.01;9475;True;9475.00;0.02;9475;0.02;9475;0.02;9839;True;9839.00;0.03;9839;0.03;9839;0.04;8997;True;8997.00;0.26;8997;0.13;8997;0.18
30;60;20;13060;True;13060.00;0.00;13060;0.00;13060;0.00;16484;True;16484.00;0.01;16484;0.00;16484;0.01;11705;True;11705.00;0.00;11705;0.00;11705;0.00;11362;True;11362.00;0.01;11362;0.01;11362;0.01;11851;True;11851.00;0.01;11851;0.01;11851;0.01;10652;True;10652.00;0.02;10652;0.01;10652;0.01
30;60;21;11280;True;11280.00;0.02;11280;0.02;11280;0.02;14441;True;14441.00;0.02;14441;0.02;14441;0.03;10581;True;10581.00;0.02;10581;0.02;10581;0.02;10243;True;10243.00;0.02;10243;0.02;10243;0.02;10471;True;10471.00;0.02;10471;0.02;10471;0.01;9752;True;9752.00;0.12;9752;0.35;9752;0.07
30;60;22;12046;True;12046.00;0.00;12046;0.00;12046;0.00;15332;True;15332.00;0.01;15332;0.01;15332;0.01;11101;True;11101.00;0.01;11101;0.01;11101;0.00;10620;True;10620.00;0.01;10620;0.01;10620;0.01;11051;True;11051.00;0.01;11051;0.01;11051;0.01;10052;True;10052.00;0.02;10052;0.01;10052;0.01
30;60;23;13636;True;13636.00;0.00;13636;0.00;13636;0.01;16846;True;16846.00;0.01;16846;0.01;16846;0.01;12114;True;12114.00;0.01;12114;0.01;12114;0.01;11593;True;11593.00;0.01;11593;0.01;11593;0.01;12098;True;12098.00;0.01;12098;0.01;12098;0.00;11077;True;11077.00;0.01;11077;0.02;11077;0.02
30;60;24;12301;True;12301.00;0.00;12301;0.00;12301;0.01;15514;True;15514.00;0.00;15514;0.00;15514;0.00;11428;True;11428.00;0.01;11428;0.01;11428;0.00;10940;True;10940.00;0.01;10940;0.01;10940;0.01;11278;True;11278.00;0.01;11278;0.01;11278;0.00;10385;True;10385.00;0.01;10385;0.01;10385;0.01
30;60;25;11968;True;11968.00;0.02;11968;0.02;11968;0.02;15081;True;15081.00;0.05;15081;0.07;15081;0.03;10656;True;10656.00;0.02;10656;0.02;10656;0.03;10427;True;10427.00;0.02;10427;0.02;10427;0.02;10972;True;10972.00;0.02;10972;0.02;10972;0.02;9979;True;9979.00;0.03;9979;0.03;9979;0.04
30;60;26;13192;True;13192.00;0.00;13192;0.01;13192;0.01;17072;True;17072.00;0.01;17072;0.01;17072;0.01;11877;True;11877.00;0.01;11877;0.01;11877;0.01;11410;True;11410.00;0.01;11410;0.01;11410;0.01;11942;True;11942.00;0.01;11942;0.01;11942;0.01;11031;True;11031.00;0.01;11031;0.02;11031;0.01
30;60;27;10038;True;10038.00;0.71;10038;0.64;10038;0.17;13206;True;13206.00;0.18;13206;0.53;13206;0.05;9457;True;9457.00;0.17;9457;0.71;9457;0.08;9153;True;9153.00;0.30;9153;0.60;9153;0.15;9308;True;9308.00;0.28;9308;0.58;9308;0.09;8647;True;8647.00;0.17;8647;0.59;8647;0.09
30;60;28;10794;True;10794.00;0.01;10794;0.01;10794;0.01;13536;True;13536.00;0.01;13536;0.01;13536;0.01;9761;True;9761.00;0.01;9761;0.02;9761;0.02;9444;True;9444.00;0.01;9444;0.01;9444;0.01;9751;True;9751.00;0.15;9751;0.04;9751;0.04;8972;True;8972.00;0.45;8975;0.09;8972;0.10
30;60;29;11293;False;11270.00;TL;11302;0.07;11293;120.00;14441;True;14441.00;0.02;14441;0.02;14441;0.02;10332;True;10332.00;0.14;10332;0.23;10332;0.10;9874;True;9874.00;0.02;9874;0.03;9874;0.02;10300;True;10300.00;0.02;10300;0.02;10300;0.02;9381;True;9381.00;0.33;9381;0.40;9381;0.12
30;60;30;11297;True;11297.00;1.07;11297;0.35;11297;0.33;14732;True;14732.00;0.03;14732;0.03;14732;0.04;10567;True;10567.00;0.01;10567;0.02;10567;0.02;10127;True;10127.00;0.02;10127;0.02;10127;0.02;10407;True;10407.00;0.71;10407;0.29;10407;0.22;9573;True;9573.00;0.13;9573;0.22;9573;0.13
30;60;31;12506;True;12506.00;0.00;12506;0.00;12506;0.00;15853;True;15853.00;0.01;15853;0.00;15853;0.01;11178;True;11178.00;0.00;11178;0.01;11178;0.01;10718;True;10718.00;0.01;10718;0.01;10718;0.01;11267;True;11267.00;0.01;11267;0.00;11267;0.00;10162;True;10162.00;0.02;10162;0.01;10162;0.01
30;60;32;12434;True;12434.00;0.05;12434;0.06;12434;0.05;15639;True;15639.00;0.03;15639;0.03;15639;0.04;11366;True;11366.00;0.02;11366;0.02;11366;0.02;10895;True;10895.00;0.09;10895;0.04;10895;0.05;11456;True;11456.00;0.05;11456;0.05;11456;0.04;10374;True;10374.00;0.03;10374;0.03;10374;0.03
30;60;33;10126;True;10126.00;0.02;10126;0.02;10126;0.01;13067;True;13067.00;0.03;13067;0.03;13067;0.03;9427;True;9427.00;0.37;9427;0.19;9427;0.18;9088;True;9088.00;0.25;9088;0.15;9088;0.14;9435;True;9435.00;0.03;9435;0.04;9435;0.03;8628;True;8628.00;0.28;8629;0.30;8628;0.10
30;60;34;11164;True;11164.00;0.02;11164;0.02;11164;0.01;14139;True;14139.00;0.01;14139;0.01;14139;0.01;10259;True;10259.00;0.01;10259;0.00;10259;0.01;9922;True;9922.00;0.05;9922;0.03;9922;0.03;10101;True;10101.00;0.01;10101;0.01;10101;0.01;9243;True;9243.00;0.02;9243;0.01;9243;0.02
30;60;35;11340;True;11340.00;0.00;11340;0.01;11340;0.01;14056;True;14056.00;0.01;14056;0.01;14056;0.01;10339;True;10339.00;0.08;10339;0.06;10339;0.04;9888;True;9888.00;0.01;9888;0.01;9888;0.02;10400;True;10400.00;0.01;10400;0.01;10400;0.01;9447;True;9447.00;0.02;9447;0.02;9447;0.02
30;60;36;11461;True;11461.00;0.01;11461;0.02;11461;0.02;14523;True;14523.00;0.04;14523;0.04;14523;0.05;10694;True;10694.00;0.02;10694;0.02;10694;0.02;10188;True;10188.00;0.02;10188;0.03;10188;0.03;10483;True;10483.00;0.02;10483;0.02;10483;0.02;9702;True;9702.00;0.03;9702;0.03;9702;0.03
30;60;37;10623;True;10623.00;0.03;10623;0.03;10623;0.05;14114;True;14114.00;0.01;14114;0.01;14114;0.01;9717;True;9717.00;0.26;9717;0.07;9717;0.10;9366;True;9366.00;0.02;9366;0.02;9366;0.03;9659;True;9659.00;0.02;9659;0.02;9659;0.02;8885;True;8885.00;0.03;8885;0.03;8885;0.07
30;60;38;10794;True;10794.00;0.15;10794;0.06;10794;0.06;14188;True;14188.00;0.11;14189;0.06;14188;0.06;10183;True;10183.00;0.13;10183;0.06;10183;0.13;9774;True;9774.00;0.01;9774;0.02;9774;0.01;9910;True;9910.00;0.01;9910;0.02;9910;0.01;9252;True;9252.00;0.02;9252;0.02;9252;0.02
30;60;39;9785;True;9785.00;0.51;9785;0.65;9785;0.30;12751;True;12751.00;0.44;12751;0.42;12751;0.14;8951;True;8951.00;0.02;8951;0.02;8951;0.12;8613;True;8613.00;0.39;8613;0.24;8613;0.18;8908;True;8908.00;0.04;8908;0.05;8908;0.09;8196;True;8196.00;0.20;8196;0.63;8196;0.13
30;70;0;16922;True;16922.00;0.02;16922;0.00;16922;0.01;20854;True;20854.00;0.02;20854;0.01;20854;0.01;14946;True;14946.00;0.01;14946;0.01;14946;0.01;14434;True;14434.00;0.01;14434;0.01;14434;0.03;15272;True;15272.00;0.01;15272;0.01;15272;0.01;13818;True;13818.00;0.02;13818;0.02;13818;0.02
30;70;1;14128;True;14128.00;0.01;14128;0.01;14128;0.09;18446;True;18446.00;0.01;18446;0.01;18446;0.01;12981;True;12981.00;0.01;12981;0.01;12981;0.01;12457;True;12457.00;0.02;12457;0.01;12457;0.01;12780;True;12780.00;0.01;12780;0.01;12780;0.01;11734;True;11734.00;0.02;11734;0.02;11734;0.02
30;70;2;13807;True;13807.00;1.27;13807;0.58;13807;1.03;17901;True;17901.00;0.04;17901;0.04;17901;0.04;12848;True;12848.00;0.17;12848;0.18;12848;0.08;12335;True;12335.00;0.17;12335;0.11;12335;0.04;12553;True;12553.00;0.17;12553;0.53;12553;0.07;11641;True;11641.00;0.04;11641;0.04;11641;0.04
30;70;3;14453;True;14453.00;0.01;14453;0.01;14453;0.01;18044;True;18044.00;0.01;18044;0.01;18044;0.01;13072;True;13072.00;0.01;13072;0.01;13072;0.01;12472;True;12472.00;0.02;12472;0.02;12472;0.02;13017;True;13017.00;0.01;13017;0.01;13017;0.02;11961;True;11961.00;0.02;11961;0.03;11961;0.02
30;70;4;14429;True;14429.00;0.00;14429;0.00;14429;0.00;18255;True;18255.00;0.01;18255;0.01;18255;0.01;13098;True;13098.00;0.01;13098;0.01;13098;0.01;12506;True;12506.00;0.01;12506;0.01;12506;0.01;13015;True;13015.00;0.01;13015;0.01;13015;0.01;11943;True;11943.00;0.02;11943;0.02;11943;0.02
30;70;5;14347;True;14347.00;0.00;14347;0.01;14347;0.01;17908;True;17908.00;0.01;17908;0.01;17908;0.01;12843;True;12843.00;0.01;12843;0.01;12843;0.01;12410;True;12410.00;0.01;12410;0.02;12410;0.01;12876;True;12876.00;0.01;12876;0.01;12876;0.01;11769;True;11769.00;0.02;11769;0.02;11769;0.02
30;70;6;13695;True;13695.00;0.24;13695;0.13;13695;0.32;17720;True;17720.00;0.03;17720;0.03;17720;0.03;12870;True;12870.00;0.02;12870;0.02;12870;0.03;12196;True;12196.00;0.03;12196;0.03;12196;0.03;12509;True;12509.00;0.20;12509;0.22;12509;0.14;11523;True;11523.00;0.13;11523;0.17;11523;0.06
30;70;7;12962;True;12962.00;0.03;12962;0.03;12962;0.03;17186;True;17186.00;0.22;17186;0.36;17186;0.12;11993;True;11993.00;0.30;11993;0.17;11993;0.13;11669;True;11669.00;0.03;11669;0.03;11669;0.10;11975;True;11975.00;0.04;11975;0.04;11975;0.13;11130;True;11130.00;0.39;11130;0.42;11130;0.17
30;70;8;15543;True;15543.00;0.01;15543;0.01;15543;0.01;20206;True;20206.00;0.01;20206;0.01;20206;0.01;14092;True;14092.00;0.01;14092;0.01;14092;0.01;13516;True;13516.00;0.01;13516;0.01;13516;0.01;14168;True;14168.00;0.01;14168;0.01;14168;0.01;12750;True;12750.00;0.02;12750;0.02;12750;0.02
30;70;9;15130;True;15130.00;0.00;15130;0.00;15130;0.00;19378;True;19378.00;0.01;19378;0.01;19378;0.01;13924;True;13924.00;0.01;13924;0.01;13924;0.01;13459;True;13459.00;0.01;13459;0.01;13459;0.01;13652;True;13652.00;0.01;13652;0.01;13652;0.01;12637;True;12637.00;0.02;12637;0.02;12637;0.02
30;70;10;13893;True;13893.00;0.14;13893;0.07;13893;0.16;17307;True;17307.00;0.24;17307;0.12;17307;0.27;12074;True;12074.00;0.22;12074;0.14;12074;0.20;11709;True;11709.00;0.02;11709;0.02;11709;0.02;12342;True;12342.00;0.90;12342;0.18;12342;1.03;11171;True;11171.00;0.03;11171;0.03;11171;0.03
30;70;11;14283;True;14283.00;0.01;14283;0.01;14283;0.01;17967;True;17967.00;0.01;17967;0.01;17967;0.01;12992;True;12992.00;0.01;12992;0.01;12992;0.02;12522;True;12522.00;0.01;12522;0.01;12522;0.01;12934;True;12934.00;0.01;12934;0.02;12934;0.02;11866;True;11866.00;0.02;11866;0.02;11866;0.02
30;70;12;12945;True;12945.00;0.02;12945;0.02;12945;0.03;16564;True;16564.00;0.04;16564;0.04;16564;0.12;12049;True;12049.00;0.24;12049;0.13;12049;0.06;11577;True;11577.00;0.09;11577;0.09;11577;0.15;11934;True;11934.00;0.01;11934;0.01;11934;0.02;11008;True;11008.00;0.04;11008;0.04;11008;0.05
30;70;13;12690;True;12690.00;0.02;12690;0.02;12690;0.06;16401;True;16401.00;0.02;16401;0.02;16401;0.04;12312;True;12312.00;0.02;12312;0.02;12312;0.03;11725;True;11725.00;0.05;11725;0.05;11725;0.10;11842;True;11842.00;0.13;11842;0.07;11842;0.08;10976;True;10976.00;0.04;10976;0.04;10976;0.04
30;70;14;13755;True;13755.00;0.01;13755;0.01;13755;0.01;17393;True;17393.00;0.01;17393;0.01;17393;0.01;12478;True;12478.00;0.06;12478;0.04;12478;0.03;12014;True;12014.00;0.02;12014;0.02;12014;0.02;12578;True;12578.00;0.01;12578;0.01;12578;0.02;11399;True;11399.00;0.02;11399;0.02;11399;0.02
30;70;15;14262;True;14262.00;0.01;14262;0.01;14262;0.01;18325;True;18325.00;0.01;18325;0.01;18325;0.01;13449;True;13449.00;0.01;13449;0.01;13449;0.01;12861;True;12861.00;0.01;12861;0.01;12861;0.01;13219;True;13219.00;0.01;13219;0.01;13219;0.01;12267;True;12267.00;0.02;12267;0.02;12267;0.03
30;70;16;15607;True;15607.00;0.01;15607;0.01;15607;0.01;19469;True;19469.00;0.01;19469;0.01;19469;0.01;13991;True;13991.00;0.02;13991;0.02;13991;0.02;13469;True;13469.00;0.01;13469;0.01;13469;0.01;13910;True;13910.00;0.01;13910;0.01;13910;0.01;12715;True;12715.00;0.02;12715;0.02;12715;0.02
30;70;17;12245;True;12245.00;0.38;12245;0.18;12245;0.41;15649;True;15649.00;0.03;15649;0.02;15649;0.08;11334;True;11334.00;0.02;11334;0.02;11334;0.02;10929;True;10929.00;0.02;10929;0.02;10929;0.02;11269;True;11269.00;0.04;11269;0.04;11269;0.43;10515;True;10515.00;0.04;10515;0.04;10515;0.06
30;70;18;11943;True;11943.00;0.24;11943;0.16;11943;0.15;15379;True;15379.00;0.21;15379;0.10;15379;0.10;11006;True;11006.00;0.41;11006;0.12;11006;0.17;10709;True;10709.00;0.29;10709;0.08;10709;0.07;10958;True;10958.00;0.05;10958;0.05;10958;0.07;10194;True;10194.00;0.32;10194;0.12;10194;0.16
30;70;19;13757;True;13757.00;0.01;13757;0.01;13757;0.01;17341;True;17341.00;0.01;17341;0.01;17341;0.01;12624;True;12624.00;0.01;12624;0.01;12624;0.01;12290;True;12290.00;0.08;12290;0.03;12290;0.02;12542;True;12542.00;0.01;12542;0.01;12542;0.01;11618;True;11618.00;0.02;11618;0.02;11618;0.02
30;70;20;14334;True;14334.00;0.01;14334;0.01;14334;0.01;18511;True;18511.00;0.02;18511;0.02;18511;0.02;13096;True;13096.00;0.01;13096;0.01;13096;0.01;12661;True;12661.00;0.02;12661;0.02;12661;0.02;12979;True;12979.00;0.04;12979;0.05;12979;0.07;12040;True;12040.00;0.02;12040;0.02;12040;0.03
30;70;21;12053;True;12053.00;0.02;12053;0.02;12053;0.02;15314;True;15314.00;0.04;15314;0.04;15314;0.04;11042;True;11042.00;0.16;11042;0.07;11042;0.09;10579;True;10579.00;0.03;10579;0.04;10579;0.03;11089;True;11089.00;0.21;11089;0.08;11089;0.08;10006;True;10006.00;0.03;10006;0.03;10006;0.03
30;70;22;14436;True;14436.00;0.49;14436;0.17;14436;2.33;19033;True;19033.00;0.10;19033;0.04;19033;0.03;13169;True;13169.00;0.02;13169;0.02;13169;0.02;12640;True;12640.00;0.02;12640;0.02;12640;0.02;13303;True;13303.00;0.03;13303;0.04;13303;0.05;11948;True;11948.00;0.03;11948;0.03;11948;0.03
30;70;23;12827;True;12827.00;0.40;12827;0.13;12827;0.24;16416;True;16416.00;0.01;16416;0.01;16416;0.01;11859;True;11859.00;0.12;11859;0.06;11859;0.08;11432;True;11432.00;0.02;11432;0.02;11432;0.02;11795;True;11795.00;0.12;11795;0.06;11795;0.08;10787;True;10787.00;0.02;10787;0.02;10787;0.02
30;70;24;12733;True;12733.00;0.02;12733;0.02;12733;0.02;16551;True;16551.00;0.05;16551;0.04;16551;0.05;11908;True;11908.00;0.04;11908;0.04;11908;0.05;11518;True;11518.00;0.03;11518;0.04;11518;0.04;11629;True;11629.00;0.09;11629;0.11;11629;0.05;10900;True;10900.00;0.45;10903;0.31;10900;0.17
30;70;25;13517;True;13517.00;0.14;13517;0.06;13517;120.00;16787;True;16787.00;0.03;16787;0.03;16787;0.03;12154;True;12154.00;0.04;12154;0.04;12154;0.05;11661;True;11661.00;0.04;11661;0.04;11661;0.05;12154;True;12154.00;0.02;12154;0.02;12154;0.03;11159;True;11159.00;0.04;11159;0.04;11159;0.05
30;70;26;13561;True;13561.00;0.02;13561;0.02;13561;0.02;17358;True;17358.00;0.02;17358;0.02;17358;0.02;12587;True;12587.00;0.09;12589;0.04;12587;0.05;11999;True;11999.00;0.02;11999;0.03;11999;0.03;12353;True;12353.00;0.01;12353;0.01;12353;0.02;11394;True;11394.00;0.03;11394;0.03;11394;0.03
30;70;27;12649;True;12649.00;0.03;12649;0.03;12649;0.03;15906;True;15906.00;0.02;15906;0.01;15906;0.02;12051;True;12051.00;0.03;12051;0.02;12051;0.03;11451;True;11451.00;0.02;11451;0.02;11451;0.03;11666;True;11666.00;0.11;11666;0.05;11666;0.06;10850;True;10850.00;0.48;10850;0.10;10850;0.12
30;70;28;11939;True;11939.00;0.03;11939;0.04;11939;0.07;15275;True;15275.00;0.03;15275;0.02;15275;0.03;11098;True;11098.00;0.04;11098;0.04;11098;0.05;10703;True;10703.00;0.34;10703;0.11;10703;0.19;11097;True;11097.00;0.16;11097;0.08;11097;0.09;10212;True;10212.00;0.23;10212;0.09;10212;0.11
30;70;29;12041;True;12041.00;0.39;12041;0.30;12041;0.23;15189;True;15189.00;2.90;15189;0.60;15189;0.71;11581;True;11581.00;0.57;11581;0.54;11581;0.26;11053;True;11053.00;0.85;11053;0.58;11053;0.30;11221;True;11221.00;3.22;11222;0.43;11221;10.71;10495;True;10495.00;6.81;10496;0.73;10495;14.54
30;70;30;16005;True;16005.00;0.00;16005;0.00;16005;0.01;19914;True;19914.00;0.01;19914;0.01;19914;0.01;14073;True;14073.00;0.01;14073;0.01;14073;0.01;13654;True;13654.00;0.01;13654;0.01;13654;0.01;14394;True;14394.00;0.01;14394;0.01;14394;0.01;13132;True;13132.00;0.01;13132;0.01;13132;0.01
30;70;31;13833;True;13833.00;0.01;13833;0.01;13833;0.01;18095;True;18095.00;0.01;18095;0.01;18095;0.01;12931;True;12931.00;0.01;12931;0.01;12931;0.01;12423;True;12423.00;0.05;12423;0.04;12423;0.02;12856;True;12856.00;0.01;12856;0.02;12856;0.02;11745;True;11745.00;0.02;11745;0.02;11745;0.02
30;70;32;12510;True;12510.00;0.02;12510;0.02;12510;0.02;16395;True;16395.00;0.04;16395;0.04;16395;0.04;11433;True;11433.00;0.10;11448;0.11;11433;0.05;11127;True;11127.00;0.04;11127;0.04;11127;0.05;11548;True;11548.00;0.25;11548;0.15;11548;0.10;10607;True;10607.00;0.05;10607;0.05;10607;0.05
30;70;33;11812;True;11812.00;0.41;11812;0.18;11812;0.42;15548;True;15548.00;0.48;15548;0.56;15548;0.10;11164;True;11164.00;0.17;11164;0.12;11164;0.18;10712;True;10712.00;0.38;10712;0.27;10712;0.18;10833;True;10833.00;0.43;10833;0.16;10833;0.23;10082;True;10082.00;0.06;10082;0.06;10082;0.10
30;70;34;13658;True;13658.00;0.00;13658;0.00;13658;0.00;17810;True;17810.00;0.02;17810;0.02;17810;0.02;12663;True;12663.00;0.10;12663;0.03;12663;0.04;12210;True;12210.00;0.01;12210;0.01;12210;0.01;12642;True;12642.00;0.01;12642;0.01;12642;0.02;11656;True;11656.00;0.02;11656;0.02;11656;0.03
30;70;35;12991;True;12991.00;0.03;12991;0.03;12991;0.04;16893;True;16893.00;0.01;16893;0.01;16893;0.01;12393;True;12393.00;0.03;12393;0.03;12393;0.03;11783;True;11783.00;0.03;11783;0.03;11783;0.03;11862;True;11862.00;0.03;11862;0.03;11862;0.04;11140;True;11140.00;0.23;11140;0.09;11140;0.08
30;70;36;16238;True;16238.00;0.01;16238;0.00;16238;0.01;20302;True;20302.00;0.01;20302;0.00;20302;0.01;14700;True;14700.00;0.01;14700;0.01;14700;0.01;13945;True;13945.00;0.01;13945;0.01;13945;0.01;14548;True;14548.00;0.01;14548;0.01;14548;0.01;13147;True;13147.00;0.02;13147;0.02;13147;0.02
30;70;37;12927;True;12927.00;11.42;12927;0.46;12927;37.20;16950;True;16950.00;0.03;16950;0.03;16950;0.03;11908;True;11908.00;0.12;11908;0.11;11908;0.07;11478;True;11478.00;0.04;11478;0.04;11478;0.05;11752;True;11752.00;1.78;11752;0.68;11752;0.51;10828;True;10828.00;0.03;10828;0.03;10828;0.04
30;70;38;13254;True;13254.00;0.01;13254;0.01;13254;0.01;17164;True;17164.00;0.02;17164;0.02;17164;0.02;12753;True;12753.00;0.02;12753;0.02;12753;0.03;12087;True;12087.00;0.01;12087;0.01;12087;0.02;12169;True;12169.00;0.01;12169;0.02;12169;0.02;11395;True;11395.00;0.02;11395;0.02;11395;0.03
30;70;39;12615;True;12615.00;0.02;12615;0.02;12615;0.02;16325;True;16325.00;0.77;16325;0.83;16325;0.56;11840;True;11840.00;0.03;11840;0.03;11840;0.05;11376;True;11376.00;0.04;11376;0.04;11376;0.05;11539;True;11539.00;0.03;11539;0.04;11539;0.05;10721;True;10721.00;0.04;10721;0.05;10721;0.05
30;80;0;17514;True;17514.00;0.01;17514;0.01;17514;0.01;21677;True;21677.00;0.01;21677;0.02;21677;0.01;15529;True;15529.00;0.02;15529;0.01;15529;0.01;14917;True;14917.00;0.03;14917;0.02;14917;0.02;15692;True;15692.00;0.01;15692;0.01;15692;0.01;14342;True;14342.00;0.02;14342;0.03;14342;0.02
30;80;1;15709;True;15709.00;0.01;15709;0.01;15709;0.01;20298;True;20298.00;0.02;20298;0.02;20298;0.02;14433;True;14433.00;0.02;14433;0.02;14433;0.02;13956;True;13956.00;0.02;13956;0.03;13956;0.02;14046;True;14046.00;0.02;14046;0.02;14046;0.02;13152;True;13152.00;0.03;13152;0.03;13152;0.03
30;80;2;14711;True;14711.00;0.57;14711;0.68;14711;0.49;18574;True;18574.00;0.05;18574;0.05;18574;0.06;13400;True;13400.00;0.05;13400;0.07;13400;0.14;12792;True;12792.00;0.04;12792;0.04;12792;0.12;13374;True;13374.00;0.40;13374;0.99;13374;0.23;12206;True;12206.00;0.44;12206;0.21;12206;0.18
30;80;3;15894;True;15894.00;0.01;15894;0.01;15894;0.01;20358;True;20358.00;0.01;20358;0.02;20358;0.01;14188;True;14188.00;0.05;14188;0.06;14188;0.05;13610;True;13610.00;0.03;13610;0.04;13610;0.03;14300;True;14300.00;0.02;14300;0.02;14300;0.03;12965;True;12965.00;0.03;12965;0.03;12965;0.04
30;80;4;18323;True;18323.00;0.01;18323;0.01;18323;0.01;23240;True;23240.00;0.01;23240;0.01;23240;0.01;16606;True;16606.00;0.01;16606;0.01;16606;0.01;15927;True;15927.00;0.02;15927;0.02;15927;0.02;16549;True;16549.00;0.01;16549;0.01;16549;0.01;15182;True;15182.00;0.02;15182;0.02;15182;0.02
30;80;5;16806;True;16806.00;0.00;16806;0.01;16806;0.01;21270;True;21270.00;0.02;21270;0.02;21270;0.02;15102;True;15102.00;0.02;15102;0.02;15102;0.02;14723;True;14723.00;0.02;14723;0.03;14723;0.02;15463;True;15463.00;0.02;15463;0.01;15463;0.01;13751;True;13751.00;0.03;13751;0.03;13751;0.03
30;80;6;15017;True;15017.00;0.02;15017;0.03;15017;0.04;19462;True;19462.00;0.03;19462;0.03;19462;0.06;13973;True;13973.00;0.03;13973;0.04;13973;0.08;13457;True;13457.00;0.03;13457;0.04;13457;0.03;13581;True;13581.00;0.04;13581;0.04;13581;0.04;12667;True;12667.00;0.03;12667;0.03;12667;0.04
30;80;7;14373;True;14373.00;0.18;14373;0.08;14373;0.09;18550;True;18550.00;0.02;18550;0.02;18550;0.02;13329;True;13329.00;0.03;13329;0.04;13329;0.03;12903;True;12903.00;0.02;12903;0.03;12903;0.02;13282;True;13282.00;0.39;13282;0.15;13282;0.16;12242;True;12242.00;0.04;12242;0.04;12242;0.05
30;80;8;14190;True;14190.00;0.48;14190;0.11;14190;0.93;18628;True;18628.00;0.59;18628;0.09;18628;0.19;13564;True;13564.00;0.04;13564;0.05;13564;0.04;12979;True;12979.00;0.40;12979;0.11;12979;0.13;13187;True;13187.00;0.27;13187;0.09;13187;0.12;12389;True;12389.00;0.05;12389;0.05;12389;0.06
30;80;9;14220;True;14220.00;0.34;14220;0.44;14220;0.22;18255;True;18255.00;0.36;18255;0.32;18255;0.13;13140;True;13140.00;0.09;13140;0.10;13140;0.07;12608;True;12608.00;0.28;12608;0.51;12608;0.12;13095;True;13095.00;0.59;13095;0.72;13095;0.18;11968;True;11968.00;0.98;11968;0.44;11968;0.38
30;80;10;15023;True;15023.00;0.04;15023;0.04;15023;0.12;19511;True;19511.00;0.88;19515;0.43;19511;0.20;13908;True;13908.00;0.22;13908;0.21;13908;0.09;13359;True;13359.00;0.04;13359;0.05;13359;0.05;13623;True;13623.00;0.03;13623;0.03;13623;0.05;12710;True;12710.00;0.17;12710;0.15;12710;0.14
30;80;11;15515;True;15515.00;0.17;15515;0.34;15515;48.90;20233;True;20233.00;0.22;20233;0.06;20233;0.08;14211;True;14211.00;0.03;14211;0.04;14211;0.06;13672;True;13672.00;0.02;13672;0.03;13672;0.03;14217;True;14217.00;0.02;14217;0.02;14217;0.02;13013;True;13013.00;0.03;13013;0.04;13013;0.03
30;80;12;15946;True;15946.00;0.02;15946;0.02;15946;0.02;20826;True;20826.00;0.02;20826;0.02;20826;0.03;14771;True;14771.00;0.02;14771;0.02;14771;0.02;14325;True;14325.00;0.01;14325;0.02;14325;0.02;14880;True;14880.00;0.02;14880;0.02;14880;0.02;13613;True;13613.00;0.02;13613;0.03;13613;0.02
30;80;13;16151;True;16151.00;0.01;16151;0.01;16151;0.02;20093;True;20093.00;0.02;20093;0.02;20093;0.02;14486;True;14486.00;0.05;14486;0.05;14486;0.05;14083;True;14083.00;0.04;14083;0.06;14083;0.06;14831;True;14831.00;0.02;14831;0.02;14831;0.03;13411;True;13411.00;0.05;13411;0.05;13411;0.04
30;80;14;15420;True;15420.00;0.02;15420;0.01;15420;0.02;19302;True;19302.00;0.02;19302;0.03;19302;0.03;14382;True;14382.00;0.03;14382;0.02;14382;0.02;13804;True;13804.00;0.02;13804;0.04;13804;0.04;14132;True;14132.00;0.02;14132;0.02;14132;0.01;13050;True;13050.00;0.03;13050;0.04;13050;0.09
30;80;15;15635;True;15635.00;0.02;15635;0.02;15635;0.05;20029;True;20029.00;0.03;20029;0.03;20029;0.03;14632;True;14632.00;0.07;14632;0.07;14632;0.07;14085;True;14085.00;0.20;14085;0.13;14085;0.16;14303;True;14303.00;0.04;14303;0.04;14303;0.05;13312;True;13312.00;0.12;13312;0.12;13312;0.12
30;80;16;13843;False;13835.00;TL;13843;0.73;13843;120.00;18123;True;18123.00;2.14;18123;0.73;18123;5.35;13161;True;13161.00;0.85;13163;0.33;13161;0.29;12599;True;12599.00;0.69;12599;0.74;12599;0.41;12678;True;12678.00;32.16;12678;1.31;12678;61.66;11834;True;11834.00;0.56;11834;0.96;11834;0.33
30;80;17;15176;True;15176.00;0.03;15176;0.03;15176;0.07;19065;True;19065.00;0.03;19065;0.02;19065;0.06;13960;True;13960.00;0.20;13960;0.13;13960;0.15;13434;True;13434.00;0.14;13435;0.09;13434;0.07;13884;True;13884.00;0.46;13885;0.06;13884;0.09;12767;True;12767.00;0.03;12767;0.03;12767;0.03
30;80;18;14196;True;14196.00;0.21;14196;0.24;14196;0.39;18704;True;18704.00;0.02;18704;0.02;18704;0.03;13780;True;13780.00;0.03;13780;0.03;13780;0.06;13117;True;13117.00;0.02;13117;0.03;13117;0.03;13288;True;13288.00;0.19;13288;0.28;13288;0.09;12427;True;12427.00;0.04;12427;0.05;12427;0.09
30;80;19;16248;True;16248.00;0.00;16248;0.01;16248;0.01;20161;True;20161.00;0.02;20161;0.02;20161;0.03;14375;True;14375.00;0.01;14375;0.01;14375;0.01;13858;True;13858.00;0.01;13858;0.02;13858;0.02;14617;True;14617.00;0.01;14617;0.01;14617;0.01;13192;True;13192.00;0.06;13192;0.04;13192;0.03
30;80;20;16508;True;16508.00;0.01;16508;0.01;16508;0.02;21893;True;21893.00;0.01;21893;0.01;21893;0.01;15430;True;15430.00;0.02;15430;0.02;15430;0.02;14798;True;14798.00;0.02;14798;0.03;14798;0.03;15203;True;15203.00;0.01;15203;0.01;15203;0.01;13883;True;13883.00;0.02;13883;0.02;13883;0.02
30;80;21;17156;True;17156.00;0.01;17156;0.01;17156;0.01;21972;True;21972.00;0.01;21972;0.01;21972;0.02;15328;True;15328.00;0.01;15328;0.01;15328;0.01;14814;True;14814.00;0.02;14814;0.02;14814;0.02;15418;True;15418.00;0.01;15418;0.01;15418;0.01;14050;True;14050.00;0.02;14050;0.02;14050;0.02
30;80;22;14192;True;14192.00;0.05;14192;0.05;14192;0.06;18267;True;18267.00;1.05;18267;0.19;18267;0.54;13130;True;13130.00;0.11;13130;0.11;13130;0.12;12592;True;12592.00;0.03;12592;0.03;12592;0.04;12940;True;12940.00;0.03;12940;0.03;12940;0.03;11836;True;11836.00;0.19;11836;0.10;11836;0.11
30;80;23;15799;True;15799.00;0.01;15799;0.01;15799;0.01;20590;True;20590.00;0.01;20590;0.01;20590;0.01;14936;True;14936.00;0.03;14936;0.02;14936;0.03;14258;True;14258.00;0.02;14258;0.02;14258;0.03;14691;True;14691.00;0.02;14691;0.02;14691;0.02;13397;True;13397.00;0.03;13397;0.03;13397;0.02
30;80;24;17698;True;17698.00;0.01;17698;0.01;17698;0.00;22031;True;22031.00;0.01;22031;0.01;22031;0.01;15565;True;15565.00;0.01;15565;0.01;15565;0.01;15096;True;15096.00;0.01;15096;0.01;15096;0.01;15879;True;15879.00;0.01;15879;0.01;15879;0.01;14388;True;14388.00;0.02;14388;0.01;14388;0.02
30;80;25;15012;True;15012.00;1.22;15012;0.74;15012;1.50;19916;True;19916.00;0.02;19916;0.03;19916;0.02;13925;True;13925.00;0.05;13925;0.05;13925;0.10;13491;True;13491.00;0.07;13491;0.09;13491;0.16;13883;True;13883.00;0.03;13883;0.03;13883;0.10;12765;True;12765.00;0.25;12765;0.09;12765;0.10
30;80;26;13327;True;13327.00;0.43;13327;0.31;13327;0.39;17197;True;17197.00;0.06;17197;0.06;17197;0.17;12622;True;12622.00;0.32;12622;0.21;12622;0.11;12162;True;12162.00;0.69;12163;0.73;12162;0.38;12432;True;12432.00;0.04;12432;0.03;12432;0.23;11505;True;11505.00;0.54;11509;0.21;11505;0.12
30;80;27;16188;True;16188.00;0.01;16188;0.00;16188;0.01;20604;True;20604.00;0.06;20604;0.03;20604;0.03;14660;True;14660.00;0.02;14660;0.02;14660;0.02;14192;True;14192.00;0.01;14192;0.01;14192;0.02;14870;True;14870.00;0.01;14870;0.01;14870;0.01;13623;True;13623.00;0.02;13623;0.02;13623;0.02
30;80;28;16172;True;16172.00;0.01;16172;0.01;16172;0.02;20727;True;20727.00;0.03;20727;0.03;20727;0.02;14811;True;14811.00;0.02;14811;0.02;14811;0.02;14177;True;14177.00;0.02;14177;0.02;14177;0.02;14534;True;14534.00;0.02;14534;0.02;14534;0.02;13386;True;13386.00;0.03;13386;0.03;13386;0.03
30;80;29;17251;True;17251.00;0.01;17251;0.01;17251;0.01;22233;True;22233.00;0.01;22233;0.01;22233;0.01;15544;True;15544.00;0.01;15544;0.01;15544;0.01;14953;True;14953.00;0.01;14953;0.01;14953;0.01;15540;True;15540.00;0.01;15540;0.01;15540;0.01;14146;True;14146.00;0.02;14146;0.02;14146;0.02
30;80;30;15021;True;15021.00;0.15;15021;0.09;15021;0.11;19216;True;19216.00;0.27;19217;0.16;19216;0.14;13963;True;13963.00;0.02;13963;0.02;13963;0.02;13349;True;13349.00;0.03;13349;0.03;13349;0.03;13844;True;13844.00;0.05;13844;0.05;13844;0.05;12703;True;12703.00;0.32;12703;0.07;12703;0.08
30;80;31;14727;True;14727.00;0.01;14727;0.01;14727;0.01;18819;True;18819.00;0.09;18819;0.04;18819;0.04;13599;True;13599.00;0.02;13599;0.02;13599;0.02;13133;True;13133.00;0.02;13133;0.02;13133;0.02;13341;True;13341.00;0.09;13341;0.03;13341;0.03;12382;True;12382.00;0.05;12382;0.05;12382;0.04
30;80;32;16581;True;16581.00;0.01;16581;0.01;16581;0.01;20908;True;20908.00;0.01;20908;0.01;20908;0.01;14865;True;14865.00;0.02;14865;0.02;14865;0.02;14320;True;14320.00;0.01;14320;0.02;14320;0.02;14779;True;14779.00;0.02;14779;0.02;14779;0.02;13589;True;13589.00;0.03;13589;0.03;13589;0.03
30;80;33;14040;True;14040.00;0.60;14040;0.89;14040;0.30;17688;True;17688.00;0.16;17688;0.20;17688;0.07;12906;True;12906.00;0.07;12906;0.07;12906;0.09;12484;True;12484.00;0.07;12484;0.08;12484;0.08;12930;True;12930.00;1.15;12930;0.52;12930;0.23;11893;True;11893.00;0.48;11893;0.65;11893;0.22
30;80;34;16362;True;16362.00;0.01;16362;0.01;16362;0.01;20909;True;20909.00;0.01;20909;0.01;20909;0.01;14814;True;14814.00;0.01;14814;0.01;14814;0.02;14330;True;14330.00;0.01;14330;0.02;14330;0.02;14848;True;14848.00;0.01;14848;0.02;14848;0.01;13659;True;13659.00;0.02;13659;0.02;13659;0.02
30;80;35;14838;True;14838.00;0.21;14838;0.52;14838;0.14;18548;True;18548.00;0.36;18554;0.53;18548;0.20;12884;True;12884.00;0.35;12884;0.58;12884;0.12;12503;True;12503.00;0.21;12503;0.49;12503;0.12;13246;True;13246.00;2.96;13246;0.46;13246;26.49;11948;True;11948.00;0.27;11948;0.51;11948;0.22
30;80;36;16982;True;16982.00;0.01;16982;0.01;16982;0.01;21318;True;21318.00;0.01;21318;0.01;21318;0.01;15144;True;15144.00;0.01;15144;0.01;15144;0.02;14569;True;14569.00;0.02;14569;0.02;14569;0.01;15281;True;15281.00;0.01;15281;0.02;15281;0.01;13801;True;13801.00;0.02;13801;0.02;13801;0.02
30;80;37;15313;True;15313.00;0.01;15313;0.01;15313;0.04;19735;True;19735.00;0.03;19735;0.03;19735;0.03;14082;True;14082.00;0.03;14082;0.03;14082;0.05;13448;True;13448.00;0.03;13448;0.03;13448;0.04;13789;True;13789.00;0.03;13789;0.03;13789;0.04;12847;True;12847.00;0.04;12847;0.05;12847;0.09
30;80;38;16957;True;16957.00;0.01;16957;0.01;16957;0.01;21764;True;21764.00;0.01;21764;0.01;21764;0.02;15510;True;15510.00;0.02;15510;0.02;15510;0.02;14897;True;14897.00;0.02;14897;0.02;14897;0.02;15548;True;15548.00;0.01;15548;0.02;15548;0.02;14045;True;14045.00;0.02;14045;0.02;14045;0.02
30;80;39;14425;True;14425.00;1.49;14425;0.54;14425;18.01;18749;True;18749.00;1.15;18749;0.69;18749;0.76;13432;True;13432.00;0.04;13432;0.04;13432;0.05;12948;True;12948.00;0.04;12948;0.04;12948;0.04;13262;True;13262.00;0.05;13262;0.04;13262;0.06;12300;True;12300.00;0.29;12300;0.54;12300;0.15
30;90;0;17124;True;17124.00;0.37;17131;0.21;17124;0.27;21638;True;21638.00;0.05;21638;0.04;21638;0.14;16305;True;16305.00;0.05;16305;0.04;16305;0.07;15475;True;15475.00;0.07;15475;0.09;15475;0.10;15899;True;15899.00;0.31;15899;0.19;15899;0.18;14608;True;14608.00;0.05;14608;0.04;14608;0.04
30;90;1;16967;True;16967.00;0.04;16967;0.05;16967;0.04;22108;True;22108.00;0.03;22108;0.03;22108;0.05;15733;True;15733.00;0.07;15733;0.07;15733;0.07;15103;True;15103.00;0.05;15103;0.07;15103;0.07;15482;True;15482.00;0.04;15482;0.04;15482;0.04;14214;True;14214.00;0.05;14214;0.05;14214;0.05
30;90;2;17031;True;17031.00;0.02;17031;0.02;17031;0.02;21868;True;21868.00;0.20;21868;0.15;21868;0.13;15507;True;15507.00;0.06;15507;0.06;15507;0.07;14989;True;14989.00;0.09;14989;0.11;14989;0.11;15464;True;15464.00;0.03;15464;0.03;15464;0.05;14305;True;14305.00;0.06;14305;0.06;14305;0.07
30;90;3;17414;True;17414.00;0.01;17414;0.02;17414;0.02;21739;True;21739.00;0.02;21739;0.02;21739;0.03;16064;True;16064.00;0.06;16064;0.06;16064;0.05;15446;True;15446.00;0.03;15446;0.04;15446;0.04;15881;True;15881.00;0.02;15881;0.02;15881;0.03;14565;True;14565.00;0.04;14565;0.04;14565;0.04
30;90;4;17180;True;17180.00;0.04;17180;0.04;17180;0.03;22654;True;22654.00;0.03;22654;0.03;22654;0.26;15507;True;15507.00;0.04;15507;0.04;15507;0.16;14970;True;14970.00;0.06;14970;0.09;14970;0.08;15531;True;15531.00;0.18;15531;0.09;15531;0.08;14256;True;14256.00;0.04;14256;0.04;14256;0.04
30;90;5;17224;False;17210.50;TL;17224;0.65;17231;120.00;21855;True;21855.00;1.27;21855;0.53;21855;0.70;15836;True;15836.00;0.04;15836;0.04;15836;0.05;15298;True;15298.00;9.12;15298;0.73;15298;4.75;15665;True;15665.00;1.73;15665;0.31;15665;2.13;14411;True;14411.00;0.28;14411;0.67;14411;0.14
30;90;6;16896;True;16896.00;0.04;16896;0.05;16896;0.05;21148;True;21148.00;0.02;21148;0.02;21148;0.02;15926;True;15926.00;0.04;15926;0.04;15926;0.05;15157;True;15157.00;0.18;15157;0.16;15157;0.10;15553;True;15553.00;0.04;15553;0.04;15553;0.13;14464;True;14464.00;0.05;14464;0.05;14464;0.09
30;90;7;19064;True;19064.00;0.01;19064;0.01;19064;0.01;23884;True;23884.00;0.02;23884;0.01;23884;0.02;17600;True;17600.00;0.02;17600;0.02;17600;0.02;16870;True;16870.00;0.02;16870;0.03;16870;0.02;17246;True;17246.00;0.01;17246;0.02;17246;0.02;15903;True;15903.00;0.03;15903;0.03;15903;0.03
30;90;8;17842;True;17842.00;0.02;17842;0.02;17842;0.05;23083;True;23083.00;0.04;23083;0.03;23083;0.11;16468;True;16468.00;0.04;16468;0.04;16468;0.06;15826;True;15826.00;0.43;15826;0.16;15826;0.24;16298;True;16298.00;0.04;16298;0.05;16298;0.13;15054;True;15054.00;0.06;15054;0.06;15054;0.31
30;90;9;16160;True;16160.00;0.05;16160;0.06;16160;0.05;20463;True;20463.00;0.02;20463;0.02;20463;0.02;14840;True;14840.00;0.31;14840;0.14;14840;0.16;14256;True;14256.00;0.21;14256;0.13;14256;0.13;14637;True;14637.00;0.05;14637;0.05;14637;0.06;13581;True;13581.00;0.32;13581;0.14;13581;0.15
30;90;10;20571;True;20571.00;0.02;20571;0.02;20571;0.02;25719;True;25719.00;0.02;25719;0.02;25719;0.02;18473;True;18473.00;0.01;18473;0.02;18473;0.02;17670;True;17670.00;0.03;17670;0.04;17670;0.04;18373;True;18373.00;0.02;18373;0.02;18373;0.02;16766;True;16766.00;0.05;16766;0.05;16766;0.06
30;90;11;17552;True;17552.00;0.29;17552;0.11;17552;61.47;22051;True;22051.00;0.02;22051;0.02;22051;0.03;16261;True;16261.00;0.03;16261;0.02;16261;0.03;15617;True;15617.00;0.14;15617;0.07;15617;0.05;16209;True;16209.00;0.06;16209;0.06;16209;0.07;14720;True;14720.00;0.07;14720;0.07;14720;0.26
30;90;12;15674;True;15674.00;0.39;15674;0.27;15674;0.20;20393;True;20393.00;1.30;20393;0.74;20393;1.28;14503;True;14503.00;0.15;14503;0.15;14503;0.14;13872;True;13872.00;0.08;13872;0.11;13872;0.09;14253;True;14253.00;2.23;14253;0.95;14253;0.76;13195;True;13195.00;0.09;13195;0.09;13195;0.07
30;90;13;15750;True;15750.00;0.64;15751;0.19;15750;0.19;20510;True;20510.00;0.22;20510;0.10;20510;0.11;14646;True;14646.00;0.09;14646;0.09;14646;0.21;14099;True;14099.00;0.02;14099;0.03;14099;0.03;14530;True;14530.00;0.52;14530;0.12;14530;0.16;13472;True;13472.00;0.52;13472;0.22;13472;0.45
30;90;14;16041;True;16041.00;0.04;16041;0.04;16041;0.15;20589;True;20589.00;0.07;20589;0.06;20589;0.67;15181;True;15181.00;0.05;15181;0.05;15181;0.17;14570;True;14570.00;0.84;14570;0.29;14570;0.28;14743;True;14743.00;0.04;14743;0.04;14743;0.04;13832;True;13832.00;0.36;13832;0.24;13832;0.17
30;90;15;18818;True;18818.00;0.02;18818;0.01;18818;0.01;23453;True;23453.00;0.02;23453;0.02;23453;0.03;17673;True;17673.00;0.03;17673;0.03;17673;0.03;16951;True;16951.00;0.02;16951;0.04;16951;0.03;17429;True;17429.00;0.02;17429;0.02;17429;0.03;15973;True;15973.00;0.04;15973;0.04;15973;0.04
30;90;16;15867;True;15867.00;0.21;15867;0.55;15867;0.34;21160;True;21160.00;0.12;21160;0.12;21160;0.13;14901;True;14901.00;0.47;14901;0.24;14901;0.15;14302;True;14302.00;0.64;14302;0.91;14302;0.20;14544;True;14544.00;0.54;14548;0.70;14544;0.22;13573;True;13573.00;0.10;13573;0.11;13573;0.11
30;90;17;15016;True;15016.00;1.88;15016;0.52;15016;0.68;20066;True;20066.00;0.70;20066;0.60;20066;0.34;14213;True;14213.00;0.51;14213;0.32;14213;0.17;13651;True;13651.00;0.08;13651;0.11;13651;0.07;13785;True;13785.00;0.39;13785;0.28;13785;0.19;13084;True;13084.00;2.00;13085;0.88;13084;0.54
30;90;18;17961;True;17961.00;0.01;17961;0.01;17961;0.01;22830;True;22830.00;0.01;22830;0.02;22830;0.02;16474;True;16474.00;0.02;16474;0.02;16474;0.02;15792;True;15792.00;0.02;15792;0.02;15792;0.02;16214;True;16214.00;0.02;16214;0.02;16214;0.02;14859;True;14859.00;0.03;14859;0.03;14859;0.03
30;90;19;16364;True;16364.00;3.11;16364;1.53;16364;8.33;21392;True;21392.00;0.18;21392;0.11;21392;0.07;15191;True;15191.00;0.32;15199;0.68;15191;0.23;14766;True;14766.00;0.07;14766;0.09;14766;0.09;14824;True;14824.00;0.07;14824;0.07;14824;0.07;14028;True;14028.00;0.06;14028;0.07;14028;0.07
30;90;20;18875;True;18875.00;2.14;18875;0.12;18875;120.00;23708;True;23708.00;4.63;23708;0.17;23708;13.57;16931;True;16931.00;0.04;16931;0.04;16931;0.07;16360;True;16360.00;0.07;16360;0.09;16360;0.09;17025;True;17025.00;4.87;17025;0.08;17033;120.00;15539;True;15539.00;0.04;15539;0.04;15539;0.03
30;90;21;16224;True;16224.00;0.05;16224;0.05;16224;0.04;21016;True;21016.00;1.00;21016;0.15;21016;0.21;14941;True;14941.00;0.03;14941;0.03;14941;0.03;14474;True;14474.00;0.07;14474;0.10;14474;0.10;14901;True;14901.00;0.02;14901;0.03;14901;0.03;13693;True;13693.00;0.04;13693;0.04;13693;0.04
30;90;22;17205;True;17205.00;0.02;17205;0.03;17205;0.02;21467;True;21467.00;0.03;21467;0.03;21467;0.04;16046;True;16046.00;0.02;16046;0.02;16046;0.03;15412;True;15412.00;0.02;15412;0.04;15412;0.03;15634;True;15634.00;0.02;15634;0.02;15634;0.02;14509;True;14509.00;0.03;14509;0.03;14509;0.04
30;90;23;16400;True;16400.00;0.42;16400;0.30;16400;0.81;21168;True;21168.00;0.04;21168;0.04;21168;0.16;15543;True;15543.00;0.08;15543;0.08;15543;0.31;14955;True;14955.00;0.04;14955;0.05;14955;0.05;15232;True;15232.00;0.05;15232;0.05;15232;0.05;14152;True;14152.00;0.08;14152;0.09;14152;0.08
30;90;24;15842;True;15842.00;0.19;15842;0.29;15842;0.09;20119;True;20119.00;0.07;20119;0.07;20119;0.08;15274;True;15274.00;1.04;15274;0.45;15274;0.90;14606;True;14606.00;0.44;14606;0.28;14606;0.17;14675;True;14675.00;0.91;14675;0.50;14675;0.74;13693;True;13693.00;1.60;13693;0.53;13693;0.48
30;90;25;16836;True;16836.00;0.03;16836;0.04;16836;0.04;22048;True;22048.00;0.03;22048;0.04;22048;0.61;15697;True;15697.00;0.04;15697;0.04;15697;0.16;14997;True;14997.00;0.04;14997;0.05;14997;0.07;15462;True;15462.00;0.02;15462;0.03;15462;0.03;14232;True;14232.00;0.51;14232;0.85;14232;0.37
30;90;26;17588;True;17588.00;0.01;17588;0.02;17588;0.04;22971;True;22971.00;0.03;22971;0.03;22971;0.04;16477;True;16477.00;0.03;16477;0.03;16477;0.07;15852;True;15852.00;0.03;15852;0.05;15852;0.07;16300;True;16300.00;0.03;16300;0.03;16300;0.03;14992;True;14992.00;0.04;14992;0.05;14992;0.05
30;90;27;16695;True;16695.00;0.58;16695;0.31;16695;0.23;21680;True;21680.00;0.67;21680;0.22;21680;0.49;15464;True;15464.00;0.74;15464;0.42;15464;0.38;14919;True;14919.00;0.33;14919;0.22;14919;0.19;15166;True;15166.00;1.73;15168;0.87;15166;1.59;14082;True;14082.00;0.06;14082;0.06;14082;0.06
30;90;28;19133;True;19133.00;0.01;19133;0.01;19133;0.01;24036;True;24036.00;0.01;24036;0.02;24036;0.02;17720;True;17720.00;0.01;17720;0.01;17720;0.02;16895;True;16895.00;0.02;16895;0.02;16895;0.02;17481;True;17481.00;0.02;17481;0.02;17481;0.02;15995;True;15995.00;0.03;15995;0.03;15995;0.03
30;90;29;16815;True;16815.00;0.73;16815;0.13;16815;120.00;20686;True;20686.00;0.46;20686;0.15;20686;0.26;14863;True;14863.00;0.55;14863;0.28;14863;0.35;14448;True;14448.00;1.18;14448;0.64;14448;2.72;15456;True;15456.00;1.16;15456;0.69;15456;1.09;13892;True;13892.00;0.52;13892;0.38;13892;0.47
30;90;30;19605;True;19605.00;0.02;19605;0.02;19605;0.02;24945;True;24945.00;0.02;24945;0.02;24945;0.02;17802;True;17802.00;0.03;17802;0.02;17802;0.03;17210;True;17210.00;0.02;17210;0.02;17210;0.02;17844;True;17844.00;0.03;17844;0.03;17844;0.03;16323;True;16323.00;0.04;16323;0.04;16323;0.04
30;90;31;16962;True;16962.00;0.20;16968;0.25;16962;0.10;21138;True;21138.00;0.26;21138;0.53;21138;0.14;15652;True;15652.00;0.06;15652;0.06;15652;0.05;15058;True;15058.00;0.08;15058;0.09;15058;0.07;15574;True;15574.00;0.37;15574;0.55;15574;0.13;14358;True;14358.00;0.09;14358;0.10;14358;0.09
30;90;32;16109;True;16109.00;0.35;16109;0.42;16109;0.11;20976;True;20976.00;0.23;20976;0.29;20976;0.18;15442;True;15442.00;0.09;15442;0.09;15442;0.09;14779;True;14779.00;0.28;14788;1.08;14779;0.13;14942;True;14942.00;1.12;14942;1.00;14942;0.66;13965;True;13965.00;0.49;13965;0.72;13965;0.18
30;90;33;18307;True;18307.00;0.01;18307;0.02;18307;0.02;23608;True;23608.00;0.02;23608;0.02;23608;0.02;17281;True;17281.00;0.01;17281;0.01;17281;0.01;16610;True;16610.00;0.02;16610;0.02;16610;0.02;16952;True;16952.00;0.04;16952;0.04;16952;0.04;15704;True;15704.00;0.03;15704;0.03;15704;0.03
30;90;34;18248;True;18248.00;0.01;18248;0.01;18248;0.01;23435;True;23435.00;0.02;23435;0.02;23435;0.02;16579;True;16579.00;0.02;16579;0.01;16579;0.02;16006;True;16006.00;0.02;16006;0.02;16006;0.02;16761;True;16761.00;0.02;16761;0.02;16761;0.02;15304;True;15304.00;0.03;15304;0.03;15304;0.03
30;90;35;17567;True;17567.00;0.02;17567;0.02;17567;0.02;22079;True;22079.00;0.02;22079;0.02;22079;0.02;15897;True;15897.00;0.32;15897;0.09;15897;0.14;15374;True;15374.00;0.03;15374;0.03;15374;0.03;15753;True;15753.00;0.02;15753;0.02;15753;0.02;14592;True;14592.00;0.03;14592;0.04;14592;0.04
30;90;36;18607;True;18607.00;0.01;18607;0.01;18607;0.01;23738;True;23738.00;0.01;23738;0.01;23738;0.01;17195;True;17195.00;0.02;17195;0.02;17195;0.03;16396;True;16396.00;0.03;16396;0.03;16396;0.03;16815;True;16815.00;0.02;16815;0.02;16815;0.02;15465;True;15465.00;0.03;15465;0.03;15465;0.03
30;90;37;16765;True;16765.00;0.07;16765;0.08;16765;0.46;21222;True;21222.00;0.04;21222;0.04;21222;0.04;15692;True;15692.00;0.06;15692;0.06;15692;0.05;15061;True;15061.00;0.31;15061;0.59;15061;0.31;15388;True;15388.00;0.06;15388;0.06;15388;0.19;14347;True;14347.00;0.06;14347;0.06;14347;0.08
30;90;38;17196;True;17196.00;0.12;17196;0.04;17196;0.02;21332;True;21332.00;0.06;21332;0.06;21332;0.07;15990;True;15990.00;0.03;15990;0.03;15990;0.03;15269;True;15269.00;0.03;15269;0.03;15269;0.03;15728;True;15728.00;0.02;15728;0.02;15728;0.03;14615;True;14615.00;0.04;14615;0.04;14615;0.04
30;90;39;16662;True;16662.00;0.21;16662;0.13;16662;0.05;21578;True;21578.00;0.27;21579;0.17;21578;0.11;15351;True;15351.00;0.03;15351;0.03;15351;0.04;14712;True;14712.00;0.04;14712;0.06;14712;0.05;15423;True;15423.00;0.04;15423;0.04;15423;0.05;14148;True;14148.00;0.06;14148;0.06;14148;0.06
30;100;0;18013;True;18013.00;1.24;18013;1.36;18013;1.11;23280;True;23280.00;0.12;23280;0.12;23280;0.11;16416;True;16416.00;0.47;16416;0.49;16416;0.22;15858;True;15858.00;0.32;15858;0.48;15858;0.21;16442;True;16442.00;1.97;16442;0.80;16442;0.91;15037;True;15037.00;0.23;15037;0.22;15037;0.18
30;100;1;21701;True;21701.00;0.04;21701;0.04;21701;0.04;27297;True;27297.00;0.02;27297;0.02;27297;0.02;19886;True;19886.00;0.02;19886;0.02;19886;0.02;19166;True;19166.00;0.02;19166;0.03;19166;0.03;19557;True;19557.00;0.02;19557;0.03;19557;0.03;18165;True;18165.00;0.05;18165;0.04;18165;0.05
30;100;2;19143;True;19143.00;0.05;19143;0.06;19143;0.06;24494;True;24494.00;0.36;24494;0.23;24494;0.12;18032;True;18032.00;0.08;18032;0.09;18032;0.11;17312;True;17312.00;0.04;17312;0.05;17312;0.07;17567;True;17567.00;0.03;17567;0.04;17567;0.13;16421;True;16421.00;0.31;16421;0.40;16421;0.15
30;100;3;18650;True;18650.00;0.21;18650;0.19;18650;0.15;24109;True;24109.00;0.17;24109;0.10;24109;0.08;17187;True;17187.00;0.04;17187;0.04;17187;0.05;16558;True;16558.00;0.05;16558;0.05;16558;0.06;17111;True;17111.00;0.03;17111;0.03;17111;0.04;15753;True;15753.00;0.26;15753;0.14;15753;0.13
30;100;4;22278;True;22278.00;0.01;22278;0.01;22278;0.01;27914;True;27914.00;0.01;27914;0.01;27914;0.02;20385;True;20385.00;0.02;20385;0.02;20385;0.02;19671;True;19671.00;0.02;19671;0.02;19671;0.03;20198;True;20198.00;0.02;20198;0.02;20198;0.03;18571;True;18571.00;0.04;18571;0.04;18571;0.04
30;100;5;19510;True;19510.00;0.02;19510;0.03;19510;0.03;24687;True;24687.00;0.02;24687;0.02;24687;0.02;18186;True;18186.00;0.02;18186;0.03;18186;0.03;17458;True;17458.00;0.02;17458;0.02;17458;0.03;18008;True;18008.00;0.22;18008;0.07;18008;0.07;16620;True;16620.00;0.04;16620;0.04;16620;0.04
30;100;6;19123;True;19123.00;0.12;19123;0.11;19123;0.11;24663;True;24663.00;0.03;24663;0.04;24663;0.04;17552;True;17552.00;0.02;17552;0.02;17552;0.02;16961;True;16961.00;0.04;16961;0.04;16961;0.04;17441;True;17441.00;0.03;17441;0.03;17441;0.03;16140;True;16140.00;0.05;16140;0.06;16140;0.05
30;100;7;19574;True;19574.00;0.02;19574;0.03;19574;0.02;24402;True;24402.00;0.39;24402;0.18;24402;0.21;17817;True;17817.00;0.03;17817;0.03;17817;0.04;17191;True;17191.00;0.04;17191;0.04;17191;0.04;17751;True;17751.00;0.08;17751;0.07;17751;0.07;16315;True;16315.00;0.04;16315;0.05;16315;0.05
30;100;8;19279;True;19279.00;0.16;19279;0.20;19279;78.31;25030;True;25030.00;0.04;25030;0.05;25030;0.04;17697;True;17697.00;0.05;17697;0.06;17697;0.07;17117;True;17117.00;0.04;17117;0.04;17117;0.04;17656;True;17656.00;0.03;17656;0.04;17656;0.04;16357;True;16357.00;0.09;16357;0.10;16357;0.13
30;100;9;17531;True;17531.00;0.39;17531;0.38;17531;0.29;22448;True;22448.00;0.07;22448;0.08;22448;0.18;16216;True;16216.00;0.03;16216;0.03;16216;0.17;15703;True;15703.00;0.35;15703;0.24;15703;0.30;15878;True;15878.00;0.03;15878;0.03;15878;0.03;14914;True;14914.00;0.07;14914;0.08;14914;0.22
30;100;10;18401;True;18401.00;0.04;18401;0.05;18401;0.05;23986;True;23986.00;0.05;23986;0.07;23986;0.06;17072;True;17072.00;0.29;17072;0.21;17072;0.28;16469;True;16469.00;0.03;16469;0.04;16469;0.04;16955;True;16955.00;1.28;16955;0.58;16955;0.44;15730;True;15730.00;0.17;15730;0.20;15730;0.17
30;100;11;17346;True;17346.00;0.67;17346;0.34;17346;0.39;22474;True;22474.00;0.80;22474;0.46;22474;0.17;15933;True;15933.00;0.09;15933;0.11;15933;0.08;15366;True;15366.00;0.16;15366;0.16;15366;0.17;15648;True;15648.00;0.47;15648;0.26;15648;0.24;14693;True;14693.00;0.63;14693;0.57;14693;0.32
30;100;12;19283;True;19283.00;1.21;19283;0.49;19283;0.70;24647;True;24647.00;0.06;24647;0.07;24647;0.06;17882;True;17882.00;0.23;17882;0.12;17882;0.35;17297;True;17297.00;0.03;17297;0.03;17297;0.04;17712;True;17712.00;0.05;17712;0.05;17712;0.05;16453;True;16453.00;0.07;16453;0.08;16453;0.06
30;100;13;20075;True;20075.00;0.01;20075;0.01;20075;0.01;26324;True;26324.00;0.06;26324;0.07;26324;0.06;18704;True;18704.00;0.02;18704;0.03;18704;0.03;18025;True;18025.00;0.03;18025;0.03;18025;0.03;18503;True;18503.00;0.02;18503;0.03;18503;0.03;17041;True;17041.00;0.03;17041;0.04;17041;0.03
30;100;14;17797;True;17797.00;1.70;17797;0.87;17797;1.10;22647;True;22647.00;0.29;22649;0.20;22647;0.15;16407;True;16407.00;0.33;16407;0.24;16407;0.34;15979;True;15979.00;0.07;15979;0.07;15979;0.08;16420;True;16420.00;0.04;16420;0.04;16420;0.05;15279;True;15279.00;0.26;15279;0.14;15279;0.14
30;100;15;19801;True;19801.00;0.02;19801;0.02;19801;0.02;25263;True;25263.00;0.02;25263;0.02;25263;0.01;18111;True;18111.00;0.16;18112;0.07;18111;0.09;17536;True;17536.00;0.11;17536;0.07;17536;0.07;17988;True;17988.00;0.08;17988;0.06;17988;0.05;16776;True;16776.00;0.04;16776;0.04;16776;0.03
30;100;16;19344;True;19344.00;0.04;19344;0.05;19344;0.05;25262;True;25262.00;0.10;25262;0.13;25262;0.11;18169;True;18169.00;0.66;18169;0.15;18169;0.19;17404;True;17404.00;0.28;17404;0.09;17404;0.11;17947;True;17947.00;0.94;17947;0.13;17947;0.63;16562;True;16562.00;1.43;16562;0.21;16562;0.75
30;100;17;18017;True;18017.00;0.07;18017;0.07;18017;0.08;23191;True;23191.00;0.39;23193;0.24;23191;0.15;16592;True;16592.00;0.03;16592;0.03;16592;0.03;16103;True;16103.00;0.21;16104;0.11;16103;0.12;16548;True;16548.00;0.30;16548;0.13;16548;0.10;15376;True;15376.00;0.05;15376;0.06;15376;0.05
30;100;18;22988;True;22988.00;0.02;22988;0.02;22988;0.02;28984;True;28984.00;0.02;28984;0.02;28984;0.02;20948;True;20948.00;0.02;20948;0.03;20948;0.03;20084;True;20084.00;0.02;20084;0.02;20084;0.02;20538;True;20538.00;0.02;20538;0.02;20538;0.02;19223;True;19223.00;0.04;19223;0.05;19223;0.04
30;100;19;19689;False;19679.00;TL;19689;0.40;19689;120.00;24992;True;24992.00;0.05;24992;0.06;24992;0.05;18152;True;18152.00;0.25;18152;0.21;18152;0.12;17607;True;17607.00;0.04;17607;0.04;17607;0.05;18157;True;18157.00;0.05;18157;0.06;18157;0.05;16649;True;16649.00;0.09;16649;0.11;16649;0.12
30;100;20;19841;True;19841.00;1.06;19841;0.27;19841;0.65;25959;True;25959.00;1.50;25959;0.84;25959;0.49;17772;True;17772.00;0.21;17772;0.38;17772;0.14;17213;True;17213.00;0.05;17213;0.05;17213;0.06;18094;True;18094.00;0.04;18094;0.04;18094;0.04;16359;True;16359.00;0.38;16359;0.18;16359;0.17
30;100;21;17812;True;17812.00;0.66;17812;0.24;17812;0.40;23597;True;23597.00;0.24;23597;0.13;23597;0.11;16641;True;16641.00;0.40;16641;0.26;16641;0.19;16139;True;16139.00;0.32;16139;0.36;16139;0.25;16339;True;16339.00;2.04;16339;0.23;16339;0.38;15201;True;15201.00;0.34;15201;0.24;15201;0.18
30;100;22;20487;True;20487.00;0.01;20487;0.01;20487;0.01;25690;True;25690.00;0.02;25690;0.03;25690;0.03;18282;True;18282.00;0.02;18282;0.01;18282;0.02;17723;True;17723.00;0.02;17723;0.02;17723;0.02;18369;True;18369.00;0.01;18369;0.01;18369;0.02;16718;True;16718.00;0.06;16718;0.09;16718;0.06
30;100;23;17622;True;17622.00;0.82;17622;0.31;17622;0.73;22881;True;22881.00;0.71;22881;0.45;22881;0.60;16045;True;16045.00;0.82;16045;0.33;16045;0.63;15471;True;15471.00;11.47;15471;1.23;15471;16.79;15941;True;15941.00;0.06;15941;0.07;15941;0.09;14715;True;14715.00;15.71;14715;0.88;14715;9.78
30;100;24;17863;True;17863.00;3.36;17863;0.55;17863;0.76;22957;True;22957.00;0.06;22957;0.07;22957;0.06;16863;True;16863.00;0.45;16863;0.14;16863;0.17;16289;True;16289.00;0.06;16289;0.06;16289;0.06;16483;True;16483.00;0.65;16486;0.23;16483;0.39;15380;True;15380.00;0.77;15380;0.24;15380;0.27
30;100;25;18739;True;18739.00;0.03;18739;0.03;18739;0.04;23584;True;23584.00;1.50;23584;0.56;23584;3.46;17046;True;17046.00;0.03;17046;0.03;17046;0.04;16395;True;16395.00;0.09;16395;0.10;16395;0.09;16842;True;16842.00;0.69;16842;0.72;16842;0.34;15655;True;15655.00;1.67;15655;1.15;15655;0.98
30;100;26;19006;True;19006.00;0.02;19006;0.01;19006;0.02;24021;True;24021.00;0.05;24021;0.06;24021;0.05;17369;True;17369.00;0.02;17369;0.03;17369;0.02;16695;True;16695.00;0.03;16695;0.03;16695;0.03;17095;True;17095.00;0.05;17095;0.05;17095;0.05;15905;True;15905.00;0.05;15905;0.05;15905;0.05
30;100;27;17727;True;17727.00;201.25;17727;1.22;17727;120.00;22543;True;22543.00;0.70;22543;0.37;22543;0.20;16265;True;16265.00;1.22;16265;0.57;16265;0.80;15718;True;15718.00;2.30;15719;1.21;15718;1.00;16381;True;16381.00;1.04;16381;1.13;16381;0.76;15040;True;15040.00;14.34;15040;1.23;15040;10.06
30;100;28;18718;True;18718.00;0.59;18718;1.15;18718;0.70;24052;True;24052.00;0.07;24052;0.08;24052;0.13;17592;True;17592.00;0.35;17592;0.96;17592;0.28;16856;True;16856.00;0.08;16856;0.08;16856;0.05;17265;True;17265.00;0.45;17265;0.71;17265;0.24;15893;True;15893.00;0.12;15893;0.13;15893;0.08
30;100;29;17964;True;17964.00;0.58;17964;0.28;17964;0.31;23110;True;23110.00;1.07;23110;0.56;23110;0.42;16547;True;16547.00;0.12;16547;0.14;16547;0.13;15998;True;15998.00;0.11;15998;0.12;15998;0.18;16650;True;16650.00;0.05;16650;0.06;16650;0.22;15158;True;15158.00;0.08;15158;0.07;15158;0.10
30;100;30;19207;True;19207.00;0.04;19207;0.04;19207;0.04;24853;True;24853.00;0.02;24853;0.03;24853;0.03;17504;True;17504.00;0.03;17504;0.03;17504;0.03;16947;True;16947.00;0.02;16947;0.03;16947;0.03;17714;True;17714.00;0.03;17714;0.03;17714;0.04;16105;True;16105.00;0.06;16105;0.06;16105;0.05
30;100;31;21375;True;21375.00;0.02;21375;0.02;21375;0.02;26888;True;26888.00;0.02;26888;0.02;26888;0.02;19765;True;19765.00;0.05;19765;0.06;19765;0.06;18923;True;18923.00;0.02;18923;0.03;18923;0.03;19633;True;19633.00;0.02;19633;0.02;19633;0.02;17986;True;17986.00;0.05;17986;0.05;17986;0.05
30;100;32;17414;True;17414.00;1.47;17414;1.66;17414;1.55;22006;True;22006.00;0.96;22006;0.76;22006;0.66;16004;True;16004.00;0.09;16004;0.10;16004;0.07;15445;True;15445.00;2.22;15445;1.11;15445;2.26;15965;True;15965.00;0.05;15965;0.06;15965;0.32;14683;True;14683.00;0.94;14683;0.74;14683;0.49
30;100;33;17778;True;17778.00;0.74;17778;0.73;17778;0.65;22475;True;22475.00;0.03;22475;0.03;22475;0.03;16655;True;16655.00;0.24;16655;0.13;16655;0.13;15977;True;15977.00;0.30;15977;0.37;15977;0.21;16257;True;16257.00;0.78;16262;0.30;16257;0.36;15057;True;15057.00;0.11;15057;0.10;15057;0.09
30;100;34;18979;True;18979.00;0.03;18979;0.02;18979;0.03;24496;True;24496.00;0.04;24496;0.05;24496;0.04;17512;True;17512.00;0.03;17512;0.03;17512;0.03;16930;True;16930.00;0.03;16930;0.03;16930;0.03;17391;True;17391.00;0.89;17391;0.71;17391;1.46;15997;True;15997.00;0.05;15997;0.05;15997;0.05
30;100;35;19756;True;19756.00;0.04;19756;0.04;19756;0.05;24473;True;24473.00;0.02;24473;0.03;24473;0.03;18057;True;18057.00;0.03;18057;0.04;18057;0.04;17410;True;17410.00;0.04;17410;0.04;17410;0.04;17923;True;17923.00;0.07;17923;0.08;17923;0.18;16511;True;16511.00;0.08;16511;0.07;16511;0.07
30;100;36;17490;False;17479.70;TL;17490;1.31;17490;120.00;22179;True;22179.00;3.54;22183;0.59;22179;2.04;15966;True;15966.00;0.07;15966;0.09;15966;0.09;15328;True;15328.00;0.24;15331;0.19;15328;0.15;15942;True;15942.00;0.12;15942;0.13;15942;0.16;14690;True;14690.00;0.37;14690;0.33;14690;0.20
30;100;37;19943;True;19943.00;0.10;19943;0.09;19943;0.15;26200;True;26200.00;0.88;26202;0.18;26200;0.19;18284;True;18284.00;0.03;18284;0.04;18284;0.04;17598;True;17598.00;0.03;17598;0.04;17598;0.03;18299;True;18299.00;0.12;18299;0.14;18299;0.17;16867;True;16867.00;0.05;16867;0.06;16867;0.05
30;100;38;20560;True;20560.00;0.08;20560;0.09;20560;0.11;26161;True;26161.00;0.02;26161;0.02;26161;0.02;19114;True;19114.00;0.03;19114;0.03;19114;0.03;18246;True;18246.00;0.03;18246;0.03;18246;0.03;18817;True;18817.00;0.03;18817;0.03;18817;0.03;17227;True;17227.00;0.07;17227;0.08;17227;0.07
30;100;39;18754;True;18754.00;0.07;18754;0.07;18754;0.08;24735;True;24735.00;0.14;24735;0.08;24735;0.07;17532;True;17532.00;0.11;17532;0.13;17532;0.19;16916;True;16916.00;0.04;16916;0.05;16916;0.04;16983;True;16983.00;0.04;16983;0.05;16983;0.05;15923;True;15923.00;0.07;15923;0.08;15923;0.07
45;20;0;3134;True;3134.00;0.27;3144;0.04;3134;0.07;4297;True;4297.00;0.09;4297;0.02;4297;0.02;3019;True;3019.00;0.03;3035;0.03;3019;0.02;2957;True;2957.00;0.11;2957;0.03;2957;0.02;2801;True;2801.00;0.01;2801;0.00;2801;0.01;2686;True;2686.00;0.11;2686;0.03;2686;0.03
45;20;1;2339;True;2339.00;0.14;2339;0.06;2339;0.05;3119;True;3119.00;0.13;3119;0.09;3119;0.05;2493;True;2493.00;0.11;2493;0.05;2493;0.03;2324;True;2324.00;0.02;2324;0.02;2324;0.02;2209;True;2209.00;0.08;2209;0.07;2209;0.03;2092;True;2092.00;0.02;2092;0.02;2092;0.01
45;20;2;2996;True;2996.00;0.01;2996;0.01;2996;0.01;3894;True;3894.00;0.01;3894;0.01;3894;0.01;3006;True;3006.00;0.01;3006;0.01;3006;0.01;2810;True;2810.00;0.01;2810;0.01;2810;0.01;2771;True;2771.00;0.01;2771;0.00;2771;0.00;2621;True;2621.00;0.01;2621;0.01;2621;0.01
45;20;3;2767;True;2767.00;0.01;2767;0.01;2767;0.01;3613;True;3613.00;0.10;3662;0.06;3613;0.03;2876;True;2876.00;0.00;2876;0.00;2876;0.00;2763;True;2763.00;0.06;2775;0.04;2763;0.03;2684;True;2684.00;0.64;2689;0.06;2684;0.11;2530;True;2530.00;0.19;2530;0.05;2530;0.05
45;20;4;2932;True;2932.00;0.08;2933;0.02;2932;0.05;4107;True;4107.00;0.01;4107;0.01;4107;0.00;2919;True;2919.00;0.00;2919;0.01;2919;0.01;2796;True;2796.00;0.01;2796;0.01;2796;0.01;2712;True;2712.00;0.00;2712;0.00;2712;0.00;2583;True;2583.00;0.05;2589;0.03;2583;0.01
45;20;5;3161;True;3161.00;0.00;3161;0.00;3161;0.00;4257;True;4257.00;0.00;4257;0.00;4257;0.00;3158;True;3158.00;0.00;3158;0.00;3158;0.01;2988;True;2988.00;0.00;2988;0.00;2988;0.00;2960;True;2960.00;0.00;2960;0.00;2960;0.00;2824;True;2824.00;0.01;2824;0.00;2824;0.01
45;20;6;2700;True;2700.00;0.10;2700;0.08;2700;0.03;3415;True;3415.00;0.01;3415;0.01;3415;0.01;2594;True;2594.00;0.01;2594;0.01;2594;0.01;2454;True;2454.00;0.01;2454;0.01;2454;0.01;2523;True;2523.00;0.08;2523;0.07;2523;0.03;2326;True;2326.00;0.13;2327;0.04;2326;0.04
45;20;7;2296;True;2296.00;0.09;2296;0.04;2296;0.04;3187;True;3187.00;0.06;3187;0.06;3187;0.07;2283;True;2283.00;0.01;2283;0.01;2283;0.01;2213;True;2213.00;0.01;2213;0.01;2213;0.02;2193;True;2193.00;0.15;2193;0.12;2193;0.10;2064;True;2064.00;0.28;2067;0.12;2064;0.10
45;20;8;3091;True;3091.00;0.05;3108;0.05;3091;0.02;4163;True;4163.00;0.21;4163;0.02;4163;0.03;3254;True;3254.00;0.07;3258;0.02;3254;0.02;3028;True;3028.00;0.07;3028;0.02;3028;0.01;2974;True;2974.00;0.05;2974;0.01;2974;0.03;2808;True;2808.00;0.01;2808;0.01;2808;0.01
45;20;9;2587;True;2587.00;0.18;2629;0.04;2587;0.03;3486;True;3486.00;0.06;3486;0.02;3486;0.02;2756;True;2756.00;0.16;2760;0.03;2756;0.03;2580;True;2580.00;0.16;2580;0.05;2580;0.03;2404;True;2404.00;0.01;2404;0.01;2404;0.01;2343;True;2343.00;0.35;2344;0.06;2343;0.09
45;20;10;2538;True;2538.00;0.01;2538;0.01;2538;0.01;3544;True;3544.00;0.14;3544;0.08;3544;0.05;2693;True;2693.00;0.02;2693;0.02;2693;0.04;2566;True;2566.00;0.10;2566;0.09;2566;0.03;2467;True;2467.00;0.07;2467;0.06;2467;0.04;2338;True;2338.00;0.01;2338;0.01;2338;0.03
45;20;11;3186;True;3186.00;0.06;3200;0.04;3186;0.02;4254;True;4254.00;0.01;4254;0.01;4254;0.01;3173;True;3173.00;0.57;3181;0.04;3173;0.17;3030;True;3030.00;0.65;3048;0.06;3030;0.33;3010;True;3010.00;0.16;3010;0.04;3010;0.04;2882;True;2882.00;0.86;2887;0.04;2882;0.74
45;20;12;3126;True;3126.00;0.01;3126;0.01;3126;0.01;4421;True;4421.00;0.04;4421;0.08;4421;0.01;3157;True;3157.00;0.19;3158;0.15;3157;0.06;2960;True;2960.00;0.04;2960;0.06;2960;0.02;2983;True;2983.00;0.09;2983;0.16;2983;0.03;2752;True;2752.00;0.01;2752;0.01;2752;0.02
45;20;13;2866;True;2866.00;0.01;2866;0.01;2866;0.01;3766;True;3766.00;0.13;3769;0.04;3766;0.02;2710;True;2710.00;0.01;2710;0.01;2710;0.01;2572;True;2572.00;0.01;2572;0.01;2572;0.01;2614;True;2614.00;0.01;2614;0.01;2614;0.01;2420;True;2420.00;0.00;2420;0.00;2420;0.00
45;20;14;2234;True;2234.00;0.01;2234;0.01;2234;0.02;3118;True;3118.00;0.02;3118;0.02;3118;0.02;2347;True;2347.00;0.07;2347;0.03;2347;0.02;2202;True;2202.00;0.06;2207;0.05;2202;0.03;2106;True;2106.00;0.01;2106;0.01;2106;0.01;2002;True;2002.00;0.02;2002;0.02;2002;0.02
45;20;15;2323;True;2323.00;0.62;2324;0.06;2323;0.35;3156;True;3156.00;0.03;3156;0.02;3156;0.02;2227;True;2227.00;0.05;2227;0.04;2227;0.03;2167;True;2167.00;0.05;2169;0.04;2167;0.03;2172;True;2172.00;0.09;2172;0.06;2172;0.04;2041;True;2041.00;0.02;2041;0.02;2041;0.02
45;20;16;2756;True;2756.00;0.70;2756;0.07;2756;0.20;3559;True;3559.00;0.01;3559;0.01;3559;0.01;2826;True;2826.00;0.05;2826;0.03;2826;0.02;2673;True;2673.00;0.01;2673;0.01;2673;0.01;2591;True;2591.00;0.22;2591;0.03;2591;0.07;2430;True;2430.00;0.01;2430;0.01;2430;0.01
45;20;17;2614;True;2614.00;0.06;2629;0.04;2614;0.03;3576;True;3576.00;0.01;3576;0.01;3576;0.01;2652;True;2652.00;0.08;2652;0.04;2652;0.05;2534;True;2534.00;0.06;2534;0.06;2534;0.04;2430;True;2430.00;0.01;2430;0.01;2430;0.01;2315;True;2315.00;0.01;2315;0.02;2315;0.02
45;20;18;2718;True;2718.00;1.03;2792;0.30;2718;0.62;3557;True;3557.00;0.45;3615;0.04;3557;0.16;2547;True;2547.00;0.28;2547;0.06;2547;0.18;2493;True;2493.00;1.37;2499;0.06;2493;1.06;2537;True;2537.00;1.47;2545;0.06;2537;0.69;2320;True;2320.00;0.10;2320;0.06;2320;0.06
45;20;19;2427;True;2427.00;0.01;2427;0.01;2427;0.01;3200;True;3200.00;0.09;3200;0.03;3200;0.02;2519;True;2519.00;0.04;2519;0.04;2519;0.02;2391;True;2391.00;0.01;2391;0.02;2391;0.02;2306;True;2306.00;0.06;2306;0.02;2306;0.02;2209;True;2209.00;0.16;2210;0.05;2209;0.04
45;20;20;2921;True;2921.00;0.01;2921;0.01;2921;0.00;4007;True;4007.00;0.01;4007;0.01;4007;0.00;2881;True;2881.00;0.01;2881;0.01;2881;0.00;2760;True;2760.00;0.00;2760;0.01;2760;0.01;2712;True;2712.00;0.00;2712;0.00;2712;0.00;2622;True;2622.00;0.01;2622;0.00;2622;0.01
45;20;21;2866;True;2866.00;0.11;2866;0.07;2866;0.06;3968;True;3968.00;0.02;3968;0.02;3968;0.01;2882;True;2882.00;0.01;2882;0.01;2882;0.01;2732;True;2732.00;0.01;2732;0.01;2732;0.01;2662;True;2662.00;0.10;2662;0.07;2662;0.06;2539;True;2539.00;0.01;2539;0.01;2539;0.02
45;20;22;2450;True;2450.00;0.19;2454;0.05;2450;0.05;3364;True;3364.00;0.01;3364;0.01;3364;0.01;2535;True;2535.00;0.01;2535;0.01;2535;0.01;2389;True;2389.00;0.00;2389;0.01;2389;0.01;2236;True;2236.00;0.01;2236;0.00;2236;0.01;2203;True;2203.00;0.01;2203;0.01;2203;0.01
45;20;23;2277;True;2277.00;0.11;2277;0.04;2277;0.03;3255;True;3255.00;0.18;3269;0.08;3255;0.06;2279;True;2279.00;0.01;2279;0.01;2279;0.01;2216;True;2216.00;0.01;2216;0.01;2216;0.02;2149;True;2149.00;0.01;2149;0.01;2149;0.02;2022;True;2022.00;0.01;2022;0.02;2022;0.01
45;20;24;2739;True;2739.00;0.01;2739;0.01;2739;0.01;3690;True;3690.00;0.05;3705;0.06;3690;0.02;2790;True;2790.00;0.01;2790;0.01;2790;0.01;2689;True;2689.00;0.01;2689;0.02;2689;0.01;2631;True;2631.00;0.19;2631;0.09;2631;0.04;2519;True;2519.00;0.04;2519;0.04;2519;0.02
45;20;25;2396;True;2396.00;0.48;2396;0.04;2396;0.10;3322;True;3322.00;0.08;3343;0.07;3322;0.03;2382;True;2382.00;0.01;2382;0.01;2382;0.01;2293;True;2293.00;0.06;2300;0.07;2293;0.03;2273;True;2273.00;0.07;2279;0.06;2273;0.02;2148;True;2148.00;0.02;2148;0.02;2148;0.02
45;20;26;2703;True;2703.00;0.13;2716;0.06;2703;0.05;3756;True;3756.00;0.64;3756;0.05;3756;0.23;2518;True;2518.00;0.00;2518;0.00;2518;0.00;2500;True;2500.00;0.04;2500;0.02;2500;0.02;2523;True;2523.00;0.05;2523;0.02;2523;0.02;2369;True;2369.00;0.05;2369;0.03;2369;0.02
45;20;27;2553;True;2553.00;0.14;2571;0.03;2553;0.02;3625;True;3625.00;0.04;3625;0.02;3625;0.01;2614;True;2614.00;0.01;2614;0.02;2614;0.02;2401;True;2401.00;0.01;2401;0.01;2401;0.01;2357;True;2357.00;0.20;2357;0.04;2357;0.04;2189;True;2189.00;0.01;2189;0.01;2189;0.02
45;20;28;2453;True;2453.00;1.56;2453;0.06;2453;0.54;3156;True;3156.00;0.01;3156;0.01;3156;0.01;2358;True;2358.00;0.16;2358;0.06;2358;0.09;2266;True;2266.00;0.14;2281;0.06;2266;0.06;2286;True;2286.00;0.02;2286;0.02;2286;0.02;2145;True;2145.00;0.04;2145;0.05;2145;0.04
45;20;29;2514;True;2514.00;0.39;2514;0.06;2514;0.17;3435;True;3435.00;0.01;3435;0.01;3435;0.02;2574;True;2574.00;0.01;2574;0.01;2574;0.01;2406;True;2406.00;0.01;2406;0.01;2406;0.01;2328;True;2328.00;0.00;2328;0.01;2328;0.01;2242;True;2242.00;0.06;2242;0.04;2242;0.02
45;20;30;2350;True;2350.00;0.02;2350;0.02;2350;0.01;3014;True;3014.00;0.12;3014;0.06;3014;0.04;2295;True;2295.00;0.01;2295;0.01;2295;0.01;2263;True;2263.00;0.04;2263;0.02;2263;0.01;2202;True;2202.00;0.01;2202;0.02;2202;0.02;2125;True;2125.00;0.21;2125;0.06;2125;0.06
45;20;31;2869;True;2869.00;0.02;2869;0.02;2869;0.02;3922;True;3922.00;0.08;3922;0.05;3922;0.02;2871;True;2871.00;0.05;2871;0.04;2871;0.02;2701;True;2701.00;0.04;2701;0.02;2701;0.01;2684;True;2684.00;0.00;2684;0.00;2684;0.01;2499;True;2499.00;0.01;2499;0.01;2499;0.01
45;20;32;2767;True;2767.00;0.25;2799;0.10;2767;0.08;3808;True;3808.00;0.53;3831;0.06;3808;0.08;2776;True;2776.00;0.18;2776;0.05;2776;0.07;2640;True;2640.00;0.27;2658;0.05;2640;0.10;2632;True;2632.00;4.80;2632;0.12;2632;4.23;2476;True;2476.00;0.28;2476;0.07;2476;0.26
45;20;33;3245;True;3245.00;0.12;3245;0.04;3245;0.06;4477;True;4477.00;0.07;4477;0.04;4477;0.03;3186;True;3186.00;0.05;3203;0.04;3186;0.02;3042;True;3042.00;0.05;3042;0.03;3042;0.03;3012;True;3012.00;0.00;3012;0.01;3012;0.01;2798;True;2798.00;0.08;2817;0.05;2798;0.03
45;20;34;2419;True;2419.00;0.01;2419;0.01;2419;0.01;3408;True;3408.00;0.00;3408;0.00;3408;0.00;2517;True;2517.00;0.01;2517;0.01;2517;0.02;2432;True;2432.00;0.01;2432;0.01;2432;0.01;2348;True;2348.00;0.01;2348;0.01;2348;0.01;2228;True;2228.00;0.01;2228;0.01;2228;0.01
45;20;35;2490;True;2490.00;0.02;2490;0.02;2490;0.02;3203;True;3203.00;0.02;3203;0.02;3203;0.02;2484;True;2484.00;0.13;2489;0.06;2484;0.05;2343;True;2343.00;0.17;2348;0.06;2343;0.08;2376;True;2376.00;0.12;2376;0.08;2376;0.04;2215;True;2215.00;0.03;2215;0.04;2215;0.04
45;20;36;2748;True;2748.00;0.07;2748;0.04;2748;0.03;3638;True;3638.00;0.02;3638;0.02;3638;0.01;2533;True;2533.00;0.11;2533;0.05;2533;0.03;2429;True;2429.00;0.12;2436;0.04;2429;0.04;2488;True;2488.00;0.00;2488;0.01;2488;0.00;2331;True;2331.00;0.01;2331;0.01;2331;0.01
45;20;37;2555;True;2555.00;0.01;2555;0.01;2555;0.02;3590;True;3590.00;0.01;3590;0.01;3590;0.03;2555;True;2555.00;0.00;2555;0.01;2555;0.01;2424;True;2424.00;0.01;2424;0.02;2424;0.02;2347;True;2347.00;0.01;2347;0.01;2347;0.01;2265;True;2265.00;0.11;2265;0.07;2265;0.07
45;20;38;2561;True;2561.00;0.01;2561;0.01;2561;0.01;3373;True;3373.00;0.01;3373;0.01;3373;0.01;2552;True;2552.00;0.00;2552;0.00;2552;0.00;2422;True;2422.00;0.01;2422;0.01;2422;0.01;2338;True;2338.00;0.00;2338;0.00;2338;0.00;2222;True;2222.00;0.02;2222;0.02;2222;0.02
45;20;39;2831;True;2831.00;0.06;2831;0.02;2831;0.05;3577;True;3577.00;0.12;3577;0.02;3577;0.02;2828;True;2828.00;0.05;2832;0.02;2828;0.01;2660;True;2660.00;0.01;2660;0.01;2660;0.01;2644;True;2644.00;0.31;2644;0.06;2644;0.07;2472;True;2472.00;0.11;2477;0.03;2472;0.04
45;30;0;3739;True;3739.00;0.03;3739;0.04;3739;0.07;5226;True;5226.00;0.27;5226;0.52;5226;0.08;3770;True;3770.00;0.29;3770;0.45;3770;0.07;3513;True;3513.00;0.14;3513;0.45;3513;0.06;3598;True;3598.00;0.45;3598;0.38;3598;0.08;3246;True;3246.00;0.04;3246;0.04;3246;0.07
45;30;1;4701;True;4701.00;0.17;4701;0.09;4701;0.06;5919;True;5919.00;0.01;5919;0.01;5919;0.04;4786;True;4786.00;0.15;4786;0.06;4786;0.04;4491;True;4491.00;0.02;4491;0.02;4491;0.03;4418;True;4418.00;0.02;4418;0.02;4418;0.02;4147;True;4147.00;0.02;4147;0.02;4147;0.05
45;30;2;3920;True;3920.00;0.03;3920;0.02;3920;0.02;5447;True;5447.00;0.01;5447;0.01;5447;0.02;3962;True;3962.00;0.01;3962;0.01;3962;0.01;3838;True;3838.00;0.17;3838;0.04;3838;0.04;3784;True;3784.00;0.39;3790;0.08;3784;0.10;3579;True;3579.00;0.03;3579;0.03;3579;0.03
45;30;3;3646;True;3646.00;0.27;3656;0.19;3646;0.17;4875;True;4875.00;0.42;4875;0.13;4875;0.14;3603;True;3603.00;0.46;3603;0.10;3603;0.24;3417;True;3417.00;0.61;3423;0.14;3417;0.26;3381;True;3381.00;0.79;3381;0.12;3381;0.16;3180;True;3180.00;0.06;3180;0.06;3180;0.06
45;30;4;4386;True;4386.00;0.87;4386;0.13;4386;0.31;5988;True;5988.00;0.43;6004;0.35;5988;0.14;4328;True;4328.00;0.12;4334;0.10;4328;0.05;4176;True;4176.00;0.11;4176;0.09;4176;0.05;4098;True;4098.00;0.41;4098;0.11;4098;0.14;3866;True;3866.00;0.48;3866;0.17;3866;0.12
45;30;5;4077;True;4077.00;2.26;4077;0.14;4077;1.53;5466;True;5466.00;0.02;5466;0.02;5466;0.02;4125;True;4125.00;0.07;4125;0.04;4125;0.04;3871;True;3871.00;0.02;3871;0.02;3871;0.02;3826;True;3826.00;0.57;3826;0.10;3826;0.11;3659;True;3659.00;0.14;3667;0.09;3659;0.08
45;30;6;4409;True;4409.00;0.55;4409;0.08;4409;0.14;5812;True;5812.00;0.07;5812;0.03;5812;0.03;4321;True;4321.00;0.16;4321;0.07;4321;0.06;4123;True;4123.00;0.04;4123;0.01;4123;0.01;4072;True;4072.00;0.02;4072;0.02;4072;0.02;3834;True;3834.00;0.12;3834;0.07;3834;0.05
45;30;7;4486;True;4486.00;0.08;4486;0.06;4486;0.06;6062;True;6062.00;0.08;6062;0.05;6062;0.03;4303;True;4303.00;0.12;4307;0.06;4303;0.05;4104;True;4104.00;0.07;4104;0.05;4104;0.03;4110;True;4110.00;0.10;4110;0.08;4110;0.07;3873;True;3873.00;0.47;3873;0.07;3873;0.12
45;30;8;4394;True;4394.00;0.04;4394;0.05;4394;0.04;6007;True;6007.00;0.36;6007;0.10;6007;0.11;4371;True;4371.00;0.14;4371;0.07;4371;0.03;4172;True;4172.00;0.01;4172;0.02;4172;0.02;4160;True;4160.00;0.19;4160;0.08;4160;0.04;3920;True;3920.00;0.07;3920;0.06;3920;0.03
45;30;9;3842;True;3842.00;0.43;3849;0.06;3842;0.09;5142;True;5142.00;1.27;5166;0.12;5142;0.60;3775;True;3775.00;0.62;3775;0.08;3775;0.23;3584;True;3584.00;2.52;3614;0.16;3584;0.92;3605;True;3605.00;2.03;3618;0.18;3605;1.04;3365;True;3365.00;1.59;3365;0.12;3365;0.68
45;30;10;3984;True;3984.00;0.09;3997;0.08;3984;0.05;5573;True;5573.00;0.21;5573;0.11;5573;0.10;4057;True;4057.00;0.01;4057;0.01;4057;0.01;3879;True;3879.00;0.01;3879;0.01;3879;0.01;3778;True;3778.00;0.09;3778;0.06;3778;0.03;3575;True;3575.00;0.13;3575;0.06;3575;0.07
45;30;11;4573;True;4573.00;0.30;4573;0.07;4573;0.10;6181;True;6181.00;0.15;6181;0.04;6181;0.04;4619;True;4619.00;0.11;4619;0.06;4619;0.04;4381;True;4381.00;0.01;4381;0.01;4381;0.01;4299;True;4299.00;0.09;4299;0.03;4299;0.02;4060;True;4060.00;0.07;4060;0.03;4060;0.02
45;30;12;3899;True;3899.00;2.35;3899;0.11;3899;1.18;5444;True;5444.00;9.06;5478;0.32;5444;7.87;3913;True;3913.00;0.21;3913;0.06;3913;0.10;3732;True;3732.00;0.90;3732;0.09;3732;0.19;3610;True;3610.00;0.81;3610;0.10;3610;0.27;3461;True;3461.00;0.25;3461;0.06;3461;0.12
45;30;13;4020;True;4020.00;0.16;4020;0.09;4020;0.07;5596;True;5596.00;0.01;5596;0.01;5596;0.01;4178;True;4178.00;0.09;4178;0.05;4178;0.03;3890;True;3890.00;0.11;3890;0.04;3890;0.02;3742;True;3742.00;0.25;3742;0.07;3742;0.06;3580;True;3580.00;0.02;3580;0.02;3580;0.02
45;30;14;3397;True;3397.00;0.31;3397;0.12;3397;0.16;4731;True;4731.00;0.16;4731;0.12;4731;0.06;3264;True;3264.00;0.11;3264;0.05;3264;0.06;3115;True;3115.00;0.05;3115;0.05;3115;0.05;3192;True;3192.00;0.43;3194;0.15;3192;0.13;2953;True;2953.00;0.04;2953;0.04;2953;0.04
45;30;15;4480;True;4480.00;0.21;4480;0.06;4480;0.04;6019;True;6019.00;0.73;6020;0.07;6019;0.15;4326;True;4326.00;0.26;4328;0.04;4326;0.08;4164;True;4164.00;0.39;4164;0.05;4164;0.15;4205;True;4205.00;0.39;4205;0.05;4205;0.09;3835;True;3835.00;0.56;3835;0.08;3835;0.12
45;30;16;4287;True;4287.00;0.02;4287;0.01;4287;0.02;5688;True;5688.00;0.02;5688;0.02;5688;0.03;4344;True;4344.00;0.19;4344;0.09;4344;0.09;4094;True;4094.00;0.03;4094;0.04;4094;0.06;4041;True;4041.00;0.11;4041;0.06;4041;0.05;3864;True;3864.00;0.14;3864;0.08;3864;0.09
45;30;17;4122;True;4122.00;0.02;4122;0.02;4122;0.03;5732;True;5732.00;0.13;5732;0.06;5732;0.03;4118;True;4118.00;0.11;4118;0.19;4118;0.05;3961;True;3961.00;0.02;3961;0.02;3961;0.03;3946;True;3946.00;0.02;3946;0.02;3946;0.02;3675;True;3675.00;0.03;3675;0.03;3675;0.03
45;30;18;4089;True;4089.00;0.07;4089;0.06;4089;0.06;5675;True;5675.00;0.34;5675;0.06;5675;0.09;4136;True;4136.00;0.02;4136;0.02;4136;0.05;3928;True;3928.00;0.11;3928;0.05;3928;0.05;3864;True;3864.00;0.16;3864;0.06;3864;0.05;3628;True;3628.00;0.02;3628;0.02;3628;0.02
45;30;19;4007;True;4007.00;1.83;4010;0.17;4007;0.49;5228;True;5228.00;0.09;5232;0.05;5228;0.03;4034;True;4034.00;0.22;4040;0.06;4034;0.06;3828;True;3828.00;0.11;3841;0.08;3828;0.06;3754;True;3754.00;0.06;3754;0.06;3754;0.06;3569;True;3569.00;0.23;3569;0.13;3569;0.06
45;30;20;3465;True;3465.00;0.25;3465;0.05;3465;0.06;4586;True;4586.00;0.34;4587;0.08;4586;0.09;3586;True;3586.00;0.75;3593;0.13;3586;0.21;3457;True;3457.00;0.50;3460;0.16;3457;0.20;3318;True;3318.00;1.00;3322;0.26;3318;0.29;3137;True;3137.00;0.55;3147;0.22;3137;0.27
45;30;21;4353;True;4353.00;2.50;4371;0.21;4353;2.75;6037;True;6037.00;0.57;6037;0.06;6037;0.17;4455;True;4455.00;1.21;4475;0.08;4455;0.72;4185;True;4185.00;0.77;4194;0.09;4185;0.32;4206;True;4206.00;0.68;4206;0.10;4206;0.21;3869;True;3869.00;0.44;3869;0.08;3869;0.27
45;30;22;4627;True;4627.00;0.22;4627;0.07;4627;0.06;6289;True;6289.00;0.06;6289;0.03;6289;0.03;4575;True;4575.00;0.05;4575;0.03;4575;0.02;4270;True;4270.00;0.06;4270;0.02;4270;0.02;4294;True;4294.00;0.23;4294;0.05;4294;0.08;4034;True;4034.00;0.10;4034;0.05;4034;0.06
45;30;23;4021;True;4021.00;0.06;4021;0.03;4021;0.03;5428;True;5428.00;0.20;5428;0.07;5428;0.04;4375;True;4375.00;0.14;4375;0.05;4375;0.03;4040;True;4040.00;0.08;4040;0.04;4040;0.03;3827;True;3827.00;0.18;3827;0.07;3827;0.04;3720;True;3720.00;0.28;3726;0.09;3720;0.09
45;30;24;3995;True;3995.00;0.17;3995;0.03;3995;0.04;5566;True;5566.00;0.01;5566;0.02;5566;0.02;3961;True;3961.00;0.08;3961;0.02;3961;0.03;3801;True;3801.00;0.10;3801;0.03;3801;0.04;3736;True;3736.00;0.02;3736;0.02;3736;0.02;3579;True;3579.00;0.13;3579;0.04;3579;0.04
45;30;25;4430;True;4430.00;0.73;4430;0.09;4430;0.23;5848;True;5848.00;0.84;5851;0.08;5848;0.18;4481;True;4481.00;0.01;4481;0.01;4481;0.02;4210;True;4210.00;0.31;4210;0.06;4210;0.14;4128;True;4128.00;0.36;4128;0.07;4128;0.10;3908;True;3908.00;0.17;3908;0.06;3908;0.06
45;30;26;4158;True;4158.00;0.08;4163;0.14;4158;0.03;5679;True;5679.00;0.19;5679;0.07;5679;0.06;4102;True;4102.00;0.02;4102;0.02;4102;0.05;3920;True;3920.00;0.02;3920;0.02;3920;0.02;3917;True;3917.00;0.23;3917;0.08;3917;0.05;3592;True;3592.00;0.03;3592;0.03;3592;0.04
45;30;27;3950;True;3950.00;0.02;3950;0.02;3950;0.02;5220;True;5220.00;0.17;5220;0.07;5220;0.05;3790;True;3790.00;0.01;3790;0.01;3790;0.01;3621;True;3621.00;0.01;3621;0.01;3621;0.01;3654;True;3654.00;0.56;3660;0.08;3654;0.12;3426;True;3426.00;0.05;3426;0.05;3426;0.05
45;30;28;3981;True;3981.00;0.01;3981;0.01;3981;0.01;5308;True;5308.00;0.07;5308;0.04;5308;0.02;3887;True;3887.00;0.02;3887;0.02;3887;0.02;3654;True;3654.00;0.01;3654;0.01;3654;0.01;3676;True;3676.00;0.09;3676;0.05;3676;0.04;3475;True;3475.00;0.15;3479;0.10;3475;0.08
45;30;29;3898;True;3898.00;0.40;3898;0.05;3898;0.06;5454;True;5454.00;0.09;5462;0.09;5454;0.03;4068;True;4068.00;0.03;4068;0.04;4068;0.04;3825;True;3825.00;0.02;3825;0.02;3825;0.02;3771;True;3771.00;0.29;3771;0.09;3771;0.10;3525;True;3525.00;0.18;3525;0.07;3525;0.06
45;30;30;4110;True;4110.00;0.18;4115;0.06;4110;0.04;5652;True;5652.00;0.02;5652;0.02;5652;0.02;4090;True;4090.00;0.01;4090;0.01;4090;0.01;3878;True;3878.00;0.01;3878;0.01;3878;0.01;3892;True;3892.00;0.12;3894;0.05;3892;0.03;3551;True;3551.00;0.02;3551;0.02;3551;0.02
45;30;31;4015;True;4015.00;0.10;4015;0.09;4015;0.04;5445;True;5445.00;0.02;5445;0.02;5445;0.02;3685;True;3685.00;0.26;3685;0.13;3685;0.10;3598;True;3598.00;0.53;3598;0.12;3598;0.11;3712;True;3712.00;0.03;3712;0.03;3712;0.03;3411;True;3411.00;0.10;3411;0.07;3411;0.04
45;30;32;3792;True;3792.00;0.16;3792;0.41;3792;0.09;5122;True;5122.00;0.03;5122;0.03;5122;0.03;3980;True;3980.00;0.10;3980;0.30;3980;0.07;3730;True;3730.00;0.03;3730;0.04;3730;0.06;3606;True;3606.00;0.18;3606;0.12;3606;0.05;3458;True;3458.00;0.04;3458;0.05;3458;0.04
45;30;33;4034;True;4034.00;0.02;4034;0.02;4034;0.02;5593;True;5593.00;0.07;5593;0.03;5593;0.03;3999;True;3999.00;0.07;3999;0.03;3999;0.03;3751;True;3751.00;0.15;3751;0.05;3751;0.04;3808;True;3808.00;0.02;3808;0.02;3808;0.02;3534;True;3534.00;0.02;3534;0.02;3534;0.03
45;30;34;4091;True;4091.00;0.21;4091;0.09;4091;0.06;5723;True;5723.00;0.28;5725;0.09;5723;0.10;4037;True;4037.00;0.01;4037;0.02;4037;0.02;3871;True;3871.00;0.02;3871;0.02;3871;0.04;3825;True;3825.00;0.19;3825;0.13;3825;0.07;3595;True;3595.00;0.17;3598;0.15;3595;0.09
45;30;35;4501;True;4501.00;0.40;4534;0.23;4501;0.08;6280;True;6280.00;0.19;6280;0.04;6280;0.11;4564;True;4564.00;0.02;4564;0.02;4564;0.02;4400;True;4400.00;0.20;4400;0.05;4400;0.04;4339;True;4339.00;8.40;4340;0.12;4339;6.00;4069;True;4069.00;0.45;4071;0.05;4069;0.15
45;30;36;3738;True;3738.00;0.13;3738;0.10;3738;0.07;5149;True;5149.00;0.33;5149;0.06;5149;0.09;3698;True;3698.00;0.02;3698;0.02;3698;0.02;3525;True;3525.00;0.15;3525;0.07;3525;0.04;3506;True;3506.00;0.80;3506;0.12;3506;0.13;3328;True;3328.00;0.05;3328;0.05;3328;0.05
45;30;37;3505;True;3505.00;0.87;3505;0.12;3505;0.11;4843;True;4843.00;0.62;4843;0.16;4843;0.13;3571;True;3571.00;0.36;3571;0.09;3571;0.10;3398;True;3398.00;0.04;3398;0.04;3398;0.04;3335;True;3335.00;0.39;3341;0.14;3335;0.14;3184;True;3184.00;0.78;3187;0.20;3184;0.30
45;30;38;3951;True;3951.00;0.01;3951;0.01;3951;0.01;5415;True;5415.00;0.11;5415;0.05;5415;0.03;3934;True;3934.00;0.02;3934;0.02;3934;0.04;3767;True;3767.00;0.08;3767;0.04;3767;0.02;3740;True;3740.00;0.08;3745;0.06;3740;0.04;3489;True;3489.00;0.13;3495;0.06;3489;0.05
45;30;39;3664;True;3664.00;0.13;3672;0.11;3664;0.06;5001;True;5001.00;0.08;5001;0.04;5001;0.04;3729;True;3729.00;0.21;3729;0.06;3729;0.05;3557;True;3557.00;0.44;3560;0.10;3557;0.09;3480;True;3480.00;0.13;3480;0.05;3480;0.04;3245;True;3245.00;0.03;3245;0.03;3245;0.03
45;40;0;5101;True;5101.00;0.49;5101;0.15;5101;0.19;6848;True;6848.00;3.46;6870;0.47;6848;1.29;5049;True;5049.00;0.05;5049;0.04;5049;0.05;4814;True;4814.00;0.26;4814;0.15;4814;0.07;4828;True;4828.00;0.49;4828;0.21;4828;0.19;4553;True;4553.00;0.99;4560;0.12;4553;0.67
45;40;1;5896;True;5896.00;0.14;5905;0.19;5896;0.13;7861;True;7861.00;0.03;7861;0.04;7861;0.08;5968;True;5968.00;0.24;5970;0.11;5968;0.13;5668;True;5668.00;0.35;5668;0.13;5668;0.18;5525;True;5525.00;0.23;5533;0.13;5525;0.12;5229;True;5229.00;0.04;5229;0.04;5229;0.06
45;40;2;5634;True;5634.00;0.01;5634;0.01;5634;0.01;7817;True;7817.00;0.21;7817;0.11;7817;0.06;5687;True;5687.00;0.14;5687;0.08;5687;0.04;5493;True;5493.00;0.19;5493;0.09;5493;0.07;5377;True;5377.00;0.03;5377;0.03;5377;0.03;5117;True;5117.00;0.25;5118;0.08;5117;0.10
45;40;3;5383;True;5383.00;22.32;5394;0.47;5383;28.52;7021;True;7021.00;0.23;7021;0.55;7021;0.11;5436;True;5436.00;1.33;5442;0.47;5436;0.34;5185;True;5185.00;0.04;5185;0.04;5185;0.05;5061;True;5061.00;0.04;5061;0.03;5061;0.09;4787;True;4787.00;0.28;4787;0.56;4787;0.19
45;40;4;5190;True;5190.00;13.35;5190;0.60;5190;28.45;7157;True;7157.00;3.46;7166;0.46;7157;1.56;5261;True;5261.00;0.28;5261;0.11;5261;0.13;5007;True;5007.00;0.14;5007;0.07;5007;0.10;4848;True;4848.00;0.67;4848;0.15;4848;0.26;4678;True;4678.00;5.03;4679;0.46;4678;1.52
45;40;5;4693;True;4693.00;0.32;4693;0.07;4693;0.10;6347;True;6347.00;0.22;6347;0.16;6347;0.08;4743;True;4743.00;2.14;4746;0.27;4743;0.68;4531;True;4531.00;0.83;4532;0.12;4531;0.43;4528;True;4528.00;1.29;4528;0.10;4528;0.24;4253;True;4253.00;1.27;4253;0.24;4253;0.39
45;40;6;5201;True;5201.00;0.49;5201;0.16;5201;0.18;7159;True;7159.00;0.51;7159;0.14;7159;0.14;5324;True;5324.00;0.74;5324;0.14;5324;0.19;5073;True;5073.00;0.14;5073;0.07;5073;0.07;4927;True;4927.00;0.04;4927;0.04;4927;0.04;4730;True;4730.00;1.61;4735;0.26;4730;0.53
45;40;7;4623;True;4623.00;1.01;4623;0.13;4623;0.35;6254;True;6254.00;1.54;6259;0.27;6254;0.53;4635;True;4635.00;0.39;4635;0.15;4635;0.09;4448;True;4448.00;0.06;4448;0.07;4448;0.07;4340;True;4340.00;0.38;4340;0.13;4340;0.11;4122;True;4122.00;0.05;4122;0.06;4122;0.06
45;40;8;5107;True;5107.00;0.40;5107;0.25;5107;0.10;7082;True;7082.00;6.84;7086;0.66;7082;4.11;5039;True;5039.00;1.55;5053;0.17;5039;0.56;4827;True;4827.00;2.11;4843;0.46;4827;0.56;4815;True;4815.00;1.31;4815;0.19;4815;0.26;4570;True;4570.00;0.33;4570;0.11;4570;0.14
45;40;9;4853;True;4853.00;1.92;4874;0.58;4853;2.49;6508;True;6508.00;30.66;6561;0.61;6508;48.32;4808;True;4808.00;10.51;4826;0.52;4808;3.94;4546;True;4546.00;14.61;4548;0.28;4546;9.43;4577;True;4577.00;11.42;4603;0.48;4577;7.16;4220;True;4220.00;103.61;4220;0.53;4223;120.00
45;40;10;5630;True;5630.00;10.27;5630;0.16;5630;17.85;7522;True;7522.00;0.32;7536;0.13;7522;0.13;5590;True;5590.00;0.02;5590;0.02;5590;0.02;5325;True;5325.00;0.51;5328;0.10;5325;0.15;5242;True;5242.00;0.04;5242;0.03;5242;0.04;4977;True;4977.00;0.27;4985;0.10;4977;0.08
45;40;11;5675;True;5675.00;0.03;5675;0.03;5675;0.05;8049;True;8049.00;0.39;8067;0.55;8049;0.14;5699;True;5699.00;0.13;5699;0.14;5699;0.06;5472;True;5472.00;0.03;5472;0.03;5472;0.10;5373;True;5373.00;0.32;5373;0.07;5373;0.11;5060;True;5060.00;0.18;5060;0.10;5060;0.10
45;40;12;5055;True;5055.00;0.72;5055;0.14;5055;0.14;6810;True;6810.00;0.25;6810;0.15;6810;0.10;5109;True;5109.00;0.04;5109;0.04;5109;0.04;4898;True;4898.00;0.25;4898;0.07;4898;0.07;4796;True;4796.00;2.13;4799;0.16;4796;0.43;4567;True;4567.00;1.96;4577;0.18;4567;0.58
45;40;13;5264;True;5264.00;4.47;5274;0.28;5264;5.41;7004;True;7004.00;0.94;7004;0.11;7004;0.20;5115;True;5115.00;0.47;5115;0.10;5115;0.18;4900;True;4900.00;0.03;4900;0.03;4900;0.04;4901;True;4901.00;0.04;4901;0.03;4901;0.04;4612;True;4612.00;0.27;4612;0.12;4612;0.09
45;40;14;5355;True;5355.00;0.21;5355;0.10;5355;0.10;7162;True;7162.00;0.45;7162;0.08;7162;0.12;5406;True;5406.00;0.19;5414;0.09;5406;0.07;5132;True;5132.00;0.76;5132;0.11;5132;0.27;5059;True;5059.00;0.27;5059;0.10;5059;0.09;4759;True;4759.00;0.03;4759;0.04;4759;0.04
45;40;15;5570;True;5570.00;0.87;5570;0.14;5570;0.38;7759;True;7759.00;0.48;7759;0.10;7759;0.11;5694;True;5694.00;0.02;5694;0.02;5694;0.02;5443;True;5443.00;0.35;5443;0.11;5443;0.07;5223;True;5223.00;0.45;5234;0.10;5223;0.12;4971;True;4971.00;0.37;4971;0.12;4971;0.12
45;40;16;4683;True;4683.00;2.36;4688;0.24;4683;1.65;6293;True;6293.00;0.05;6293;0.07;6293;0.06;4718;True;4718.00;0.83;4736;0.19;4718;0.23;4496;True;4496.00;3.69;4497;0.18;4496;1.55;4375;True;4375.00;0.63;4375;0.16;4375;0.33;4185;True;4185.00;0.20;4185;0.14;4185;0.11
45;40;17;4938;True;4938.00;2.00;4944;0.30;4938;5.56;6584;True;6584.00;0.67;6584;0.20;6584;0.18;4878;True;4878.00;0.21;4878;0.11;4878;0.13;4666;True;4666.00;0.71;4671;0.15;4666;0.23;4633;True;4633.00;0.74;4636;0.12;4633;0.15;4289;True;4289.00;0.46;4289;0.20;4289;0.24
45;40;18;4661;True;4661.00;0.20;4661;0.14;4661;0.11;6266;True;6266.00;0.14;6266;0.09;6266;0.07;4491;True;4491.00;0.90;4491;0.19;4491;0.25;4361;True;4361.00;0.80;4361;0.43;4361;0.50;4342;True;4342.00;0.99;4342;0.10;4342;0.14;4117;True;4117.00;0.31;4117;0.08;4117;0.10
45;40;19;4656;True;4656.00;0.08;4656;0.09;4656;0.09;6333;True;6333.00;1.60;6333;0.34;6333;0.46;4526;True;4526.00;0.22;4526;0.15;4526;0.11;4316;True;4316.00;0.32;4316;0.17;4316;0.10;4460;True;4460.00;4.43;4460;0.34;4460;1.16;4102;True;4102.00;1.48;4102;0.28;4102;0.65
45;40;20;5513;True;5513.00;0.28;5513;0.07;5513;0.20;7702;True;7702.00;1.11;7711;0.16;7702;0.27;5576;True;5576.00;1.07;5582;0.10;5576;0.26;5317;True;5317.00;2.29;5317;0.23;5317;1.18;5272;True;5272.00;0.85;5274;0.11;5272;0.17;4889;True;4889.00;0.47;4890;0.11;4889;0.19
45;40;21;5139;True;5139.00;0.99;5147;0.71;5139;0.43;7067;True;7067.00;1.55;7067;0.25;7067;0.40;5046;True;5046.00;0.85;5046;0.15;5046;0.17;4966;True;4966.00;0.94;4966;0.28;4966;0.40;4871;True;4871.00;3.13;4872;0.26;4871;0.97;4716;True;4716.00;3.21;4724;0.35;4716;1.80
45;40;22;5136;True;5136.00;0.97;5136;0.10;5136;0.36;7219;True;7219.00;0.46;7219;0.12;7219;0.22;4960;True;4960.00;0.26;4963;0.11;4960;0.10;4793;True;4793.00;0.81;4793;0.19;4793;0.34;4798;True;4798.00;0.31;4804;0.14;4798;0.12;4530;True;4530.00;0.23;4530;0.08;4530;0.06
45;40;23;4794;True;4794.00;1.45;4798;0.27;4794;1.74;6596;True;6596.00;1.22;6596;0.14;6596;0.28;4711;True;4711.00;0.04;4711;0.03;4711;0.03;4480;True;4480.00;0.31;4486;0.15;4480;0.11;4427;True;4427.00;0.30;4427;0.18;4427;0.10;4257;True;4257.00;0.07;4257;0.08;4257;0.08
45;40;24;5237;True;5237.00;0.15;5237;0.07;5237;0.05;6968;True;6968.00;0.60;6970;0.21;6968;0.26;5398;True;5398.00;0.35;5398;0.12;5398;0.12;5046;True;5046.00;0.40;5047;0.14;5046;0.14;4951;True;4951.00;0.45;4951;0.16;4951;0.12;4684;True;4684.00;0.30;4684;0.16;4684;0.16
45;40;25;5013;True;5013.00;1.47;5013;0.14;5013;0.30;6614;True;6614.00;0.22;6614;0.18;6614;0.11;5024;True;5024.00;0.67;5024;0.13;5024;0.28;4739;True;4739.00;1.82;4745;0.35;4739;0.60;4793;True;4793.00;0.23;4794;0.12;4793;0.09;4430;True;4430.00;0.42;4430;0.17;4430;0.21
45;40;26;5701;True;5701.00;0.02;5701;0.02;5701;0.03;7825;True;7825.00;0.29;7825;0.14;7825;0.08;5697;True;5697.00;0.42;5697;0.16;5697;0.16;5465;True;5465.00;0.20;5465;0.52;5465;0.11;5429;True;5429.00;0.15;5429;0.09;5429;0.07;5116;True;5116.00;0.06;5116;0.07;5116;0.09
45;40;27;4745;True;4745.00;1.04;4751;0.31;4745;0.47;6598;True;6598.00;3.26;6598;0.22;6598;0.88;4804;True;4804.00;0.05;4804;0.06;4804;0.05;4554;True;4554.00;0.35;4554;0.14;4554;0.14;4517;True;4517.00;0.64;4517;0.16;4517;0.14;4245;True;4245.00;1.45;4254;0.40;4245;0.49
45;40;28;5117;True;5117.00;4.28;5117;0.57;5117;5.87;6882;True;6882.00;0.98;6882;0.60;6882;0.32;5179;True;5179.00;0.66;5190;0.53;5179;0.27;4922;True;4922.00;0.83;4926;0.14;4922;0.21;4846;True;4846.00;1.86;4850;0.43;4846;1.36;4568;True;4568.00;0.78;4568;0.55;4568;0.30
45;40;29;5349;True;5349.00;0.77;5357;0.12;5349;0.20;7214;True;7214.00;1.32;7214;0.23;7214;0.72;5303;True;5303.00;0.31;5303;0.13;5303;0.09;5079;True;5079.00;0.39;5079;0.10;5079;0.11;5019;True;5019.00;0.16;5019;0.07;5019;0.06;4783;True;4783.00;0.72;4783;0.14;4783;0.37
45;40;30;5278;True;5278.00;0.22;5278;0.09;5278;0.18;7397;True;7397.00;0.33;7401;0.08;7397;0.07;5274;True;5274.00;0.04;5274;0.05;5274;0.04;5030;True;5030.00;0.30;5031;0.10;5030;0.08;4949;True;4949.00;0.45;4949;0.09;4949;0.13;4711;True;4711.00;0.98;4716;0.18;4711;0.32
45;40;31;5374;True;5374.00;0.20;5374;0.07;5374;0.06;7355;True;7355.00;1.17;7360;0.18;7355;0.24;5369;True;5369.00;0.25;5369;0.07;5369;0.10;5147;True;5147.00;0.09;5147;0.05;5147;0.05;5110;True;5110.00;1.26;5115;0.12;5110;0.47;4859;True;4859.00;0.85;4859;0.11;4859;0.44
45;40;32;4725;True;4725.00;0.42;4744;0.40;4725;0.18;6496;True;6496.00;3.91;6500;0.40;6496;0.93;4890;True;4890.00;1.51;4890;0.28;4890;0.40;4649;True;4649.00;0.65;4659;0.25;4649;0.20;4474;True;4474.00;0.04;4474;0.03;4474;0.04;4298;True;4298.00;0.33;4305;0.16;4298;0.16
45;40;33;4678;True;4678.00;0.07;4678;0.07;4678;0.08;6297;True;6297.00;1.39;6298;0.28;6297;0.29;4700;True;4700.00;1.20;4705;0.23;4700;0.36;4468;True;4468.00;0.57;4468;0.21;4468;0.21;4474;True;4474.00;3.11;4474;0.18;4474;0.84;4145;True;4145.00;0.84;4145;0.16;4145;0.31
45;40;34;5170;True;5170.00;0.31;5170;0.12;5170;0.09;7030;True;7030.00;0.04;7030;0.05;7030;0.07;5231;True;5231.00;0.24;5231;0.11;5231;0.07;5001;True;5001.00;0.25;5002;0.05;5001;0.09;4919;True;4919.00;0.27;4919;0.08;4919;0.07;4661;True;4661.00;0.05;4661;0.06;4661;0.06
45;40;35;4803;True;4803.00;62.09;4803;0.52;4803;92.88;6412;True;6412.00;1.34;6424;0.25;6412;1.08;4751;True;4751.00;17.38;4754;0.41;4751;16.76;4590;True;4590.00;280.12;4602;0.47;4594;120.00;4493;True;4493.00;2.37;4507;0.42;4493;0.96;4233;True;4233.00;1.21;4233;0.14;4233;1.48
45;40;36;5795;True;5795.00;0.74;5810;0.17;5795;0.42;7963;True;7963.00;0.85;7967;0.13;7963;0.17;5696;True;5696.00;0.16;5708;0.10;5696;0.08;5398;True;5398.00;0.22;5398;0.13;5398;0.11;5421;True;5421.00;0.03;5421;0.02;5421;0.03;5092;True;5092.00;0.20;5092;0.10;5092;0.08
45;40;37;5147;True;5147.00;0.16;5147;0.12;5147;0.05;7084;True;7084.00;0.60;7090;0.15;7084;0.16;5349;True;5349.00;0.03;5349;0.03;5349;0.03;5049;True;5049.00;0.11;5049;0.07;5049;0.07;4968;True;4968.00;1.22;4968;0.14;4968;0.27;4701;True;4701.00;0.20;4701;0.07;4701;0.06
45;40;38;5356;True;5356.00;0.62;5356;0.58;5356;0.27;7332;True;7332.00;0.50;7338;0.55;7332;0.19;5618;True;5618.00;0.80;5624;0.49;5618;0.30;5331;True;5331.00;0.27;5331;0.47;5331;0.12;5021;True;5021.00;0.78;5029;0.49;5021;0.35;4858;True;4858.00;0.37;4858;0.12;4858;0.16
45;40;39;5689;True;5689.00;0.11;5689;0.06;5689;0.10;7929;True;7929.00;0.14;7929;0.54;7929;0.06;6023;True;6023.00;0.11;6023;0.07;6023;0.06;5719;True;5719.00;0.23;5719;0.33;5719;0.10;5477;True;5477.00;0.04;5477;0.04;5477;0.08;5196;True;5196.00;0.11;5196;0.10;5196;0.06
45;50;0;6343;True;6343.00;3.37;6343;0.46;6343;2.04;8616;True;8616.00;0.08;8616;0.09;8616;0.09;6368;True;6368.00;0.29;6368;0.15;6368;0.13;5999;True;5999.00;0.44;5999;0.19;5999;0.11;5885;True;5885.00;0.99;5892;0.28;5885;0.26;5615;True;5615.00;0.41;5623;0.37;5615;0.22
45;50;1;6281;True;6281.00;1.34;6281;0.16;6281;0.68;8651;True;8651.00;2.19;8651;0.43;8651;0.79;6661;True;6661.00;0.65;6661;0.18;6661;0.34;6252;True;6252.00;0.18;6252;0.13;6252;0.15;5958;True;5958.00;0.77;5967;0.27;5958;0.18;5731;True;5731.00;2.05;5731;0.20;5731;1.04
45;50;2;7309;True;7309.00;1.70;7309;0.20;7309;0.86;9993;True;9993.00;0.16;9998;0.08;9993;0.09;7524;True;7524.00;0.44;7524;0.12;7524;0.16;7168;True;7168.00;0.14;7170;0.08;7168;0.09;6996;True;6996.00;0.40;6998;0.11;6996;0.21;6651;True;6651.00;0.27;6651;0.11;6651;0.15
45;50;3;7015;True;7015.00;0.41;7015;0.09;7015;0.18;9597;True;9597.00;0.07;9597;0.09;9597;0.16;7048;True;7048.00;0.06;7048;0.07;7048;0.17;6679;True;6679.00;0.85;6679;0.40;6679;0.27;6676;True;6676.00;0.90;6676;0.34;6676;0.57;6211;True;6211.00;0.21;6211;0.16;6211;0.19
45;50;4;6072;True;6072.00;3.80;6072;0.43;6072;1.19;8288;True;8288.00;0.26;8328;0.81;8288;0.10;6142;True;6142.00;1.31;6144;0.44;6142;0.64;5914;True;5914.00;3.47;5914;0.44;5914;0.94;5757;True;5757.00;0.36;5757;0.27;5757;0.20;5543;True;5543.00;5.29;5545;0.46;5543;1.49
45;50;5;6748;True;6748.00;9.59;6756;0.64;6748;6.74;9344;True;9344.00;4.08;9351;0.38;9344;0.98;6694;True;6694.00;0.29;6694;0.08;6694;0.07;6405;True;6405.00;0.86;6405;0.16;6405;0.20;6376;True;6376.00;1.08;6376;0.46;6376;0.46;6014;True;6014.00;1.04;6027;0.35;6014;0.85
45;50;6;6645;True;6645.00;0.28;6645;0.83;6645;0.21;9062;True;9062.00;0.20;9072;0.58;9062;0.11;6617;True;6617.00;0.06;6617;0.07;6617;0.15;6389;True;6389.00;0.52;6409;0.54;6389;0.22;6197;True;6197.00;0.64;6200;0.39;6197;0.26;5931;True;5931.00;1.62;5931;0.71;5931;0.88
45;50;7;6876;True;6876.00;0.05;6876;0.05;6876;0.11;9535;True;9535.00;0.60;9535;0.91;9535;0.26;7010;True;7010.00;0.09;7010;0.11;7010;0.18;6648;True;6648.00;0.05;6648;0.05;6648;0.13;6517;True;6517.00;0.37;6536;0.69;6517;0.17;6239;True;6239.00;1.73;6241;0.63;6239;0.54
45;50;8;6399;True;6399.00;1.11;6412;0.90;6399;0.31;8897;True;8897.00;0.32;8897;0.53;8897;0.10;6607;True;6607.00;2.09;6608;0.72;6607;0.43;6368;True;6368.00;0.50;6368;0.60;6368;0.27;6130;True;6130.00;0.77;6146;0.59;6130;0.24;5868;True;5868.00;0.55;5868;0.87;5868;0.22
45;50;9;7181;True;7181.00;1.28;7194;0.87;7181;0.58;9785;True;9785.00;8.46;9785;0.75;9785;4.67;7053;True;7053.00;1.84;7053;0.61;7053;0.67;6700;True;6700.00;0.40;6700;0.65;6700;0.19;6658;True;6658.00;0.23;6658;0.70;6658;0.10;6300;True;6300.00;0.49;6300;0.68;6300;0.25
45;50;10;7061;True;7061.00;6.79;7073;0.58;7061;9.98;9283;True;9283.00;2.49;9286;0.17;9283;0.38;7163;True;7163.00;0.80;7164;0.15;7163;0.22;6812;True;6812.00;0.17;6816;0.08;6812;0.13;6720;True;6720.00;0.61;6720;0.13;6720;0.22;6362;True;6362.00;3.55;6379;0.52;6362;2.04
45;50;11;6717;True;6717.00;16.30;6745;0.66;6717;120.00;9184;True;9184.00;5.83;9184;0.30;9184;2.74;6762;True;6762.00;20.99;6775;0.68;6762;12.02;6465;True;6465.00;34.25;6472;0.52;6465;36.58;6395;True;6395.00;41.87;6398;0.59;6395;61.42;6026;True;6026.00;17.25;6026;0.73;6026;19.35
45;50;12;6005;True;6005.00;3.93;6005;0.28;6005;2.24;8210;True;8210.00;8.93;8224;1.14;8210;6.70;6054;True;6054.00;10.42;6054;1.05;6054;4.50;5753;True;5753.00;1.15;5753;0.81;5753;0.75;5683;True;5683.00;7.53;5683;0.60;5683;3.84;5364;True;5364.00;7.25;5374;0.96;5364;5.38
45;50;13;6002;True;6002.00;7.14;6029;0.97;6002;13.44;8166;True;8166.00;1.73;8166;0.15;8166;0.30;6093;True;6093.00;0.54;6093;0.16;6093;0.16;5816;True;5816.00;0.89;5824;0.18;5816;0.28;5651;True;5651.00;10.46;5651;0.25;5651;4.01;5405;True;5405.00;1.99;5405;0.32;5405;0.53
45;50;14;5749;True;5749.00;2.10;5749;0.43;5749;0.59;8106;True;8106.00;1.57;8108;0.51;8106;0.43;5837;True;5837.00;0.09;5837;0.12;5837;0.10;5502;True;5502.00;1.04;5502;0.18;5502;0.19;5434;True;5434.00;3.55;5434;0.45;5434;0.73;5166;True;5166.00;1.58;5170;0.71;5166;1.52
45;50;15;6250;True;6250.00;8.31;6252;0.62;6250;6.83;8431;True;8431.00;0.34;8431;0.21;8431;0.18;6241;True;6241.00;0.57;6241;0.20;6241;0.33;5891;True;5891.00;0.41;5891;0.15;5891;0.17;5964;True;5964.00;1.32;5969;0.20;5964;0.41;5507;True;5507.00;0.67;5522;0.31;5507;0.51
45;50;16;6260;True;6260.00;0.04;6260;0.04;6260;0.04;8582;True;8582.00;0.30;8582;0.20;8582;0.19;6292;True;6292.00;0.63;6292;0.24;6292;0.19;5993;True;5993.00;0.07;5993;0.07;5993;0.11;5925;True;5925.00;1.37;5925;0.19;5925;0.33;5613;True;5613.00;0.09;5613;0.11;5613;0.11
45;50;17;6671;True;6671.00;7.23;6674;0.89;6671;18.85;9153;True;9153.00;1.53;9153;0.58;9153;0.36;6556;True;6556.00;0.30;6556;0.24;6556;0.30;6237;True;6237.00;0.05;6237;0.05;6237;0.05;6242;True;6242.00;60.03;6250;0.53;6242;106.79;5848;True;5848.00;2.63;5854;0.80;5848;1.58
45;50;18;6322;True;6322.00;3.51;6328;0.93;6322;2.59;8509;True;8509.00;0.96;8517;0.44;8509;0.43;6313;True;6313.00;0.23;6313;0.13;6313;0.17;6034;True;6034.00;0.90;6034;0.16;6034;0.16;5875;True;5875.00;2.05;5877;0.62;5875;0.58;5580;True;5580.00;1.73;5583;0.51;5580;1.17
45;50;19;6427;True;6427.00;7.85;6427;0.24;6427;3.47;8767;True;8767.00;9.87;8784;0.57;8767;5.28;6409;True;6409.00;4.55;6410;0.26;6409;1.76;6145;True;6145.00;15.91;6147;0.52;6145;9.64;6106;True;6106.00;12.01;6106;0.53;6106;10.29;5753;True;5753.00;0.39;5753;0.55;5753;0.19
45;50;20;6511;True;6511.00;3.03;6542;0.78;6511;1.18;8850;True;8850.00;0.69;8850;0.17;8850;0.18;6662;True;6662.00;1.44;6675;0.28;6662;0.58;6301;True;6301.00;1.62;6301;0.21;6301;0.43;6209;True;6209.00;8.58;6214;0.55;6209;4.75;5824;True;5824.00;0.87;5841;0.28;5824;0.55
45;50;21;6994;True;6994.00;1.59;6994;0.23;6994;0.73;9458;True;9458.00;0.04;9458;0.06;9458;0.04;6819;True;6819.00;0.13;6819;0.07;6819;0.11;6508;True;6508.00;1.10;6513;0.18;6508;0.29;6432;True;6432.00;0.04;6432;0.05;6432;0.04;6060;True;6060.00;0.67;6060;0.25;6060;0.20
45;50;22;6460;True;6460.00;1.09;6469;0.95;6460;0.42;8793;True;8793.00;8.87;8804;0.84;8793;3.74;6553;True;6553.00;0.37;6553;0.18;6553;0.14;6278;True;6278.00;1.04;6286;0.38;6278;0.27;6097;True;6097.00;2.48;6097;0.28;6097;0.67;5791;True;5791.00;0.50;5791;0.34;5791;0.29
45;50;23;6112;True;6112.00;0.98;6112;0.27;6112;0.35;8317;True;8317.00;2.26;8341;0.55;8317;0.75;6132;True;6132.00;0.18;6142;0.16;6132;0.11;5864;True;5864.00;0.44;5869;0.23;5864;0.14;5814;True;5814.00;2.87;5814;0.56;5814;1.75;5518;True;5518.00;3.48;5521;0.37;5518;1.24
45;50;24;5874;True;5874.00;93.50;5882;1.14;5874;120.00;8220;True;8220.00;2.63;8221;0.26;8220;0.56;5981;True;5981.00;2.52;5981;0.27;5981;0.96;5720;True;5720.00;0.98;5728;0.30;5720;0.26;5562;True;5562.00;3.04;5562;0.28;5562;0.99;5286;True;5286.00;1.04;5295;0.50;5286;0.56
45;50;25;6265;True;6265.00;3.75;6265;0.22;6265;1.54;8585;True;8585.00;0.94;8585;0.28;8585;0.31;6305;True;6305.00;0.24;6305;0.16;6305;0.10;6076;True;6076.00;0.65;6076;0.30;6076;0.45;5954;True;5954.00;0.57;5960;0.34;5954;0.24;5594;True;5594.00;0.43;5599;0.24;5594;0.29
45;50;26;6501;True;6501.00;0.84;6501;0.20;6501;0.42;8778;True;8778.00;1.23;8782;0.23;8778;0.25;6395;True;6395.00;0.40;6395;0.19;6395;0.15;6121;True;6121.00;0.06;6121;0.06;6121;0.07;6171;True;6171.00;0.05;6171;0.06;6171;0.06;5747;True;5747.00;0.82;5749;0.22;5747;0.45
45;50;27;6238;True;6238.00;6.65;6238;0.82;6238;7.42;8544;True;8544.00;3.64;8556;0.35;8544;1.23;6163;True;6163.00;1.40;6163;0.26;6163;0.36;5926;True;5926.00;0.31;5962;0.87;5926;0.13;5845;True;5845.00;0.09;5845;0.10;5845;0.09;5549;True;5549.00;4.54;5551;0.56;5549;2.25
45;50;28;6035;True;6035.00;0.79;6035;0.82;6035;0.64;8227;True;8227.00;0.50;8241;0.86;8227;0.33;6088;True;6088.00;0.75;6099;0.88;6088;0.27;5815;True;5815.00;1.68;5822;0.73;5815;0.61;5659;True;5659.00;0.08;5659;0.09;5659;0.18;5384;True;5384.00;0.92;5395;0.96;5384;0.71
45;50;29;5935;True;5935.00;1.30;5935;0.23;5935;0.75;8127;True;8127.00;0.64;8128;0.24;8127;0.28;5929;True;5929.00;0.77;5935;0.30;5929;0.60;5669;True;5669.00;0.31;5669;0.16;5669;0.22;5633;True;5633.00;3.66;5633;0.26;5633;1.61;5317;True;5317.00;0.62;5320;0.26;5317;0.67
45;50;30;6045;True;6045.00;1.35;6045;0.15;6045;0.64;8189;True;8189.00;9.96;8198;0.88;8189;2.67;6014;True;6014.00;8.20;6014;0.36;6014;7.55;5742;True;5742.00;0.45;5742;0.17;5742;0.11;5720;True;5720.00;1.72;5726;0.23;5720;0.86;5334;True;5334.00;2.13;5342;0.23;5334;0.68
45;50;31;5935;True;5935.00;0.63;5935;0.60;5935;0.25;7966;True;7966.00;3.30;7974;0.79;7966;0.74;5950;True;5950.00;2.36;5950;0.96;5950;1.31;5659;True;5659.00;1.41;5663;0.71;5659;0.40;5502;True;5502.00;0.64;5502;0.29;5502;0.33;5252;True;5252.00;1.32;5252;0.32;5252;0.85
45;50;32;6430;True;6430.00;2.05;6430;0.67;6430;1.46;8793;True;8793.00;1.23;8805;0.67;8793;0.40;6261;True;6261.00;0.30;6271;0.30;6261;0.21;6040;True;6040.00;2.04;6040;0.42;6040;0.68;5864;True;5864.00;0.76;5874;0.26;5864;0.43;5622;True;5622.00;0.61;5622;0.63;5622;0.33
45;50;33;6839;True;6839.00;3.59;6839;0.47;6839;7.94;9273;True;9273.00;0.05;9273;0.05;9273;0.05;6590;True;6590.00;0.60;6593;0.20;6590;0.36;6373;True;6373.00;0.54;6373;0.21;6373;0.26;6406;True;6406.00;0.85;6411;0.12;6406;0.24;6036;True;6036.00;0.49;6038;0.21;6036;0.16
45;50;34;6282;True;6282.00;515.69;6312;0.82;6282;120.00;8463;True;8463.00;24.94;8463;0.67;8463;17.99;6214;True;6214.00;1.28;6215;0.25;6214;0.28;5915;True;5915.00;2.33;5920;0.38;5915;1.02;5835;True;5835.00;10.72;5844;0.83;5835;8.44;5534;True;5534.00;8.55;5534;0.73;5534;8.23
45;50;35;6431;True;6431.00;1.91;6434;0.22;6431;1.00;8710;True;8710.00;2.48;8710;0.18;8710;0.67;6554;True;6554.00;0.52;6554;0.18;6554;0.36;6171;True;6171.00;0.23;6171;0.11;6171;0.12;6066;True;6066.00;0.75;6070;0.16;6066;0.15;5753;True;5753.00;1.24;5753;0.18;5753;0.53
45;50;36;6517;True;6517.00;4.50;6517;0.79;6517;4.41;8793;True;8793.00;1.01;8821;0.56;8793;0.24;6594;True;6594.00;1.98;6601;0.33;6594;1.42;6374;True;6374.00;5.01;6375;0.34;6374;6.58;6125;True;6125.00;2.46;6140;0.44;6125;1.03;5906;True;5906.00;5.30;5909;0.38;5906;5.22
45;50;37;6433;True;6433.00;3.03;6433;0.52;6433;2.05;8675;True;8675.00;1.40;8676;0.14;8675;0.38;6484;True;6484.00;0.85;6484;0.18;6484;0.28;6135;True;6135.00;0.24;6135;0.14;6135;0.11;6039;True;6039.00;0.65;6050;0.27;6039;0.21;5811;True;5811.00;1.36;5811;0.20;5811;0.94
45;50;38;6297;True;6297.00;0.04;6297;0.04;6297;0.04;8489;True;8489.00;0.23;8489;0.12;8489;0.07;6439;True;6439.00;0.46;6439;0.17;6439;0.19;6097;True;6097.00;0.79;6097;0.21;6097;0.29;6040;True;6040.00;0.55;6040;0.20;6040;0.19;5632;True;5632.00;0.81;5632;0.20;5632;0.50
45;50;39;5907;True;5907.00;1.25;5907;0.36;5907;0.65;7972;True;7972.00;0.21;7972;0.11;7972;0.11;5965;True;5965.00;1.00;5965;0.18;5965;0.24;5759;True;5759.00;0.23;5759;0.19;5759;0.22;5625;True;5625.00;0.57;5625;0.17;5625;0.32;5345;True;5345.00;1.41;5345;0.26;5345;0.53
45;60;0;7840;True;7840.00;1.05;7850;0.45;7840;0.38;10589;True;10589.00;1.07;10594;0.43;10589;0.26;8085;True;8085.00;1.44;8085;0.23;8085;0.51;7517;True;7517.00;0.70;7517;0.19;7517;0.27;7357;True;7357.00;1.18;7357;0.39;7357;0.35;7088;True;7088.00;0.37;7088;0.24;7088;0.16
45;60;1;7333;True;7333.00;21.73;7333;1.29;7333;30.15;9964;True;9964.00;4.11;9964;0.87;9964;3.11;7229;True;7229.00;7.40;7229;0.31;7229;3.25;6931;True;6931.00;32.49;6940;0.88;6931;49.48;6974;True;6974.00;23.53;7009;1.11;6974;23.63;6478;True;6478.00;7.92;6483;1.19;6478;4.20
45;60;2;6089;True;6089.00;8.38;6089;1.72;6089;4.29;8296;True;8296.00;0.90;8322;1.26;8296;0.25;6021;True;6021.00;24.69;6025;0.88;6021;10.41;5749;True;5749.00;5.53;5758;0.61;5749;1.87;5686;True;5686.00;43.66;5686;2.66;5686;15.31;5425;True;5425.00;14.92;5429;1.19;5425;5.20
45;60;3;6860;True;6860.00;0.81;6860;0.79;6860;0.80;9242;True;9242.00;3.33;9242;0.53;9242;1.16;6839;True;6839.00;5.47;6840;0.52;6839;2.67;6502;True;6502.00;0.66;6502;0.33;6502;0.48;6500;True;6500.00;2.11;6501;0.43;6500;0.58;6114;True;6114.00;1.60;6116;0.41;6114;0.60
45;60;4;7247;True;7247.00;2.58;7247;0.79;7247;2.68;9906;True;9906.00;0.83;9906;0.26;9906;0.41;7535;True;7535.00;3.21;7540;0.47;7535;1.48;7041;True;7041.00;1.08;7041;0.45;7041;0.31;6981;True;6981.00;0.85;6984;0.41;6981;0.80;6525;True;6525.00;0.12;6525;0.12;6525;0.12
45;60;5;7516;True;7516.00;4.21;7516;1.17;7516;3.32;10081;True;10081.00;0.31;10081;0.22;10081;0.24;7549;True;7549.00;0.98;7560;1.15;7549;1.04;7157;True;7157.00;1.11;7157;1.00;7157;0.64;7048;True;7048.00;2.16;7048;1.09;7048;0.96;6689;True;6689.00;5.85;6689;1.14;6689;2.54
45;60;6;7794;True;7794.00;0.44;7794;0.29;7794;0.27;10622;True;10622.00;0.45;10622;0.66;10622;0.44;7775;True;7775.00;0.67;7785;0.43;7775;0.49;7411;True;7411.00;2.04;7421;1.20;7411;0.64;7342;True;7342.00;4.26;7344;0.95;7342;1.87;6982;True;6982.00;9.13;6984;1.21;6982;4.19
45;60;7;7595;True;7595.00;7.22;7605;0.61;7595;4.59;10219;True;10219.00;0.89;10227;0.35;10219;0.45;7838;True;7838.00;0.93;7846;0.25;7838;0.66;7352;True;7352.00;0.71;7363;0.27;7352;0.23;7111;True;7111.00;0.09;7111;0.09;7111;0.11;6782;True;6782.00;0.56;6782;0.21;6782;0.27
45;60;8;8600;True;8600.00;3.17;8601;0.27;8600;35.25;11909;True;11909.00;0.54;11926;0.21;11909;0.29;8539;True;8539.00;0.47;8539;0.28;8539;0.41;8240;True;8240.00;0.54;8240;0.16;8240;0.26;8081;True;8081.00;2.19;8081;0.27;8081;1.36;7571;True;7571.00;0.67;7571;0.16;7571;0.37
45;60;9;8044;True;8044.00;0.52;8044;0.23;8044;0.28;11010;True;11010.00;2.61;11010;0.23;11010;0.96;7835;True;7835.00;0.97;7839;0.20;7835;0.30;7551;True;7551.00;0.50;7551;0.19;7551;0.14;7530;True;7530.00;1.36;7530;0.20;7530;0.45;7068;True;7068.00;2.01;7068;0.33;7068;0.90
45;60;10;7160;True;7160.00;8.05;7172;1.34;7160;8.20;9549;True;9549.00;1.29;9549;0.78;9549;0.63;7104;True;7104.00;2.76;7118;1.22;7104;1.63;6765;True;6765.00;4.23;6771;1.44;6765;2.33;6767;True;6767.00;8.31;6769;1.21;6767;5.66;6357;True;6357.00;0.78;6357;0.32;6357;0.77
45;60;11;7873;True;7873.00;1.18;7873;0.25;7873;0.49;10836;True;10836.00;0.52;10836;0.15;10836;0.33;8086;True;8086.00;2.58;8086;0.93;8086;0.93;7683;True;7683.00;3.92;7691;1.32;7683;1.22;7477;True;7477.00;0.35;7477;0.16;7477;0.34;7079;True;7079.00;1.11;7088;0.60;7079;0.71
45;60;12;7679;True;7679.00;2.00;7679;1.03;7679;0.86;10479;True;10479.00;2.29;10485;0.99;10479;1.29;7856;True;7856.00;3.20;7856;1.02;7856;1.43;7458;True;7458.00;0.12;7458;0.12;7458;0.30;7233;True;7233.00;2.43;7233;1.08;7233;1.19;6865;True;6865.00;0.74;6875;1.12;6865;0.43
45;60;13;7299;True;7299.00;0.54;7312;0.46;7299;0.27;9923;True;9923.00;1.40;9923;0.22;9923;0.53;7224;True;7224.00;0.57;7224;0.21;7224;0.21;6951;True;6951.00;1.16;6951;0.34;6951;0.68;6932;True;6932.00;5.82;6943;1.34;6932;2.71;6530;True;6530.00;2.69;6532;0.34;6530;1.46
45;60;14;8121;True;8121.00;2.41;8121;0.30;8121;0.72;10920;True;10920.00;0.41;10920;0.21;10920;0.11;8278;True;8278.00;4.19;8278;0.52;8278;1.50;7745;True;7745.00;1.22;7755;0.86;7745;0.47;7510;True;7510.00;1.08;7510;0.31;7510;0.47;7089;True;7089.00;1.23;7097;1.06;7089;0.70
45;60;15;6892;True;6892.00;9.05;6897;0.74;6892;6.35;9347;True;9347.00;4.13;9351;0.77;9347;2.63;6694;True;6694.00;2.26;6697;0.33;6694;0.91;6437;True;6437.00;2.39;6447;0.65;6437;1.46;6572;True;6572.00;7.33;6573;0.79;6572;3.15;6097;True;6097.00;7.43;6097;0.49;6097;2.44
45;60;16;6991;True;6991.00;36.09;6995;1.57;6991;83.26;9575;True;9575.00;1.06;9593;0.34;9575;0.43;7052;True;7052.00;1.57;7060;0.31;7052;0.96;6804;True;6804.00;2.27;6804;0.39;6804;0.65;6619;True;6619.00;3.45;6619;0.54;6619;0.91;6249;True;6249.00;0.14;6249;0.13;6249;0.14
45;60;17;7255;True;7255.00;4.54;7255;0.98;7255;3.07;9954;True;9954.00;3.90;9956;0.89;9954;1.47;7459;True;7459.00;0.50;7459;0.25;7459;0.24;7090;True;7090.00;4.33;7090;0.99;7090;1.91;6819;True;6819.00;5.10;6819;0.98;6819;1.19;6573;True;6573.00;0.54;6583;1.16;6573;0.45
45;60;18;7937;True;7937.00;0.06;7937;0.07;7937;0.05;10751;True;10751.00;3.23;10751;0.34;10751;1.06;7830;True;7830.00;0.49;7834;0.23;7830;0.33;7489;True;7489.00;1.49;7489;0.30;7489;0.74;7505;True;7505.00;0.39;7505;0.29;7505;0.29;7023;True;7023.00;0.86;7024;0.19;7023;0.32
45;60;19;7557;True;7557.00;1.40;7569;1.23;7557;1.14;10276;True;10276.00;1.32;10276;1.00;10276;0.59;7891;True;7891.00;0.49;7891;0.96;7891;0.40;7372;True;7372.00;4.08;7372;1.36;7372;0.87;7209;True;7209.00;2.87;7209;0.99;7209;1.00;6768;True;6768.00;3.02;6772;1.20;6768;2.90
45;60;20;7356;True;7356.00;11.11;7356;1.01;7356;51.85;10261;True;10261.00;1.27;10267;0.42;10261;0.34;7294;True;7294.00;0.65;7294;0.23;7294;0.39;7006;True;7006.00;0.86;7006;0.20;7006;0.22;6928;True;6928.00;0.84;6928;0.69;6928;0.42;6523;True;6523.00;4.06;6527;1.22;6523;0.96
45;60;21;7601;True;7601.00;2.38;7601;1.05;7601;2.29;10515;True;10515.00;2.32;10515;1.17;10515;1.05;7658;True;7658.00;3.14;7666;1.04;7658;1.53;7218;True;7218.00;0.57;7224;0.37;7218;0.37;7186;True;7186.00;6.70;7189;0.89;7186;3.20;6784;True;6784.00;2.28;6793;1.13;6784;1.19
45;60;22;8059;True;8059.00;1.07;8064;0.58;8059;0.58;10824;True;10824.00;0.08;10824;0.09;10824;0.09;8062;True;8062.00;0.51;8068;0.47;8062;0.29;7537;True;7537.00;0.25;7542;0.22;7537;0.14;7552;True;7552.00;3.78;7552;0.49;7552;1.42;7089;True;7089.00;1.25;7089;0.22;7089;0.51
45;60;23;6938;True;6938.00;0.90;6938;0.33;6938;0.39;9548;True;9548.00;1.32;9548;0.53;9548;0.80;7154;True;7154.00;10.34;7155;0.44;7154;6.04;6753;True;6753.00;1.13;6757;0.38;6753;0.23;6512;True;6512.00;1.83;6520;0.36;6512;1.02;6275;True;6275.00;0.84;6282;0.37;6275;0.24
45;60;24;7905;True;7905.00;4.23;7905;0.63;7905;3.17;10975;True;10975.00;1.04;10975;0.20;10975;0.32;7869;True;7869.00;0.78;7871;0.16;7869;0.36;7508;True;7508.00;1.98;7511;0.21;7508;0.86;7259;True;7259.00;3.61;7259;0.28;7259;0.80;6955;True;6955.00;1.60;6955;0.28;6955;0.74
45;60;25;7887;True;7887.00;494.09;7892;0.93;7889;120.00;10660;True;10660.00;17.12;10720;0.77;10660;11.59;7966;True;7966.00;16.87;7978;0.56;7966;12.26;7579;True;7579.00;74.29;7583;0.85;7579;82.00;7452;True;7452.00;336.72;7454;1.08;7454;120.00;7063;True;7063.00;39.62;7083;0.63;7063;53.57
45;60;26;7771;True;7771.00;1.26;7780;0.59;7771;0.62;10569;True;10569.00;6.72;10573;0.88;10569;2.45;7905;True;7905.00;1.11;7909;0.28;7905;0.39;7611;True;7611.00;3.67;7613;0.46;7611;3.28;7397;True;7397.00;2.87;7398;0.86;7397;0.51;7012;True;7012.00;4.80;7012;0.43;7012;1.77
45;60;27;7679;True;7679.00;4.59;7681;0.44;7679;3.54;10470;True;10470.00;1.34;10481;0.27;10470;0.57;7642;True;7642.00;0.26;7642;0.10;7642;0.11;7331;True;7331.00;0.77;7331;0.21;7331;0.21;7212;True;7212.00;0.54;7212;0.23;7212;0.33;6841;True;6841.00;0.11;6841;0.10;6841;0.12
45;60;28;7395;True;7395.00;0.62;7395;0.42;7395;0.50;9952;True;9952.00;4.10;9953;0.91;9952;1.57;7328;True;7328.00;0.09;7328;0.09;7328;0.09;7120;True;7120.00;2.91;7127;0.92;7120;0.79;6889;True;6889.00;2.14;6899;0.40;6889;1.17;6541;True;6541.00;1.36;6541;0.37;6541;0.51
45;60;29;6409;True;6409.00;6.19;6416;1.69;6409;2.04;8556;True;8556.00;6.44;8559;1.57;8556;2.29;6453;True;6453.00;1.73;6453;0.30;6453;0.79;6236;True;6236.00;10.02;6236;0.92;6236;10.48;6143;True;6143.00;2.39;6143;0.57;6143;0.86;5821;True;5821.00;2.13;5821;0.38;5821;0.92
45;60;30;8119;True;8119.00;11.00;8119;1.02;8119;39.76;11247;True;11247.00;0.92;11247;0.78;11247;0.45;8128;True;8128.00;0.38;8128;0.70;8128;0.26;7681;True;7681.00;0.34;7681;0.74;7681;0.17;7606;True;7606.00;0.53;7606;0.20;7606;0.27;7217;True;7217.00;1.16;7217;0.42;7217;0.61
45;60;31;7052;True;7052.00;0.47;7052;0.23;7052;0.40;9965;True;9965.00;2.46;9968;0.37;9965;0.71;7382;True;7382.00;0.56;7382;0.24;7382;0.17;6896;True;6896.00;0.11;6896;0.12;6896;0.12;6790;True;6790.00;3.97;6793;0.52;6790;1.15;6502;True;6502.00;4.71;6502;1.08;6502;1.75
45;60;32;7951;True;7951.00;0.08;7951;0.09;7951;0.23;10905;True;10905.00;2.13;10905;0.90;10905;0.84;8056;True;8056.00;2.42;8058;1.07;8056;0.70;7616;True;7616.00;0.33;7616;0.65;7616;0.42;7611;True;7611.00;1.22;7613;0.87;7611;0.43;7104;True;7104.00;1.09;7104;0.87;7104;0.87
45;60;33;7921;True;7921.00;7.82;7921;0.71;7921;13.16;10906;True;10906.00;3.65;10908;0.30;10906;0.64;8049;True;8049.00;1.43;8049;0.25;8049;0.47;7751;True;7751.00;1.81;7754;0.26;7751;0.64;7493;True;7493.00;0.87;7493;0.27;7493;0.48;7131;True;7131.00;1.37;7131;0.24;7131;0.34
45;60;34;7732;True;7732.00;0.35;7751;0.82;7732;0.31;10568;True;10568.00;0.83;10585;0.31;10568;0.29;7612;True;7612.00;1.40;7612;0.21;7612;0.38;7361;True;7361.00;3.92;7363;0.44;7361;1.88;7273;True;7273.00;5.31;7283;1.17;7273;1.29;6874;True;6874.00;0.82;6882;0.39;6874;0.44
45;60;35;7428;True;7428.00;82.57;7433;1.59;7428;120.00;9960;True;9960.00;13.76;9965;0.78;9960;3.82;7466;True;7466.00;4.92;7466;0.24;7466;1.57;7085;True;7085.00;0.51;7093;0.20;7085;0.16;7029;True;7029.00;28.57;7035;1.37;7029;15.74;6593;True;6593.00;3.40;6593;0.26;6593;1.41
45;60;36;7650;True;7650.00;1.94;7650;1.06;7650;0.77;10602;True;10602.00;1.36;10618;1.13;10602;0.72;7624;True;7624.00;1.93;7624;1.01;7624;0.55;7332;True;7332.00;1.93;7332;0.91;7332;0.66;7174;True;7174.00;2.42;7182;1.20;7174;0.91;6783;True;6783.00;1.99;6783;1.12;6783;0.91
45;60;37;6449;True;6449.00;11.60;6451;1.54;6449;5.32;8791;True;8791.00;2.10;8805;0.83;8791;0.71;6419;True;6419.00;1.25;6429;0.62;6419;0.57;6134;True;6134.00;1.42;6134;0.50;6134;0.70;6008;True;6008.00;17.74;6013;1.70;6008;6.18;5774;True;5774.00;4.95;5779;0.67;5774;3.82
45;60;38;7588;True;7588.00;3.31;7597;0.85;7588;1.44;10391;True;10391.00;0.90;10391;0.46;10391;0.39;7878;True;7878.00;1.58;7880;0.43;7878;0.76;7442;True;7442.00;2.31;7442;0.44;7442;1.40;7196;True;7196.00;2.33;7201;1.32;7196;0.75;6868;True;6868.00;3.92;6870;0.58;6868;2.25
45;60;39;7252;True;7252.00;23.75;7263;2.17;7252;37.71;9990;True;9990.00;5.88;10017;0.83;9990;3.61;7198;True;7198.00;4.02;7205;0.35;7198;1.59;6843;True;6843.00;3.34;6848;0.40;6843;1.11;6728;True;6728.00;39.89;6738;1.61;6728;38.97;6416;True;6416.00;66.54;6419;1.04;6416;79.80
45;70;0;7764;True;7764.00;6.48;7771;1.92;7764;19.55;10546;True;10546.00;218.17;10560;2.24;10635;120.00;7730;True;7730.00;245.20;7762;1.96;7745;120.00;7322;True;7322.00;171.73;7352;2.87;7325;120.00;7291;True;7291.00;468.13;7291;1.45;7359;120.00;6801;True;6801.00;973.75;6818;2.42;6882;120.00
45;70;1;9382;True;9382.00;7.11;9393;1.59;9382;3.13;12875;True;12875.00;2.52;12887;1.30;12875;1.30;9514;True;9514.00;4.82;9520;1.05;9514;3.07;9123;True;9123.00;3.70;9123;1.42;9123;1.57;8854;True;8854.00;11.97;8854;1.93;8854;6.06;8435;True;8435.00;6.44;8447;1.69;8435;3.85
45;70;2;9413;True;9413.00;24.23;9413;1.12;9413;120.00;12812;True;12812.00;17.36;12828;1.07;12812;26.21;9442;True;9442.00;1.61;9442;0.40;9442;0.50;8990;True;8990.00;15.59;8994;0.70;8990;7.75;8961;True;8961.00;202.22;8966;1.03;8961;120.00;8507;True;8507.00;74.30;8509;0.84;8508;120.00
45;70;3;8512;True;8512.00;18.76;8521;1.47;8512;29.51;11986;True;11986.00;14.32;11998;1.73;11986;6.21;8619;True;8619.00;1.83;8619;0.29;8619;0.67;8265;True;8265.00;1.27;8265;0.36;8265;0.74;8127;True;8127.00;8.44;8127;0.84;8127;10.12;7713;True;7713.00;15.31;7715;0.85;7713;10.03
45;70;4;9320;True;9320.00;2410.70;9322;1.03;9324;120.00;12551;True;12551.00;978.83;12592;1.12;12559;120.00;9299;True;9299.00;35.55;9310;0.85;9299;38.03;8816;True;8816.00;436.41;8827;0.92;8817;120.00;8787;False;8773.24;TL;8796;1.17;8793;120.00;8278;True;8278.00;214.23;8292;1.17;8280;120.00
45;70;5;8823;True;8823.00;1.51;8823;1.04;8823;0.75;12090;True;12090.00;50.91;12090;1.41;12090;74.91;8885;True;8885.00;22.55;8886;1.29;8885;21.14;8375;True;8375.00;5.35;8375;1.34;8375;2.56;8361;True;8361.00;6.09;8367;1.81;8361;1.53;7797;True;7797.00;1.80;7805;1.33;7797;0.68
45;70;6;8968;True;8968.00;1.50;8968;1.23;8968;2.62;12025;True;12025.00;3.46;12025;1.13;12025;1.51;8919;True;8919.00;2.50;8919;1.19;8919;1.51;8524;True;8524.00;1.08;8524;1.30;8524;0.70;8388;True;8388.00;5.21;8392;0.48;8388;2.01;7953;True;7953.00;4.06;7953;0.52;7953;1.76
45;70;7;8695;True;8695.00;1319.92;8703;3.05;8698;120.00;11904;True;11904.00;5.60;11904;1.13;11904;2.97;8873;True;8873.00;6.89;8874;0.62;8873;3.61;8343;True;8343.00;6.97;8345;0.71;8343;8.04;8209;True;8209.00;274.60;8209;1.30;8209;120.00;7774;True;7774.00;37.91;7781;4.09;7774;50.18
45;70;8;8535;True;8535.00;1.71;8549;1.56;8535;1.32;11744;True;11744.00;6.73;11747;0.44;11744;2.38;8584;True;8584.00;0.42;8584;0.19;8584;0.16;8160;True;8160.00;3.20;8160;0.42;8160;1.01;7996;True;7996.00;8.01;7996;0.70;7996;3.47;7635;True;7635.00;1.31;7635;0.41;7635;0.92
45;70;9;8989;True;8989.00;1325.03;8991;1.60;8989;120.00;12359;True;12359.00;6.48;12359;1.20;12359;7.22;8950;True;8950.00;3.01;8950;0.30;8950;1.12;8551;True;8551.00;4.64;8559;0.51;8551;2.14;8480;True;8480.00;1.27;8480;0.43;8480;0.47;7996;True;7996.00;2.31;8002;0.80;7996;1.45
45;70;10;9373;True;9373.00;3.11;9373;1.46;9373;2.17;12382;True;12382.00;41.03;12384;1.54;12382;49.02;9364;True;9364.00;4.02;9367;1.22;9364;1.62;8887;True;8887.00;2.99;8887;1.27;8887;1.19;8720;True;8720.00;3.44;8723;1.16;8720;1.72;8339;True;8339.00;11.20;8339;1.40;8339;7.04
45;70;11;8920;True;8920.00;47.44;8920;2.10;8920;120.00;12239;True;12239.00;12.45;12247;1.39;12239;8.18;9179;True;9179.00;4.93;9182;0.43;9179;3.47;8722;True;8722.00;8.16;8722;0.42;8722;2.96;8388;True;8388.00;16.19;8392;1.20;8388;9.75;8116;True;8116.00;18.64;8116;1.47;8116;10.76
45;70;12;8941;True;8941.00;60.79;8941;1.71;8941;120.00;12197;True;12197.00;6.11;12197;0.60;12197;2.61;8933;True;8933.00;0.90;8946;0.40;8933;0.86;8524;True;8524.00;1.09;8528;0.44;8524;0.37;8403;True;8403.00;2.21;8412;1.04;8403;1.37;7984;True;7984.00;8.50;7984;0.91;7984;6.18
45;70;13;8404;True;8404.00;17.31;8404;1.40;8404;19.48;11271;True;11271.00;1.21;11278;1.05;11271;1.03;8402;True;8402.00;3.11;8402;0.35;8402;1.05;8026;True;8026.00;4.15;8028;0.64;8026;0.96;7904;True;7904.00;6.60;7904;1.69;7904;1.42;7462;True;7462.00;37.55;7465;1.89;7462;33.46
45;70;14;9586;True;9586.00;0.10;9586;0.10;9586;0.21;13228;True;13228.00;3.15;13232;0.81;13228;1.09;9610;True;9610.00;8.18;9610;1.25;9610;2.39;9144;True;9144.00;1.28;9144;1.10;9144;0.50;9038;True;9038.00;2.75;9038;0.47;9038;1.34;8526;True;8526.00;2.53;8526;1.27;8526;1.95
45;70;15;8705;True;8705.00;1.46;8721;1.44;8705;1.05;11932;True;11932.00;2.56;11932;0.32;11932;1.33;8916;True;8916.00;1.39;8919;0.91;8916;1.23;8529;True;8529.00;4.27;8529;0.52;8529;2.21;8289;True;8289.00;1.11;8290;0.34;8289;0.33;7889;True;7889.00;2.29;7889;0.69;7889;1.63
45;70;16;9434;True;9434.00;4.73;9451;1.05;9434;8.96;12992;True;12992.00;1.68;13000;0.36;12992;0.54;9025;True;9025.00;0.57;9025;0.24;9025;0.17;8776;True;8776.00;2.69;8780;0.38;8776;1.03;8783;True;8783.00;6.36;8783;0.47;8783;5.70;8293;True;8293.00;1.78;8295;0.48;8293;1.21
45;70;17;8421;True;8421.00;2.41;8438;2.09;8421;3.04;11486;True;11486.00;3.09;11491;1.50;11486;1.56;8284;True;8284.00;4.32;8303;2.34;8284;1.91;8009;True;8009.00;5.37;8009;1.38;8009;2.05;7954;True;7954.00;10.25;7956;1.72;7954;5.71;7545;True;7545.00;5.55;7545;2.38;7545;4.66
45;70;18;9107;True;9107.00;7.81;9107;0.79;9107;11.48;12341;True;12341.00;6.37;12341;0.49;12341;3.19;9350;True;9350.00;1.09;9350;0.21;9350;0.41;8823;True;8823.00;1.97;8823;0.31;8823;0.74;8619;True;8619.00;8.67;8622;0.58;8619;3.02;8174;True;8174.00;0.80;8174;0.37;8174;0.65
45;70;19;8494;True;8494.00;3.54;8500;1.95;8494;0.93;11549;True;11549.00;1.11;11567;1.97;11549;0.84;8658;True;8658.00;4.82;8659;2.04;8658;2.47;8192;True;8192.00;3.37;8208;2.82;8192;2.40;8029;True;8029.00;6.14;8031;1.00;8029;2.93;7673;True;7673.00;8.72;7674;3.51;7673;8.63
45;70;20;8589;True;8589.00;2.03;8589;1.85;8589;0.93;11532;True;11532.00;16.41;11536;1.92;11532;10.34;8806;True;8806.00;2.49;8806;1.10;8806;1.71;8361;True;8361.00;2.41;8388;2.15;8361;2.04;8103;True;8103.00;9.42;8113;1.92;8103;5.02;7740;True;7740.00;0.91;7754;1.80;7740;1.09
45;70;21;8769;True;8769.00;4.70;8769;0.43;8769;4.41;12182;True;12182.00;5.55;12183;0.41;12182;2.15;8793;True;8793.00;0.70;8793;0.19;8793;0.71;8467;True;8467.00;0.84;8467;0.36;8467;0.60;8306;True;8306.00;0.91;8306;0.31;8306;0.28;7933;True;7933.00;0.84;7933;0.37;7933;0.47
45;70;22;8415;True;8415.00;5.12;8415;0.82;8415;2.93;11673;True;11673.00;77.90;11673;1.18;11673;120.00;8568;True;8568.00;40.86;8577;1.48;8568;49.15;8077;True;8077.00;21.99;8095;1.29;8077;52.08;7961;True;7961.00;8.82;7961;1.02;7961;3.14;7528;True;7528.00;10.72;7535;1.61;7528;5.28
45;70;23;8630;True;8630.00;16.17;8630;0.98;8630;120.00;11892;True;11892.00;4.78;11917;1.30;11892;2.11;8636;True;8636.00;0.61;8636;0.20;8636;0.21;8255;True;8255.00;3.86;8263;1.19;8255;1.14;8175;True;8175.00;3.50;8175;0.56;8175;1.69;7702;True;7702.00;0.86;7702;0.38;7702;0.77
45;70;24;8848;True;8848.00;12.25;8848;0.90;8848;13.77;12150;True;12150.00;17.58;12163;1.91;12150;10.22;8867;True;8867.00;0.87;8867;0.33;8867;0.30;8523;True;8523.00;3.23;8523;0.42;8523;1.44;8429;True;8429.00;16.55;8431;1.15;8429;13.28;7954;True;7954.00;15.91;7954;1.47;7954;7.67
45;70;25;8841;True;8841.00;0.15;8841;0.17;8841;0.44;12013;True;12013.00;5.54;12013;1.18;12013;3.08;8877;True;8877.00;4.62;8877;1.28;8877;1.88;8578;True;8578.00;2.87;8578;0.58;8578;0.76;8337;True;8337.00;0.16;8337;0.18;8337;0.41;8059;True;8059.00;3.48;8059;1.72;8059;2.09
45;70;26;9050;True;9050.00;11.51;9058;2.13;9050;10.15;12156;True;12156.00;14.97;12158;1.52;12156;6.00;8913;True;8913.00;1.54;8913;1.65;8913;1.13;8507;True;8507.00;2.21;8518;2.10;8507;1.24;8327;True;8327.00;1.27;8335;1.76;8327;0.79;7972;True;7972.00;2.47;7986;2.56;7972;2.17
45;70;27;8899;True;8899.00;15.32;8899;1.12;8899;40.63;11853;True;11853.00;2.77;11857;0.36;11853;1.73;9158;True;9158.00;17.72;9164;0.90;9158;11.14;8747;True;8747.00;7.29;8753;1.15;8747;3.02;8392;True;8392.00;5.53;8392;0.73;8392;1.49;8088;True;8088.00;0.55;8093;0.61;8088;0.38
45;70;28;8274;True;8274.00;5.98;8275;1.20;8274;6.06;11364;True;11364.00;15.70;11365;1.45;11364;4.67;8367;True;8367.00;0.85;8367;0.91;8367;0.36;7946;True;7946.00;1.68;7957;1.49;7946;0.60;7843;True;7843.00;7.27;7847;1.25;7843;3.25;7405;True;7405.00;17.38;7405;1.35;7405;20.23
45;70;29;8626;True;8626.00;1.66;8628;1.62;8626;1.03;11700;True;11700.00;1.07;11717;0.73;11700;0.53;8789;True;8789.00;1.88;8789;0.46;8789;1.03;8364;True;8364.00;1.92;8373;0.77;8364;0.86;8203;True;8203.00;1.01;8203;0.53;8203;0.67;7772;True;7772.00;4.20;7775;0.88;7772;3.33
45;70;30;8690;True;8690.00;9.01;8690;1.75;8690;22.29;11704;True;11704.00;176.08;11714;1.44;11704;120.00;8867;True;8867.00;5.42;8867;0.59;8867;3.61;8347;True;8347.00;11.09;8348;0.79;8347;4.92;8180;True;8180.00;52.76;8180;2.08;8180;62.19;7800;True;7800.00;12.94;7811;2.30;7800;9.31
45;70;31;8978;True;8978.00;1.60;8978;0.75;8978;1.38;12208;True;12208.00;12.42;12215;0.86;12208;3.65;8910;True;8910.00;0.15;8910;0.17;8910;0.20;8547;True;8547.00;7.11;8552;0.53;8547;2.50;8393;True;8393.00;4.82;8400;1.13;8393;2.06;7975;True;7975.00;1.15;7975;0.44;7975;1.22
45;70;32;8069;True;8069.00;20.02;8091;2.63;8069;48.66;10867;True;10867.00;76.41;10878;1.52;10867;63.85;8408;True;8408.00;12.21;8411;1.38;8408;6.33;7972;True;7972.00;37.28;7977;1.98;7972;26.03;7678;True;7678.00;5.10;7687;2.49;7678;3.07;7359;True;7359.00;10.40;7371;2.52;7359;48.63
45;70;33;9156;True;9156.00;28.57;9156;1.47;9156;92.41;12736;True;12736.00;9.38;12750;0.89;12736;3.90;9227;True;9227.00;1.54;9227;0.83;9227;0.47;8840;True;8840.00;3.80;8848;0.91;8840;1.57;8640;True;8640.00;1.52;8642;0.44;8640;0.58;8158;True;8158.00;2.38;8158;0.46;8158;0.70
45;70;34;7741;True;7741.00;89.32;7748;2.27;7741;120.00;10774;True;10774.00;37.14;10774;1.57;10774;30.87;7729;True;7729.00;18.50;7734;0.82;7729;42.24;7412;True;7412.00;1.30;7414;0.74;7412;0.57;7327;True;7327.00;139.68;7327;1.73;7327;120.00;6889;True;6889.00;10.95;6889;0.69;6889;7.43
45;70;35;8658;True;8658.00;4.65;8658;1.51;8658;8.59;12131;True;12131.00;5.41;12137;1.28;12131;3.09;8764;True;8764.00;0.60;8764;0.47;8764;0.37;8419;True;8419.00;2.09;8419;1.27;8419;1.78;8239;True;8239.00;2.32;8239;1.12;8239;1.76;7790;True;7790.00;3.61;7794;0.87;7790;1.85
45;70;36;8148;True;8148.00;6.69;8148;2.01;8148;4.42;11248;True;11248.00;6.16;11253;1.56;11248;2.54;8313;True;8313.00;2.38;8313;1.57;8313;1.62;7921;True;7921.00;8.87;7921;1.89;7921;3.12;7693;True;7693.00;5.59;7693;0.65;7693;3.16;7396;True;7396.00;5.74;7396;1.78;7396;2.96
45;70;37;8714;True;8714.00;1.06;8714;0.28;8714;0.64;11876;True;11876.00;0.72;11876;0.28;11876;0.35;8481;True;8481.00;9.59;8482;0.81;8481;5.80;8184;True;8184.00;6.80;8187;0.65;8184;2.16;8138;True;8138.00;17.44;8147;1.55;8138;15.90;7620;True;7620.00;1.63;7620;0.42;7620;0.86
45;70;38;9215;True;9215.00;7.87;9218;1.20;9215;6.54;12403;True;12403.00;2.13;12412;0.53;12403;1.27;9074;True;9074.00;4.10;9077;0.37;9074;1.50;8665;True;8665.00;1.61;8665;0.50;8665;0.64;8534;True;8534.00;7.59;8538;0.84;8534;3.47;8151;True;8151.00;2.11;8152;0.44;8151;0.79
45;70;39;9424;True;9424.00;10.70;9424;1.71;9424;4.72;12974;True;12974.00;4.56;12974;1.31;12974;1.58;9596;True;9596.00;0.12;9596;0.14;9596;0.45;9099;True;9099.00;0.73;9099;0.37;9099;0.52;9059;True;9059.00;3.69;9059;1.34;9059;2.24;8526;True;8526.00;1.84;8527;0.86;8526;0.79
45;80;0;10934;True;10934.00;20.67;10934;2.19;10934;37.06;15329;True;15329.00;1.40;15329;0.47;15329;1.06;11250;True;11250.00;5.59;11259;1.35;11250;4.04;10787;True;10787.00;3.13;10790;1.11;10787;2.08;10397;True;10397.00;2.38;10402;0.75;10397;1.46;9969;True;9969.00;1.50;9969;0.54;9969;0.65
45;80;1;10193;True;10193.00;1.13;10193;1.04;10193;0.96;14303;True;14303.00;5.34;14303;1.49;14303;2.89;10390;True;10390.00;1.28;10402;1.52;10390;0.81;9959;True;9959.00;2.55;9964;1.22;9959;3.54;9678;True;9678.00;1.02;9678;0.84;9678;0.45;9151;True;9151.00;0.82;9151;1.57;9151;0.77
45;80;2;10160;True;10160.00;11.68;10162;1.88;10160;18.39;13651;True;13651.00;2.00;13651;0.66;13651;0.85;9745;True;9745.00;8.89;9750;0.65;9745;3.36;9375;True;9375.00;2.38;9391;1.12;9375;1.14;9536;True;9536.00;30.39;9545;3.17;9536;20.32;8866;True;8866.00;4.65;8868;0.58;8866;2.59
45;80;3;9963;True;9963.00;99.72;9971;4.09;9965;120.00;13460;True;13460.00;30.05;13460;2.11;13460;16.47;10062;True;10062.00;23.59;10062;2.06;10062;10.97;9555;True;9555.00;7.27;9560;1.91;9555;2.40;9388;True;9388.00;9.49;9388;2.41;9388;5.37;8846;True;8846.00;9.76;8855;3.89;8846;8.36
45;80;4;9739;True;9739.00;100.52;9739;5.41;9739;120.00;13005;True;13005.00;47.61;13005;2.41;13005;21.63;9629;True;9629.00;6.61;9634;0.95;9629;2.52;9258;True;9258.00;19.96;9266;2.06;9258;8.32;9178;True;9178.00;24.79;9180;1.75;9178;14.34;8636;True;8636.00;13.41;8636;1.24;8636;7.21
45;80;5;9572;True;9572.00;20.87;9579;2.52;9572;103.34;13490;True;13490.00;2.85;13506;2.09;13490;0.93;9575;True;9575.00;5.63;9578;0.68;9575;1.97;9158;True;9158.00;4.41;9164;0.59;9158;1.68;9112;True;9112.00;11.89;9120;2.97;9112;5.75;8570;True;8570.00;5.58;8570;0.90;8570;2.80
45;80;6;10904;True;10904.00;839.31;10909;1.60;10904;120.00;14873;True;14873.00;0.68;14873;0.22;14873;0.27;10668;True;10668.00;2.65;10668;0.48;10668;0.87;10178;True;10178.00;2.52;10178;0.50;10178;1.54;10095;True;10095.00;2.38;10095;0.42;10095;2.13;9560;True;9560.00;4.99;9560;0.51;9560;2.83
45;80;7;10600;True;10600.00;5.33;10619;2.99;10600;11.36;14289;True;14289.00;2.87;14289;0.85;14289;1.51;10739;True;10739.00;11.87;10739;1.56;10739;3.90;10219;True;10219.00;3.71;10232;2.54;10219;1.59;10030;True;10030.00;16.74;10035;2.81;10030;9.14;9501;True;9501.00;14.78;9501;2.17;9501;15.42
45;80;8;8995;True;8995.00;45.60;8995;3.10;8995;68.76;11995;True;11995.00;30.72;12008;3.81;11995;18.98;9082;True;9082.00;6.32;9091;1.72;9082;4.62;8586;True;8586.00;13.88;8592;2.27;8586;8.95;8516;True;8516.00;64.02;8522;3.41;8516;69.09;7993;True;7993.00;17.69;8010;2.10;7993;13.70
45;80;9;11004;True;11004.00;7.40;11004;1.76;11004;4.77;14606;True;14606.00;1.09;14606;1.10;14606;0.70;11004;True;11004.00;0.65;11015;1.42;11004;0.30;10501;True;10501.00;0.99;10501;1.27;10501;0.51;10320;True;10320.00;6.96;10320;1.62;10320;2.52;9831;True;9831.00;3.78;9831;1.77;9831;2.41
45;80;10;10003;True;10003.00;52.88;10004;3.71;10003;72.39;13454;True;13454.00;1.97;13454;0.42;13454;0.46;10123;True;10123.00;0.50;10133;0.43;10123;0.31;9624;True;9624.00;2.22;9624;0.47;9624;1.40;9406;True;9406.00;9.16;9407;1.25;9406;3.84;8928;True;8928.00;1.49;8940;0.69;8928;0.76
45;80;11;10607;True;10607.00;116.87;10608;2.78;10607;120.00;14358;True;14358.00;15.21;14358;0.82;14358;9.57;10840;True;10840.00;17.49;10847;1.08;10840;5.18;10182;True;10182.00;40.54;10185;1.83;10182;31.18;9934;True;9934.00;0.57;9934;0.31;9934;0.23;9576;True;9576.00;43.31;9591;2.96;9576;72.05
45;80;12;9975;True;9975.00;23.08;9988;2.87;9975;16.28;13547;True;13547.00;1.33;13547;1.18;13547;0.98;9989;True;9989.00;7.69;9992;1.40;9989;3.97;9626;True;9626.00;3.50;9626;1.49;9626;2.37;9534;True;9534.00;20.00;9534;1.72;9534;21.33;9043;True;9043.00;12.96;9044;1.86;9043;6.20
45;80;13;10998;True;10998.00;6.50;10998;2.31;10998;6.77;15192;True;15192.00;64.74;15192;1.55;15192;41.63;11311;True;11311.00;7.46;11315;1.22;11311;3.48;10786;True;10786.00;7.37;10786;1.55;10786;3.32;10546;True;10546.00;1157.92;10547;2.51;10547;120.00;9937;True;9937.00;2.34;9937;1.16;9937;1.21
45;80;14;9465;True;9465.00;42.12;9468;1.80;9465;54.32;12715;True;12715.00;2.60;12719;0.68;12715;1.34;9694;True;9694.00;7.00;9694;0.89;9694;2.98;9140;True;9140.00;14.88;9146;1.66;9140;10.58;8857;True;8857.00;26.27;8860;2.56;8857;10.86;8467;True;8467.00;1.96;8471;0.63;8467;1.59
45;80;15;10239;True;10239.00;1.58;10263;1.79;10239;1.82;13839;True;13839.00;3.39;13839;1.31;13839;1.08;10289;True;10289.00;1.20;10303;1.51;10289;0.63;9822;True;9822.00;11.45;9826;1.77;9822;7.65;9687;True;9687.00;5.56;9694;1.52;9687;2.49;9158;True;9158.00;4.22;9160;1.87;9158;2.68
45;80;16;10022;True;10022.00;51.89;10022;1.77;10022;88.98;13642;True;13642.00;22.73;13642;0.99;13642;10.32;9968;True;9968.00;2.98;9976;0.58;9968;0.88;9597;True;9597.00;5.09;9603;1.61;9597;3.96;9498;True;9498.00;2.89;9498;0.51;9498;0.76;9057;True;9057.00;4.75;9062;0.93;9057;2.61
45;80;17;9374;True;9374.00;13.59;9394;1.91;9374;17.21;12907;True;12907.00;27.63;12907;1.42;12907;9.92;9427;True;9427.00;13.98;9428;0.92;9427;3.54;9014;True;9014.00;8.43;9014;0.85;9014;5.81;8874;True;8874.00;56.71;8880;2.11;8874;35.54;8434;True;8434.00;85.42;8438;3.25;8434;82.96
45;80;18;9713;True;9713.00;24.98;9713;2.24;9713;120.00;13343;True;13343.00;6.32;13345;0.82;13343;2.18;9675;True;9675.00;2.18;9681;0.67;9675;1.81;9260;True;9260.00;11.19;9263;1.49;9260;9.93;9173;True;9173.00;20.33;9173;1.78;9173;11.00;8617;True;8617.00;15.19;8617;1.77;8617;12.23
45;80;19;9644;True;9644.00;130.34;9644;2.07;9644;120.00;13212;True;13212.00;1.82;13212;0.47;13212;1.53;9496;True;9496.00;14.18;9497;1.01;9496;8.59;9112;True;9112.00;7.82;9112;0.77;9112;8.81;9055;True;9055.00;29.81;9056;1.05;9055;21.06;8491;True;8491.00;2.37;8491;1.44;8491;2.62
45;80;20;9473;True;9473.00;25.73;9477;3.84;9473;95.40;12853;True;12853.00;17.70;12861;2.67;12853;16.67;9741;True;9741.00;5.11;9743;2.10;9741;3.47;9165;True;9165.00;17.00;9175;4.89;9165;10.14;8943;True;8943.00;32.38;8944;3.39;8943;29.69;8482;True;8482.00;16.06;8485;3.55;8482;12.43
45;80;21;11250;True;11250.00;16.40;11250;1.41;11250;120.00;15414;True;15414.00;8.26;15415;1.24;15414;3.43;11283;True;11283.00;1.47;11283;0.48;11283;0.47;10820;True;10820.00;1.73;10820;0.54;10820;1.02;10652;True;10652.00;2.05;10652;0.44;10652;1.34;10068;True;10068.00;6.60;10068;0.51;10068;3.36
45;80;22;9868;True;9868.00;63.01;9868;2.05;9868;43.93;13609;True;13609.00;28.24;13619;2.32;13609;16.30;9921;True;9921.00;4.48;9924;0.56;9921;1.33;9538;True;9538.00;16.94;9544;1.52;9538;15.17;9303;True;9303.00;6.42;9303;0.47;9303;1.34;8897;True;8897.00;48.06;8900;2.48;8897;41.90
45;80;23;9572;True;9572.00;9.85;9578;2.28;9572;48.04;12772;True;12772.00;16.19;12784;2.00;12772;6.33;9544;True;9544.00;167.25;9544;1.94;9544;120.00;9081;True;9081.00;9.68;9096;1.93;9081;10.81;8921;True;8921.00;3.46;8924;2.96;8921;1.70;8463;True;8463.00;15.08;8470;2.94;8463;22.65
45;80;24;9019;True;9019.00;294.62;9022;2.70;9019;120.00;12316;True;12316.00;73.50;12323;2.03;12316;46.55;9097;True;9097.00;4.48;9097;0.66;9097;1.67;8689;True;8689.00;9.23;8689;1.33;8689;2.69;8467;True;8467.00;254.42;8472;2.71;8467;120.00;8049;True;8049.00;24.47;8049;2.96;8049;27.45
45;80;25;10210;True;10210.00;18.05;10221;1.67;10210;15.03;13543;True;13543.00;8.37;13543;1.31;13543;2.36;10176;True;10176.00;12.71;10179;0.79;10176;5.23;9801;True;9801.00;13.20;9807;1.14;9801;11.20;9642;True;9642.00;58.53;9657;8.65;9642;77.73;9082;True;9082.00;21.70;9091;1.87;9082;13.74
45;80;26;10317;True;10317.00;3275.95;10317;2.32;10317;120.00;14200;True;14200.00;8.55;14214;1.60;14200;4.61;10112;True;10112.00;0.60;10112;0.28;10112;0.26;9701;True;9701.00;10.12;9707;1.69;9701;4.51;9646;True;9646.00;1.73;9659;0.66;9646;0.72;9067;True;9067.00;1.76;9067;0.59;9067;1.18
45;80;27;9603;True;9603.00;1394.24;9621;1.96;9603;120.00;12855;True;12855.00;3.26;12885;0.91;12855;1.16;9541;True;9541.00;101.17;9550;1.09;9541;120.00;9210;True;9210.00;336.91;9210;0.99;9212;120.00;9184;True;9184.00;109.10;9194;1.65;9185;120.00;8535;True;8535.00;6.07;8546;1.67;8535;4.39
45;80;28;9853;True;9853.00;30.63;9864;1.87;9853;52.83;13621;True;13621.00;1.72;13621;0.38;13621;0.51;9893;True;9893.00;3.03;9893;1.50;9893;2.01;9382;True;9382.00;2.47;9383;0.39;9382;2.39;9390;True;9390.00;9.07;9390;1.65;9390;4.64;8874;True;8874.00;1.25;8874;0.92;8874;1.47
45;80;29;10178;True;10178.00;2.08;10204;2.15;10178;1.14;13624;True;13624.00;7.23;13624;0.70;13624;2.32;10459;True;10459.00;6.30;10463;1.37;10459;2.85;9880;True;9880.00;3.59;9881;0.58;9880;1.38;9660;True;9660.00;4.71;9665;1.32;9660;1.58;9169;True;9169.00;1.10;9169;0.55;9169;0.77
45;80;30;10041;True;10041.00;35.16;10048;2.72;10041;120.00;13635;True;13635.00;3.44;13635;0.61;13635;1.21;10169;True;10169.00;14.83;10173;1.68;10169;3.60;9673;True;9673.00;7.93;9676;2.08;9673;2.85;9566;True;9566.00;16.60;9573;1.73;9566;8.35;9049;True;9049.00;5.39;9049;0.61;9049;3.69
45;80;31;9787;True;9787.00;22.54;9787;2.08;9787;21.36;13455;True;13455.00;5.85;13455;1.88;13455;3.77;9836;True;9836.00;19.36;9851;2.25;9836;24.08;9376;True;9376.00;4.06;9383;1.67;9376;1.92;9194;True;9194.00;31.24;9206;2.47;9194;33.34;8779;True;8779.00;17.22;8779;2.02;8779;9.57
45;80;32;9737;True;9737.00;22.48;9737;2.72;9737;25.21;13382;True;13382.00;5.88;13382;1.88;13382;2.51;9832;True;9832.00;0.84;9840;1.43;9832;1.12;9248;True;9248.00;5.84;9251;1.91;9248;2.31;9132;True;9132.00;0.86;9132;0.70;9132;0.60;8722;True;8722.00;18.75;8725;3.55;8722;13.06
45;80;33;9562;True;9562.00;32.52;9562;2.87;9562;38.04;13224;True;13224.00;10.60;13225;0.73;13224;6.41;9370;True;9370.00;2.10;9370;0.61;9370;1.38;9122;True;9122.00;17.94;9122;2.93;9122;15.75;9106;True;9106.00;2.88;9135;4.12;9106;1.58;8546;True;8546.00;13.49;8546;1.28;8546;8.75
45;80;34;8438;True;8438.00;29.69;8443;2.87;8438;25.02;11479;True;11479.00;4.71;11479;0.96;11479;1.93;8572;True;8572.00;11.33;8585;2.49;8572;6.76;8198;True;8198.00;3.10;8210;1.10;8198;1.24;8106;True;8106.00;38.47;8110;5.02;8106;30.47;7643;True;7643.00;30.06;7653;4.85;7643;14.78
45;80;35;9948;True;9948.00;2.04;9953;1.54;9948;1.09;13632;True;13632.00;36.25;13632;2.67;13632;43.00;10067;True;10067.00;173.05;10069;1.90;10077;120.00;9559;True;9559.00;89.00;9587;1.96;9559;120.00;9450;True;9450.00;75.97;9450;2.05;9450;32.36;9007;True;9007.00;198.10;9030;2.27;9026;120.00
45;80;36;9582;True;9582.00;39.56;9582;1.89;9582;120.00;12987;True;12987.00;5.18;12987;0.49;12987;1.87;9464;True;9464.00;2.31;9464;0.70;9464;2.28;9087;True;9087.00;10.94;9095;2.36;9087;5.34;9013;True;9013.00;25.85;9021;2.49;9013;13.54;8453;True;8453.00;1.07;8471;1.87;8453;1.29
45;80;37;9367;True;9367.00;63.14;9376;3.85;9367;114.15;12697;True;12697.00;9.68;12706;2.26;12697;3.94;9255;True;9255.00;1.01;9255;1.53;9255;1.07;8898;True;8898.00;11.41;8904;2.57;8898;9.33;8814;True;8814.00;3.52;8814;2.80;8814;2.03;8380;True;8380.00;66.01;8381;4.38;8380;57.10
45;80;38;9940;True;9940.00;25.21;9949;1.67;9940;28.52;13483;True;13483.00;7.10;13492;1.44;13483;5.11;10010;True;10010.00;6.19;10010;0.65;10010;3.66;9501;True;9501.00;3.22;9510;0.78;9501;2.28;9305;True;9305.00;0.18;9305;0.20;9305;0.18;8754;True;8754.00;5.01;8763;1.86;8754;2.56
45;80;39;9681;True;9681.00;26.05;9695;1.96;9681;27.53;13345;True;13345.00;1338.40;13356;11.28;13358;120.00;9733;True;9733.00;38.74;9736;1.49;9733;51.46;9258;True;9258.00;44.87;9264;1.33;9258;29.96;9237;True;9237.00;10.50;9237;2.00;9237;6.51;8642;True;8642.00;8.70;8643;1.61;8642;5.46
45;90;0;11225;False;11217.80;TL;11225;4.45;11225;120.00;15138;False;15130.40;TL;15168;2.55;15178;120.00;11177;True;11177.00;2157.98;11184;1.95;11184;120.00;10687;False;10680.70;TL;10688;1.80;10693;120.00;10618;False;10612.40;TL;10640;3.37;10633;120.00;10017;False;9994.90;TL;10030;5.82;10035;120.00
45;90;1;11998;True;11998.00;15.15;11998;2.65;11998;28.24;16010;True;16010.00;1.38;16010;1.96;16010;0.66;12323;True;12323.00;3.02;12326;1.61;12323;1.70;11651;True;11651.00;2.11;11651;0.80;11651;2.75;11290;True;11290.00;7.66;11290;2.96;11290;2.13;10730;True;10730.00;7.01;10730;1.25;10730;4.93
45;90;2;10839;True;10839.00;55.22;10847;5.79;10844;120.00;14703;True;14703.00;13.60;14713;2.71;14703;9.05;10852;True;10852.00;2.97;10864;3.14;10852;1.79;10261;True;10261.00;2.23;10261;2.22;10261;1.96;10083;True;10083.00;24.64;10089;1.77;10083;18.34;9635;True;9635.00;6.55;9638;3.45;9635;5.25
45;90;3;11444;True;11444.00;97.83;11448;3.38;11444;120.00;15622;True;15622.00;2.80;15659;1.40;15622;3.61;11545;True;11545.00;4.29;11545;0.60;11545;2.29;11079;True;11079.00;2.89;11079;0.75;11079;0.97;10826;True;10826.00;25.51;10833;3.31;10826;22.21;10285;True;10285.00;11.19;10285;1.00;10285;5.93
45;90;4;10376;True;10376.00;51.41;10379;5.02;10376;43.26;14025;True;14025.00;24.62;14027;2.01;14025;15.30;10270;True;10270.00;5.74;10281;2.44;10270;1.60;9883;True;9883.00;8.49;9883;0.74;9883;5.28;9711;True;9711.00;19.93;9719;2.66;9711;7.09;9196;True;9196.00;16.47;9196;1.44;9196;7.30
45;90;5;11263;True;11263.00;46.65;11265;2.12;11263;103.54;15430;True;15430.00;7.03;15430;2.21;15430;3.08;11193;True;11193.00;10.28;11193;2.02;11193;6.88;10659;True;10659.00;3.50;10659;0.49;10659;1.91;10696;True;10696.00;21.80;10696;3.04;10696;45.60;10069;True;10069.00;0.74;10072;0.54;10069;0.44
45;90;6;11624;True;11624.00;1.35;11624;0.73;11624;0.81;16102;True;16102.00;2.55;16112;0.77;16102;1.38;11743;True;11743.00;5.72;11743;0.84;11743;2.76;11280;True;11280.00;25.04;11283;2.46;11280;21.46;11121;True;11121.00;5.69;11126;2.95;11121;2.86;10526;True;10526.00;9.83;10529;1.07;10526;4.88
45;90;7;11380;True;11380.00;31.82;11383;2.56;11380;98.92;15618;True;15618.00;4.25;15618;0.70;15618;1.17;11372;True;11372.00;22.55;11372;3.05;11372;11.76;10926;True;10926.00;32.80;10926;3.23;10926;15.17;10678;True;10678.00;9.98;10678;1.09;10678;7.26;10133;True;10133.00;2.30;10135;0.88;10133;2.50
45;90;8;11011;True;11011.00;1.01;11011;0.61;11011;0.66;15002;True;15002.00;5.01;15002;0.80;15002;1.70;11089;True;11089.00;5.18;11092;0.65;11089;2.90;10618;True;10618.00;7.02;10619;1.06;10618;3.68;10434;True;10434.00;9.06;10435;1.32;10434;9.18;9910;True;9910.00;8.28;9924;3.16;9910;7.04
45;90;9;11194;True;11194.00;20.83;11197;1.91;11194;34.55;14907;True;14907.00;13.14;14915;2.76;14907;6.47;11322;True;11322.00;2.90;11325;1.24;11322;2.75;10775;True;10775.00;4.38;10775;0.66;10775;2.21;10483;True;10483.00;18.57;10494;3.03;10483;8.92;10043;True;10043.00;2.68;10043;0.93;10043;1.16
45;90;10;11703;True;11703.00;11.13;11703;1.06;11703;5.39;16019;True;16019.00;18.35;16025;1.47;16019;9.42;11476;True;11476.00;5.78;11479;0.55;11476;3.14;10920;True;10920.00;2.64;10920;0.88;10920;1.31;10964;True;10964.00;5.65;10964;0.67;10964;1.48;10322;True;10322.00;7.17;10328;1.42;10322;5.70
45;90;11;10527;True;10527.00;2235.99;10528;5.58;10530;120.00;14564;True;14564.00;6.87;14564;1.94;14564;4.01;10656;True;10656.00;12.58;10661;1.04;10656;4.68;10209;True;10209.00;15.20;10209;1.07;10209;8.63;10020;True;10020.00;33.55;10020;2.34;10020;16.24;9588;True;9588.00;19.72;9593;3.00;9588;11.90
45;90;12;12336;True;12336.00;1.12;12336;1.84;12336;1.16;16782;True;16782.00;11.51;16784;1.62;16782;6.97;12572;True;12572.00;4.73;12573;1.31;12572;2.33;11977;True;11977.00;6.38;11982;1.67;11977;6.09;11630;True;11630.00;8.36;11630;2.09;11630;4.38;11018;True;11018.00;3.12;11024;2.02;11018;1.57
45;90;13;11400;True;11400.00;8.88;11400;4.12;11400;12.99;15298;True;15298.00;26.43;15303;2.64;15298;6.29;11348;True;11348.00;10.92;11348;2.16;11348;10.93;10913;True;10913.00;2.08;10913;2.80;10913;1.41;10785;True;10785.00;7.96;10785;2.74;10785;7.15;10178;True;10178.00;19.95;10185;4.07;10178;10.94
45;90;14;11671;True;11671.00;13.17;11686;4.39;11671;30.98;16015;True;16015.00;43.92;16017;0.91;16015;22.23;11539;True;11539.00;3.94;11539;0.52;11539;0.98;11141;True;11141.00;3.23;11142;0.97;11141;1.96;11060;True;11060.00;6.27;11060;0.89;11060;2.17;10413;True;10413.00;2.66;10413;0.74;10413;3.30
45;90;15;9852;True;9852.00;5.87;9852;2.04;9852;3.30;13574;True;13574.00;58.28;13581;6.78;13574;39.00;10013;True;10013.00;30.46;10013;5.04;10013;41.64;9465;True;9465.00;23.28;9465;4.33;9465;13.47;9287;True;9287.00;165.62;9287;8.20;9287;120.00;8842;True;8842.00;5.43;8842;4.34;8842;2.50
45;90;16;10523;True;10523.00;24.03;10531;4.73;10523;57.13;14393;True;14393.00;26.20;14400;3.28;14393;16.50;10551;True;10551.00;13.96;10562;5.17;10551;10.30;10135;True;10135.00;36.27;10136;7.17;10135;37.33;9891;True;9891.00;65.49;9894;5.35;9891;57.07;9388;True;9388.00;16.76;9388;4.52;9388;8.55
45;90;17;11239;True;11239.00;105.75;11242;3.25;11241;120.00;14908;True;14908.00;16.39;14908;0.69;14908;5.43;11492;True;11492.00;75.93;11493;2.20;11492;101.96;10909;True;10909.00;29.66;10915;1.56;10909;48.03;10586;True;10586.00;42.47;10592;1.96;10586;35.87;10038;True;10038.00;131.54;10038;2.16;10038;104.75
45;90;18;11034;True;11034.00;13.95;11034;2.40;11034;42.16;15136;True;15136.00;6.07;15144;0.89;15136;3.79;11275;True;11275.00;6.59;11277;0.83;11275;4.00;10750;True;10750.00;16.90;10755;2.28;10750;12.75;10460;True;10460.00;3.92;10465;1.22;10460;2.58;10068;True;10068.00;15.91;10068;2.84;10068;11.57
45;90;19;11311;True;11311.00;12.68;11326;3.45;11311;28.25;15251;True;15251.00;16.27;15251;2.29;15251;12.03;11451;True;11451.00;13.77;11466;3.46;11451;18.60;10899;True;10899.00;8.41;10904;2.50;10899;5.15;10623;True;10623.00;4.07;10623;2.35;10623;1.86;10159;True;10159.00;6.46;10164;3.43;10159;3.44
45;90;20;10833;True;10833.00;7.36;10836;1.46;10833;6.52;14774;True;14774.00;281.90;14787;3.03;14778;120.00;10733;True;10733.00;35.40;10734;1.25;10733;19.63;10337;True;10337.00;24.17;10337;2.86;10337;16.70;10208;True;10208.00;11.65;10216;4.77;10208;16.90;9637;True;9637.00;3.44;9637;1.25;9637;0.97
45;90;21;10862;True;10862.00;95.03;10862;2.93;10862;120.00;14946;True;14946.00;4.38;14946;0.80;14946;3.17;10651;True;10651.00;0.29;10651;0.29;10651;0.79;10314;True;10314.00;8.39;10316;1.05;10314;7.76;10273;True;10273.00;16.18;10282;2.53;10273;7.24;9750;True;9750.00;1.85;9762;2.18;9750;1.20
45;90;22;10877;True;10877.00;5.63;10885;2.67;10877;6.74;14589;True;14589.00;0.21;14589;0.20;14589;0.25;10919;True;10919.00;5.02;10923;2.00;10919;5.81;10436;True;10436.00;22.95;10437;1.99;10436;28.20;10264;True;10264.00;17.57;10270;3.83;10264;9.20;9755;True;9755.00;60.69;9756;3.47;9755;96.87
45;90;23;11411;True;11411.00;71.64;11417;3.09;11411;120.00;15578;True;15578.00;6.89;15578;1.97;15578;4.29;11687;True;11687.00;5.47;11687;1.63;11687;2.84;10939;True;10939.00;2.05;10942;2.11;10939;1.32;10769;True;10769.00;6.94;10769;2.71;10769;4.89;10282;True;10282.00;7.36;10282;2.65;10282;4.44
45;90;24;10465;False;10435.60;TL;10465;35.77;10511;120.00;14261;True;14261.00;107.48;14277;7.82;14261;97.46;10532;True;10532.00;11.08;10532;1.15;10532;2.44;10068;True;10068.00;17.55;10068;1.67;10068;8.22;9867;True;9867.00;522.55;9874;10.98;9876;120.00;9425;True;9425.00;45.05;9429;6.79;9425;61.53
45;90;25;11143;False;11119.80;TL;11149;20.32;11188;120.00;15360;True;15360.00;27.32;15375;1.92;15360;17.57;11104;True;11104.00;11.31;11110;1.57;11104;9.14;10590;True;10590.00;7.84;10599;1.49;10590;4.54;10376;True;10376.00;847.62;10379;1.95;10376;120.00;9865;True;9865.00;44.43;9869;2.89;9865;41.55
45;90;26;10818;False;10814.80;TL;10818;2.04;10820;120.00;15014;True;15014.00;4.60;15014;0.79;15014;2.10;10634;True;10634.00;4.37;10641;1.74;10634;1.74;10198;True;10198.00;7.07;10198;1.61;10198;3.16;10195;True;10195.00;17.11;10195;1.07;10195;8.13;9574;True;9574.00;56.87;9578;3.61;9574;73.41
45;90;27;10843;True;10843.00;7.80;10843;3.23;10843;2.71;15029;True;15029.00;43.55;15042;3.89;15029;33.92;10906;True;10906.00;4.16;10906;0.86;10906;1.14;10405;True;10405.00;5.17;10405;1.55;10405;3.76;10252;True;10252.00;77.74;10258;4.47;10252;48.44;9764;True;9764.00;13.88;9765;0.92;9764;5.83
45;90;28;11460;True;11460.00;3497.25;11475;4.46;11461;120.00;15639;True;15639.00;33.02;15644;1.54;15639;12.74;11470;True;11470.00;3.63;11471;0.62;11470;2.21;10902;True;10902.00;13.15;10902;1.28;10902;9.13;10796;True;10796.00;128.24;10796;2.48;10800;120.00;10301;True;10301.00;378.82;10303;3.56;10305;120.00
45;90;29;11492;True;11492.00;6.33;11492;3.09;11492;28.94;16060;True;16060.00;8.09;16060;3.30;16060;5.97;11961;True;11961.00;8.32;11961;1.97;11961;3.32;11336;True;11336.00;44.05;11336;3.18;11336;77.66;10874;True;10874.00;16.66;10889;5.91;10874;13.41;10401;True;10401.00;15.71;10403;3.34;10401;9.77
45;90;30;11138;True;11138.00;9.93;11151;3.19;11138;2.88;15304;True;15304.00;5.02;15304;0.71;15304;1.90;11283;True;11283.00;9.29;11283;0.70;11283;4.23;10684;True;10684.00;16.23;10687;1.76;10684;8.14;10458;True;10458.00;8.51;10460;1.43;10458;6.50;9956;True;9956.00;5.63;9956;0.83;9956;2.45
45;90;31;11219;True;11219.00;114.41;11219;2.80;11219;120.00;15590;True;15590.00;31.65;15591;2.08;15590;21.26;11377;True;11377.00;1.10;11377;1.67;11377;0.44;10855;True;10855.00;1.74;10856;2.04;10855;1.38;10640;True;10640.00;47.72;10642;5.03;10640;42.82;10139;True;10139.00;16.04;10148;3.86;10139;11.43
45;90;32;10725;True;10725.00;16.24;10725;3.71;10725;28.57;14575;True;14575.00;5.29;14591;3.12;14575;3.83;10641;True;10641.00;6.96;10646;1.05;10641;6.35;10299;True;10299.00;7.83;10302;3.06;10299;6.72;10116;True;10116.00;8.27;10125;3.80;10116;6.17;9624;True;9624.00;16.90;9634;3.39;9624;10.85
45;90;33;11712;True;11712.00;29.90;11712;3.55;11712;44.08;15891;True;15891.00;16.45;15892;1.34;15891;7.86;11634;True;11634.00;8.08;11634;1.90;11634;3.65;11092;True;11092.00;4.46;11105;1.80;11092;5.00;11063;True;11063.00;1.52;11063;0.67;11063;0.69;10434;True;10434.00;1.43;10436;0.80;10434;1.40
45;90;34;11920;True;11920.00;95.18;11920;4.51;11926;120.00;16113;True;16113.00;53.04;16121;1.91;16113;29.48;12028;True;12028.00;25.46;12031;1.79;12028;15.28;11489;True;11489.00;16.00;11492;2.46;11489;11.91;11202;True;11202.00;9.05;11208;2.59;11202;5.01;10655;True;10655.00;1.99;10655;2.18;10655;1.09
45;90;35;11674;True;11674.00;128.61;11674;2.55;11674;120.00;15986;True;15986.00;11.77;15988;0.67;15986;14.59;11714;True;11714.00;2.87;11714;0.60;11714;1.56;11187;True;11187.00;0.73;11187;0.51;11187;0.76;11046;True;11046.00;41.87;11046;0.97;11046;19.03;10453;True;10453.00;4.43;10461;1.32;10453;3.21
45;90;36;10942;True;10942.00;1.92;10942;2.21;10942;1.28;15100;True;15100.00;25.60;15111;2.65;15100;20.76;11103;True;11103.00;0.27;11103;0.26;11103;0.32;10586;True;10586.00;5.63;10586;0.76;10586;6.53;10353;True;10353.00;13.66;10353;1.29;10353;7.95;9865;True;9865.00;10.37;9865;1.32;9865;10.92
45;90;37;10251;True;10251.00;37.20;10251;4.54;10251;46.21;14155;True;14155.00;29.53;14158;2.68;14155;26.47;10235;True;10235.00;17.41;10240;3.45;10235;13.99;9807;True;9807.00;25.23;9809;2.69;9807;44.59;9677;True;9677.00;47.61;9682;4.63;9677;56.28;9177;True;9177.00;163.45;9183;17.93;9177;120.00
45;90;38;10837;True;10837.00;4.25;10837;1.52;10837;6.00;14716;True;14716.00;8.60;14736;3.02;14716;6.04;10613;True;10613.00;10.19;10614;2.40;10613;4.94;10236;True;10236.00;6.81;10239;3.02;10236;6.60;10190;True;10190.00;25.19;10206;6.91;10190;20.39;9610;True;9610.00;12.11;9619;3.71;9610;9.38
45;90;39;10342;True;10342.00;54.43;10345;2.91;10342;120.00;14536;True;14536.00;52.49;14540;3.00;14536;38.30;10559;True;10559.00;5.47;10563;0.74;10559;3.67;9934;True;9934.00;10.55;9934;1.52;9934;8.80;9780;True;9780.00;30.50;9788;3.54;9780;19.69;9346;True;9346.00;12.19;9352;3.54;9346;5.19
45;100;0;11437;True;11437.00;87.25;11437;4.44;11437;120.00;15275;True;15275.00;12.31;15278;2.43;15275;6.83;11160;True;11160.00;5.42;11176;4.85;11160;1.74;10777;True;10777.00;50.12;10784;10.06;10777;50.82;10691;True;10691.00;28.97;10704;3.99;10691;6.62;10126;True;10126.00;3.88;10132;1.26;10126;2.48
45;100;1;12916;True;12916.00;57.08;12918;4.06;12916;120.00;17776;True;17776.00;51.01;17776;4.78;17776;69.39;13059;True;13059.00;42.70;13061;3.00;13059;24.95;12348;True;12348.00;15.96;12348;2.71;12348;8.11;12115;True;12115.00;102.35;12115;6.78;12115;92.35;11557;True;11557.00;9.98;11557;1.59;11557;5.22
45;100;2;12571;True;12571.00;182.16;12571;5.47;12571;120.00;16757;True;16757.00;6.97;16758;2.08;16757;6.90;12363;True;12363.00;23.02;12367;3.78;12363;14.65;11933;True;11933.00;8.43;11951;6.73;11933;4.20;11869;True;11869.00;7.41;11882;10.39;11869;6.70;11196;True;11196.00;30.56;11198;4.21;11196;13.61
45;100;3;13250;True;13250.00;75.61;13255;3.29;13250;120.00;17971;True;17971.00;27.64;17978;2.46;17971;14.42;13294;True;13294.00;0.26;13294;0.29;13294;0.24;12737;True;12737.00;18.82;12739;1.57;12737;8.61;12528;True;12528.00;7.03;12528;1.33;12528;3.20;11800;True;11800.00;1.30;11809;0.95;11800;1.10
45;100;4;11917;True;11917.00;391.33;11917;3.45;11917;120.00;16261;True;16261.00;176.90;16275;8.75;16278;120.00;11884;True;11884.00;17.03;11884;2.15;11884;8.72;11319;True;11319.00;18.28;11330;2.45;11319;11.41;11227;True;11227.00;103.43;11228;5.07;11227;120.00;10555;True;10555.00;79.73;10556;5.01;10555;88.62
45;100;5;11949;False;11906.90;TL;11949;3.09;12019;120.00;16046;False;16007.80;TL;16064;3.94;16083;120.00;11804;True;11804.00;336.20;11804;2.51;11845;120.00;11354;False;11348.40;TL;11369;2.62;11367;120.00;11249;True;11249.00;119.17;11262;3.34;11249;120.00;10689;False;10683.60;TL;10692;6.15;10712;120.00
45;100;6;12275;True;12275.00;4.33;12275;0.91;12275;2.58;16689;True;16689.00;8.01;16698;3.59;16689;4.27;12513;True;12513.00;25.22;12517;4.85;12513;12.75;11918;True;11918.00;50.48;11923;3.74;11918;56.05;11628;True;11628.00;0.22;11628;0.19;11628;0.21;11081;True;11081.00;39.99;11082;5.54;11081;42.56
45;100;7;11512;True;11512.00;172.22;11514;3.77;11512;120.00;15901;True;15901.00;5.29;15913;2.86;15901;2.53;11531;True;11531.00;5.28;11542;2.46;11531;3.73;11116;True;11116.00;4.88;11125;2.97;11116;8.66;10927;True;10927.00;45.25;10929;6.74;10927;53.34;10426;True;10426.00;27.93;10430;4.68;10426;22.83
45;100;8;12159;True;12159.00;189.91;12170;17.16;12159;120.00;16445;True;16445.00;44.04;16464;9.59;16445;35.36;12318;True;12318.00;2.04;12318;1.80;12318;1.85;11768;True;11768.00;14.21;11768;4.81;11768;14.10;11479;True;11479.00;28.49;11481;3.70;11479;18.56;10993;True;10993.00;42.45;10996;4.94;10993;38.81
45;100;9;11750;False;11745.20;TL;11750;25.68;11776;120.00;16259;True;16259.00;6.89;16259;0.80;16259;1.68;11386;True;11386.00;21.31;11388;2.92;11386;22.39;10964;True;10964.00;31.59;10967;3.53;10964;51.54;10907;True;10907.00;1145.04;10910;6.86;10911;120.00;10293;True;10293.00;21.05;10304;4.82;10293;12.92
45;100;10;11544;True;11544.00;43.37;11549;5.22;11544;72.14;15989;True;15989.00;92.19;16009;19.10;15989;120.00;11564;True;11564.00;57.98;11575;10.69;11564;69.29;11081;True;11081.00;5.47;11100;4.78;11081;3.85;10947;True;10947.00;54.17;10954;6.38;10947;29.81;10415;True;10415.00;32.56;10421;5.87;10415;28.29
45;100;11;12531;False;12527.20;TL;12531;3.72;12531;120.00;17366;True;17366.00;430.94;17379;8.57;17366;120.00;12626;True;12626.00;54.52;12628;3.97;12626;34.28;12087;True;12087.00;35.66;12091;2.83;12087;48.25;11957;True;11957.00;7.30;11957;2.62;11957;4.08;11288;True;11288.00;22.50;11294;4.17;11288;19.43
45;100;12;11295;True;11295.00;40.08;11303;5.89;11295;43.94;15349;True;15349.00;22.15;15354;4.45;15349;22.05;11455;True;11455.00;30.58;11456;3.39;11455;12.39;10870;True;10870.00;15.25;10870;2.69;10870;9.39;10566;True;10566.00;29.85;10579;4.99;10566;32.42;10113;True;10113.00;34.69;10117;4.58;10113;25.42
45;100;13;11373;True;11373.00;158.57;11386;3.64;11373;120.00;15469;True;15469.00;30.45;15483;7.54;15469;9.91;11361;True;11361.00;2.05;11361;0.94;11361;0.76;10814;True;10814.00;22.27;10815;3.98;10814;12.99;10689;True;10689.00;78.83;10695;4.42;10689;80.52;10180;True;10180.00;113.37;10180;5.66;10180;70.38
45;100;14;12216;True;12216.00;39.54;12219;2.70;12216;99.98;16927;True;16927.00;7.88;16927;1.12;16927;2.88;12169;True;12169.00;13.61;12183;3.15;12169;6.90;11592;True;11592.00;24.50;11598;3.25;11592;16.31;11505;True;11505.00;39.23;11505;2.74;11505;61.58;10855;True;10855.00;27.01;10855;2.11;10855;27.61
45;100;15;11789;False;11783.90;TL;11806;8.22;11826;120.00;16305;False;16301.90;TL;16306;3.82;16333;120.00;11800;True;11800.00;75.28;11803;4.77;11800;64.22;11340;True;11340.00;464.07;11351;3.65;11345;120.00;11088;True;11088.00;487.99;11094;8.63;11094;120.00;10496;True;10496.00;209.70;10507;7.75;10496;120.00
45;100;16;11772;True;11772.00;2650.61;11782;8.55;11786;120.00;15578;True;15578.00;55.23;15578;2.01;15578;22.38;11635;True;11635.00;56.50;11647;7.00;11635;90.92;11210;True;11210.00;133.45;11216;3.19;11210;120.00;11083;True;11083.00;211.78;11083;2.32;11094;120.00;10520;True;10520.00;24.33;10520;3.81;10520;41.69
45;100;17;12708;True;12708.00;103.62;12708;2.72;12712;120.00;17132;True;17132.00;9.89;17132;2.43;17132;2.24;12562;True;12562.00;8.79;12565;1.15;12562;3.76;12062;True;12062.00;4.54;12062;2.12;12062;2.14;11928;True;11928.00;23.81;11928;5.06;11928;22.02;11266;True;11266.00;83.16;11268;4.89;11266;89.98
45;100;18;12332;True;12332.00;32.31;12332;2.58;12332;120.00;16919;True;16919.00;470.89;16924;8.70;16924;120.00;12207;True;12207.00;13.65;12210;1.35;12207;8.35;11758;True;11758.00;17.11;11758;2.25;11758;10.96;11707;True;11707.00;73.83;11709;2.53;11709;120.00;11052;True;11052.00;81.08;11057;4.27;11052;83.19
45;100;19;12800;True;12800.00;23.68;12800;2.57;12800;17.74;17278;True;17278.00;4.67;17278;0.88;17278;1.47;12628;True;12628.00;6.95;12642;1.81;12628;7.30;12074;True;12074.00;8.79;12078;1.35;12074;5.71;11967;True;11967.00;21.23;11979;7.41;11967;10.46;11351;True;11351.00;13.64;11364;2.76;11351;14.93
45;100;20;12731;True;12731.00;57.66;12731;3.11;12731;19.55;17242;True;17242.00;5.14;17247;2.36;17242;1.48;12778;True;12778.00;22.60;12784;1.05;12778;12.48;12266;True;12266.00;11.89;12266;1.71;12266;7.44;12005;True;12005.00;72.45;12012;4.40;12012;120.00;11400;True;11400.00;4.64;11400;1.04;11400;3.43
45;100;21;12484;True;12484.00;41.49;12485;2.84;12484;120.00;16903;True;16903.00;39.60;16903;2.50;16903;22.67;12269;True;12269.00;19.81;12269;1.26;12269;7.56;11833;True;11833.00;41.45;11838;2.99;11833;27.00;11767;True;11767.00;35.98;11767;3.18;11767;35.46;11013;True;11013.00;6.61;11013;1.11;11013;3.72
45;100;22;11299;False;11289.10;TL;11305;7.13;11308;120.00;15294;True;15294.00;166.26;15303;5.37;15294;120.00;11590;True;11590.00;63.63;11596;4.70;11590;28.34;11030;True;11030.00;89.15;11034;4.29;11030;74.47;10714;True;10714.00;34.68;10734;3.58;10714;22.45;10211;True;10211.00;34.18;10212;5.33;10211;34.86
45;100;23;12165;True;12165.00;8.60;12165;4.74;12165;99.80;16535;True;16535.00;46.34;16541;7.18;16535;38.48;12423;True;12423.00;49.75;12423;4.96;12423;47.45;11817;True;11817.00;63.40;11821;5.22;11817;67.66;11536;True;11536.00;15.29;11542;3.58;11536;12.62;10998;True;10998.00;55.80;10998;7.25;10998;42.55
45;100;24;11597;True;11597.00;227.86;11597;3.22;11605;120.00;15989;True;15989.00;98.51;16027;19.47;15989;120.00;11685;True;11685.00;11.85;11692;3.04;11685;6.45;11207;True;11207.00;20.79;11207;1.62;11207;12.79;10932;True;10932.00;440.32;10934;5.14;10933;120.00;10428;True;10428.00;19.77;10429;2.12;10428;11.25
45;100;25;12784;True;12784.00;145.98;12790;3.62;12784;120.00;17190;True;17190.00;6.06;17190;1.04;17190;5.06;12811;True;12811.00;8.26;12821;2.40;12811;4.46;12128;True;12128.00;8.10;12128;1.39;12128;5.03;12055;True;12055.00;13.04;12055;4.58;12055;15.54;11382;True;11382.00;14.26;11389;4.27;11382;6.43
45;100;26;12962;True;12962.00;1458.71;12969;5.64;12980;120.00;17836;True;17836.00;22.22;17877;4.96;17836;11.87;13008;True;13008.00;24.02;13008;3.38;13008;16.96;12447;True;12447.00;5.70;12447;2.35;12447;2.76;12342;True;12342.00;21.18;12342;2.98;12342;8.94;11608;True;11608.00;53.74;11609;3.58;11608;57.21
45;100;27;11462;True;11462.00;22.09;11468;5.78;11462;12.41;15243;True;15243.00;20.87;15247;3.39;15243;10.36;11421;True;11421.00;1.75;11421;0.77;11421;0.96;10992;True;10992.00;5.89;10992;1.25;10992;3.18;10757;True;10757.00;16.00;10772;5.26;10757;13.74;10222;True;10222.00;23.68;10222;3.89;10222;32.98
45;100;28;11378;True;11378.00;263.76;11379;6.32;11378;120.00;15724;True;15724.00;833.05;15754;4.72;15763;120.00;11702;True;11702.00;175.12;11703;3.71;11702;110.52;11118;True;11118.00;1930.04;11118;3.41;11131;120.00;10820;True;10820.00;84.01;10820;3.50;10820;93.88;10347;True;10347.00;1750.61;10353;7.13;10355;120.00
45;100;29;12151;True;12151.00;89.35;12151;6.21;12151;120.00;16493;True;16493.00;8.23;16506;3.15;16493;3.64;12165;True;12165.00;45.63;12167;1.71;12165;24.27;11664;True;11664.00;8.14;11665;1.09;11664;2.54;11477;True;11477.00;27.64;11477;2.47;11477;27.44;10890;True;10890.00;21.01;10890;3.08;10890;12.83
45;100;30;13275;False;13230.20;TL;13275;3.58;13352;120.00;18007;True;18007.00;609.16;18025;2.59;18021;120.00;13368;True;13368.00;26.22;13368;2.03;13368;13.65;12764;True;12764.00;49.39;12764;4.46;12764;23.50;12565;True;12565.00;142.01;12621;4.14;12569;120.00;11827;True;11827.00;18.97;11827;3.74;11827;12.68
45;100;31;12428;True;12428.00;12.90;12433;2.32;12428;31.53;17069;True;17069.00;3.58;17085;3.16;17069;1.41;12527;True;12527.00;7.57;12527;1.76;12527;5.83;12037;True;12037.00;16.06;12038;2.37;12037;7.83;11749;True;11749.00;42.65;11753;4.23;11749;57.02;11180;True;11180.00;6.47;11180;2.79;11180;7.06
45;100;32;12280;True;12280.00;2162.09;12290;8.96;12290;120.00;16533;True;16533.00;304.99;16536;3.48;16533;120.00;12252;True;12252.00;11.23;12256;2.91;12252;6.68;11657;True;11657.00;33.48;11657;3.00;11657;9.72;11551;True;11551.00;508.57;11554;4.19;11554;120.00;10956;True;10956.00;20.50;10959;5.18;10956;11.54
45;100;33;12387;True;12387.00;110.58;12394;6.88;12393;120.00;16651;True;16651.00;4.57;16663;0.75;16651;1.30;12497;True;12497.00;128.72;12499;3.00;12497;92.58;11919;True;11919.00;24.06;11920;1.20;11919;23.95;11657;True;11657.00;44.18;11657;2.54;11657;39.05;11099;True;11099.00;25.66;11102;2.02;11099;6.75
45;100;34;11815;True;11815.00;91.84;11817;2.71;11815;120.00;16249;True;16249.00;6.44;16266;2.16;16249;3.33;12127;True;12127.00;8.60;12129;1.08;12127;4.00;11579;True;11579.00;13.28;11579;1.47;11579;6.80;11276;True;11276.00;17.06;11276;1.36;11276;8.25;10725;True;10725.00;18.80;10725;2.62;10725;9.28
45;100;35;12531;True;12531.00;21.32;12531;2.97;12531;120.00;17013;True;17013.00;34.87;17013;4.62;17013;12.75;12582;True;12582.00;15.07;12591;3.62;12582;6.24;12080;True;12080.00;9.26;12097;5.81;12080;6.75;11920;True;11920.00;64.82;11926;6.31;11920;64.66;11320;True;11320.00;46.53;11326;8.41;11320;26.47
45;100;36;11418;True;11418.00;107.94;11418;4.58;11418;120.00;15660;True;15660.00;16.65;15676;4.63;15660;14.20;11575;True;11575.00;21.11;11580;5.25;11575;5.78;11081;True;11081.00;16.59;11091;5.80;11081;14.04;10895;True;10895.00;37.80;10900;5.23;10895;35.26;10272;True;10272.00;16.34;10282;9.32;10272;8.32
45;100;37;12940;True;12940.00;477.93;12944;6.02;12940;120.00;17791;True;17791.00;5.22;17795;2.59;17791;6.42;12860;True;12860.00;2.44;12873;0.85;12860;0.52;12349;True;12349.00;14.15;12364;3.77;12349;9.97;12053;True;12053.00;12.50;12054;1.33;12053;4.11;11482;True;11482.00;13.57;11494;4.21;11482;12.03
45;100;38;11286;True;11286.00;5.06;11286;0.65;11286;2.62;15534;True;15534.00;314.62;15538;5.51;15543;120.00;11444;True;11444.00;46.77;11450;2.88;11444;55.46;10961;True;10961.00;16.73;10961;0.86;10961;10.32;10686;True;10686.00;45.67;10695;4.85;10686;28.55;10202;True;10202.00;33.13;10204;1.96;10202;18.74
45;100;39;11475;True;11475.00;272.95;11478;3.84;11478;120.00;15590;True;15590.00;63.78;15595;2.11;15590;60.70;11781;True;11781.00;405.72;11789;6.51;11790;120.00;11219;True;11219.00;307.19;11219;2.99;11220;120.00;10894;True;10894.00;1436.23;10903;3.96;10904;120.00;10404;True;10404.00;138.51;10405;2.86;10408;120.00
60;20;0;2176;True;2176.00;0.01;2176;0.02;2176;0.01;3190;True;3190.00;0.02;3190;0.02;3190;0.01;2308;True;2308.00;0.01;2308;0.02;2308;0.01;2244;True;2244.00;0.01;2244;0.01;2244;0.02;2072;True;2072.00;0.01;2072;0.01;2072;0.01;2035;True;2035.00;0.02;2035;0.02;2035;0.02
60;20;1;2053;True;2053.00;0.77;2053;0.14;2053;0.84;2761;True;2761.00;0.66;2761;0.15;2761;0.33;2154;True;2154.00;0.63;2154;0.10;2154;0.17;2003;True;2003.00;0.50;2020;0.18;2003;0.29;1916;True;1916.00;1.00;1916;0.23;1916;0.17;1835;True;1835.00;0.89;1835;0.34;1835;0.31
60;20;2;2510;True;2510.00;0.01;2510;0.01;2510;0.01;3504;True;3504.00;0.14;3521;0.04;3504;0.03;2647;True;2647.00;0.05;2647;0.02;2647;0.02;2524;True;2524.00;0.01;2524;0.01;2524;0.01;2420;True;2420.00;0.02;2420;0.02;2420;0.02;2335;True;2335.00;0.30;2335;0.07;2335;0.08
60;20;3;2038;True;2038.00;0.08;2038;0.09;2038;0.09;2829;True;2829.00;0.57;2840;0.12;2829;0.16;2220;True;2220.00;0.04;2220;0.06;2220;0.06;2049;True;2049.00;0.22;2055;0.10;2049;0.13;1927;True;1927.00;0.03;1927;0.03;1927;0.03;1863;True;1863.00;0.14;1867;0.11;1863;0.10
60;20;4;1958;True;1958.00;0.79;1966;0.27;1958;0.51;2833;True;2833.00;1.39;2833;0.16;2833;0.25;2119;True;2119.00;0.04;2119;0.05;2119;0.05;2042;True;2042.00;0.06;2042;0.07;2042;0.07;1898;True;1898.00;0.21;1915;0.14;1898;0.10;1849;True;1849.00;0.42;1852;0.14;1849;0.17
60;20;5;1925;True;1925.00;0.17;1949;0.09;1925;0.05;2568;True;2568.00;0.02;2568;0.02;2568;0.02;1957;True;1957.00;0.03;1957;0.03;1957;0.03;1844;True;1844.00;0.03;1844;0.02;1844;0.03;1810;True;1810.00;0.03;1810;0.04;1810;0.04;1697;True;1697.00;0.03;1697;0.03;1697;0.04
60;20;6;2058;True;2058.00;0.98;2058;0.11;2058;0.21;2811;True;2811.00;0.22;2811;0.08;2811;0.07;2203;True;2203.00;0.03;2203;0.04;2203;0.04;2102;True;2102.00;0.16;2102;0.12;2102;0.09;1935;True;1935.00;0.26;1935;0.17;1935;0.13;1891;True;1891.00;0.06;1891;0.07;1891;0.08
60;20;7;1957;True;1957.00;0.73;1957;0.16;1957;0.44;2750;True;2750.00;0.35;2750;0.09;2750;0.14;2154;True;2154.00;0.05;2154;0.06;2154;0.06;2046;True;2046.00;0.16;2047;0.12;2046;0.09;1917;True;1917.00;0.41;1935;0.20;1917;0.18;1846;True;1846.00;0.71;1846;0.34;1846;0.34
60;20;8;1947;True;1947.00;0.04;1947;0.04;1947;0.04;2667;True;2667.00;0.28;2690;0.12;2667;0.10;1905;True;1905.00;0.04;1905;0.05;1905;0.05;1818;True;1818.00;0.13;1821;0.08;1818;0.06;1847;True;1847.00;0.03;1847;0.03;1847;0.03;1750;True;1750.00;0.27;1750;0.10;1750;0.11
60;20;9;2074;True;2074.00;0.12;2074;0.07;2074;0.06;2906;True;2906.00;0.14;2906;0.08;2906;0.09;2205;True;2205.00;0.02;2205;0.02;2205;0.02;2063;True;2063.00;0.02;2063;0.03;2063;0.03;1998;True;1998.00;0.02;1998;0.02;1998;0.02;1902;True;1902.00;0.03;1902;0.02;1902;0.03
60;20;10;2115;True;2115.00;0.01;2115;0.01;2115;0.01;2999;True;2999.00;0.07;2999;0.04;2999;0.03;2080;True;2080.00;0.01;2080;0.02;2080;0.02;2047;True;2047.00;0.02;2047;0.02;2047;0.02;2005;True;2005.00;0.01;2005;0.02;2005;0.02;1866;True;1866.00;0.02;1866;0.02;1866;0.02
60;20;11;2099;True;2099.00;1.25;2099;0.28;2099;0.49;2778;True;2778.00;0.07;2778;0.07;2778;0.08;2193;True;2193.00;0.32;2199;0.13;2193;0.17;2098;True;2098.00;0.60;2106;0.15;2098;0.32;1972;True;1972.00;0.90;1977;0.42;1972;0.22;1882;True;1882.00;0.07;1882;0.08;1882;0.08
60;20;12;2093;True;2093.00;0.02;2093;0.02;2093;0.03;2982;True;2982.00;0.29;2984;0.09;2982;0.11;2221;True;2221.00;0.01;2221;0.02;2221;0.02;2144;True;2144.00;0.04;2144;0.05;2144;0.05;2023;True;2023.00;0.42;2023;0.17;2023;0.20;1934;True;1934.00;0.03;1934;0.03;1934;0.04
60;20;13;2132;True;2132.00;0.02;2132;0.02;2132;0.02;3114;True;3114.00;0.24;3114;0.06;3114;0.06;2258;True;2258.00;0.02;2258;0.02;2258;0.02;2148;True;2148.00;0.08;2154;0.05;2148;0.04;2036;True;2036.00;0.01;2036;0.02;2036;0.01;1998;True;1998.00;0.18;1998;0.08;1998;0.06
60;20;14;2540;True;2540.00;0.01;2540;0.02;2540;0.01;3546;True;3546.00;0.20;3556;0.05;3546;0.05;2677;True;2677.00;0.08;2679;0.04;2677;0.03;2575;True;2575.00;0.01;2575;0.01;2575;0.02;2432;True;2432.00;0.02;2432;0.02;2432;0.02;2341;True;2341.00;0.03;2341;0.03;2341;0.03
60;20;15;2103;True;2103.00;0.08;2103;0.08;2103;0.09;2995;True;2995.00;0.35;2995;0.12;2995;0.14;2278;True;2278.00;0.01;2278;0.02;2278;0.01;2136;True;2136.00;0.23;2137;0.10;2136;0.10;2029;True;2029.00;0.98;2029;0.14;2029;0.24;1961;True;1961.00;0.21;1962;0.14;1961;0.13
60;20;16;1985;True;1985.00;0.02;1985;0.03;1985;0.03;2868;True;2868.00;0.16;2868;0.08;2868;0.08;2175;True;2175.00;0.21;2175;0.15;2175;0.10;2053;True;2053.00;0.05;2053;0.06;2053;0.07;1923;True;1923.00;0.05;1923;0.06;1923;0.09;1856;True;1856.00;0.03;1856;0.04;1856;0.04
60;20;17;1641;True;1641.00;3.81;1665;0.93;1641;1.98;2305;True;2305.00;1.27;2326;0.33;2305;0.50;1716;True;1716.00;0.07;1716;0.09;1716;0.09;1666;True;1666.00;0.84;1666;0.30;1666;0.39;1565;True;1565.00;0.83;1565;0.28;1565;0.22;1511;True;1511.00;0.20;1511;0.22;1511;0.25
60;20;18;2217;True;2217.00;0.25;2236;0.08;2217;0.18;3046;True;3046.00;0.07;3046;0.03;3046;0.03;2331;True;2331.00;0.01;2331;0.01;2331;0.01;2179;True;2179.00;0.01;2179;0.02;2179;0.02;2129;True;2129.00;0.02;2129;0.03;2129;0.02;1998;True;1998.00;0.11;2001;0.06;1998;0.07
60;20;19;2085;True;2085.00;0.02;2085;0.02;2085;0.02;2901;True;2901.00;0.02;2901;0.02;2901;0.02;2239;True;2239.00;0.03;2239;0.04;2239;0.03;2031;True;2031.00;0.02;2031;0.02;2031;0.02;1988;True;1988.00;0.03;1988;0.04;1988;0.04;1890;True;1890.00;0.05;1890;0.06;1890;0.06
60;20;20;1947;True;1947.00;1.99;1951;0.21;1947;0.63;2697;True;2697.00;0.02;2697;0.02;2697;0.02;1928;True;1928.00;0.15;1928;0.06;1928;0.09;1827;True;1827.00;0.02;1827;0.02;1827;0.02;1836;True;1836.00;0.28;1840;0.09;1836;0.07;1716;True;1716.00;0.25;1716;0.08;1716;0.09
60;20;21;2132;True;2132.00;0.02;2132;0.02;2132;0.02;3121;True;3121.00;0.01;3121;0.02;3121;0.01;2414;True;2414.00;0.01;2414;0.02;2414;0.02;2259;True;2259.00;0.08;2259;0.03;2259;0.03;2080;True;2080.00;0.20;2080;0.06;2080;0.03;1999;True;1999.00;0.02;1999;0.02;1999;0.02
60;20;22;2115;True;2115.00;0.29;2115;0.06;2115;0.11;2938;True;2938.00;0.02;2938;0.01;2938;0.02;2104;True;2104.00;0.02;2104;0.02;2104;0.02;2066;True;2066.00;0.02;2066;0.02;2066;0.02;1972;True;1972.00;0.02;1972;0.02;1972;0.02;1902;True;1902.00;0.24;1902;0.07;1902;0.07
60;20;23;2494;True;2494.00;0.04;2494;0.04;2494;0.05;3611;True;3611.00;0.37;3611;0.10;3611;0.15;2790;True;2790.00;0.17;2792;0.09;2790;0.06;2618;True;2618.00;0.29;2620;0.10;2618;0.15;2440;True;2440.00;0.23;2445;0.09;2440;0.06;2347;True;2347.00;0.14;2349;0.12;2347;0.09
60;20;24;2124;True;2124.00;0.16;2124;0.09;2124;0.07;2984;True;2984.00;0.01;2984;0.02;2984;0.02;2253;True;2253.00;0.02;2253;0.02;2253;0.02;2131;True;2131.00;0.03;2131;0.03;2131;0.03;2047;True;2047.00;0.22;2047;0.13;2047;0.07;1977;True;1977.00;0.33;1977;0.11;1977;0.09
60;20;25;2463;True;2463.00;2.13;2463;0.21;2463;3.12;3220;True;3220.00;0.07;3220;0.05;3220;0.03;2358;True;2358.00;0.15;2361;0.05;2358;0.05;2275;True;2275.00;0.23;2275;0.06;2275;0.07;2256;True;2256.00;0.02;2256;0.03;2256;0.02;2149;True;2149.00;0.01;2149;0.02;2149;0.02
60;20;26;2004;True;2004.00;0.44;2004;0.05;2004;0.13;2763;True;2763.00;0.02;2763;0.03;2763;0.03;2181;True;2181.00;0.02;2181;0.02;2181;0.02;2011;True;2011.00;0.01;2011;0.01;2011;0.01;1902;True;1902.00;0.02;1902;0.02;1902;0.02;1819;True;1819.00;0.02;1819;0.02;1819;0.02
60;20;27;2271;True;2271.00;0.34;2277;0.07;2271;0.07;3133;True;3133.00;0.11;3142;0.04;3133;0.05;2351;True;2351.00;0.01;2351;0.02;2351;0.01;2295;True;2295.00;0.16;2295;0.04;2295;0.03;2198;True;2198.00;0.27;2198;0.07;2198;0.06;2107;True;2107.00;0.24;2107;0.07;2107;0.08
60;20;28;2519;True;2519.00;0.36;2519;0.13;2519;0.32;3355;True;3355.00;0.02;3355;0.02;3355;0.02;2670;True;2670.00;0.11;2673;0.06;2670;0.04;2473;True;2473.00;0.02;2473;0.02;2473;0.02;2380;True;2380.00;0.08;2394;0.10;2380;0.05;2278;True;2278.00;0.41;2293;0.14;2278;0.07
60;20;29;2012;True;2012.00;0.36;2012;0.19;2012;0.09;2674;True;2674.00;0.02;2674;0.02;2674;0.02;2017;True;2017.00;0.03;2017;0.04;2017;0.03;1938;True;1938.00;0.04;1938;0.05;1938;0.04;1865;True;1865.00;0.03;1865;0.04;1865;0.03;1802;True;1802.00;0.13;1804;0.10;1802;0.07
60;20;30;2179;True;2179.00;0.02;2179;0.02;2179;0.02;3087;True;3087.00;0.32;3098;0.08;3087;0.07;2370;True;2370.00;0.02;2370;0.02;2370;0.02;2195;True;2195.00;0.02;2195;0.02;2195;0.01;2127;True;2127.00;0.24;2133;0.08;2127;0.06;1957;True;1957.00;0.02;1957;0.02;1957;0.02
60;20;31;2166;True;2166.00;1.00;2166;0.15;2166;0.77;2914;True;2914.00;0.09;2914;0.09;2914;0.10;2351;True;2351.00;0.06;2351;0.08;2351;0.08;2203;True;2203.00;0.05;2203;0.06;2203;0.06;2066;True;2066.00;0.37;2066;0.11;2066;0.10;1996;True;1996.00;0.44;2000;0.21;1996;0.26
60;20;32;2157;True;2157.00;0.14;2157;0.08;2157;0.09;2932;True;2932.00;0.17;2932;0.10;2932;0.09;2210;True;2210.00;0.18;2213;0.13;2210;0.13;2128;True;2128.00;0.16;2128;0.11;2128;0.08;2051;True;2051.00;0.36;2051;0.12;2051;0.10;1964;True;1964.00;0.33;1964;0.17;1964;0.17
60;20;33;2312;True;2312.00;0.11;2312;0.07;2312;0.03;3107;True;3107.00;0.02;3107;0.02;3107;0.02;2505;True;2505.00;0.02;2505;0.02;2505;0.02;2334;True;2334.00;0.01;2334;0.02;2334;0.02;2247;True;2247.00;0.39;2247;0.19;2247;0.07;2140;True;2140.00;0.03;2140;0.03;2140;0.03
60;20;34;2403;True;2403.00;0.55;2403;0.08;2403;0.36;3281;True;3281.00;0.48;3281;0.06;3281;0.17;2485;True;2485.00;0.02;2485;0.03;2485;0.03;2348;True;2348.00;0.03;2348;0.04;2348;0.04;2251;True;2251.00;0.02;2251;0.02;2251;0.02;2175;True;2175.00;0.49;2178;0.07;2175;0.16
60;20;35;2003;True;2003.00;0.64;2003;0.43;2003;0.26;2750;True;2750.00;0.45;2765;0.11;2750;0.25;2076;True;2076.00;0.05;2076;0.07;2076;0.06;2015;True;2015.00;0.41;2015;0.10;2015;0.12;1906;True;1906.00;0.59;1906;0.17;1906;0.15;1787;True;1787.00;0.04;1787;0.05;1787;0.05
60;20;36;2574;True;2574.00;0.37;2577;0.07;2574;0.16;3569;True;3569.00;0.14;3569;0.10;3569;0.07;2660;True;2660.00;0.02;2660;0.02;2660;0.02;2548;True;2548.00;0.02;2548;0.03;2548;0.03;2406;True;2406.00;0.02;2406;0.02;2406;0.02;2299;True;2299.00;0.16;2299;0.08;2299;0.07
60;20;37;2103;True;2103.00;0.07;2103;0.08;2103;0.08;2971;True;2971.00;0.40;2979;0.12;2971;0.16;2236;True;2236.00;0.03;2236;0.03;2236;0.03;2112;True;2112.00;0.03;2112;0.03;2112;0.04;1981;True;1981.00;0.35;1995;0.13;1981;0.16;1905;True;1905.00;0.04;1905;0.05;1905;0.05
60;20;38;2435;True;2435.00;0.01;2435;0.01;2435;0.01;3422;True;3422.00;0.01;3422;0.01;3422;0.01;2724;True;2724.00;0.54;2724;0.08;2724;0.20;2544;True;2544.00;0.29;2546;0.07;2544;0.10;2360;True;2360.00;0.02;2360;0.02;2360;0.02;2322;True;2322.00;0.02;2322;0.02;2322;0.02
60;20;39;2060;True;2060.00;0.30;2060;0.15;2060;0.11;2668;True;2668.00;0.07;2668;0.07;2668;0.07;2246;True;2246.00;0.03;2246;0.03;2246;0.03;2102;True;2102.00;0.04;2102;0.04;2102;0.04;1981;True;1981.00;0.39;1981;0.14;1981;0.17;1901;True;1901.00;0.04;1901;0.05;1901;0.05
60;30;0;3180;True;3180.00;0.28;3180;0.47;3180;0.18;4401;True;4401.00;0.85;4417;0.18;4401;0.26;3136;True;3136.00;0.07;3136;0.07;3136;0.07;3031;True;3031.00;0.58;3036;0.36;3031;0.30;3040;True;3040.00;1.30;3040;0.22;3040;0.52;2871;True;2871.00;1.97;2881;0.75;2871;0.98
60;30;1;3223;True;3223.00;0.86;3223;0.41;3223;0.39;4532;True;4532.00;0.06;4532;0.07;4532;0.07;3338;True;3338.00;0.26;3338;0.12;3338;0.11;3140;True;3140.00;0.57;3149;0.15;3140;0.24;3090;True;3090.00;12.53;3100;0.94;3090;6.36;2914;True;2914.00;2.03;2916;0.21;2914;0.79
60;30;2;2905;True;2905.00;0.67;2905;0.24;2905;0.25;4093;True;4093.00;0.36;4100;0.27;4093;0.25;3241;True;3241.00;0.96;3241;0.21;3241;0.21;2991;True;2991.00;0.50;2991;0.28;2991;0.25;2779;True;2779.00;1.64;2779;0.49;2779;0.46;2701;True;2701.00;1.94;2702;0.30;2701;0.66
60;30;3;3016;True;3016.00;1.49;3016;0.20;3016;1.29;4465;True;4465.00;7.08;4483;0.52;4465;3.34;3144;True;3144.00;5.61;3178;0.51;3144;3.72;2973;True;2973.00;0.07;2973;0.07;2973;0.08;2873;True;2873.00;2.40;2873;0.26;2873;0.45;2791;True;2791.00;5.38;2791;0.55;2791;3.00
60;30;4;3157;True;3157.00;1.10;3157;0.20;3157;1.04;4336;True;4336.00;12.86;4355;0.29;4336;6.32;3350;True;3350.00;0.95;3353;0.18;3350;0.42;3165;True;3165.00;0.43;3165;0.13;3165;0.16;3027;True;3027.00;21.24;3062;0.49;3027;13.37;2916;True;2916.00;1.17;2918;0.20;2916;0.39
60;30;5;2886;True;2886.00;8.12;2895;1.02;2886;9.61;3998;True;3998.00;2.32;3998;0.90;3998;1.18;3013;True;3013.00;4.16;3014;0.34;3013;1.12;2831;True;2831.00;0.10;2831;0.10;2831;0.11;2726;True;2726.00;1.02;2726;0.74;2726;0.59;2612;True;2612.00;1.12;2612;0.58;2612;0.38
60;30;6;3168;True;3168.00;0.62;3168;0.45;3168;0.40;4467;True;4467.00;1.06;4467;0.16;4467;0.36;3424;True;3424.00;0.26;3424;0.15;3424;0.11;3256;True;3256.00;0.22;3256;0.12;3256;0.15;3059;True;3059.00;0.93;3065;0.53;3059;0.32;2961;True;2961.00;0.71;2961;0.24;2961;0.23
60;30;7;2800;True;2800.00;0.16;2800;0.18;2800;0.21;3880;True;3880.00;0.16;3880;0.18;3880;0.18;2944;True;2944.00;0.07;2944;0.08;2944;0.08;2806;True;2806.00;0.09;2806;0.09;2806;0.11;2657;True;2657.00;1.86;2657;0.31;2657;0.59;2545;True;2545.00;0.41;2548;0.28;2545;0.22
60;30;8;3069;True;3069.00;0.62;3069;0.10;3069;0.35;4321;True;4321.00;0.06;4321;0.07;4321;0.07;3272;True;3272.00;0.04;3272;0.05;3272;0.05;3101;True;3101.00;0.45;3105;0.17;3101;0.17;2953;True;2953.00;0.44;2957;0.17;2953;0.15;2854;True;2854.00;0.99;2854;0.18;2854;0.35
60;30;9;2674;True;2674.00;4.22;2678;0.65;2674;1.53;3741;True;3741.00;0.59;3741;0.19;3741;0.13;2838;True;2838.00;0.06;2838;0.06;2838;0.06;2738;True;2738.00;1.40;2740;0.17;2738;0.41;2593;True;2593.00;1.23;2612;0.27;2593;0.36;2465;True;2465.00;0.61;2467;0.34;2465;0.26
60;30;10;3252;True;3252.00;0.42;3262;0.18;3252;0.20;4525;True;4525.00;0.04;4525;0.05;4525;0.09;3414;True;3414.00;0.12;3414;0.07;3414;0.04;3253;True;3253.00;0.05;3253;0.05;3253;0.10;3119;True;3119.00;0.39;3119;0.15;3119;0.17;2995;True;2995.00;0.20;2995;0.13;2995;0.12
60;30;11;3200;True;3200.00;5.08;3200;0.20;3200;3.70;4488;True;4488.00;3.50;4493;0.25;4488;1.08;3180;True;3180.00;0.05;3180;0.06;3180;0.06;3074;True;3074.00;0.42;3074;0.12;3074;0.20;3008;True;3008.00;0.08;3008;0.09;3008;0.09;2827;True;2827.00;0.40;2827;0.13;2827;0.15
60;30;12;3147;True;3147.00;3.55;3147;0.17;3147;1.68;4294;True;4294.00;0.79;4316;0.24;4294;0.34;3372;True;3372.00;0.05;3372;0.07;3372;0.06;3186;True;3186.00;1.90;3191;0.14;3186;0.66;2983;True;2983.00;0.06;2983;0.06;2983;0.06;2848;True;2848.00;0.08;2848;0.10;2848;0.09
60;30;13;3156;True;3156.00;0.47;3156;0.47;3156;0.20;4491;True;4491.00;0.24;4498;0.16;4491;0.11;3408;True;3408.00;0.38;3408;0.12;3408;0.22;3164;True;3164.00;0.57;3164;0.16;3164;0.33;2993;True;2993.00;0.87;3000;0.26;2993;0.23;2882;True;2882.00;2.43;2886;0.22;2882;1.13
60;30;14;3399;True;3399.00;0.71;3399;0.26;3399;0.29;4732;True;4732.00;0.03;4732;0.03;4732;0.03;3721;True;3721.00;0.03;3721;0.03;3721;0.03;3502;True;3502.00;0.25;3502;0.13;3502;0.15;3241;True;3241.00;0.32;3241;0.13;3241;0.13;3122;True;3122.00;0.03;3122;0.04;3122;0.04
60;30;15;2994;True;2994.00;2.05;2995;0.28;2994;3.35;4094;True;4094.00;0.07;4094;0.07;4094;0.07;3107;True;3107.00;0.06;3107;0.07;3107;0.07;2947;True;2947.00;0.83;2947;0.18;2947;0.34;2868;True;2868.00;2.81;2868;0.16;2868;1.04;2716;True;2716.00;0.44;2721;0.22;2716;0.24
60;30;16;2962;True;2962.00;1.59;2970;0.50;2962;1.73;4232;True;4232.00;0.57;4254;0.38;4232;0.29;3076;True;3076.00;0.34;3086;0.13;3076;0.14;2911;True;2911.00;0.45;2911;0.18;2911;0.18;2764;True;2764.00;0.06;2764;0.07;2764;0.10;2662;True;2662.00;1.31;2679;0.51;2662;0.39
60;30;17;2892;True;2892.00;0.60;2892;0.18;2892;0.14;3973;True;3973.00;0.21;3973;0.14;3973;0.10;3076;True;3076.00;0.61;3076;0.12;3076;0.11;2855;True;2855.00;0.06;2855;0.06;2855;0.07;2729;True;2729.00;0.53;2732;0.31;2729;0.22;2630;True;2630.00;0.74;2630;0.23;2630;0.41
60;30;18;2780;True;2780.00;53.91;2789;1.35;2780;31.70;3961;True;3961.00;1.59;3978;0.32;3961;0.40;3000;True;3000.00;0.11;3000;0.12;3000;0.16;2833;True;2833.00;0.84;2854;0.35;2833;0.61;2640;True;2640.00;2.00;2643;0.39;2640;0.58;2545;True;2545.00;0.61;2545;0.29;2545;0.35
60;30;19;2781;True;2781.00;0.19;2781;0.21;2781;0.38;3749;True;3749.00;0.38;3749;0.23;3749;0.17;2931;True;2931.00;0.07;2931;0.08;2931;0.07;2735;True;2735.00;0.41;2740;0.21;2735;0.22;2703;True;2703.00;8.77;2703;0.43;2703;2.22;2510;True;2510.00;1.17;2512;0.43;2510;0.53
60;30;20;2709;True;2709.00;0.78;2717;0.86;2709;0.33;3649;True;3649.00;0.96;3649;0.26;3649;0.28;2683;True;2683.00;0.11;2683;0.14;2683;0.12;2535;True;2535.00;0.08;2535;0.08;2535;0.09;2514;True;2514.00;0.42;2514;0.27;2514;0.22;2383;True;2383.00;0.72;2383;0.23;2383;0.23
60;30;21;2935;True;2935.00;0.07;2935;0.08;2935;0.15;4221;True;4221.00;0.53;4221;0.22;4221;0.23;3037;True;3037.00;0.72;3037;0.23;3037;0.20;2892;True;2892.00;0.07;2892;0.08;2892;0.09;2792;True;2792.00;0.47;2792;0.21;2792;0.25;2687;True;2687.00;0.32;2687;0.24;2687;0.36
60;30;22;3199;True;3199.00;1.54;3199;0.30;3199;0.89;4490;True;4490.00;0.36;4490;0.22;4490;0.17;3430;True;3430.00;1.00;3430;0.15;3430;0.33;3208;True;3208.00;0.47;3208;0.17;3208;0.15;3011;True;3011.00;1.54;3011;0.15;3011;0.50;2937;True;2937.00;5.54;2944;0.34;2937;1.94
60;30;23;3007;True;3007.00;4.79;3007;0.39;3007;6.20;4139;True;4139.00;1.32;4145;0.16;4139;0.21;3025;True;3025.00;0.30;3025;0.15;3025;0.07;2894;True;2894.00;0.25;2897;0.13;2894;0.18;2765;True;2765.00;0.06;2765;0.07;2765;0.06;2621;True;2621.00;0.50;2632;0.18;2621;0.23
60;30;24;3320;True;3320.00;1.08;3320;0.13;3320;0.35;4591;True;4591.00;0.39;4591;0.11;4591;0.11;3510;True;3510.00;0.38;3510;0.13;3510;0.12;3359;True;3359.00;0.79;3360;0.12;3359;0.26;3156;True;3156.00;0.63;3156;0.15;3156;0.20;3051;True;3051.00;0.21;3051;0.13;3051;0.11
60;30;25;3232;True;3232.00;8.98;3232;0.52;3232;15.65;4408;True;4408.00;1.08;4408;0.31;4408;0.30;3356;True;3356.00;0.83;3356;0.21;3356;0.34;3133;True;3133.00;0.09;3133;0.09;3133;0.10;3065;True;3065.00;0.67;3065;0.52;3065;0.28;2939;True;2939.00;0.91;2939;0.61;2939;0.40
60;30;26;2833;True;2833.00;0.09;2833;0.10;2833;0.10;3863;True;3863.00;0.85;3863;0.27;3863;0.26;2851;True;2851.00;0.30;2873;0.17;2851;0.10;2728;True;2728.00;1.15;2728;0.15;2728;0.32;2617;True;2617.00;0.47;2617;0.28;2617;0.18;2501;True;2501.00;0.17;2501;0.19;2501;0.19
60;30;27;3422;True;3422.00;7.85;3422;0.78;3422;25.85;4843;True;4843.00;2.59;4889;0.93;4843;1.54;3627;True;3627.00;1.41;3630;0.25;3627;0.55;3418;True;3418.00;1.21;3421;0.39;3418;0.46;3233;True;3233.00;13.57;3241;0.76;3233;6.52;3089;True;3089.00;0.98;3095;0.61;3089;0.53
60;30;28;2842;True;2842.00;1.37;2856;0.81;2842;1.45;3968;True;3968.00;2.36;3968;0.26;3968;0.98;3035;True;3035.00;4.20;3046;0.62;3035;1.39;2837;True;2837.00;0.15;2837;0.15;2837;0.17;2739;True;2739.00;1.36;2739;0.84;2739;0.43;2585;True;2585.00;0.59;2585;0.24;2585;0.29
60;30;29;2866;True;2866.00;3.31;2872;0.74;2866;2.85;3981;True;3981.00;1.26;3981;0.22;3981;0.34;2971;True;2971.00;0.41;2980;0.15;2971;0.17;2838;True;2838.00;0.88;2838;0.17;2838;0.26;2741;True;2741.00;1.89;2741;0.27;2741;0.52;2608;True;2608.00;1.94;2608;0.38;2608;0.71
60;30;30;3218;True;3218.00;0.50;3218;0.21;3218;0.19;4418;True;4418.00;0.26;4418;0.18;4418;0.17;3361;True;3361.00;0.07;3361;0.08;3361;0.07;3202;True;3202.00;0.87;3202;0.58;3202;0.39;3035;True;3035.00;0.36;3035;0.58;3035;0.12;2927;True;2927.00;3.03;2936;0.82;2927;2.18
60;30;31;3264;True;3264.00;1.30;3283;1.43;3264;2.53;4536;True;4536.00;1.80;4536;0.40;4536;0.58;3246;True;3246.00;0.23;3249;0.11;3246;0.15;3067;True;3067.00;0.03;3067;0.03;3067;0.03;2963;True;2963.00;0.23;2963;0.13;2963;0.22;2872;True;2872.00;2.15;2876;0.21;2872;0.53
60;30;32;2876;True;2876.00;0.09;2876;0.10;2876;0.10;3989;True;3989.00;0.07;3989;0.07;3989;0.08;2969;True;2969.00;0.07;2969;0.08;2969;0.08;2860;True;2860.00;0.65;2868;0.21;2860;0.18;2774;True;2774.00;1.49;2774;0.24;2774;0.35;2606;True;2606.00;0.71;2612;0.31;2606;0.35
60;30;33;3019;True;3019.00;0.09;3019;0.10;3019;0.21;4244;True;4244.00;0.26;4266;0.32;4244;0.13;3242;True;3242.00;0.48;3256;0.30;3242;0.19;3060;True;3060.00;0.96;3071;0.50;3060;0.36;2866;True;2866.00;0.27;2872;0.32;2866;0.13;2733;True;2733.00;0.10;2733;0.12;2733;0.18
60;30;34;3204;True;3204.00;3.28;3204;0.24;3204;2.66;4439;True;4439.00;0.04;4439;0.05;4439;0.05;3217;True;3217.00;0.37;3218;0.10;3217;0.09;3145;True;3145.00;0.31;3149;0.12;3145;0.14;2987;True;2987.00;3.33;2988;0.24;2987;0.57;2857;True;2857.00;0.35;2857;0.21;2857;0.20
60;30;35;3309;True;3309.00;0.14;3309;0.06;3309;0.06;4782;True;4782.00;0.04;4782;0.04;4782;0.05;3314;True;3314.00;0.03;3314;0.04;3314;0.03;3221;True;3221.00;0.31;3221;0.08;3221;0.09;3103;True;3103.00;0.18;3103;0.10;3103;0.07;2959;True;2959.00;0.04;2959;0.05;2959;0.05
60;30;36;3202;True;3202.00;15.22;3202;0.57;3202;16.95;4303;True;4303.00;0.21;4319;0.11;4303;0.13;3272;True;3272.00;7.70;3288;0.53;3272;3.00;3054;True;3054.00;0.74;3054;0.14;3054;0.47;2920;True;2920.00;0.06;2920;0.07;2920;0.07;2790;True;2790.00;1.19;2793;0.20;2790;0.56
60;30;37;3167;True;3167.00;0.57;3167;0.52;3167;0.22;4627;True;4627.00;1.22;4633;0.25;4627;0.41;3612;True;3612.00;1.08;3612;0.23;3612;0.24;3429;True;3429.00;0.48;3434;0.21;3429;0.23;3098;True;3098.00;0.53;3098;0.17;3098;0.15;3028;True;3028.00;1.26;3033;0.28;3028;0.56
60;30;38;3158;True;3158.00;9.81;3158;0.41;3158;7.11;4420;True;4420.00;1.20;4421;0.23;4420;0.22;3169;True;3169.00;0.38;3171;0.13;3169;0.10;3004;True;3004.00;0.04;3004;0.04;3004;0.04;2987;True;2987.00;1.98;2994;0.35;2987;0.74;2819;True;2819.00;0.45;2822;0.17;2819;0.18
60;30;39;3299;True;3299.00;6.79;3312;0.78;3299;2.32;4573;True;4573.00;0.05;4573;0.06;4573;0.06;3182;True;3182.00;0.13;3182;0.06;3182;0.06;3053;True;3053.00;0.41;3056;0.10;3053;0.17;2966;True;2966.00;0.04;2966;0.04;2966;0.05;2850;True;2850.00;0.05;2850;0.07;2850;0.07
60;40;0;4543;True;4543.00;5.45;4543;0.84;4543;48.19;6291;True;6291.00;0.76;6291;0.60;6291;0.25;4889;True;4889.00;2.21;4889;0.56;4889;0.86;4597;True;4597.00;3.34;4602;0.78;4597;1.22;4386;True;4386.00;0.17;4386;0.16;4386;0.17;4196;True;4196.00;2.26;4198;0.83;4196;0.65
60;40;1;4010;True;4010.00;63.57;4010;2.31;4010;120.00;5503;True;5503.00;21.64;5503;1.45;5503;9.89;4096;True;4096.00;11.01;4107;0.56;4096;3.84;3860;True;3860.00;17.01;3869;0.82;3860;7.70;3779;True;3779.00;18.43;3780;1.07;3779;8.93;3556;True;3556.00;3.30;3556;0.41;3556;1.48
60;40;2;4018;True;4018.00;19.61;4035;1.09;4018;38.08;5608;True;5608.00;5.54;5608;0.59;5608;1.25;4375;True;4375.00;3.60;4388;0.40;4375;0.70;4041;True;4041.00;1.88;4041;0.42;4041;0.92;3882;True;3882.00;3.23;3882;1.14;3882;2.13;3729;True;3729.00;4.63;3729;0.95;3729;2.09
60;40;3;4183;True;4183.00;1.64;4198;0.72;4183;1.87;5979;True;5979.00;1.42;5979;0.39;5979;0.60;4413;True;4413.00;0.85;4413;0.29;4413;0.45;4224;True;4224.00;1.33;4226;0.31;4224;0.38;4059;True;4059.00;1.06;4059;0.31;4059;0.36;3876;True;3876.00;6.71;3880;0.38;3876;4.24
60;40;4;4575;True;4575.00;1.34;4590;0.79;4575;0.48;6321;True;6321.00;4.74;6327;0.42;6321;1.33;4791;True;4791.00;3.42;4791;0.15;4791;0.70;4515;True;4515.00;1.48;4517;0.19;4515;0.31;4270;True;4270.00;4.90;4274;0.39;4270;2.76;4112;True;4112.00;0.33;4112;0.22;4112;0.35
60;40;5;4094;True;4094.00;11.09;4094;0.75;4094;37.97;5818;True;5818.00;1.53;5826;0.25;5818;0.58;4201;True;4201.00;5.00;4203;0.29;4201;1.29;4055;True;4055.00;4.13;4075;1.02;4055;1.52;3910;True;3910.00;10.72;3910;1.46;3910;4.92;3690;True;3690.00;1.53;3690;0.32;3690;0.53
60;40;6;3830;True;3830.00;67.32;3830;0.99;3830;58.93;5347;True;5347.00;1.96;5360;0.98;5347;0.80;4091;True;4091.00;1.66;4098;0.30;4091;0.42;3866;True;3866.00;2.86;3866;0.52;3866;0.86;3632;True;3632.00;2.40;3646;0.75;3632;0.70;3541;True;3541.00;7.89;3550;0.46;3541;6.17
60;40;7;3583;True;3583.00;2.98;3583;0.47;3583;2.53;4961;True;4961.00;1.56;4978;0.40;4961;0.85;3807;True;3807.00;3.48;3807;0.29;3807;1.40;3623;True;3623.00;3.43;3627;0.48;3623;1.88;3400;True;3400.00;0.18;3400;0.19;3400;0.21;3287;True;3287.00;4.15;3292;0.57;3287;2.02
60;40;8;3869;True;3869.00;164.65;3890;1.24;3869;120.00;5545;True;5545.00;25.66;5557;1.70;5545;25.60;4037;True;4037.00;8.28;4056;0.60;4037;6.48;3890;True;3890.00;8.61;3917;1.40;3890;3.65;3723;True;3723.00;0.83;3723;0.29;3723;0.32;3581;True;3581.00;2.97;3581;0.29;3581;1.35
60;40;9;3941;True;3941.00;94.19;3950;1.11;3941;120.00;5488;True;5488.00;9.07;5488;0.75;5488;4.55;4041;True;4041.00;13.65;4042;0.49;4041;5.10;3848;True;3848.00;6.67;3848;0.59;3848;2.59;3696;True;3696.00;0.50;3700;0.25;3696;0.19;3523;True;3523.00;0.16;3523;0.16;3523;0.18
60;40;10;4087;True;4087.00;1.65;4087;0.22;4087;0.39;5949;True;5949.00;2.75;5950;0.27;5949;0.72;4380;True;4380.00;0.91;4380;0.24;4380;0.62;4110;True;4110.00;1.68;4113;0.28;4110;0.44;3908;True;3908.00;1.06;3908;0.24;3908;0.43;3753;True;3753.00;0.16;3753;0.15;3753;0.18
60;40;11;3614;True;3614.00;1.09;3614;0.74;3614;0.76;5053;True;5053.00;2.75;5072;1.13;5053;0.64;3864;True;3864.00;0.18;3864;0.16;3864;0.19;3683;True;3683.00;18.91;3687;2.22;3683;9.53;3468;True;3468.00;19.27;3475;2.61;3468;8.43;3353;True;3353.00;2.47;3360;1.46;3353;0.99
60;40;12;3612;True;3612.00;2.94;3636;1.27;3612;4.80;5181;True;5181.00;0.47;5201;0.91;5181;0.35;3859;True;3859.00;0.15;3859;0.13;3859;0.15;3667;True;3667.00;1.08;3670;0.38;3667;0.40;3479;True;3479.00;0.73;3492;0.60;3479;0.35;3314;True;3314.00;4.47;3320;0.43;3314;2.10
60;40;13;3806;True;3806.00;1.33;3806;0.43;3806;0.88;5475;True;5475.00;10.86;5499;1.07;5475;7.04;3956;True;3956.00;52.11;3980;0.61;3956;65.82;3805;True;3805.00;73.98;3836;1.10;3805;116.34;3660;True;3660.00;11.31;3666;0.81;3660;10.02;3492;True;3492.00;12.51;3527;1.08;3492;7.19
60;40;14;3926;True;3926.00;9.77;3937;1.28;3926;6.36;5535;True;5535.00;0.12;5535;0.13;5535;0.13;4050;True;4050.00;0.31;4050;0.16;4050;0.13;3894;True;3894.00;0.60;3894;0.24;3894;0.20;3727;True;3727.00;5.63;3731;0.49;3727;1.49;3582;True;3582.00;3.02;3582;0.60;3582;4.70
60;40;15;4117;True;4117.00;0.10;4117;0.10;4117;0.11;6035;True;6035.00;2.74;6035;0.47;6035;0.93;4406;True;4406.00;0.35;4420;0.23;4406;0.19;4134;True;4134.00;2.30;4142;0.46;4134;0.81;3898;True;3898.00;0.37;3914;0.30;3898;0.17;3767;True;3767.00;1.44;3771;0.39;3767;0.77
60;40;16;3881;True;3881.00;0.88;3909;1.45;3881;0.31;5399;True;5399.00;3.66;5409;0.48;5399;0.63;4151;True;4151.00;1.09;4151;0.29;4151;0.51;3870;True;3870.00;0.15;3870;0.15;3870;0.14;3708;True;3708.00;1.61;3708;0.56;3708;0.74;3610;True;3610.00;6.18;3616;0.96;3610;4.71
60;40;17;4142;True;4142.00;1.02;4142;0.98;4142;0.48;5700;True;5700.00;3.27;5700;0.33;5700;0.93;4135;True;4135.00;1.76;4148;0.40;4135;0.51;3960;True;3960.00;1.92;3960;0.25;3960;0.39;3882;True;3882.00;2.01;3887;0.37;3882;0.60;3691;True;3691.00;1.32;3691;0.37;3691;0.89
60;40;18;4077;True;4077.00;2.51;4077;0.28;4077;0.98;5764;True;5764.00;1.08;5770;0.25;5764;0.34;4220;True;4220.00;0.89;4220;0.18;4220;0.25;4041;True;4041.00;0.65;4041;0.25;4041;0.30;3836;True;3836.00;0.70;3854;0.57;3836;0.32;3713;True;3713.00;1.30;3713;0.24;3713;0.64
60;40;19;4116;True;4116.00;78.85;4138;1.25;4116;120.00;5614;True;5614.00;1.00;5621;0.59;5614;0.42;4383;True;4383.00;4.50;4392;0.60;4383;1.12;4143;True;4143.00;1.15;4143;0.39;4143;0.60;3926;True;3926.00;4.13;3939;1.18;3926;1.82;3773;True;3773.00;4.90;3773;0.50;3773;1.71
60;40;20;4399;True;4399.00;0.75;4399;0.80;4399;0.26;6129;True;6129.00;2.12;6133;0.49;6129;0.43;4587;True;4587.00;0.99;4592;0.49;4587;0.33;4398;True;4398.00;1.32;4406;0.77;4398;0.54;4229;True;4229.00;6.08;4234;1.33;4229;2.37;4063;True;4063.00;1.00;4063;0.65;4063;0.62
60;40;21;4005;True;4005.00;1.31;4005;0.30;4005;0.76;5759;True;5759.00;0.47;5764;0.23;5759;0.27;4379;True;4379.00;2.39;4390;0.35;4379;0.84;4110;True;4110.00;1.26;4115;0.17;4110;0.34;3867;True;3867.00;0.50;3867;0.28;3867;0.25;3745;True;3745.00;0.36;3745;0.18;3745;0.23
60;40;22;3681;True;3681.00;48.11;3681;2.32;3681;115.44;5129;True;5129.00;0.14;5129;0.14;5129;0.16;3826;True;3826.00;3.78;3842;0.84;3826;1.20;3683;True;3683.00;3.42;3692;0.93;3683;1.06;3495;True;3495.00;1.77;3495;0.53;3495;0.95;3341;True;3341.00;2.33;3347;0.70;3341;1.65
60;40;23;3419;True;3419.00;3.56;3419;0.71;3419;0.94;5006;True;5006.00;40.23;5015;5.00;5006;18.49;3738;True;3738.00;8.80;3758;1.73;3738;2.16;3510;True;3510.00;6.59;3513;0.95;3510;1.44;3354;True;3354.00;9.46;3365;1.87;3354;3.52;3244;True;3244.00;9.29;3260;1.73;3244;3.36
60;40;24;3899;True;3899.00;9.07;3911;1.24;3899;5.61;5617;True;5617.00;2.66;5617;0.90;5617;1.47;4192;True;4192.00;3.10;4192;0.25;4192;0.76;4005;True;4005.00;7.39;4009;0.43;4005;2.64;3779;True;3779.00;10.77;3779;1.64;3779;2.70;3688;True;3688.00;17.09;3701;2.54;3688;8.06
60;40;25;3975;True;3975.00;1.33;3975;0.22;3975;1.08;5810;True;5810.00;1.54;5810;0.21;5810;0.57;4139;True;4139.00;2.55;4141;0.23;4139;0.74;4018;True;4018.00;1.59;4019;0.25;4018;0.47;3798;True;3798.00;0.10;3798;0.10;3798;0.11;3666;True;3666.00;0.95;3666;0.37;3666;0.56
60;40;26;3966;True;3966.00;33.87;3966;2.41;3966;50.05;5703;True;5703.00;1.69;5703;0.35;5703;0.54;4194;True;4194.00;2.36;4194;0.33;4194;0.57;3951;True;3951.00;2.81;3962;0.48;3951;0.65;3755;True;3755.00;4.63;3756;0.72;3755;1.40;3595;True;3595.00;2.89;3596;0.76;3595;1.22
60;40;27;3562;True;3562.00;16.00;3566;1.22;3562;8.58;5087;True;5087.00;2.93;5087;1.12;5087;0.98;3881;True;3881.00;1.52;3881;0.44;3881;0.47;3686;True;3686.00;1.81;3691;0.68;3686;0.53;3398;True;3398.00;0.81;3398;1.05;3398;0.38;3290;True;3290.00;3.45;3291;0.94;3290;1.64
60;40;28;3918;True;3918.00;5.70;3918;0.59;3918;2.93;5460;True;5460.00;10.37;5491;0.80;5460;3.75;4244;True;4244.00;4.31;4253;0.47;4244;1.32;3935;True;3935.00;0.79;3940;0.26;3935;0.26;3756;True;3756.00;6.65;3758;0.91;3756;2.50;3580;True;3580.00;1.50;3580;0.62;3580;0.51
60;40;29;4058;True;4058.00;2.52;4062;0.27;4058;1.26;5520;True;5520.00;0.09;5520;0.09;5520;0.10;4383;True;4383.00;0.71;4383;0.20;4383;0.20;4198;True;4198.00;1.60;4198;0.21;4198;0.32;3906;True;3906.00;0.55;3906;0.20;3906;0.30;3762;True;3762.00;1.15;3762;0.26;3762;0.28
60;40;30;3881;True;3881.00;0.26;3881;0.27;3881;0.69;5488;True;5488.00;1.92;5495;1.25;5488;0.90;3994;True;3994.00;2.97;4001;0.66;3994;0.78;3869;True;3869.00;3.16;3869;0.82;3869;0.81;3692;True;3692.00;1.84;3692;0.61;3692;0.59;3562;True;3562.00;5.33;3570;1.39;3562;1.81
60;40;31;4375;True;4375.00;41.46;4375;0.65;4375;94.61;6023;True;6023.00;0.77;6030;0.22;6023;0.22;4538;True;4538.00;0.96;4538;0.17;4538;0.22;4382;True;4382.00;7.33;4382;0.48;4382;2.82;4208;True;4208.00;1.99;4208;0.18;4208;0.66;4059;True;4059.00;4.81;4059;0.32;4059;1.97
60;40;32;3733;True;3733.00;18.07;3746;1.77;3733;21.77;5176;True;5176.00;0.63;5188;1.01;5176;0.40;3892;True;3892.00;5.37;3903;1.00;3892;2.47;3675;True;3675.00;1.61;3675;0.44;3675;0.82;3527;True;3527.00;38.55;3534;1.93;3527;13.64;3358;True;3358.00;2.87;3362;0.76;3358;1.44
60;40;33;3890;True;3890.00;1.69;3890;0.33;3890;1.33;5708;True;5708.00;3.80;5708;0.49;5708;1.19;4320;True;4320.00;2.85;4332;0.35;4320;1.50;4037;True;4037.00;3.76;4039;0.43;4037;1.84;3745;True;3745.00;0.18;3745;0.18;3745;0.20;3659;True;3659.00;5.73;3665;0.80;3659;3.00
60;40;34;3724;True;3724.00;3.70;3738;1.42;3724;2.99;5243;True;5243.00;4.35;5245;1.06;5243;1.52;4013;True;4013.00;3.92;4013;1.27;4013;3.40;3780;True;3780.00;3.04;3780;1.22;3780;0.80;3556;True;3556.00;3.61;3575;1.50;3556;1.43;3437;True;3437.00;4.08;3437;1.58;3437;1.69
60;40;35;4166;True;4166.00;108.25;4170;0.85;4166;120.00;5816;True;5816.00;1.88;5816;0.36;5816;0.48;4355;True;4355.00;1.61;4355;0.29;4355;0.57;4132;True;4132.00;1.04;4136;0.40;4132;0.28;3909;True;3909.00;6.38;3909;0.54;3909;1.93;3756;True;3756.00;2.64;3758;0.50;3756;0.63
60;40;36;3910;True;3910.00;0.11;3910;0.11;3910;0.14;5749;True;5749.00;1.94;5749;0.57;5749;1.05;4236;True;4236.00;1.26;4237;0.23;4236;0.37;4021;True;4021.00;1.42;4021;0.46;4021;0.49;3797;True;3797.00;3.92;3797;0.71;3797;2.11;3676;True;3676.00;1.23;3681;0.68;3676;0.81
60;40;37;3968;True;3968.00;0.47;3968;0.25;3968;0.23;5694;True;5694.00;0.36;5694;0.20;5694;0.16;4230;True;4230.00;3.76;4240;0.72;4230;1.36;3987;True;3987.00;0.86;3987;0.59;3987;0.58;3835;True;3835.00;3.38;3835;0.58;3835;1.78;3684;True;3684.00;6.06;3684;0.46;3684;2.39
60;40;38;4040;True;4040.00;7.14;4040;0.95;4040;11.30;5496;True;5496.00;1.93;5500;0.24;5496;0.60;4333;True;4333.00;1.19;4333;0.28;4333;0.32;4089;True;4089.00;0.64;4089;0.25;4089;0.27;3892;True;3892.00;6.58;3892;0.41;3892;1.68;3740;True;3740.00;2.71;3740;0.45;3740;1.94
60;40;39;4012;True;4012.00;36.69;4022;2.55;4012;64.77;5490;True;5490.00;0.95;5490;0.41;5490;0.48;4220;True;4220.00;3.28;4227;0.88;4220;1.32;3965;True;3965.00;1.62;3978;1.06;3965;0.74;3787;True;3787.00;9.07;3805;2.13;3787;4.78;3637;True;3637.00;3.57;3637;1.26;3637;2.02
60;50;0;5125;True;5125.00;4.12;5125;0.76;5125;2.93;7200;True;7200.00;1.94;7201;0.37;7200;0.41;5164;True;5164.00;3.45;5166;0.58;5164;1.37;5010;True;5010.00;1.62;5010;0.55;5010;0.91;4859;True;4859.00;1.29;4866;0.54;4859;0.39;4668;True;4668.00;5.09;4668;1.74;4668;2.18
60;50;1;4860;True;4860.00;5.82;4865;1.68;4860;2.32;6841;True;6841.00;9.55;6842;1.46;6841;3.40;5155;True;5155.00;3.85;5155;1.76;5155;1.05;4903;True;4903.00;2.38;4903;1.16;4903;1.49;4653;True;4653.00;3.84;4678;1.79;4653;1.97;4458;True;4458.00;1.84;4458;1.13;4458;1.20
60;50;2;4593;True;4593.00;30.69;4601;2.89;4593;24.32;6475;True;6475.00;48.43;6479;2.05;6475;14.73;4777;True;4777.00;9.11;4789;1.65;4777;7.92;4536;True;4536.00;35.97;4549;1.78;4536;28.25;4403;True;4403.00;11.19;4424;4.28;4403;5.91;4211;True;4211.00;150.15;4220;6.07;4211;120.00
60;50;3;4700;True;4700.00;48.50;4700;3.21;4700;83.06;6774;True;6774.00;3.23;6796;1.72;6774;1.38;4944;True;4944.00;10.52;4944;1.08;4944;5.52;4724;True;4724.00;2.30;4724;0.76;4724;1.31;4561;True;4561.00;57.58;4571;2.79;4561;37.42;4336;True;4336.00;43.86;4350;7.34;4336;28.09
60;50;4;5638;True;5638.00;20.02;5640;1.21;5638;61.50;7984;True;7984.00;2.26;7986;0.85;7984;0.80;5814;True;5814.00;4.99;5823;0.90;5814;2.98;5552;True;5552.00;1.16;5552;0.42;5552;0.53;5344;True;5344.00;7.06;5352;1.01;5344;2.58;5055;True;5055.00;14.72;5066;1.44;5055;6.15
60;50;5;5172;True;5172.00;2.56;5172;0.91;5172;2.98;7052;True;7052.00;1.51;7052;0.97;7052;0.41;5418;True;5418.00;2.52;5418;0.91;5418;0.80;5137;True;5137.00;0.17;5137;0.19;5137;0.20;4962;True;4962.00;15.31;4968;1.62;4962;7.48;4739;True;4739.00;21.90;4741;1.67;4739;9.31
60;50;6;5562;True;5562.00;1.21;5562;0.97;5562;0.60;7818;True;7818.00;0.67;7818;0.43;7818;0.61;6114;True;6114.00;1.29;6114;0.55;6114;0.80;5728;True;5728.00;0.17;5728;0.19;5728;0.19;5342;True;5342.00;2.40;5342;1.04;5342;1.17;5236;True;5236.00;2.42;5245;1.03;5236;1.45
60;50;7;4940;True;4940.00;13.58;4945;1.79;4940;15.30;7011;True;7011.00;8.60;7014;1.41;7011;4.14;5304;True;5304.00;1.81;5314;0.57;5304;1.27;5005;True;5005.00;3.32;5005;1.64;5005;1.92;4697;True;4697.00;3.09;4697;0.53;4697;1.18;4562;True;4562.00;3.44;4562;0.57;4562;1.23
60;50;8;4683;True;4683.00;33.79;4683;1.77;4683;45.02;6488;True;6488.00;20.47;6489;2.22;6488;8.29;5033;True;5033.00;5.91;5037;0.62;5033;1.82;4706;True;4706.00;3.36;4710;1.32;4706;2.84;4464;True;4464.00;1.69;4476;1.19;4464;1.73;4338;True;4338.00;5.88;4349;2.35;4338;2.21
60;50;9;4928;True;4928.00;17.85;4939;2.66;4928;22.06;6950;True;6950.00;2.31;6950;1.01;6950;0.92;5161;True;5161.00;2.92;5161;0.54;5161;1.38;4919;True;4919.00;4.07;4919;0.51;4919;1.14;4731;True;4731.00;4.63;4733;0.56;4731;3.31;4524;True;4524.00;1.86;4532;0.83;4524;1.22
60;50;10;4613;True;4613.00;390.21;4622;2.68;4658;120.00;6344;True;6344.00;23.97;6350;1.58;6344;18.63;4741;True;4741.00;123.39;4753;4.46;4741;120.00;4527;True;4527.00;13.36;4543;2.11;4527;9.65;4375;True;4375.00;14.70;4398;2.58;4375;10.64;4174;True;4174.00;10.87;4186;3.40;4174;8.54
60;50;11;4606;True;4606.00;491.40;4614;9.21;4606;120.00;6398;True;6398.00;92.93;6398;3.13;6398;54.84;4895;True;4895.00;3.44;4895;1.20;4895;1.30;4629;True;4629.00;5.15;4636;1.65;4629;1.72;4391;True;4391.00;1.38;4391;1.51;4391;0.56;4205;True;4205.00;5.82;4210;2.99;4205;2.32
60;50;12;4917;True;4917.00;531.02;4917;2.14;4917;120.00;7219;True;7219.00;79.61;7227;5.23;7219;40.29;5115;True;5115.00;15.66;5122;1.99;5115;8.88;4840;True;4840.00;4.91;4845;0.93;4840;4.27;4664;True;4664.00;21.19;4668;3.39;4664;8.55;4415;True;4415.00;1.24;4418;0.87;4415;1.36
60;50;13;5122;True;5122.00;13.55;5122;1.60;5122;42.61;7187;True;7187.00;3.34;7187;0.48;7187;1.12;5615;True;5615.00;88.80;5652;2.15;5615;91.47;5295;True;5295.00;1.95;5335;1.59;5295;4.29;4973;True;4973.00;37.01;4984;1.75;4973;31.21;4811;True;4811.00;137.07;4814;1.54;4812;120.00
60;50;14;5115;True;5115.00;10.61;5117;1.38;5115;3.63;7287;True;7287.00;37.58;7287;0.75;7287;34.83;5744;True;5744.00;19.85;5748;1.40;5744;10.66;5358;True;5358.00;5.26;5364;0.83;5358;3.51;4909;True;4909.00;4.09;4913;1.29;4909;5.16;4804;True;4804.00;6.07;4806;1.59;4804;4.23
60;50;15;5326;True;5326.00;2076.69;5326;1.64;5326;120.00;7314;True;7314.00;57.32;7344;1.77;7314;32.67;5463;True;5463.00;1.42;5482;1.10;5463;0.44;5203;True;5203.00;1.18;5203;0.55;5203;0.50;5013;True;5013.00;33.46;5013;2.56;5013;16.85;4846;True;4846.00;21.61;4854;1.74;4846;14.69
60;50;16;4671;True;4671.00;46.30;4672;2.25;4671;34.26;6628;True;6628.00;2.48;6628;1.36;6628;1.38;4988;True;4988.00;4.48;4990;0.72;4988;1.81;4697;True;4697.00;5.21;4697;1.31;4697;2.93;4468;True;4468.00;25.12;4472;2.08;4468;8.57;4330;True;4330.00;25.25;4337;4.30;4330;25.90
60;50;17;5421;True;5421.00;3327.43;5453;1.44;5454;120.00;7850;True;7850.00;502.27;7876;1.46;7907;120.00;5888;True;5888.00;307.08;5908;1.27;5889;120.00;5546;True;5546.00;324.93;5562;1.17;5548;120.00;5273;True;5273.00;170.88;5296;1.03;5284;120.00;4991;True;4991.00;26.74;4991;0.76;4991;31.33
60;50;18;4776;True;4776.00;423.51;4784;2.28;4776;120.00;6636;True;6636.00;0.93;6638;0.54;6636;0.68;5135;True;5135.00;2.53;5135;1.07;5135;1.20;4775;True;4775.00;1.66;4786;0.99;4775;0.75;4578;True;4578.00;13.59;4594;2.34;4578;4.40;4410;True;4410.00;5.84;4417;1.34;4410;2.28
60;50;19;5219;True;5217.50;TL;5219;2.38;5219;120.00;7261;True;7261.00;19.13;7263;1.67;7261;6.56;5433;True;5433.00;3.27;5442;0.61;5433;1.19;5139;True;5139.00;4.85;5140;0.51;5139;1.40;5043;True;5043.00;14.07;5043;2.19;5043;10.28;4730;True;4730.00;1.07;4730;1.08;4730;0.87
60;50;20;4844;True;4844.00;18.47;4849;1.25;4844;40.39;6925;True;6925.00;2.90;6939;1.54;6925;1.88;5065;True;5065.00;1.59;5065;1.17;5065;0.82;4759;True;4759.00;0.27;4759;0.31;4759;0.70;4567;True;4567.00;2.48;4567;0.69;4567;0.99;4400;True;4400.00;3.57;4400;0.60;4400;3.56
60;50;21;5309;True;5309.00;16.57;5309;1.23;5309;74.32;7184;True;7184.00;13.71;7197;3.68;7184;7.75;5546;True;5546.00;0.23;5546;0.29;5546;0.26;5304;True;5304.00;9.32;5304;1.29;5304;4.44;5113;True;5113.00;6.51;5113;1.75;5113;4.33;4900;True;4900.00;21.00;4907;2.29;4900;15.39
60;50;22;4421;True;4421.00;47.57;4421;5.18;4421;120.00;6104;True;6104.00;5.98;6116;2.27;6104;4.35;4537;True;4537.00;3.43;4537;1.00;4537;1.15;4322;True;4322.00;2.53;4337;2.41;4322;1.56;4236;True;4236.00;4.79;4236;1.83;4236;1.97;4008;True;4008.00;2.16;4011;1.70;4008;1.47
60;50;23;4702;True;4702.00;11.52;4710;1.15;4702;6.28;6618;True;6618.00;16.15;6618;1.90;6618;4.50;4970;True;4970.00;13.36;4975;0.85;4970;4.95;4768;True;4768.00;2.59;4782;2.27;4768;1.47;4518;True;4518.00;10.84;4518;1.13;4518;4.42;4349;True;4349.00;15.44;4349;1.65;4349;5.87
60;50;24;4867;True;4867.00;3.35;4867;0.68;4867;1.20;7077;True;7077.00;10.36;7087;1.55;7077;3.15;5203;True;5203.00;5.03;5210;1.46;5203;2.99;4948;True;4948.00;4.05;4949;0.64;4948;1.64;4632;True;4632.00;0.30;4632;0.39;4632;0.57;4449;True;4449.00;0.93;4449;0.69;4449;1.07
60;50;25;5174;True;5174.00;8.95;5174;1.43;5174;48.76;7246;True;7246.00;13.74;7246;1.40;7246;4.91;5499;True;5499.00;29.08;5509;2.17;5499;18.93;5171;True;5171.00;10.52;5182;1.57;5171;10.07;4915;True;4915.00;9.68;4921;1.92;4915;16.04;4713;True;4713.00;43.42;4725;3.74;4713;35.17
60;50;26;4463;True;4463.00;57.47;4477;2.97;4463;63.84;6257;True;6257.00;5.54;6261;1.51;6257;2.64;4813;True;4813.00;8.60;4814;1.02;4813;3.70;4508;True;4508.00;3.19;4517;2.29;4508;1.35;4331;True;4331.00;16.46;4331;2.26;4331;6.29;4105;True;4105.00;6.28;4111;1.25;4105;2.48
60;50;27;4879;True;4879.00;68.94;4888;2.32;4879;87.37;6940;True;6940.00;7.97;6940;0.65;6940;2.10;5246;True;5246.00;1.72;5279;1.18;5246;2.36;4947;True;4947.00;34.57;4947;0.81;4947;24.76;4730;True;4730.00;3.05;4730;0.50;4730;1.97;4476;True;4476.00;7.13;4476;0.56;4476;3.50
60;50;28;4851;True;4851.00;101.06;4866;2.78;4851;120.00;6934;True;6934.00;4.99;6939;2.58;6934;1.40;5226;True;5226.00;4.99;5233;1.58;5226;1.49;4930;True;4930.00;37.59;4930;1.78;4930;28.28;4646;True;4646.00;12.76;4692;5.58;4646;7.05;4469;True;4469.00;76.80;4484;8.45;4469;104.77
60;50;29;4744;True;4744.00;3.22;4744;0.65;4744;2.40;6693;True;6693.00;2.96;6702;0.60;6693;0.94;4988;True;4988.00;1.28;5006;1.53;4988;0.80;4709;True;4709.00;0.21;4709;0.23;4709;0.36;4515;True;4515.00;5.80;4518;0.66;4515;3.93;4344;True;4344.00;4.79;4349;1.46;4344;2.52
60;50;30;5101;True;5101.00;5.81;5101;0.93;5101;5.78;7049;True;7049.00;6.32;7064;2.89;7049;7.12;5323;True;5323.00;5.87;5323;0.42;5323;1.41;5039;True;5039.00;22.57;5045;0.97;5039;10.30;4854;True;4854.00;6.68;4887;1.68;4854;3.26;4633;True;4633.00;15.86;4633;1.67;4633;4.72
60;50;31;5056;True;5056.00;11.50;5075;2.08;5056;6.40;7093;True;7093.00;35.82;7125;1.62;7093;16.45;5395;True;5395.00;3.89;5397;0.42;5395;1.36;5129;True;5129.00;1.61;5129;0.52;5129;0.38;4880;True;4880.00;27.50;4885;1.75;4880;18.72;4670;True;4670.00;3.46;4683;0.77;4670;2.82
60;50;32;5046;True;5046.00;64.13;5046;1.89;5046;120.00;7127;True;7127.00;10.80;7127;0.89;7127;5.17;5203;True;5203.00;6.18;5205;0.38;5203;1.86;4922;True;4922.00;0.63;4922;0.42;4922;0.25;4783;True;4783.00;11.40;4794;1.44;4783;3.75;4596;True;4596.00;3.78;4596;0.61;4596;0.91
60;50;33;4392;True;4392.00;51.44;4392;2.12;4392;120.00;6175;True;6175.00;12.23;6175;1.36;6175;3.61;4611;True;4611.00;8.39;4619;1.06;4611;4.10;4421;True;4421.00;20.21;4422;1.26;4421;10.50;4195;True;4195.00;23.70;4203;2.24;4195;13.21;4053;True;4053.00;38.01;4065;6.44;4053;22.12
60;50;34;5356;True;5356.00;3.12;5356;0.59;5356;1.88;7672;True;7672.00;7.34;7679;1.98;7672;2.23;5805;True;5805.00;1.95;5805;1.04;5805;1.13;5512;True;5512.00;5.18;5519;1.64;5512;1.46;5171;True;5171.00;2.02;5174;0.54;5171;0.87;4983;True;4983.00;11.15;4991;2.09;4983;4.81
60;50;35;4799;True;4799.00;5.05;4799;2.10;4799;1.73;6705;True;6705.00;0.90;6707;0.36;6705;0.35;5168;True;5168.00;9.56;5168;1.61;5168;4.76;4901;True;4901.00;1.54;4901;0.49;4901;0.52;4624;True;4624.00;7.51;4632;1.70;4624;2.42;4453;True;4453.00;3.79;4455;0.62;4453;3.01
60;50;36;4886;True;4886.00;17.31;4886;1.26;4886;11.81;6907;True;6907.00;16.85;6912;1.28;6907;13.33;5172;True;5172.00;23.22;5176;0.74;5172;12.12;4952;True;4952.00;26.88;4965;0.98;4952;27.11;4677;True;4677.00;0.21;4677;0.22;4677;0.30;4489;True;4489.00;20.00;4490;0.80;4489;17.49
60;50;37;4377;True;4377.00;91.24;4377;4.09;4377;120.00;6212;True;6212.00;2.13;6214;0.75;6212;0.91;4647;True;4647.00;1.77;4658;0.64;4647;1.13;4400;True;4400.00;2.40;4400;0.69;4400;0.73;4163;True;4163.00;15.33;4167;2.33;4163;12.84;4002;True;4002.00;2.84;4010;0.90;4002;2.24
60;50;38;4791;True;4791.00;82.25;4791;1.66;4791;120.00;6870;True;6870.00;2.13;6874;1.32;6870;0.82;5154;True;5154.00;2.66;5166;0.76;5154;1.22;4844;True;4844.00;5.09;4860;1.38;4844;1.67;4589;True;4589.00;0.26;4589;0.27;4589;0.35;4398;True;4398.00;5.25;4410;2.42;4398;4.30
60;50;39;5220;True;5220.00;29.11;5228;1.58;5220;93.07;7471;True;7471.00;5.01;7477;1.17;7471;1.57;5407;True;5407.00;0.44;5407;0.24;5407;0.22;5107;True;5107.00;2.40;5107;0.42;5107;0.74;5012;True;5012.00;5.17;5014;0.52;5012;1.44;4737;True;4737.00;2.67;4737;0.71;4737;0.92
60;60;0;6099;True;6099.00;6.37;6118;2.25;6099;10.31;8786;True;8786.00;2.30;8814;2.35;8786;0.75;6376;True;6376.00;11.22;6376;0.93;6376;4.76;6093;True;6093.00;19.60;6093;0.81;6093;9.94;5804;True;5804.00;29.37;5804;3.63;5804;15.76;5508;True;5508.00;3.84;5521;2.64;5508;1.80
60;60;1;6013;True;6013.00;21.06;6023;2.96;6013;29.96;8283;True;8283.00;10.76;8283;2.04;8283;2.51;6387;True;6387.00;12.17;6395;3.13;6387;6.67;6003;True;6003.00;3.50;6003;0.82;6003;2.80;5737;True;5737.00;37.14;5742;3.78;5737;15.98;5529;True;5529.00;20.91;5541;5.22;5529;12.01
60;60;2;5706;True;5706.00;12.56;5706;1.72;5706;8.96;8126;True;8126.00;87.10;8128;3.53;8126;72.99;6004;True;6004.00;14.65;6006;1.37;6004;4.95;5773;True;5773.00;9.67;5787;1.88;5773;10.78;5418;True;5418.00;12.85;5425;2.27;5418;4.44;5257;True;5257.00;13.69;5262;2.51;5257;6.20
60;60;3;5699;True;5699.00;13.45;5703;4.44;5699;9.67;8243;True;8243.00;27.35;8243;2.39;8243;10.60;6285;True;6285.00;49.75;6300;3.42;6285;28.21;5884;True;5884.00;15.79;5903;4.24;5884;7.39;5566;True;5566.00;25.60;5582;6.74;5566;18.32;5322;True;5322.00;31.28;5338;9.55;5322;16.65
60;60;4;5920;True;5920.00;6.68;5922;1.79;5920;3.92;8665;True;8665.00;17.39;8671;0.91;8665;10.01;6403;True;6403.00;5.71;6421;4.51;6403;1.90;6086;True;6086.00;11.73;6088;1.94;6086;8.28;5742;True;5742.00;10.47;5744;2.04;5742;2.31;5566;True;5566.00;10.88;5574;3.84;5566;5.60
60;60;5;5615;True;5613.89;TL;5619;4.63;5617;120.00;7710;True;7710.00;5.65;7723;2.99;7710;2.14;5769;True;5769.00;4.40;5776;0.77;5769;2.31;5511;True;5511.00;4.96;5511;0.69;5511;1.25;5346;True;5346.00;34.00;5350;5.45;5346;14.80;5042;True;5042.00;11.32;5044;2.40;5042;5.45
60;60;6;5333;True;5333.00;39.79;5333;4.45;5333;120.00;7663;True;7663.00;173.36;7684;20.74;7675;120.00;5845;True;5845.00;2.79;5895;20.09;5845;0.90;5484;True;5484.00;34.44;5484;3.21;5484;9.50;5177;True;5177.00;29.48;5190;4.61;5177;25.86;4998;True;4998.00;34.49;5005;4.72;4998;28.45
60;60;7;5070;True;5070.00;98.82;5072;5.29;5070;120.00;7204;True;7204.00;37.40;7223;4.38;7204;20.09;5483;True;5483.00;8.22;5495;1.03;5483;2.84;5167;True;5167.00;11.79;5170;2.55;5167;4.97;4841;True;4841.00;15.24;4847;3.35;4841;9.76;4682;True;4682.00;11.73;4687;2.56;4682;7.24
60;60;8;5874;True;5874.00;16.07;5883;2.11;5874;24.04;8270;True;8270.00;7.37;8288;1.92;8270;2.32;6258;True;6258.00;3.09;6263;0.45;6258;0.85;5874;True;5874.00;4.95;5874;2.59;5874;2.57;5568;True;5568.00;10.25;5568;0.70;5568;2.15;5375;True;5375.00;15.07;5382;1.23;5375;7.31
60;60;9;5318;True;5318.00;115.92;5322;3.42;5318;120.00;7453;True;7453.00;92.96;7468;4.74;7453;94.97;5522;True;5522.00;660.80;5553;4.04;5530;120.00;5285;True;5285.00;476.77;5335;6.98;5286;120.00;5105;True;5105.00;10.91;5126;4.77;5105;2.57;4867;True;4867.00;135.21;4886;4.97;4898;120.00
60;60;10;5524;True;5524.00;1642.23;5524;6.68;5524;120.00;7951;True;7951.00;49.66;7964;6.70;7951;28.92;5868;True;5868.00;8.47;5868;0.69;5868;6.65;5535;True;5535.00;6.08;5545;1.30;5535;4.59;5322;True;5322.00;40.05;5322;1.15;5322;20.65;5079;True;5079.00;12.96;5083;1.79;5079;8.97
60;60;11;5802;True;5802.00;25.81;5802;2.98;5802;23.53;7917;True;7917.00;8.87;7923;0.79;7917;2.22;6165;True;6165.00;3.86;6186;2.41;6165;2.87;5811;True;5811.00;4.57;5822;1.45;5811;2.03;5629;True;5629.00;208.14;5637;9.21;5630;120.00;5365;True;5365.00;35.31;5374;4.07;5365;12.14
60;60;12;6083;True;6083.00;29.73;6095;3.56;6083;58.28;8635;True;8635.00;2.45;8642;0.68;8635;1.08;6263;True;6263.00;10.84;6269;1.89;6263;3.60;6015;True;6015.00;5.99;6034;3.03;6015;3.15;5799;True;5799.00;3.07;5799;2.53;5799;1.40;5518;True;5518.00;1.15;5518;0.65;5518;1.76
60;60;13;5948;True;5948.00;12.68;5959;2.47;5948;9.80;8175;True;8175.00;46.89;8182;3.57;8175;25.23;6257;True;6257.00;2.06;6265;0.93;6257;0.68;5946;True;5946.00;15.91;5949;1.29;5946;7.02;5687;True;5687.00;56.76;5687;2.45;5687;12.34;5356;True;5356.00;6.19;5362;2.23;5356;2.40
60;60;14;5947;True;5947.00;67.60;5957;7.37;5947;120.00;8266;True;8266.00;54.99;8275;6.31;8266;44.20;6445;True;6445.00;15.46;6460;1.74;6445;7.02;6037;True;6037.00;14.61;6043;1.39;6037;11.72;5666;True;5666.00;17.26;5674;3.07;5666;15.30;5503;True;5503.00;11.07;5507;1.86;5503;9.11
60;60;15;5317;True;5317.00;2202.85;5320;119.48;5320;120.00;7345;True;7345.00;2.45;7345;2.13;7345;0.95;5655;True;5655.00;54.97;5665;7.57;5655;120.00;5333;True;5333.00;10.20;5333;2.75;5333;3.04;5116;True;5116.00;689.38;5123;101.36;5125;120.00;4925;True;4925.00;85.87;4931;8.19;4925;65.96
60;60;16;5469;True;5469.00;28.61;5473;7.55;5469;80.13;7562;True;7562.00;36.75;7567;4.49;7562;12.46;5721;True;5721.00;37.39;5727;2.40;5721;24.42;5443;True;5443.00;2.28;5443;0.99;5443;0.98;5214;True;5214.00;21.14;5214;4.68;5214;11.20;5061;True;5061.00;242.96;5069;20.54;5063;120.00
60;60;17;5993;True;5993.00;261.04;5998;10.77;5993;120.00;8283;True;8283.00;45.03;8298;4.15;8283;23.44;6222;True;6222.00;24.25;6222;1.90;6222;26.00;5914;True;5914.00;9.69;5937;4.25;5914;5.55;5758;True;5758.00;44.82;5758;2.78;5758;32.51;5491;True;5491.00;115.57;5505;6.78;5491;86.55
60;60;18;6414;False;6400.23;TL;6416;1.90;6453;120.00;8680;True;8680.00;460.19;8716;2.64;8698;120.00;6665;True;6665.00;818.80;6679;2.07;6668;120.00;6380;True;6380.00;3143.00;6395;2.51;6394;120.00;6031;True;6031.00;3142.70;6056;2.42;6067;120.00;5828;True;5828.00;225.37;5828;1.53;5874;120.00
60;60;19;5803;True;5803.00;175.35;5812;6.28;5803;120.00;8021;True;8021.00;8.85;8021;2.31;8021;4.36;6006;True;6006.00;4.00;6006;1.70;6006;1.92;5678;True;5678.00;11.53;5689;2.92;5678;4.78;5551;True;5551.00;431.48;5576;9.27;5561;120.00;5230;True;5230.00;3.48;5248;3.38;5230;2.39
60;60;20;5683;False;5676.69;TL;5685;3.87;5685;120.00;7749;True;7749.00;49.73;7755;5.01;7749;40.86;5792;True;5792.00;5.46;5813;3.26;5792;2.27;5529;True;5529.00;4.26;5536;1.53;5529;1.98;5395;True;5395.00;71.93;5405;13.09;5395;27.07;5142;True;5142.00;40.65;5142;3.55;5142;26.12
60;60;21;6107;True;6107.00;28.54;6107;2.63;6107;72.19;8718;True;8718.00;15.78;8720;0.90;8718;5.41;6481;True;6481.00;13.30;6496;2.03;6481;2.85;6169;True;6169.00;8.05;6169;2.35;6169;4.43;5848;True;5848.00;39.52;5848;3.67;5848;17.93;5622;True;5622.00;14.68;5632;5.10;5622;7.93
60;60;22;5612;True;5612.00;39.48;5621;6.62;5612;41.54;7893;True;7893.00;41.33;7898;2.31;7893;23.25;5938;True;5938.00;4.57;5982;11.66;5938;2.86;5693;True;5693.00;33.75;5693;5.49;5693;21.29;5405;True;5405.00;20.30;5405;2.45;5405;8.01;5210;True;5210.00;44.25;5225;26.95;5210;34.53
60;60;23;6002;True;6002.00;43.69;6015;2.78;6002;80.65;8255;True;8255.00;8.01;8255;0.65;8255;3.01;6396;True;6396.00;1.50;6396;0.40;6396;0.75;5993;True;5993.00;26.76;6006;3.95;5993;12.97;5769;True;5769.00;27.10;5770;1.94;5769;9.17;5484;True;5484.00;21.14;5488;1.52;5484;14.14
60;60;24;5008;True;5008.00;16.94;5008;2.77;5008;8.34;7044;True;7044.00;9.69;7044;1.29;7044;5.02;5278;True;5278.00;22.46;5279;3.12;5278;21.08;5005;True;5005.00;19.69;5006;2.45;5005;15.77;4817;True;4817.00;9.05;4826;1.69;4817;3.10;4668;True;4668.00;37.21;4671;3.83;4668;30.08
60;60;25;5869;True;5869.00;266.75;5869;3.02;5869;120.00;8371;True;8371.00;35.88;8371;1.06;8371;17.19;6144;True;6144.00;52.53;6167;2.08;6144;40.54;5851;True;5851.00;310.77;5868;3.84;5851;120.00;5591;True;5591.00;352.32;5599;4.69;5610;120.00;5396;True;5396.00;22.12;5404;2.91;5396;15.09
60;60;26;5544;True;5544.00;6.60;5554;3.86;5544;7.82;7715;True;7715.00;4.76;7715;1.95;7715;4.45;5862;True;5862.00;10.44;5868;3.32;5862;3.41;5550;True;5550.00;28.38;5560;5.85;5550;12.07;5361;True;5361.00;21.93;5375;4.09;5361;16.30;5113;True;5113.00;2.67;5113;2.43;5113;2.39
60;60;27;5947;False;5939.07;TL;5956;2.90;5947;120.00;8344;True;8344.00;13.41;8355;2.42;8344;6.62;6384;True;6384.00;199.37;6390;4.23;6384;120.00;6015;True;6015.00;462.38;6015;3.51;6015;120.00;5733;True;5733.00;404.36;5733;3.83;5733;120.00;5460;True;5460.00;74.52;5460;4.49;5460;47.55
60;60;28;7076;True;7076.00;3.16;7076;0.67;7076;3.97;9821;True;9821.00;7.56;9821;1.32;9821;2.57;7404;True;7404.00;6.26;7420;1.49;7404;3.80;7078;True;7078.00;6.91;7079;1.37;7078;2.35;6756;True;6756.00;1.19;6756;0.38;6756;0.60;6503;True;6503.00;18.79;6507;1.74;6503;7.17
60;60;29;6476;True;6476.00;5.69;6476;1.38;6476;43.36;9081;True;9081.00;4.00;9096;3.23;9081;5.00;6742;True;6742.00;2.54;6742;0.43;6742;1.51;6481;True;6481.00;2.00;6481;0.36;6481;0.40;6157;True;6157.00;17.95;6164;1.14;6157;13.05;5875;True;5875.00;40.89;5878;1.82;5875;29.60
60;60;30;5637;True;5637.00;388.83;5637;7.47;5638;120.00;7886;True;7886.00;116.46;7929;4.00;7886;55.01;6025;True;6025.00;37.43;6028;4.26;6025;18.86;5646;True;5646.00;31.74;5654;4.55;5646;14.24;5250;True;5250.00;14.69;5263;4.84;5250;4.71;5136;True;5136.00;65.47;5151;11.44;5136;44.48
60;60;31;5554;True;5554.00;122.03;5554;2.57;5554;120.00;7776;True;7776.00;14.69;7778;3.14;7776;6.47;5726;True;5726.00;14.59;5726;2.18;5726;8.22;5426;True;5426.00;1.98;5426;0.69;5426;0.80;5282;True;5282.00;19.87;5294;3.00;5282;7.37;5022;True;5022.00;1.79;5029;1.18;5022;0.95
60;60;32;5616;True;5616.00;170.85;5616;6.66;5623;120.00;7817;True;7817.00;10.73;7821;1.44;7817;5.95;5982;True;5982.00;29.05;5983;2.01;5982;11.96;5667;True;5667.00;16.99;5687;4.02;5667;8.21;5368;True;5368.00;18.12;5381;2.50;5368;10.20;5174;True;5174.00;56.65;5182;3.71;5174;33.52
60;60;33;5164;True;5164.00;0.33;5164;0.33;5164;0.38;7399;True;7399.00;37.95;7408;4.92;7399;21.65;5715;True;5715.00;75.61;5722;3.25;5715;106.78;5409;True;5409.00;31.95;5411;2.62;5409;8.25;5094;True;5094.00;115.74;5100;14.21;5094;120.00;4962;True;4962.00;280.35;4972;4.73;4971;120.00
60;60;34;5790;True;5790.00;156.57;5793;2.76;5790;120.00;8024;True;8024.00;73.03;8038;2.35;8024;72.28;6064;True;6064.00;260.10;6064;3.66;6064;120.00;5777;True;5777.00;28.20;5777;2.21;5777;26.07;5506;True;5506.00;31.89;5537;4.86;5506;42.91;5261;True;5261.00;126.74;5267;4.97;5261;120.00
60;60;35;6096;True;6096.00;13.15;6096;1.71;6096;31.57;8466;True;8466.00;14.45;8481;3.36;8466;3.86;6432;True;6432.00;13.78;6436;0.88;6432;6.44;6107;True;6107.00;16.81;6111;1.72;6107;10.25;5778;True;5778.00;0.31;5778;0.28;5778;0.33;5556;True;5556.00;9.87;5558;2.05;5556;3.53
60;60;36;5060;True;5060.00;37.79;5083;12.61;5060;37.09;7093;True;7093.00;27.05;7094;1.15;7093;17.28;5374;True;5374.00;13.36;5374;2.53;5374;10.11;5089;True;5089.00;9.65;5089;2.52;5089;5.64;4924;True;4924.00;49.31;4928;3.76;4924;29.76;4640;True;4640.00;28.51;4653;3.76;4640;24.42
60;60;37;5386;True;5386.00;107.86;5386;9.64;5427;120.00;7457;True;7457.00;22.21;7476;3.89;7457;9.11;5719;True;5719.00;95.62;5723;4.08;5719;38.30;5373;True;5373.00;32.83;5385;8.33;5373;15.33;5118;True;5118.00;13.70;5131;5.23;5118;6.00;4911;True;4911.00;13.25;4911;3.86;4911;8.53
60;60;38;5728;True;5728.00;4.65;5728;2.03;5728;2.47;8147;True;8147.00;14.16;8147;1.00;8147;4.33;6249;True;6249.00;16.97;6251;1.18;6249;4.89;5802;True;5802.00;11.00;5811;6.33;5802;5.35;5482;True;5482.00;2.97;5495;1.11;5482;1.01;5263;True;5263.00;8.77;5268;2.78;5263;2.36
60;60;39;5946;True;5946.00;87.29;5946;2.79;5946;78.12;8337;True;8337.00;35.32;8359;7.38;8337;49.38;6095;True;6095.00;8.74;6095;0.74;6095;2.72;5830;True;5830.00;28.66;5836;1.75;5830;15.81;5597;True;5597.00;192.84;5600;5.26;5600;120.00;5333;True;5333.00;362.31;5333;2.57;5333;120.00
60;70;0;6018;True;6018.00;65.48;6018;6.23;6018;120.00;8360;True;8360.00;91.44;8381;22.99;8360;49.01;6432;True;6432.00;43.41;6449;5.86;6432;26.42;6081;True;6081.00;14.16;6095;4.16;6081;4.43;5709;True;5709.00;98.30;5715;22.87;5726;120.00;5554;True;5554.00;505.07;5563;8.72;5574;120.00
60;70;1;6577;True;6577.00;876.19;6577;8.00;6577;120.00;9457;True;9457.00;244.32;9471;10.65;9457;117.22;7022;True;7022.00;3.61;7022;2.27;7022;2.61;6628;True;6628.00;9.67;6643;4.99;6628;4.68;6262;True;6262.00;52.36;6270;6.34;6262;29.23;6066;True;6066.00;8.21;6066;3.53;6066;5.20
60;70;2;6836;True;6836.00;73.15;6843;12.41;6836;120.00;9676;True;9676.00;15.02;9696;8.24;9676;8.34;7348;True;7348.00;30.41;7357;3.26;7348;21.73;6893;True;6893.00;78.32;6912;7.53;6893;102.90;6641;True;6641.00;14.84;6641;4.83;6641;7.22;6360;True;6360.00;99.22;6364;10.86;6360;117.75
60;70;3;6231;True;6231.00;288.48;6231;5.40;6231;120.00;8812;True;8812.00;36.06;8831;5.68;8812;19.77;6496;True;6496.00;9.27;6516;2.52;6496;3.86;6221;True;6221.00;19.05;6234;4.43;6221;12.22;5918;True;5918.00;26.76;5934;7.72;5918;17.00;5736;True;5736.00;42.44;5742;6.31;5736;38.39
60;70;4;7051;True;7051.00;88.67;7063;5.27;7051;116.60;9743;True;9743.00;44.01;9743;2.69;9743;11.23;7483;True;7483.00;12.26;7484;1.03;7483;4.89;7079;True;7079.00;2.09;7079;0.75;7079;1.19;6736;True;6736.00;42.90;6741;5.16;6736;31.39;6458;True;6458.00;12.76;6462;3.11;6458;7.52
60;70;5;6185;True;6185.00;452.95;6199;40.44;6194;120.00;8580;True;8580.00;29.28;8594;4.31;8580;13.44;6584;True;6584.00;12.57;6591;4.39;6584;3.46;6272;True;6272.00;69.65;6280;5.00;6272;24.77;5924;True;5924.00;187.79;5926;4.61;5924;120.00;5685;True;5685.00;45.08;5698;10.04;5685;39.28
60;70;6;7183;True;7183.00;9.38;7191;1.74;7183;50.01;10000;True;10000.00;16.27;10002;3.19;10000;9.71;7710;True;7710.00;5.68;7710;1.94;7710;3.80;7218;True;7218.00;8.69;7235;2.53;7218;4.88;6898;True;6898.00;6.97;6908;3.29;6898;2.16;6642;True;6642.00;13.31;6652;4.14;6642;5.49
60;70;7;7252;True;7252.00;27.88;7260;2.73;7252;50.86;10272;True;10272.00;20.07;10272;2.43;10272;9.95;7682;True;7682.00;11.70;7695;3.61;7682;6.74;7286;True;7286.00;4.67;7301;3.58;7286;1.93;6936;True;6936.00;35.91;6936;3.02;6936;20.43;6593;True;6593.00;16.12;6599;2.11;6593;5.71
60;70;8;6325;False;6322.26;TL;6325;7.32;6325;120.00;9040;True;9040.00;16.07;9043;5.60;9040;8.00;6694;True;6694.00;15.15;6704;4.01;6694;11.03;6417;True;6417.00;23.52;6418;3.81;6417;19.73;6084;True;6084.00;59.97;6096;13.18;6084;43.66;5816;True;5816.00;26.60;5816;4.20;5816;13.05
60;70;9;7028;False;7023.67;TL;7030;8.64;7039;120.00;9688;True;9688.00;86.93;9704;6.67;9688;54.37;7232;True;7232.00;22.85;7240;2.85;7232;14.31;6914;True;6914.00;152.85;6931;5.58;6914;89.36;6671;True;6671.00;210.48;6683;17.48;6671;120.00;6324;True;6324.00;102.59;6343;11.84;6324;65.85
60;70;10;6826;True;6826.00;25.09;6826;6.27;6826;91.47;9765;True;9765.00;23.70;9771;4.77;9765;6.35;7391;True;7391.00;12.13;7391;4.80;7391;6.90;6973;True;6973.00;18.91;6973;4.19;6973;9.80;6546;True;6546.00;71.19;6556;15.23;6546;52.46;6370;True;6370.00;25.12;6379;13.03;6370;20.34
60;70;11;7458;True;7458.00;35.95;7458;2.90;7458;120.00;10480;True;10480.00;6.14;10507;6.27;10480;4.54;7932;True;7932.00;16.15;7942;3.19;7932;17.03;7564;True;7564.00;8.61;7564;2.38;7564;10.23;7093;True;7093.00;0.48;7093;0.48;7093;1.24;6868;True;6868.00;24.99;6868;5.99;6868;11.17
60;70;12;7045;True;7045.00;5.92;7066;4.26;7045;3.06;10019;True;10019.00;7.36;10048;4.78;10019;2.54;7586;True;7586.00;54.20;7586;3.79;7586;25.88;7150;True;7150.00;15.77;7150;2.08;7150;6.19;6778;True;6778.00;57.35;6778;5.03;6778;26.25;6502;True;6502.00;26.45;6508;2.42;6502;17.22
60;70;13;6473;True;6473.00;51.62;6477;5.50;6473;90.11;9185;True;9185.00;124.30;9202;4.68;9187;120.00;6929;True;6929.00;34.19;6930;2.25;6929;17.33;6543;True;6543.00;27.37;6549;3.17;6543;9.93;6252;True;6252.00;1248.07;6264;11.12;6269;120.00;5945;True;5945.00;43.81;5962;6.40;5945;35.73
60;70;14;6262;True;6262.00;1175.52;6279;13.23;6274;120.00;8965;True;8965.00;30.47;8965;3.07;8965;12.57;6721;True;6721.00;87.71;6728;7.76;6721;97.61;6389;True;6389.00;74.91;6394;14.59;6389;70.01;5995;True;5995.00;39.09;6004;10.57;5995;23.38;5797;True;5797.00;18.21;5797;4.01;5797;18.29
60;70;15;6506;True;6506.00;429.38;6506;7.55;6506;120.00;9276;True;9276.00;67.80;9278;6.65;9276;61.00;7007;True;7007.00;166.59;7019;2.40;7022;120.00;6671;True;6671.00;403.42;6671;4.00;6671;120.00;6290;True;6290.00;747.43;6301;12.12;6296;120.00;6098;True;6098.00;60.56;6105;7.10;6098;86.19
60;70;16;6795;True;6795.00;63.16;6795;4.09;6795;120.00;9706;True;9706.00;19.15;9706;2.83;9706;15.48;7028;True;7028.00;5.12;7045;2.53;7028;2.68;6759;True;6759.00;10.80;6762;1.57;6759;3.11;6492;True;6492.00;26.58;6492;4.84;6492;10.02;6196;True;6196.00;76.03;6196;10.80;6196;74.63
60;70;17;6623;True;6623.00;127.48;6629;6.12;6623;120.00;9233;True;9233.00;446.64;9248;16.73;9233;120.00;7009;True;7009.00;9.90;7014;2.53;7009;6.60;6660;True;6660.00;35.59;6660;3.43;6660;20.32;6380;True;6380.00;39.93;6390;11.76;6380;46.70;6120;True;6120.00;66.52;6126;6.11;6120;120.00
60;70;18;6687;True;6687.00;32.82;6687;4.64;6687;88.05;9189;True;9189.00;34.50;9197;3.01;9189;16.91;6993;True;6993.00;19.23;6997;1.63;6993;9.07;6693;True;6693.00;16.42;6705;2.65;6693;4.01;6390;True;6390.00;28.60;6390;3.49;6390;20.44;6074;True;6074.00;18.04;6079;2.92;6074;10.12
60;70;19;7154;True;7154.00;2.57;7160;1.08;7154;1.36;10109;True;10109.00;73.67;10124;5.69;10109;23.36;7678;True;7678.00;29.49;7684;4.31;7678;15.52;7286;True;7286.00;11.27;7292;2.95;7286;3.00;6859;True;6859.00;59.32;6859;3.98;6859;24.58;6658;True;6658.00;74.93;6665;9.73;6658;58.51
60;70;20;6205;True;6205.00;546.91;6205;38.00;6205;120.00;8677;True;8677.00;186.60;8690;38.16;8693;120.00;6323;True;6323.00;94.79;6323;5.46;6323;89.80;6071;True;6071.00;40.62;6086;11.53;6071;24.19;5898;True;5898.00;390.37;5902;59.48;5902;120.00;5599;True;5599.00;5.88;5614;8.84;5599;2.74
60;70;21;6574;True;6574.00;66.50;6574;4.82;6574;120.00;9343;True;9343.00;165.66;9365;36.06;9350;120.00;7060;True;7060.00;20.33;7060;1.62;7060;8.02;6617;True;6617.00;11.36;6617;1.63;6617;3.22;6338;True;6338.00;0.74;6338;0.74;6338;0.96;6073;True;6073.00;87.30;6073;6.79;6073;31.74
60;70;22;6442;True;6442.00;101.80;6442;4.15;6442;120.00;9152;True;9152.00;12.76;9166;1.49;9152;6.11;7011;True;7011.00;23.85;7015;2.99;7011;14.32;6601;True;6601.00;12.87;6606;1.05;6601;2.89;6171;True;6171.00;8.32;6171;1.22;6171;1.86;6015;True;6015.00;57.75;6020;3.24;6015;44.36
60;70;23;6370;False;6356.04;TL;6379;17.73;6403;120.00;8768;True;8768.00;299.03;8774;8.03;8790;120.00;6708;True;6708.00;1031.82;6737;16.81;6786;120.00;6436;True;6436.00;1853.86;6460;16.56;6451;120.00;6114;True;6114.00;1048.14;6138;13.33;6117;120.00;5847;True;5847.00;197.40;5847;3.94;5847;120.00
60;70;24;6765;True;6765.00;167.06;6765;13.73;6765;120.00;9663;True;9663.00;42.60;9672;15.65;9663;27.50;7296;True;7296.00;10.11;7298;5.12;7296;6.07;6906;True;6906.00;65.05;6912;13.81;6906;34.19;6461;True;6461.00;49.51;6465;4.96;6461;39.61;6261;True;6261.00;151.07;6266;6.42;6261;120.00
60;70;25;6587;True;6587.00;149.22;6592;10.89;6587;120.00;9219;True;9219.00;61.03;9223;6.98;9219;50.83;6862;True;6862.00;28.53;6872;8.31;6862;21.59;6579;True;6579.00;23.10;6579;3.11;6579;22.01;6286;True;6286.00;70.17;6290;8.97;6286;46.00;6040;True;6040.00;4.29;6040;1.24;6040;1.29
60;70;26;6741;True;6741.00;331.40;6741;4.59;6741;120.00;9504;True;9504.00;34.96;9508;5.36;9504;11.21;6875;True;6875.00;76.72;6886;6.49;6875;76.97;6632;True;6632.00;25.20;6633;5.50;6632;22.15;6385;True;6385.00;83.98;6389;6.82;6392;120.00;6141;True;6141.00;57.64;6163;31.34;6141;55.44
60;70;27;6678;True;6678.00;144.23;6684;7.24;6684;120.00;9349;True;9349.00;85.85;9376;17.87;9349;107.08;6856;True;6856.00;1.53;6861;0.86;6856;1.48;6646;True;6646.00;11.93;6651;2.15;6646;5.02;6355;True;6355.00;141.91;6360;10.71;6356;120.00;6067;True;6067.00;41.40;6068;4.00;6067;27.78
60;70;28;6489;True;6489.00;1921.12;6490;10.28;6491;120.00;9393;True;9393.00;722.24;9407;32.93;9407;120.00;6999;True;6999.00;14.77;7000;6.16;6999;5.14;6547;True;6547.00;128.88;6555;34.06;6547;58.17;6283;True;6283.00;10.46;6306;16.05;6283;14.58;5971;True;5971.00;106.69;5988;15.33;5971;28.52
60;70;29;6679;True;6679.00;133.86;6686;4.50;6679;120.00;9445;True;9445.00;196.57;9450;20.37;9445;120.00;6869;True;6869.00;52.75;6872;3.49;6869;45.10;6569;True;6569.00;60.91;6572;3.50;6569;41.70;6378;True;6378.00;27.24;6398;19.81;6378;19.20;6039;True;6039.00;277.12;6047;20.54;6042;120.00
60;70;30;6882;True;6882.00;457.25;6892;11.06;6889;120.00;9824;True;9824.00;23.24;9827;3.32;9824;11.80;7296;True;7296.00;35.06;7307;11.47;7296;20.92;6896;True;6896.00;6.22;6909;2.96;6896;2.82;6597;True;6597.00;18.77;6607;5.31;6597;8.81;6278;True;6278.00;11.82;6283;4.22;6278;7.44
60;70;31;6557;True;6557.00;162.06;6560;16.62;6557;120.00;9050;True;9050.00;134.38;9088;14.69;9050;94.57;6799;True;6799.00;72.64;6801;4.11;6799;40.27;6417;True;6417.00;19.15;6417;2.84;6417;13.11;6180;True;6180.00;1532.58;6189;28.74;6209;120.00;5937;True;5937.00;91.15;5937;5.12;5937;70.14
60;70;32;6562;True;6562.00;184.91;6577;7.53;6562;120.00;9448;True;9448.00;272.73;9466;21.52;9448;120.00;7036;True;7036.00;10.76;7054;5.64;7036;10.69;6670;True;6670.00;25.86;6670;3.19;6670;8.04;6350;True;6350.00;119.80;6350;6.41;6350;59.13;6092;True;6092.00;86.81;6108;13.79;6092;79.71
60;70;33;6601;True;6601.00;60.03;6612;6.46;6612;120.00;9244;True;9244.00;17.60;9281;23.98;9244;6.91;7021;True;7021.00;38.62;7034;9.30;7021;30.23;6607;True;6607.00;96.26;6619;12.68;6607;33.66;6289;True;6289.00;2.57;6302;7.28;6289;2.03;6106;True;6106.00;276.06;6114;16.04;6107;120.00
60;70;34;7067;True;7064.42;TL;7067;4.78;7075;120.00;10014;True;10014.00;69.26;10030;7.13;10014;54.59;7408;True;7408.00;30.32;7415;5.68;7408;32.56;7070;True;7070.00;9.13;7070;2.65;7070;2.52;6802;True;6802.00;35.53;6813;5.57;6802;23.86;6521;True;6521.00;38.67;6536;7.05;6521;43.80
60;70;35;6179;True;6179.00;9.66;6179;4.77;6179;7.38;8632;True;8632.00;90.69;8651;14.16;8632;60.19;6546;True;6546.00;15.24;6555;5.94;6546;6.74;6237;True;6237.00;128.69;6246;6.60;6237;74.98;5992;True;5992.00;320.24;6003;48.54;5995;120.00;5735;True;5735.00;176.47;5741;9.82;5738;120.00
60;70;36;6296;False;6288.82;TL;6296;17.90;6296;120.00;8523;True;8523.00;27.15;8523;4.54;8523;28.38;6677;True;6677.00;855.87;6689;45.28;6683;120.00;6367;True;6367.00;129.82;6394;120.00;6367;112.92;6065;True;6065.00;141.47;6065;9.52;6065;39.48;5787;True;5787.00;43.42;5805;44.55;5787;44.18
60;70;37;6966;True;6966.00;122.04;6972;8.25;6978;120.00;9858;True;9858.00;18.05;9869;3.42;9858;6.17;7265;True;7265.00;26.33;7280;8.61;7265;37.81;6989;True;6989.00;64.44;6998;6.63;6989;30.63;6742;True;6742.00;228.05;6742;12.61;6742;120.00;6454;True;6454.00;164.94;6465;11.53;6455;120.00
60;70;38;6316;True;6314.49;TL;6320;13.28;6318;120.00;9013;True;9013.00;31.17;9025;6.47;9013;15.05;6663;True;6663.00;4.85;6663;1.54;6663;2.08;6324;True;6324.00;12.16;6324;2.21;6324;4.85;5974;True;5974.00;99.24;5989;30.58;5974;40.86;5782;True;5782.00;18.31;5798;8.65;5782;9.99
60;70;39;6867;True;6867.00;47.78;6868;10.07;6867;120.00;9696;True;9696.00;45.12;9700;3.54;9696;34.46;7520;True;7520.00;32.39;7528;9.49;7520;33.04;7078;True;7078.00;14.99;7091;6.13;7078;6.17;6581;True;6581.00;19.51;6590;7.90;6581;7.95;6421;True;6421.00;88.41;6422;8.24;6421;70.00
60;80;0;7674;False;7660.72;TL;7674;55.79;7683;120.00;10870;True;10870.00;161.43;10886;14.79;10870;93.04;8020;True;8020.00;48.82;8031;4.49;8020;48.99;7663;True;7663.00;17.67;7671;3.41;7663;6.32;7356;True;7356.00;296.61;7363;23.79;7356;120.00;7073;True;7073.00;27.13;7081;19.18;7073;10.51
60;80;1;7171;True;7171.00;868.09;7181;20.40;7182;120.00;10179;True;10179.00;44.32;10194;8.61;10179;46.81;7615;True;7615.00;112.61;7635;12.83;7615;96.08;7210;True;7210.00;21.11;7226;20.16;7210;24.36;6770;True;6770.00;105.99;6770;8.27;6770;92.44;6579;True;6579.00;891.25;6593;19.19;6604;120.00
60;80;2;7724;True;7724.00;150.19;7737;11.20;7737;120.00;10930;True;10930.00;6.84;10944;3.20;10930;2.66;8112;True;8112.00;42.52;8120;2.79;8112;20.17;7717;True;7717.00;43.13;7722;5.87;7717;16.38;7446;True;7446.00;57.69;7446;4.94;7446;38.39;7101;True;7101.00;230.77;7106;12.57;7101;120.00
60;80;3;7884;True;7884.00;36.92;7894;25.73;7884;77.48;10807;True;10807.00;101.24;10817;12.69;10807;57.56;8645;True;8645.00;40.92;8664;7.21;8645;26.84;8100;True;8100.00;122.09;8100;7.07;8100;114.08;7588;True;7588.00;221.55;7596;91.80;7592;120.00;7396;True;7396.00;690.10;7396;31.90;7405;120.00
60;80;4;7270;True;7270.00;243.71;7270;9.67;7270;120.00;10045;True;10045.00;1060.67;10064;62.25;10045;120.00;7533;False;7530.81;TL;7548;5.05;7535;120.00;7141;True;7141.00;88.07;7145;6.45;7149;120.00;6887;True;6887.00;1879.73;6914;44.58;6912;120.00;6594;True;6594.00;1398.13;6616;9.82;6601;120.00
60;80;5;6548;True;6548.00;682.98;6556;43.56;6548;120.00;9156;True;9156.00;61.96;9180;30.27;9156;95.55;6797;True;6797.00;38.92;6807;19.63;6797;17.37;6501;True;6501.00;86.68;6511;20.44;6503;120.00;6181;True;6181.00;11.28;6194;5.37;6181;11.71;5935;True;5935.00;25.20;5954;56.77;5935;15.44
60;80;6;8619;True;8619.00;635.79;8624;5.86;8624;120.00;11964;True;11964.00;12.23;11974;1.16;11964;4.01;9283;True;9283.00;34.53;9287;4.61;9283;28.51;8751;True;8751.00;8.54;8754;4.53;8751;4.41;8316;True;8316.00;18.17;8321;5.94;8316;6.62;8013;True;8013.00;41.68;8020;5.12;8013;60.39
60;80;7;7728;True;7728.00;251.67;7744;28.31;7735;120.00;10698;True;10698.00;809.85;10720;11.58;10745;120.00;8101;True;8101.00;292.61;8134;4.23;8116;120.00;7712;True;7712.00;70.60;7739;10.31;7712;86.03;7436;True;7436.00;571.17;7443;15.14;7441;120.00;7038;True;7038.00;102.29;7040;6.31;7039;120.00
60;80;8;7583;True;7583.00;513.95;7583;14.86;7586;120.00;10786;True;10786.00;28.01;10806;7.97;10786;18.01;7920;True;7920.00;71.26;7923;6.41;7920;50.81;7577;True;7577.00;116.32;7586;15.02;7577;100.87;7221;True;7221.00;20.02;7221;7.46;7221;14.80;6899;True;6899.00;21.14;6911;3.29;6899;16.19
60;80;9;7326;True;7326.00;16.67;7326;4.07;7326;9.83;10532;True;10532.00;109.18;10536;3.26;10532;60.79;7692;True;7692.00;26.15;7696;4.38;7692;9.08;7284;True;7284.00;20.09;7303;5.80;7284;10.15;7002;True;7002.00;34.79;7017;20.52;7002;20.31;6697;True;6697.00;132.77;6699;7.78;6697;120.00
60;80;10;6800;True;6800.00;194.83;6807;46.66;6800;120.00;9597;True;9597.00;52.29;9611;33.29;9597;110.11;7233;True;7233.00;137.95;7242;22.37;7245;120.00;6956;True;6956.00;60.18;6956;1.98;6956;41.59;6500;True;6500.00;30.96;6514;11.07;6500;13.25;6298;True;6298.00;55.49;6301;8.26;6298;26.11
60;80;11;7778;True;7778.00;59.66;7778;5.26;7778;120.00;11244;True;11244.00;353.65;11253;6.85;11248;120.00;8269;True;8269.00;21.66;8286;5.33;8269;7.58;7806;True;7806.00;91.93;7806;3.96;7806;38.36;7469;True;7469.00;256.98;7484;84.87;7483;120.00;7143;True;7143.00;97.19;7152;12.07;7143;79.82
60;80;12;7813;True;7811.80;TL;7827;7.25;7827;120.00;11361;False;11328.60;TL;11363;108.63;11387;120.00;8325;True;8325.00;7.27;8356;6.61;8325;14.57;8019;True;8019.00;370.75;8023;18.61;8019;120.00;7524;True;7524.00;313.93;7536;10.13;7536;120.00;7255;True;7255.00;915.34;7270;22.29;7292;120.00
60;80;13;7554;True;7554.00;93.16;7557;10.72;7554;120.00;10570;True;10570.00;97.80;10570;17.66;10570;71.34;8053;True;8053.00;90.31;8076;19.99;8053;64.47;7655;True;7655.00;207.30;7678;72.46;7655;120.00;7235;True;7235.00;131.27;7250;30.20;7235;108.45;6966;True;6966.00;43.60;6966;9.89;6966;36.05
60;80;14;8228;True;8228.00;685.75;8228;4.06;8228;120.00;11406;True;11406.00;7.79;11424;3.22;11406;11.22;8766;True;8766.00;238.94;8778;23.17;8766;120.00;8303;True;8303.00;53.62;8312;5.81;8303;42.14;7923;True;7923.00;57.44;7928;10.48;7923;28.10;7650;True;7650.00;425.31;7650;23.57;7654;120.00
60;80;15;6687;False;6683.08;TL;6687;19.11;6738;120.00;9387;True;9387.00;283.72;9408;55.04;9393;120.00;6923;True;6923.00;106.86;6927;4.37;6923;86.03;6617;True;6617.00;3240.97;6640;82.89;6638;120.00;6417;True;6417.00;387.91;6427;22.83;6419;120.00;6093;True;6093.00;428.29;6100;10.48;6102;120.00
60;80;16;8174;True;8174.00;68.53;8182;6.17;8174;120.00;11577;True;11577.00;169.80;11588;3.31;11577;120.00;8636;True;8636.00;91.74;8653;4.86;8636;118.67;8281;True;8281.00;29.18;8281;3.03;8281;11.44;7933;True;7933.00;55.78;7935;5.49;7933;36.95;7636;True;7636.00;151.07;7648;12.68;7636;92.51
60;80;17;7819;True;7819.00;7.27;7829;4.65;7819;6.67;10906;True;10906.00;32.91;10917;4.30;10906;16.53;8165;True;8165.00;10.50;8165;1.82;8165;4.27;7811;True;7811.00;59.87;7812;5.33;7811;42.23;7474;True;7474.00;15.38;7480;5.07;7474;6.60;7108;True;7108.00;11.18;7108;2.71;7108;11.79
60;80;18;7790;True;7790.00;5.69;7790;2.05;7790;3.03;10925;True;10925.00;34.36;10931;4.36;10925;41.38;8216;True;8216.00;9.94;8227;4.07;8216;4.58;7855;True;7855.00;22.59;7873;9.45;7855;10.35;7489;True;7489.00;94.27;7502;25.92;7489;72.70;7207;True;7207.00;98.34;7210;5.80;7207;109.29
60;80;19;8188;True;8188.00;703.85;8195;9.82;8188;120.00;11585;False;11560.80;TL;11592;9.26;11600;120.00;8669;True;8669.00;23.15;8690;8.74;8669;17.69;8248;True;8248.00;50.25;8263;3.44;8248;47.76;7813;True;7813.00;33.06;7815;7.96;7813;9.81;7530;True;7530.00;273.08;7548;41.50;7559;120.00
60;80;20;7343;False;7334.97;TL;7343;16.98;7343;120.00;10294;True;10294.00;109.76;10296;13.14;10296;120.00;7769;True;7769.00;84.20;7779;8.52;7769;69.09;7439;True;7439.00;24.58;7451;10.10;7439;5.76;6993;True;6993.00;52.16;6999;8.07;6993;16.58;6825;True;6825.00;148.33;6836;44.62;6825;120.00
60;80;21;6969;True;6967.77;TL;6969;13.16;6979;120.00;9799;True;9799.00;478.60;9818;96.08;9812;120.00;7279;True;7279.00;34.69;7285;9.55;7279;22.13;6981;True;6981.00;630.97;6989;36.48;6988;120.00;6670;True;6670.00;38.37;6688;47.25;6670;54.46;6426;True;6426.00;505.64;6439;57.47;6455;120.00
60;80;22;8119;True;8119.00;165.65;8122;8.86;8119;120.00;11694;True;11694.00;14.44;11696;5.11;11694;3.25;8631;True;8631.00;141.39;8636;9.62;8631;90.86;8293;True;8293.00;122.32;8303;27.98;8293;93.64;7848;True;7848.00;121.96;7857;20.53;7848;120.00;7502;True;7502.00;26.52;7515;18.27;7502;31.65
60;80;23;7260;True;7258.37;TL;7260;12.61;7261;120.00;10161;True;10161.00;20.62;10163;1.77;10161;8.81;7890;True;7890.00;298.88;7903;68.40;7890;120.00;7363;True;7363.00;259.17;7370;42.19;7370;120.00;6912;True;6912.00;164.64;6913;8.06;6912;120.00;6639;True;6639.00;434.10;6639;45.58;6639;120.00
60;80;24;7815;True;7815.00;17.67;7815;6.31;7815;25.08;10824;True;10824.00;52.50;10824;2.04;10824;44.42;8064;True;8064.00;17.94;8085;11.31;8064;21.13;7683;True;7683.00;43.87;7685;6.25;7683;40.12;7465;True;7465.00;137.06;7466;6.33;7465;79.41;7160;True;7160.00;75.99;7161;3.71;7160;44.36
60;80;25;7783;True;7783.00;9.78;7783;3.74;7783;3.44;10810;True;10810.00;285.47;10815;7.18;10810;120.00;8365;True;8365.00;41.93;8366;5.59;8365;20.72;7890;True;7890.00;10.88;7890;1.28;7890;2.64;7519;True;7519.00;2449.30;7527;38.60;7527;120.00;7267;True;7267.00;236.52;7289;120.00;7291;120.00
60;80;26;7229;False;7224.94;TL;7230;15.79;7230;120.00;10067;True;10067.00;96.04;10094;33.71;10067;120.00;7641;True;7641.00;154.26;7645;16.32;7644;120.00;7243;True;7243.00;250.99;7251;24.19;7249;120.00;6883;True;6883.00;22.54;6901;21.50;6883;9.83;6605;True;6605.00;181.89;6621;55.49;6606;120.00
60;80;27;7611;False;7603.27;TL;7618;59.25;7618;120.00;10777;True;10777.00;55.05;10798;9.74;10777;23.73;7968;True;7968.00;48.49;7988;13.09;7968;35.55;7622;True;7622.00;430.03;7624;14.45;7622;120.00;7154;True;7154.00;22.86;7166;6.43;7154;12.40;6986;True;6986.00;92.54;6994;10.87;6986;92.96
60;80;28;7432;True;7432.00;392.34;7435;7.48;7432;120.00;10631;True;10631.00;288.72;10637;14.64;10636;120.00;8051;True;8051.00;328.17;8070;11.50;8058;120.00;7584;True;7584.00;15.42;7598;4.61;7584;15.53;7207;True;7207.00;89.09;7221;60.72;7212;120.00;6895;True;6895.00;21.46;6898;8.61;6895;15.06
60;80;29;7541;False;7538.48;TL;7542;19.84;7541;120.00;10647;True;10647.00;19.12;10689;20.78;10647;27.21;7714;True;7714.00;19.26;7721;3.82;7714;14.33;7322;True;7322.00;30.67;7332;7.04;7322;34.84;7076;True;7076.00;11.76;7076;1.98;7076;6.97;6821;True;6821.00;86.09;6825;12.96;6821;68.35
60;80;30;7320;True;7320.00;159.99;7320;4.88;7320;120.00;10346;True;10346.00;88.26;10361;12.42;10346;56.54;7837;True;7837.00;75.31;7837;6.20;7837;36.29;7435;True;7435.00;21.18;7449;7.88;7435;16.31;7043;True;7043.00;82.49;7046;9.11;7043;41.89;6763;True;6763.00;99.40;6770;39.93;6763;120.00
60;80;31;7374;True;7370.67;TL;7374;10.35;7374;120.00;10346;False;10337.90;TL;10382;21.20;10389;120.00;7831;True;7831.00;256.53;7835;9.02;7831;120.00;7381;True;7381.00;78.07;7388;15.53;7388;120.00;7052;True;7052.00;97.47;7059;37.09;7052;110.90;6716;True;6716.00;24.38;6732;15.60;6716;33.12
60;80;32;7368;True;7368.00;465.44;7371;10.77;7368;120.00;10527;True;10527.00;85.18;10528;7.88;10527;51.20;8077;True;8077.00;15.20;8094;4.49;8077;9.07;7504;True;7504.00;94.97;7508;4.35;7504;54.54;7093;True;7093.00;24.27;7102;7.17;7093;7.66;6918;True;6918.00;40.63;6918;6.39;6918;33.19
60;80;33;7572;True;7572.00;2023.43;7576;13.67;7580;120.00;10421;True;10421.00;67.70;10434;7.06;10421;36.91;7890;True;7890.00;22.30;7890;1.34;7890;8.69;7579;True;7579.00;49.93;7586;2.12;7579;23.49;7250;True;7250.00;103.19;7267;25.33;7250;54.97;6942;True;6942.00;219.44;6942;24.29;6942;120.00
60;80;34;7215;True;7215.00;597.27;7215;17.44;7215;120.00;10047;True;10047.00;1991.95;10047;9.33;10132;120.00;7767;True;7767.00;2262.46;7807;22.91;7777;120.00;7241;True;7239.27;TL;7261;50.87;7257;120.00;6947;False;6944.28;TL;6959;68.31;6957;120.00;6680;True;6678.70;TL;6695;45.94;6842;120.00
60;80;35;7171;True;7171.00;324.26;7182;25.46;7178;120.00;10212;True;10212.00;66.34;10217;6.45;10212;42.31;7559;True;7559.00;128.54;7565;6.16;7562;120.00;7163;True;7163.00;17.89;7173;3.17;7163;5.97;6814;True;6814.00;24.68;6827;6.34;6814;7.76;6570;True;6570.00;142.36;6578;40.55;6570;120.00
60;80;36;7806;False;7779.91;TL;7806;120.00;7835;120.00;10970;True;10970.00;55.24;10988;8.59;10970;23.28;8353;True;8353.00;25.31;8361;8.48;8353;34.45;7815;True;7815.00;41.47;7815;5.47;7815;36.12;7467;True;7467.00;153.40;7480;108.68;7475;120.00;7138;True;7138.00;79.60;7152;42.91;7138;60.16
60;80;37;7877;True;7877.00;53.23;7886;5.79;7877;120.00;11141;True;11141.00;52.82;11141;16.69;11141;31.65;8366;True;8366.00;26.59;8388;8.25;8366;12.83;7851;True;7851.00;24.94;7857;2.28;7851;9.10;7569;True;7569.00;51.24;7576;15.57;7569;27.54;7226;True;7226.00;52.39;7235;15.95;7226;54.33
60;80;38;7052;False;7042.07;TL;7071;120.00;7069;120.00;9764;True;9764.00;266.18;9771;21.04;9764;120.00;7340;True;7340.00;151.82;7361;55.55;7340;92.99;6983;True;6983.00;667.08;6992;31.11;6984;120.00;6645;True;6645.00;497.95;6659;85.57;6653;120.00;6397;True;6397.00;106.06;6412;81.96;6397;97.81
60;80;39;6967;False;6956.29;TL;6967;19.54;6967;120.00;10003;True;10003.00;252.05;10011;15.48;10007;120.00;7479;True;7479.00;170.28;7491;36.99;7481;120.00;7082;True;7082.00;27.97;7095;19.81;7082;16.75;6679;True;6679.00;12.52;6693;8.36;6679;4.76;6490;True;6490.00;64.25;6501;13.57;6490;112.96
60;90;0;8802;False;8796.15;TL;8802;14.78;8802;120.00;12580;True;12580.00;73.83;12589;4.80;12580;42.24;9292;True;9292.00;93.08;9308;8.92;9297;120.00;8813;True;8813.00;30.60;8827;17.96;8813;16.69;8414;True;8414.00;1460.45;8421;12.09;8417;120.00;8119;True;8119.00;343.56;8119;11.68;8119;120.00
60;90;1;8675;False;8671.47;TL;8684;58.08;8684;120.00;12306;True;12306.00;58.46;12308;9.53;12306;31.84;9284;True;9284.00;329.00;9297;44.91;9287;120.00;8732;True;8732.00;27.37;8733;13.10;8732;44.83;8242;True;8242.00;147.89;8253;36.78;8249;120.00;7986;True;7986.00;28.14;7993;24.93;7986;31.96
60;90;2;8512;True;8512.00;242.62;8514;6.44;8512;120.00;12284;True;12284.00;168.23;12298;17.94;12291;120.00;9266;True;9266.00;23.37;9284;9.61;9266;12.56;8731;True;8731.00;342.91;8739;52.07;8739;120.00;8253;True;8253.00;147.83;8256;18.22;8256;120.00;8029;True;8029.00;221.39;8033;28.21;8029;120.00
60;90;3;8794;True;8794.00;24.51;8794;5.77;8794;38.64;12468;True;12468.00;194.83;12468;12.39;12468;120.00;9168;True;9168.00;53.61;9178;13.97;9168;85.36;8726;True;8726.00;29.60;8731;8.47;8726;11.84;8335;True;8335.00;279.93;8343;22.64;8335;120.00;8022;True;8022.00;40.32;8033;23.47;8022;33.32
60;90;4;7819;False;7810.33;TL;7819;92.42;7821;120.00;11219;True;11219.00;179.21;11243;112.74;11219;120.00;8280;True;8280.00;52.86;8290;8.38;8280;48.53;7803;True;7803.00;72.74;7804;6.32;7803;49.57;7359;True;7359.00;256.84;7378;120.00;7359;120.00;7135;True;7135.00;122.64;7145;30.18;7135;120.00
60;90;5;8701;False;8699.06;TL;8706;29.38;8704;120.00;12141;True;12141.00;37.65;12155;6.74;12141;37.34;9451;True;9451.00;129.60;9458;11.04;9451;120.00;8931;True;8931.00;55.34;8942;27.66;8931;39.41;8408;True;8408.00;430.36;8423;120.00;8410;120.00;8122;True;8122.00;345.23;8127;72.31;8125;120.00
60;90;6;8207;True;8207.00;1319.35;8217;61.47;8215;120.00;11521;True;11521.00;48.95;11536;16.60;11521;35.28;8801;True;8801.00;4.96;8816;8.08;8801;2.26;8340;True;8340.00;168.33;8340;44.53;8340;120.00;7842;True;7842.00;170.39;7850;45.55;7842;120.00;7582;True;7582.00;1399.78;7589;35.56;7584;120.00
60;90;7;8548;False;8545.09;TL;8557;58.95;8553;120.00;12003;True;12003.00;592.09;12035;70.49;12035;120.00;9036;True;9036.00;20.26;9048;12.34;9036;8.55;8501;True;8501.00;64.48;8514;19.46;8501;49.56;8138;False;8130.57;TL;8158;120.00;8155;120.00;7819;True;7819.00;362.06;7836;111.69;7837;120.00
60;90;8;8393;True;8393.00;1769.50;8394;24.07;8394;120.00;11813;True;11813.00;40.29;11830;80.26;11813;42.75;8829;True;8829.00;114.53;8836;14.24;8831;120.00;8413;True;8413.00;197.72;8415;8.39;8422;120.00;7952;True;7952.00;246.56;8042;120.00;7959;120.00;7669;True;7669.00;117.60;7684;22.92;7669;101.74
60;90;9;8352;True;8352.00;949.16;8352;10.31;8352;120.00;11398;True;11398.00;142.32;11398;5.82;11398;91.83;8844;True;8844.00;299.09;8853;12.80;8853;120.00;8422;True;8422.00;194.98;8433;30.93;8427;120.00;7944;True;7944.00;401.57;7959;55.71;7957;120.00;7639;True;7639.00;179.21;7646;11.08;7639;120.00
60;90;10;7546;True;7546.00;98.75;7546;14.69;7546;120.00;10633;True;10633.00;61.62;10657;53.51;10633;36.34;8138;True;8138.00;332.47;8139;31.82;8143;120.00;7744;True;7744.00;99.11;7781;120.00;7754;120.00;7323;True;7323.00;516.82;7400;120.00;7325;120.00;6992;True;6992.00;113.59;7002;34.73;6992;79.11
60;90;11;8297;True;8297.00;2147.50;8314;111.40;8297;120.00;11782;True;11782.00;348.96;11802;72.91;11786;120.00;8668;True;8668.00;50.14;8689;51.37;8668;35.62;8186;True;8186.00;188.52;8197;39.67;8195;120.00;7857;True;7857.00;367.13;7862;25.40;7857;120.00;7528;True;7528.00;295.78;7560;117.06;7541;120.00
60;90;12;7769;True;7769.00;830.16;7804;113.03;7769;120.00;11178;True;11178.00;428.38;11396;120.00;11186;120.00;8158;True;8158.00;533.71;8161;54.07;8158;120.00;7852;True;7852.00;58.62;7852;17.66;7852;54.83;7387;True;7387.00;138.21;7429;120.00;7387;120.00;7125;True;7125.00;910.95;7154;117.01;7127;120.00
60;90;13;8787;False;8783.95;TL;8787;11.02;8998;120.00;12342;True;12342.00;756.13;12345;10.65;12483;120.00;9510;False;9492.63;TL;9520;5.50;9541;120.00;9062;False;9040.71;TL;9062;44.81;9114;120.00;8510;False;8493.14;TL;8522;75.14;8572;120.00;8190;True;8190.00;673.32;8216;15.98;8279;120.00
60;90;14;8674;False;8626.64;TL;8674;12.12;8693;120.00;11789;True;11789.00;286.27;11809;31.76;11812;120.00;9245;True;9245.00;76.84;9250;5.11;9245;37.60;8720;True;8720.00;342.04;8732;15.16;8721;120.00;8231;True;8231.00;80.80;8233;30.73;8231;56.87;7976;True;7976.00;574.62;7982;80.23;7978;120.00
60;90;15;8400;False;8391.41;TL;8401;33.88;8423;120.00;11802;True;11802.00;296.57;11807;12.86;11806;120.00;8984;True;8984.00;1160.62;8996;78.29;8986;120.00;8453;True;8453.00;595.71;8470;81.77;8457;120.00;7967;True;7967.00;1690.34;7978;97.29;7973;120.00;7712;True;7712.00;425.03;7722;92.69;7716;120.00
60;90;16;8799;True;8799.00;921.56;8809;16.52;8799;120.00;12280;True;12280.00;1747.17;12316;56.00;12406;120.00;9589;False;9561.42;TL;9589;4.38;9637;120.00;8988;False;8955.55;TL;8988;5.84;9084;120.00;8389;False;8382.55;TL;8395;17.38;8555;120.00;8155;False;8137.24;TL;8155;79.54;8330;120.00
60;90;17;8404;True;8404.00;173.71;8404;21.14;8413;120.00;11879;True;11879.00;98.94;11879;6.00;11879;80.04;9000;True;9000.00;195.99;9006;15.42;9000;120.00;8510;True;8510.00;170.18;8515;6.49;8510;120.00;7970;True;7970.00;374.63;7973;21.75;7972;120.00;7730;True;7730.00;405.16;7731;16.47;7730;120.00
60;90;18;8882;False;8869.24;TL;8884;16.26;8897;120.00;12581;False;12578.70;TL;12623;98.62;12676;120.00;9712;True;9712.00;709.84;9720;34.14;9712;120.00;9146;True;9146.00;1553.16;9152;22.42;9175;120.00;8624;True;8624.00;921.05;8645;66.82;8672;120.00;8303;True;8303.00;383.36;8326;41.72;8378;120.00
60;90;19;8251;False;8236.95;TL;8251;14.09;8251;120.00;11899;True;11899.00;386.27;11914;50.31;11899;120.00;8636;True;8636.00;250.86;8647;10.62;8636;120.00;8198;True;8198.00;344.54;8209;23.23;8198;120.00;7850;True;7850.00;144.01;7853;12.06;7850;120.00;7546;True;7546.00;281.93;7548;41.78;7547;120.00
60;90;20;8151;False;8133.41;TL;8156;59.64;8151;120.00;11327;True;11327.00;102.16;11353;19.11;11327;99.99;8411;True;8411.00;79.48;8414;10.16;8411;61.73;7938;True;7938.00;67.70;7942;13.14;7938;26.74;7717;True;7717.00;330.19;7717;14.36;7717;120.00;7368;True;7368.00;113.46;7375;27.21;7368;100.67
60;90;21;8593;True;8593.00;26.37;8607;17.36;8593;64.07;12372;True;12372.00;393.81;12380;26.15;12377;120.00;8985;True;8985.00;40.23;9011;12.44;8985;13.03;8613;True;8613.00;133.81;8625;19.18;8613;92.90;8147;True;8147.00;860.63;8156;44.45;8150;120.00;7854;True;7854.00;77.76;7871;49.37;7854;53.89
60;90;22;8876;True;8872.51;TL;8897;21.39;8876;120.00;12723;True;12723.00;62.48;12750;27.30;12723;78.33;9285;True;9285.00;105.06;9301;13.71;9285;101.34;8950;True;8950.00;134.95;8974;78.37;8950;117.30;8486;True;8486.00;751.81;8504;120.00;8488;120.00;8130;True;8130.00;339.24;8136;48.47;8132;120.00
60;90;23;8615;True;8615.00;1851.47;8631;111.04;8615;120.00;12137;True;12137.00;185.66;12146;21.54;12137;120.00;9266;True;9266.00;154.23;9266;15.57;9269;120.00;8711;True;8711.00;25.17;8711;7.35;8711;11.41;8290;True;8290.00;225.18;8300;32.32;8294;120.00;8047;True;8047.00;310.86;8056;87.14;8059;120.00
60;90;24;9119;True;9119.00;2869.86;9119;6.30;9119;120.00;12732;True;12732.00;44.51;12740;6.07;12732;15.74;9685;True;9685.00;8.53;9703;8.92;9685;4.19;9218;True;9218.00;104.22;9229;14.94;9218;120.00;8851;True;8851.00;191.16;8851;28.66;8851;120.00;8407;True;8407.00;76.19;8407;5.67;8407;35.89
60;90;25;7384;False;7366.91;TL;7397;112.71;7423;120.00;10341;True;10341.00;192.41;10349;64.07;10349;120.00;7901;True;7901.00;1338.82;8099;119.42;7929;120.00;7526;True;7526.00;804.53;7680;119.45;7526;120.00;7118;True;7118.00;1276.07;7256;120.00;7118;120.00;6829;True;6829.00;452.96;6884;116.79;6838;120.00
60;90;26;8234;False;8226.26;TL;8270;112.94;8279;120.00;11868;True;11868.00;83.22;11883;19.89;11868;52.82;8822;True;8822.00;737.93;8871;120.00;8826;120.00;8383;True;8383.00;116.96;8394;30.59;8383;120.00;7832;True;7832.00;45.31;7840;20.92;7832;39.74;7547;True;7547.00;296.62;7555;48.70;7548;120.00
60;90;27;8587;True;8587.00;20.90;8600;9.45;8587;33.53;12297;True;12297.00;388.03;12300;16.94;12302;120.00;9149;True;9149.00;184.36;9150;11.12;9150;120.00;8654;True;8654.00;25.51;8668;10.74;8654;28.53;8174;True;8174.00;1229.18;8206;120.00;8180;120.00;7896;True;7896.00;548.89;7896;38.22;7904;120.00
60;90;28;8730;True;8730.00;782.48;8735;42.64;8730;120.00;12529;True;12529.00;171.86;12550;38.94;12529;107.93;9244;True;9244.00;150.04;9271;37.63;9244;120.00;8787;True;8787.00;23.09;8804;65.09;8787;15.70;8338;True;8338.00;60.07;8338;6.89;8338;56.04;8091;True;8091.00;363.04;8094;57.62;8102;120.00
60;90;29;8352;False;8349.63;TL;8355;30.69;8355;120.00;11569;True;11569.00;281.09;11588;13.72;11569;120.00;8931;True;8931.00;453.54;8947;43.17;8932;120.00;8366;True;8366.00;307.63;8383;18.96;8375;120.00;8022;True;8022.00;816.54;8029;36.21;8032;120.00;7683;True;7683.00;65.02;7695;7.37;7683;95.37
60;90;30;8260;True;8260.00;146.48;8268;16.12;8260;120.00;11650;True;11650.00;347.35;11654;55.85;11672;120.00;8707;True;8707.00;63.88;8707;3.68;8707;54.83;8322;True;8322.00;577.02;8323;25.00;8322;120.00;7898;True;7898.00;2645.62;7901;44.65;7905;120.00;7633;True;7633.00;254.40;7642;70.41;7635;120.00
60;90;31;7727;False;7718.98;TL;7727;40.59;7733;120.00;10941;True;10941.00;101.30;10955;19.35;10941;61.49;8164;True;8164.00;512.85;8176;115.72;8165;120.00;7763;True;7763.00;2336.56;7763;39.54;7770;120.00;7314;True;7314.00;362.53;7323;65.55;7319;120.00;7034;True;7034.00;457.95;7039;48.86;7034;120.00
60;90;32;7757;True;7757.00;1283.55;7761;34.06;7761;120.00;10932;True;10932.00;61.87;10934;3.37;10932;35.08;7959;True;7959.00;29.56;7959;14.91;7959;11.78;7624;True;7624.00;59.39;7632;32.88;7624;68.25;7398;True;7398.00;399.21;7425;120.00;7398;120.00;7000;True;7000.00;115.88;7035;116.64;7000;120.00
60;90;33;7923;True;7923.00;97.28;7925;24.06;7923;120.00;11186;True;11186.00;174.33;11198;10.48;11186;91.18;8281;True;8281.00;54.93;8294;21.09;8281;43.38;7932;True;7932.00;346.55;7939;83.65;7934;120.00;7581;True;7581.00;220.29;7586;13.80;7581;120.00;7249;True;7249.00;386.78;7255;39.46;7251;120.00
60;90;34;8342;True;8342.00;194.35;8357;66.98;8342;120.00;11478;True;11478.00;51.38;11496;20.62;11478;29.76;8884;True;8884.00;40.29;8902;25.54;8884;25.30;8417;True;8417.00;309.86;8417;42.77;8419;120.00;7936;True;7936.00;574.41;7941;15.74;7937;120.00;7651;True;7651.00;929.05;7670;117.28;7659;120.00
60;90;35;8320;True;8318.92;TL;8328;82.07;8331;120.00;11806;True;11806.00;43.15;11816;8.03;11806;36.41;8913;True;8913.00;114.86;8928;40.00;8913;120.00;8395;True;8395.00;186.69;8415;99.19;8396;120.00;7956;True;7956.00;143.93;7956;85.85;7956;76.47;7626;True;7626.00;217.00;7636;95.70;7626;120.00
60;90;36;8290;True;8290.00;606.49;8297;62.79;8290;120.00;11700;True;11700.00;193.06;11713;12.71;11700;120.00;8622;True;8622.00;16.76;8637;7.09;8622;19.94;8239;True;8239.00;63.49;8248;18.23;8239;48.96;7954;True;7954.00;10.91;7976;66.14;7954;6.73;7603;True;7603.00;112.57;7615;15.12;7603;95.01
60;90;37;8117;True;8117.00;65.02;8123;7.82;8117;71.40;11371;True;11371.00;326.13;11405;68.03;11397;120.00;8685;True;8685.00;25.71;8691;9.47;8685;13.40;8200;True;8200.00;51.77;8202;14.86;8200;26.06;7845;True;7845.00;104.18;7850;17.06;7845;61.78;7506;True;7506.00;91.77;7511;7.29;7506;100.91
60;90;38;8018;True;8018.00;71.91;8018;16.13;8018;118.85;11273;True;11273.00;45.26;11275;24.45;11273;56.14;8638;True;8638.00;490.90;8778;119.48;8638;120.00;8198;True;8198.00;56.31;8209;51.68;8198;40.79;7786;True;7786.00;381.08;7794;61.29;7796;120.00;7454;True;7454.00;351.36;7461;55.20;7467;120.00
60;90;39;8597;False;8563.75;TL;8597;28.09;8693;120.00;12232;True;12232.00;575.28;12248;67.73;12242;120.00;9232;True;9232.00;688.30;9244;47.08;9239;120.00;8740;True;8740.00;152.56;8754;80.77;8749;120.00;8183;True;8183.00;212.42;8187;17.65;8201;120.00;7920;True;7920.00;1054.12;7959;59.27;7944;120.00
60;100;0;8868;False;8860.77;TL;8876;116.88;8884;120.00;12431;True;12431.00;805.93;12440;70.31;12442;120.00;9416;True;9416.00;65.66;9420;11.70;9416;41.75;8907;True;8907.00;282.39;8907;17.88;8907;120.00;8429;True;8429.00;69.05;8434;59.58;8429;36.33;8144;True;8144.00;51.57;8148;26.18;8144;42.31
60;100;1;9616;False;9611.67;TL;9618;104.72;9616;120.00;13535;True;13535.00;515.41;13551;57.60;13546;120.00;10030;True;10030.00;219.85;10042;22.11;10030;120.00;9368;True;9368.00;17.96;9386;20.02;9368;12.68;9017;True;9017.00;249.98;9017;88.51;9034;120.00;8664;True;8664.00;77.98;8664;18.82;8664;88.76
60;100;2;8917;True;8917.00;2293.10;8917;30.27;8917;120.00;12511;True;12511.00;111.95;12521;10.08;12511;53.39;9199;True;9199.00;146.94;9205;41.37;9199;120.00;8724;True;8724.00;21.77;8743;32.16;8724;34.13;8380;True;8380.00;1691.29;8413;120.00;8391;120.00;8036;True;8036.00;249.27;8096;120.00;8068;120.00
60;100;3;8481;True;8481.00;284.93;8498;117.09;8497;120.00;11891;True;11891.00;698.04;11896;80.78;11906;120.00;8738;True;8738.00;260.44;8991;120.00;8739;120.00;8384;True;8384.00;219.22;8392;31.50;8398;120.00;8044;True;8044.00;521.02;8072;120.00;8044;120.00;7707;True;7707.00;21.50;7721;39.20;7707;36.12
60;100;4;9398;True;9398.00;1909.78;9400;8.44;9398;120.00;13437;True;13437.00;248.51;13482;119.24;13449;120.00;10086;True;10086.00;866.95;10099;25.29;10092;120.00;9567;True;9567.00;14.66;9585;23.70;9567;6.02;9017;True;9017.00;296.75;9018;40.56;9017;120.00;8715;True;8715.00;263.84;8721;28.29;8715;120.00
60;100;5;9253;False;9239.29;TL;9253;79.52;9253;120.00;13101;False;13092.70;TL;13119;119.25;13118;120.00;9764;True;9764.00;507.84;9764;12.52;9778;120.00;9262;True;9262.00;440.68;9269;15.60;9262;120.00;8817;False;8813.60;TL;8831;22.76;8845;120.00;8474;True;8474.00;1557.18;8504;85.79;8484;120.00
60;100;6;9117;True;9117.00;247.04;9117;24.40;9117;120.00;12756;True;12756.00;936.34;12776;99.64;12960;120.00;9649;True;9649.00;197.87;9654;34.80;9664;120.00;9194;True;9194.00;1592.88;9194;50.05;9349;120.00;8800;True;8800.00;11.20;8800;6.96;8800;17.05;8478;True;8478.00;75.39;8496;44.00;8496;120.00
60;100;7;9527;True;9527.00;93.82;9538;86.42;9527;120.00;13295;True;13295.00;423.59;13484;119.28;13295;120.00;10140;True;10140.00;484.05;10157;73.19;10140;120.00;9604;True;9604.00;1058.87;9631;117.05;9606;120.00;9067;True;9067.00;699.43;9116;120.00;9070;120.00;8731;True;8731.00;317.17;8740;78.93;8759;120.00
60;100;8;9895;False;9886.26;TL;9916;117.30;9928;120.00;13852;True;13852.00;231.14;13871;28.29;13857;120.00;10296;True;10296.00;176.79;10304;14.82;10296;120.00;9797;True;9797.00;56.68;9808;13.49;9797;64.02;9327;True;9327.00;167.20;9331;6.55;9327;80.02;8995;True;8995.00;223.76;9007;31.22;8998;120.00
60;100;9;8697;False;8673.94;TL;8720;116.95;8716;120.00;12079;True;12079.00;380.44;12101;119.23;12079;120.00;9071;True;9071.00;1698.86;9086;120.00;9099;120.00;8755;True;8755.00;1887.92;8770;116.99;8777;120.00;8404;False;8376.31;TL;8404;120.00;8433;120.00;8083;False;8075.35;TL;8083;117.67;8094;120.00
60;100;10;9114;False;9108.92;TL;9119;78.57;9118;120.00;12626;True;12626.00;139.99;12656;119.21;12626;120.00;9593;True;9593.00;54.24;9603;47.27;9593;54.94;9146;True;9146.00;196.84;9165;68.52;9150;120.00;8777;True;8777.00;517.98;8792;111.15;8785;120.00;8455;True;8455.00;337.15;8459;67.21;8481;120.00
60;100;11;9325;True;9325.00;1199.08;9327;49.06;9335;120.00;13046;True;13046.00;72.00;13062;40.29;13046;32.97;9781;True;9781.00;231.62;9787;48.17;9792;120.00;9344;True;9344.00;571.41;9352;87.96;9354;120.00;8835;True;8835.00;62.21;8835;7.56;8835;27.53;8518;True;8518.00;472.52;8519;24.70;8548;120.00
60;100;12;9134;False;9115.03;TL;9134;19.84;9329;120.00;13046;False;12975.00;TL;13076;119.24;13209;120.00;9621;False;9595.38;TL;9641;115.67;9657;120.00;9116;False;9089.99;TL;9116;14.57;9156;120.00;8726;False;8701.96;TL;8737;101.60;8853;120.00;8417;False;8389.63;TL;8438;120.00;8525;120.00
60;100;13;9355;False;9346.62;TL;9359;69.56;9384;120.00;13193;True;13193.00;133.15;13212;48.55;13193;120.00;9824;True;9824.00;378.19;9830;17.48;9824;120.00;9309;True;9309.00;136.39;9325;97.83;9309;120.00;8927;True;8927.00;391.60;8933;39.26;8933;120.00;8454;True;8454.00;235.97;8462;19.24;8467;120.00
60;100;14;9225;False;9195.96;TL;9231;26.83;9225;120.00;12889;False;12848.90;TL;12889;82.86;12980;120.00;9605;True;9605.00;2768.89;9609;17.36;9608;120.00;9218;False;9193.86;TL;9218;19.78;9256;120.00;8848;True;8845.42;TL;8852;96.36;8915;120.00;8479;False;8449.93;TL;8479;6.78;8542;120.00
60;100;15;8978;False;8957.17;TL;9023;117.34;8985;120.00;12637;True;12637.00;881.10;12846;120.00;12642;120.00;9664;True;9664.00;1539.10;9783;120.00;9680;120.00;9117;True;9117.00;772.51;9254;117.51;9129;120.00;8622;True;8622.00;491.93;8633;120.00;8651;120.00;8305;True;8305.00;1297.82;8311;120.00;8312;120.00
60;100;16;8583;False;8577.38;TL;8614;116.94;8583;120.00;12148;False;12122.80;TL;12159;88.12;12401;120.00;9056;True;9056.00;141.97;9063;26.31;9056;120.00;8610;True;8610.00;77.35;8628;111.72;8610;44.46;8272;True;8272.00;383.50;8273;35.15;8272;120.00;7986;True;7981.22;TL;8002;120.00;8000;120.00
60;100;17;9862;False;9859.76;TL;9881;117.24;9885;120.00;14059;True;14059.00;329.48;14080;119.43;14059;120.00;10443;True;10443.00;108.76;10464;32.85;10443;115.40;9848;True;9848.00;96.51;9853;17.65;9848;120.00;9491;True;9491.00;130.70;9497;45.37;9491;120.00;9109;True;9109.00;444.91;9226;120.00;9111;120.00
60;100;18;8950;False;8940.90;TL;8985;116.82;8985;120.00;12574;True;12574.00;97.63;12580;39.49;12574;96.69;9362;False;9355.13;TL;9372;63.91;9442;120.00;8961;True;8961.00;216.60;9070;116.80;9112;120.00;8499;True;8499.00;1371.49;8504;43.25;8589;120.00;8254;False;8233.03;TL;8283;120.00;8406;120.00
60;100;19;9203;True;9203.00;821.89;9203;73.75;9208;120.00;13056;True;13056.00;138.19;13092;119.37;13078;120.00;9817;True;9817.00;10.84;9817;12.21;9817;4.28;9272;True;9272.00;396.75;9290;117.62;9275;120.00;8834;True;8834.00;625.77;8989;120.00;8836;120.00;8437;True;8437.00;65.07;8437;34.12;8437;120.00
60;100;20;9102;True;9102.00;118.49;9112;14.81;9102;100.69;12681;True;12681.00;183.14;12698;52.58;12681;120.00;9582;True;9582.00;142.02;9588;9.35;9588;120.00;9185;True;9185.00;32.23;9192;21.55;9185;16.51;8784;True;8784.00;100.49;8795;35.14;8784;120.00;8445;True;8445.00;785.64;8451;78.54;8459;120.00
60;100;21;9152;False;9145.10;TL;9152;55.16;9173;120.00;13033;True;13033.00;2425.41;13092;119.38;13092;120.00;9527;True;9527.00;2305.02;9536;16.61;9530;120.00;9089;True;9089.00;346.39;9098;58.37;9089;120.00;8698;True;8698.00;2198.24;8704;94.64;8699;120.00;8354;False;8338.10;TL;8355;120.00;8369;120.00
60;100;22;8689;False;8684.39;TL;8704;117.43;8719;120.00;12028;True;12028.00;718.80;12065;120.00;12060;120.00;9337;True;9337.00;1301.64;9343;65.76;9349;120.00;8838;True;8838.00;835.43;8842;19.05;8841;120.00;8380;True;8380.00;348.41;8399;120.00;8405;120.00;8074;True;8074.00;1081.38;8082;59.40;8084;120.00
60;100;23;9759;False;9745.64;TL;9767;57.01;9771;120.00;13789;True;13789.00;332.67;13801;20.83;13791;120.00;10451;True;10451.00;251.18;10466;51.71;10457;120.00;9872;True;9872.00;96.98;9882;14.66;9872;120.00;9358;True;9358.00;900.64;9366;60.37;9362;120.00;9049;True;9049.00;868.69;9058;83.55;9050;120.00
60;100;24;9557;True;9555.84;TL;9596;116.69;9557;120.00;13411;True;13411.00;366.29;13431;64.37;13520;120.00;10001;True;10001.00;1845.47;10025;35.70;10021;120.00;9544;True;9544.00;157.19;9546;21.85;9544;120.00;9142;True;9142.00;1433.55;9149;60.85;9142;120.00;8737;True;8737.00;380.13;8748;74.26;8778;120.00
60;100;25;9455;True;9455.00;1349.77;9473;116.19;9478;120.00;13236;True;13236.00;985.15;13252;115.06;13243;120.00;9980;True;9980.00;41.04;9980;13.51;9980;27.81;9507;True;9507.00;296.62;9530;110.96;9511;120.00;9018;True;9018.00;806.85;9018;47.68;9026;120.00;8741;True;8741.00;368.11;8748;79.08;8748;120.00
60;100;26;9490;False;9465.13;TL;9490;107.20;9490;120.00;13285;True;13285.00;126.19;13290;9.58;13285;92.08;9894;True;9894.00;101.90;9894;15.35;9894;94.85;9382;True;9382.00;80.56;9390;7.76;9382;41.33;8996;True;8994.69;TL;8997;20.68;9013;120.00;8604;True;8604.00;535.73;8609;38.49;8608;120.00
60;100;27;9241;True;9241.00;450.03;9241;14.90;9241;120.00;13438;False;13432.10;TL;13472;120.00;13546;120.00;9790;True;9790.00;556.77;9796;7.44;9790;120.00;9286;False;9258.82;TL;9286;12.38;9306;120.00;8849;False;8835.26;TL;8868;85.77;8853;120.00;8516;False;8503.28;TL;8570;120.00;8556;120.00
60;100;28;9979;True;9979.00;496.48;9984;9.52;9979;120.00;14023;True;14023.00;43.13;14035;10.92;14023;21.42;10673;True;10673.00;84.94;10686;12.42;10673;97.29;10103;True;10103.00;430.47;10111;93.90;10117;120.00;9523;True;9523.00;316.20;9530;22.50;9528;120.00;9190;True;9190.00;856.42;9199;120.00;9198;120.00
60;100;29;9062;False;9055.36;TL;9091;116.93;9172;120.00;12869;True;12866.80;TL;12917;120.00;12973;120.00;9482;False;9434.29;TL;9555;120.00;9564;120.00;9122;False;9090.46;TL;9131;117.12;9140;120.00;8743;False;8720.42;TL;8881;120.00;8818;120.00;8374;False;8334.84;TL;8406;120.00;8474;120.00
60;100;30;8751;True;8751.00;191.03;8751;10.66;8751;120.00;12612;True;12612.00;3145.57;12655;120.00;12645;120.00;9282;True;9282.00;260.11;9297;84.20;9284;120.00;8839;True;8839.00;238.75;8856;101.80;8839;120.00;8392;True;8392.00;583.32;8398;104.02;8398;120.00;8078;True;8078.00;533.42;8204;120.00;8091;120.00
60;100;31;8984;False;8977.50;TL;8993;116.91;8992;120.00;12428;True;12428.00;350.98;12437;72.63;12432;120.00;9556;True;9556.00;519.64;9569;120.00;9556;120.00;9052;True;9052.00;564.14;9064;88.63;9056;120.00;8668;True;8668.00;473.52;8706;120.00;8668;120.00;8273;True;8273.00;333.81;8300;120.00;8275;120.00
60;100;32;10078;False;10058.60;TL;10079;117.03;10082;120.00;14092;True;14092.00;40.26;14092;11.96;14092;73.62;10599;True;10599.00;73.21;10623;21.13;10599;97.59;9999;True;9999.00;184.27;10012;25.74;10004;120.00;9627;True;9627.00;221.84;9632;111.76;9627;120.00;9202;True;9202.00;153.93;9202;26.25;9216;120.00
60;100;33;9793;False;9783.89;TL;9797;81.84;9793;120.00;13866;True;13866.00;88.40;13882;20.81;13866;55.38;10349;True;10349.00;79.62;10362;12.23;10349;65.63;9843;True;9843.00;567.34;9857;62.18;9864;120.00;9410;True;9410.00;507.44;9413;37.43;9410;120.00;9014;True;9014.00;657.60;9014;18.86;9019;120.00
60;100;34;9174;False;9169.49;TL;9208;116.92;9180;120.00;12845;True;12845.00;327.50;12871;103.95;12845;120.00;9611;True;9611.00;61.40;9625;40.04;9611;26.51;9161;True;9161.00;56.62;9174;16.24;9161;51.77;8811;True;8811.00;2522.27;8826;120.00;8816;120.00;8442;True;8442.00;369.76;8451;31.26;8452;120.00
60;100;35;9022;False;9019.02;TL;9022;57.44;9026;120.00;12743;True;12743.00;118.81;12754;25.46;12743;117.07;9159;True;9159.00;69.12;9173;15.71;9159;52.22;8800;True;8800.00;142.22;8800;34.85;8804;120.00;8586;True;8586.00;152.83;8588;24.36;8586;120.00;8160;True;8160.00;90.77;8169;70.61;8160;117.89
60;100;36;9555;True;9555.00;90.34;9555;15.35;9555;120.00;13351;True;13351.00;44.06;13369;20.49;13351;44.97;10067;True;10067.00;44.75;10073;18.67;10067;41.47;9561;True;9561.00;718.24;9575;64.87;9561;120.00;9094;True;9094.00;669.52;9103;93.02;9094;120.00;8728;True;8728.00;323.68;8745;83.69;8737;120.00
60;100;37;8880;False;8871.00;TL;8880;76.41;8896;120.00;12338;False;12332.00;TL;12348;85.16;12398;120.00;9390;True;9390.00;283.34;9393;19.29;9390;120.00;8851;True;8851.00;794.71;8851;23.10;8858;120.00;8378;True;8378.00;959.05;8434;120.00;8494;120.00;8148;True;8148.00;2114.27;8178;119.49;8148;120.00
60;100;38;9208;False;9195.54;TL;9212;116.75;9212;120.00;12842;False;12834.00;TL;12849;106.13;12849;120.00;9608;True;9608.00;193.07;9617;38.97;9623;120.00;9174;True;9174.00;538.87;9189;93.71;9191;120.00;8793;True;8793.00;294.88;8803;74.39;8814;120.00;8362;True;8362.00;167.07;8369;20.32;8364;120.00
60;100;39;9155;False;9145.79;TL;9155;86.75;9163;120.00;12923;True;12923.00;181.45;12944;53.55;12934;120.00;9740;True;9740.00;120.84;9757;18.68;9740;94.30;9292;True;9292.00;179.27;9304;28.29;9307;120.00;8847;True;8847.00;2509.21;8854;37.26;8869;120.00;8517;False;8515.29;TL;8521;81.96;8527;120.00
75;20;0;1681;True;1681.00;0.10;1681;0.10;1681;0.10;2455;True;2455.00;0.12;2455;0.10;2455;0.11;2060;True;2060.00;0.15;2060;0.13;2060;0.14;1890;True;1890.00;0.09;1890;0.09;1890;0.09;1669;True;1669.00;0.50;1671;0.20;1669;0.19;1640;True;1640.00;0.39;1640;0.14;1640;0.14
75;20;1;1696;True;1696.00;0.06;1696;0.06;1696;0.06;2377;True;2377.00;0.05;2377;0.05;2377;0.05;1923;True;1923.00;0.42;1924;0.11;1923;0.09;1767;True;1767.00;0.06;1767;0.06;1767;0.06;1635;True;1635.00;0.43;1639;0.14;1635;0.19;1584;True;1584.00;0.04;1584;0.05;1584;0.05
75;20;2;1721;True;1721.00;0.53;1721;0.14;1721;0.16;2440;True;2440.00;0.04;2440;0.05;2440;0.04;1925;True;1925.00;0.03;1925;0.04;1925;0.04;1831;True;1831.00;0.06;1831;0.06;1831;0.06;1685;True;1685.00;0.38;1685;0.12;1685;0.14;1621;True;1621.00;0.07;1621;0.09;1621;0.09
75;20;3;1721;True;1721.00;51.21;1721;0.49;1721;50.20;2507;True;2507.00;1.59;2507;0.42;2507;0.34;1853;True;1853.00;0.08;1853;0.09;1853;0.10;1745;True;1745.00;0.08;1745;0.07;1745;0.07;1622;True;1622.00;0.18;1622;0.20;1622;0.18;1521;True;1521.00;0.15;1521;0.18;1521;0.18
75;20;4;2061;True;2061.00;2.50;2077;0.12;2061;1.60;2978;True;2978.00;0.23;2978;0.14;2978;0.08;2080;True;2080.00;0.02;2080;0.03;2080;0.03;2016;True;2016.00;0.46;2025;0.10;2016;0.13;1934;True;1934.00;0.03;1934;0.03;1934;0.04;1839;True;1839.00;0.28;1841;0.14;1839;0.11
75;20;5;1676;True;1676.00;8.28;1676;0.70;1676;1.60;2337;True;2337.00;0.12;2337;0.09;2337;0.17;1859;True;1859.00;0.04;1859;0.06;1859;0.06;1738;True;1738.00;0.16;1738;0.17;1738;0.17;1612;True;1612.00;0.23;1612;0.24;1612;0.26;1573;True;1573.00;1.43;1573;0.58;1573;0.62
75;20;6;1691;True;1691.00;0.16;1691;0.17;1691;0.16;2454;True;2454.00;0.84;2454;0.18;2454;0.23;1815;True;1815.00;0.09;1815;0.12;1815;0.12;1676;True;1676.00;0.11;1676;0.12;1676;0.12;1603;True;1603.00;0.26;1603;0.27;1603;0.29;1556;True;1556.00;0.24;1556;0.25;1556;0.26
75;20;7;1709;True;1709.00;0.07;1709;0.07;1709;0.07;2407;True;2407.00;0.22;2407;0.07;2407;0.06;1941;True;1941.00;0.22;1952;0.09;1941;0.06;1844;True;1844.00;0.19;1846;0.09;1844;0.12;1664;True;1664.00;0.22;1672;0.10;1664;0.09;1631;True;1631.00;0.34;1638;0.11;1631;0.11
75;20;8;1760;True;1760.00;0.26;1760;0.26;1760;0.26;2587;True;2587.00;0.55;2587;0.22;2587;0.23;2050;True;2050.00;0.11;2050;0.13;2050;0.14;1898;True;1898.00;0.57;1898;0.21;1898;0.23;1707;True;1707.00;0.40;1719;0.21;1707;0.24;1622;True;1622.00;0.75;1622;0.29;1622;0.34
75;20;9;1629;True;1629.00;0.09;1629;0.09;1629;0.09;2317;True;2317.00;0.09;2317;0.08;2317;0.09;1777;True;1777.00;0.18;1777;0.13;1777;0.08;1672;True;1672.00;0.04;1672;0.04;1672;0.03;1569;True;1569.00;0.10;1569;0.11;1569;0.11;1517;True;1517.00;1.02;1517;0.21;1517;0.29
75;20;10;1894;True;1894.00;0.18;1894;0.07;1894;0.05;2679;True;2679.00;0.35;2679;0.07;2679;0.07;2122;True;2122.00;0.46;2122;0.05;2122;0.12;1974;True;1974.00;0.03;1974;0.03;1974;0.03;1828;True;1828.00;0.05;1828;0.05;1828;0.05;1777;True;1777.00;0.15;1777;0.08;1777;0.09
75;20;11;1764;True;1764.00;2.87;1764;0.27;1764;0.46;2484;True;2484.00;0.04;2484;0.04;2484;0.04;1894;True;1894.00;0.27;1894;0.12;1894;0.12;1761;True;1761.00;0.04;1761;0.04;1761;0.04;1670;True;1670.00;0.03;1670;0.04;1670;0.04;1602;True;1602.00;0.05;1602;0.06;1602;0.06
75;20;12;1679;True;1679.00;0.10;1679;0.08;1679;0.09;2433;True;2433.00;0.18;2433;0.15;2433;0.18;1832;True;1832.00;0.08;1832;0.08;1832;0.10;1742;True;1742.00;0.16;1742;0.15;1742;0.15;1617;True;1617.00;0.21;1617;0.23;1617;0.23;1553;True;1553.00;1.68;1553;0.39;1553;0.44
75;20;13;1731;True;1731.00;3.22;1731;0.25;1731;0.67;2473;True;2473.00;0.08;2473;0.07;2473;0.08;1959;True;1959.00;0.07;1959;0.08;1959;0.09;1844;True;1844.00;1.02;1850;0.17;1844;0.25;1645;True;1645.00;0.03;1645;0.04;1645;0.04;1636;True;1636.00;0.12;1636;0.14;1636;0.14
75;20;14;2090;True;2090.00;4.70;2099;0.15;2090;2.43;2897;True;2897.00;0.50;2917;0.13;2897;0.13;2231;True;2231.00;0.03;2231;0.04;2231;0.04;2090;True;2090.00;0.06;2090;0.06;2090;0.06;1967;True;1967.00;0.02;1967;0.02;1967;0.02;1888;True;1888.00;0.05;1888;0.06;1888;0.06
75;20;15;2068;True;2068.00;12.35;2068;0.26;2068;6.03;2943;True;2943.00;0.05;2943;0.04;2943;0.04;2336;True;2336.00;0.68;2337;0.09;2336;0.10;2140;True;2140.00;0.51;2140;0.06;2140;0.12;1979;True;1979.00;1.36;1979;0.09;1979;0.33;1900;True;1900.00;0.59;1900;0.13;1900;0.23
75;20;16;1920;True;1920.00;0.45;1920;0.12;1920;0.18;2711;True;2711.00;3.17;2725;0.13;2711;0.82;2092;True;2092.00;0.25;2132;0.14;2092;0.11;2005;True;2005.00;0.73;2005;0.11;2005;0.23;1846;True;1846.00;0.56;1862;0.12;1846;0.20;1762;True;1762.00;0.06;1762;0.07;1762;0.07
75;20;17;1738;True;1738.00;0.19;1738;0.19;1738;0.19;2544;True;2544.00;0.06;2544;0.05;2544;0.06;1844;True;1844.00;0.03;1844;0.03;1844;0.04;1734;True;1734.00;0.04;1734;0.04;1734;0.04;1630;True;1630.00;0.07;1630;0.07;1630;0.07;1545;True;1545.00;0.05;1545;0.06;1545;0.06
75;20;18;1627;True;1627.00;1.92;1627;0.58;1627;0.48;2293;True;2293.00;0.06;2293;0.05;2293;0.06;1721;True;1721.00;0.20;1721;0.14;1721;0.11;1569;True;1569.00;0.08;1569;0.08;1569;0.08;1546;True;1546.00;0.47;1546;0.28;1546;0.25;1462;True;1462.00;0.09;1462;0.10;1462;0.10
75;20;19;1688;True;1688.00;0.63;1695;0.26;1688;0.20;2493;True;2493.00;2.04;2496;0.20;2493;0.38;1911;True;1911.00;0.09;1911;0.10;1911;0.11;1777;True;1777.00;0.12;1777;0.11;1777;0.11;1632;True;1632.00;0.11;1632;0.13;1632;0.13;1588;True;1588.00;1.38;1588;0.34;1588;0.55
75;20;20;1770;True;1770.00;0.54;1770;0.10;1770;0.28;2512;True;2512.00;0.02;2512;0.02;2512;0.02;1938;True;1938.00;0.39;1938;0.10;1938;0.10;1790;True;1790.00;0.35;1790;0.09;1790;0.07;1676;True;1676.00;0.58;1677;0.10;1676;0.15;1617;True;1617.00;0.09;1617;0.10;1617;0.10
75;20;21;1796;True;1796.00;0.04;1796;0.04;1796;0.04;2541;True;2541.00;0.06;2541;0.06;2541;0.12;2031;True;2031.00;0.04;2031;0.05;2031;0.09;1896;True;1896.00;0.07;1896;0.07;1896;0.12;1758;True;1758.00;0.44;1763;0.15;1758;0.14;1668;True;1668.00;0.07;1668;0.08;1668;0.27
75;20;22;1686;True;1686.00;8.93;1690;0.31;1686;3.98;2342;True;2342.00;0.08;2342;0.07;2342;0.08;1794;True;1794.00;0.05;1794;0.05;1794;0.06;1705;True;1705.00;0.15;1705;0.15;1705;0.14;1594;True;1594.00;0.08;1594;0.08;1594;0.09;1562;True;1562.00;0.74;1562;0.62;1562;0.43
75;20;23;1568;True;1568.00;2.64;1568;0.30;1568;1.02;2194;True;2194.00;0.12;2194;0.11;2194;0.11;1749;True;1749.00;0.12;1749;0.13;1749;0.16;1620;True;1620.00;0.12;1620;0.11;1620;0.11;1456;True;1456.00;0.07;1456;0.08;1456;0.08;1424;True;1424.00;0.11;1424;0.12;1424;0.12
75;20;24;1753;True;1753.00;0.12;1753;0.12;1753;0.12;2492;True;2492.00;0.18;2492;0.17;2492;0.19;1941;True;1941.00;0.14;1941;0.16;1941;0.19;1875;True;1875.00;0.22;1875;0.21;1875;0.20;1696;True;1696.00;0.09;1696;0.09;1696;0.10;1631;True;1631.00;0.19;1631;0.21;1631;0.21
75;20;25;1655;True;1655.00;0.08;1655;0.08;1655;0.08;2414;True;2414.00;0.12;2414;0.11;2414;0.14;1870;True;1870.00;0.56;1870;0.26;1870;0.25;1715;True;1715.00;0.26;1715;0.24;1715;0.24;1598;True;1598.00;0.66;1598;0.71;1598;0.24;1538;True;1538.00;0.71;1545;0.60;1538;0.32
75;20;26;1625;True;1625.00;1.64;1625;0.37;1625;0.37;2247;True;2247.00;0.12;2247;0.11;2247;0.12;1735;True;1735.00;0.09;1735;0.10;1735;0.11;1643;True;1643.00;0.10;1643;0.09;1643;0.09;1534;True;1534.00;0.10;1534;0.10;1534;0.11;1482;True;1482.00;0.17;1482;0.18;1482;0.19
75;20;27;1913;True;1913.00;0.35;1913;0.06;1913;0.07;2751;True;2751.00;0.03;2751;0.03;2751;0.03;2050;True;2050.00;0.02;2050;0.02;2050;0.02;1949;True;1949.00;0.20;1952;0.09;1949;0.08;1865;True;1865.00;0.04;1865;0.04;1865;0.05;1767;True;1767.00;0.09;1767;0.05;1767;0.04
75;20;28;1633;True;1633.00;0.81;1640;0.40;1633;0.32;2225;True;2225.00;0.96;2225;0.21;2225;0.24;1785;True;1785.00;0.07;1785;0.08;1785;0.08;1688;True;1688.00;1.67;1688;0.21;1688;0.35;1572;True;1572.00;1.23;1576;0.36;1572;0.36;1526;True;1526.00;2.20;1526;0.44;1526;0.83
75;20;29;1646;True;1646.00;0.05;1646;0.05;1646;0.06;2428;True;2428.00;0.41;2428;0.07;2428;0.08;1817;True;1817.00;0.04;1817;0.04;1817;0.04;1744;True;1744.00;0.47;1744;0.14;1744;0.13;1618;True;1618.00;0.22;1618;0.10;1618;0.08;1553;True;1553.00;0.09;1553;0.10;1553;0.12
75;20;30;1650;True;1650.00;1.18;1650;0.20;1650;0.24;2391;True;2391.00;0.39;2398;0.12;2391;0.10;1851;True;1851.00;0.05;1851;0.05;1851;0.06;1726;True;1726.00;0.06;1726;0.06;1726;0.06;1582;True;1582.00;0.04;1582;0.04;1582;0.05;1548;True;1548.00;0.06;1548;0.07;1548;0.07
75;20;31;1587;True;1587.00;0.09;1587;0.08;1587;0.08;2240;True;2240.00;0.08;2240;0.08;2240;0.08;1717;True;1717.00;0.04;1717;0.05;1717;0.05;1587;True;1587.00;0.08;1587;0.08;1587;0.07;1544;True;1544.00;0.97;1545;0.30;1544;0.30;1445;True;1445.00;0.10;1445;0.11;1445;0.12
75;20;32;1633;True;1633.00;0.06;1633;0.06;1633;0.06;2325;True;2325.00;0.12;2325;0.10;2325;0.11;1838;True;1838.00;0.10;1838;0.11;1838;0.12;1687;True;1687.00;0.07;1687;0.07;1687;0.06;1574;True;1574.00;0.14;1574;0.14;1574;0.15;1510;True;1510.00;0.06;1510;0.07;1510;0.07
75;20;33;1609;True;1609.00;0.06;1609;0.06;1609;0.06;2355;True;2355.00;0.09;2355;0.08;2355;0.08;1754;True;1754.00;0.04;1754;0.04;1754;0.04;1627;True;1627.00;0.09;1627;0.08;1627;0.08;1492;True;1492.00;0.03;1492;0.03;1492;0.03;1486;True;1486.00;0.08;1486;0.09;1486;0.09
75;20;34;1743;True;1743.00;2.25;1743;0.15;1743;1.34;2356;True;2356.00;0.72;2356;0.13;2356;0.13;1915;True;1915.00;0.03;1915;0.03;1915;0.04;1779;True;1779.00;0.03;1779;0.03;1779;0.03;1671;True;1671.00;0.07;1671;0.07;1671;0.07;1597;True;1597.00;0.04;1597;0.04;1597;0.04
75;20;35;1744;True;1744.00;10.25;1744;0.27;1744;6.91;2544;True;2544.00;0.96;2544;0.36;2544;0.29;1883;True;1883.00;0.08;1883;0.09;1883;0.09;1782;True;1782.00;0.12;1782;0.12;1782;0.11;1656;True;1656.00;0.25;1669;0.17;1656;0.17;1567;True;1567.00;0.55;1567;0.29;1567;0.25
75;20;36;2048;True;2048.00;0.07;2048;0.06;2048;0.07;2884;True;2884.00;0.05;2884;0.04;2884;0.05;2147;True;2147.00;0.03;2147;0.03;2147;0.03;2083;True;2083.00;0.06;2083;0.05;2083;0.05;1952;True;1952.00;0.03;1952;0.03;1952;0.03;1883;True;1883.00;0.05;1883;0.06;1883;0.06
75;20;37;1725;True;1725.00;2.06;1725;0.66;1725;2.09;2440;True;2440.00;0.14;2440;0.13;2440;0.17;1856;True;1856.00;0.13;1856;0.16;1856;0.16;1798;True;1798.00;3.44;1801;0.37;1798;0.74;1669;True;1669.00;2.82;1669;0.51;1669;0.65;1593;True;1593.00;0.55;1593;0.59;1593;0.63
75;20;38;1680;True;1680.00;9.03;1680;0.44;1680;3.15;2401;True;2401.00;0.12;2401;0.10;2401;0.12;1807;True;1807.00;0.07;1807;0.08;1807;0.09;1695;True;1695.00;0.63;1695;0.12;1695;0.11;1564;True;1564.00;0.10;1564;0.11;1564;0.11;1502;True;1502.00;0.08;1502;0.09;1502;0.10
75;20;39;1673;True;1673.00;0.10;1673;0.10;1673;0.10;2402;True;2402.00;0.10;2402;0.09;2402;0.11;1894;True;1894.00;0.09;1894;0.10;1894;0.10;1759;True;1759.00;0.10;1759;0.10;1759;0.09;1592;True;1592.00;0.07;1592;0.07;1592;0.08;1588;True;1588.00;4.07;1592;0.45;1588;1.33
75;30;0;2366;True;2366.00;1.04;2366;0.33;2366;0.31;3445;True;3445.00;1.75;3447;0.56;3445;0.49;2551;True;2551.00;0.63;2581;0.37;2551;0.30;2403;True;2403.00;0.80;2403;0.48;2403;0.41;2298;True;2298.00;1.82;2298;0.57;2298;0.47;2208;True;2208.00;0.37;2208;0.39;2208;0.41
75;30;1;2404;True;2404.00;1025.49;2408;1.14;2404;120.00;3322;True;3322.00;2.66;3328;0.59;3322;1.32;2640;True;2640.00;0.18;2640;0.18;2640;0.23;2495;True;2495.00;1.47;2495;0.62;2495;0.51;2307;True;2307.00;13.81;2323;1.49;2307;5.08;2240;True;2240.00;4.62;2240;1.38;2240;3.09
75;30;2;2985;True;2985.00;0.90;2985;0.37;2985;0.55;4370;True;4370.00;0.16;4370;0.19;4370;0.27;3346;True;3346.00;0.09;3346;0.09;3346;0.11;3125;True;3125.00;0.91;3137;0.35;3125;0.44;2872;True;2872.00;4.05;2881;0.95;2872;1.03;2760;True;2760.00;1.81;2760;0.44;2760;0.49
75;30;3;2311;True;2311.00;6.26;2311;0.85;2311;6.43;3335;True;3335.00;4.24;3335;0.53;3335;0.96;2612;True;2612.00;3.19;2612;0.32;2612;0.81;2398;True;2398.00;0.23;2398;0.26;2398;0.24;2220;True;2220.00;1.82;2230;0.59;2220;0.73;2113;True;2113.00;0.29;2113;0.33;2113;0.33
75;30;4;2548;True;2548.00;68.07;2548;1.46;2548;56.21;3553;True;3553.00;2.71;3571;1.90;3553;1.58;2644;True;2644.00;4.45;2650;0.71;2644;1.09;2501;True;2501.00;2.78;2508;0.63;2501;0.99;2402;True;2402.00;3.79;2402;1.53;2402;1.41;2278;True;2278.00;8.73;2280;0.65;2278;3.66
75;30;5;2532;True;2532.00;0.10;2532;0.10;2532;0.10;3666;True;3666.00;5.49;3678;1.01;3666;1.79;2817;True;2817.00;0.51;2817;0.28;2817;0.30;2630;True;2630.00;2.41;2645;0.78;2630;0.64;2474;True;2474.00;1.18;2489;0.95;2474;0.33;2391;True;2391.00;3.82;2403;1.10;2391;1.55
75;30;6;2573;True;2573.00;1512.56;2573;1.54;2573;120.00;3723;True;3723.00;7.71;3723;1.19;3723;1.73;2770;True;2770.00;15.45;2770;1.41;2770;5.93;2564;True;2564.00;1.82;2564;0.60;2564;0.82;2416;True;2416.00;9.77;2416;1.55;2416;5.61;2294;True;2294.00;4.26;2294;1.06;2294;1.36
75;30;7;2547;True;2547.00;2.53;2548;0.46;2547;1.44;3679;True;3679.00;0.63;3679;0.36;3679;0.24;2826;True;2826.00;0.54;2826;0.26;2826;0.26;2664;True;2664.00;1.12;2664;0.42;2664;0.40;2425;True;2425.00;3.44;2425;0.56;2425;1.08;2368;True;2368.00;0.69;2372;0.57;2368;0.34
75;30;8;2525;True;2525.00;1.34;2529;0.59;2525;0.53;3598;True;3598.00;0.93;3620;0.34;3598;0.39;2706;True;2706.00;0.14;2706;0.15;2706;0.19;2556;True;2556.00;0.19;2556;0.22;2556;0.19;2455;True;2455.00;2.51;2468;0.39;2455;0.84;2319;True;2319.00;2.18;2319;0.37;2319;0.81
75;30;9;2521;True;2521.00;3.10;2560;1.70;2521;1.42;3543;True;3543.00;0.60;3543;0.68;3543;0.86;2754;True;2754.00;1.91;2758;0.80;2754;0.62;2530;True;2530.00;1.22;2530;0.54;2530;0.59;2435;True;2435.00;0.32;2435;0.31;2435;0.50;2326;True;2326.00;0.51;2326;0.57;2326;0.58
75;30;10;2847;True;2847.00;0.37;2847;0.19;2847;0.17;4010;True;4010.00;8.09;4010;0.64;4010;3.78;3077;True;3077.00;0.11;3077;0.11;3077;0.12;2852;True;2852.00;0.12;2852;0.14;2852;0.13;2661;True;2661.00;0.16;2661;0.16;2661;0.16;2588;True;2588.00;1.06;2591;0.41;2588;0.63
75;30;11;2556;True;2556.00;2.41;2567;1.22;2556;1.41;3595;True;3595.00;0.12;3595;0.15;3595;0.13;2840;True;2840.00;0.14;2840;0.14;2840;0.21;2657;True;2657.00;0.21;2657;0.24;2657;0.23;2456;True;2456.00;0.72;2456;0.67;2456;0.28;2374;True;2374.00;0.77;2374;0.45;2374;0.36
75;30;12;2354;True;2344.48;TL;2354;1.70;2357;120.00;3405;True;3405.00;1.12;3423;1.39;3405;0.39;2577;True;2577.00;0.76;2577;0.34;2577;0.37;2433;True;2433.00;6.60;2445;1.95;2433;2.93;2268;True;2268.00;27.32;2268;1.20;2268;9.06;2171;True;2171.00;15.23;2183;1.37;2171;11.64
75;30;13;2741;True;2741.00;0.08;2741;0.08;2741;0.08;3847;True;3847.00;6.60;3852;0.27;3847;3.17;3089;True;3089.00;15.84;3091;0.35;3089;7.65;2831;True;2831.00;0.71;2838;0.31;2831;0.55;2666;True;2666.00;2.17;2675;0.59;2666;0.65;2544;True;2544.00;1.85;2544;0.38;2544;0.78
75;30;14;2489;True;2489.00;0.36;2489;0.39;2489;0.39;3609;True;3609.00;2.13;3609;1.10;3609;1.39;2766;True;2766.00;0.30;2766;0.31;2766;0.39;2605;True;2605.00;1.98;2615;0.71;2605;0.83;2435;True;2435.00;5.90;2435;1.29;2435;1.15;2357;True;2357.00;18.65;2357;2.10;2357;6.94
75;30;15;2354;True;2348.15;TL;2355;0.74;2372;120.00;3292;True;3292.00;19.67;3304;1.11;3292;10.02;2541;True;2541.00;29.28;2561;0.94;2541;28.72;2409;True;2409.00;8.59;2409;0.63;2409;3.37;2193;True;2193.00;4.15;2201;0.88;2193;1.55;2135;True;2135.00;0.30;2135;0.34;2135;0.34
75;30;16;3093;True;3093.00;0.63;3093;0.18;3093;0.19;4348;True;4348.00;1.23;4356;0.20;4348;0.39;3400;True;3400.00;0.11;3400;0.11;3400;0.16;3136;True;3136.00;0.32;3136;0.19;3136;0.17;2958;True;2958.00;1.35;2958;0.21;2958;0.30;2813;True;2813.00;0.63;2813;0.24;2813;0.38
75;30;17;1951;True;1951.00;12.79;1951;2.33;1951;3.22;2823;True;2823.00;4.58;2829;2.22;2823;3.37;2170;True;2170.00;3.24;2170;1.02;2170;1.10;2033;True;2033.00;0.70;2033;0.80;2033;0.73;1842;True;1842.00;2.75;1842;0.99;1842;1.23;1807;True;1807.00;0.86;1807;0.96;1807;0.98
75;30;18;2452;True;2452.00;112.04;2452;1.95;2452;120.00;3473;True;3473.00;1.17;3473;0.83;3473;0.62;2558;True;2558.00;0.15;2558;0.15;2558;0.19;2481;True;2481.00;1.03;2481;0.52;2481;0.43;2289;True;2289.00;0.32;2289;0.32;2289;0.32;2246;True;2246.00;5.44;2251;1.05;2246;2.12
75;30;19;2140;True;2140.00;4.14;2156;1.87;2140;1.96;3093;True;3093.00;1.00;3122;0.63;3093;0.47;2300;True;2300.00;0.25;2300;0.26;2300;0.50;2174;True;2174.00;4.72;2174;0.81;2174;1.83;2027;True;2027.00;1.36;2039;0.82;2027;0.61;1932;True;1932.00;0.35;1932;0.40;1932;0.40
75;30;20;2400;True;2400.00;130.12;2410;1.28;2400;120.00;3510;True;3510.00;6.40;3510;0.95;3510;1.97;2624;True;2624.00;0.15;2624;0.16;2624;0.21;2519;True;2519.00;0.69;2519;0.89;2519;0.40;2314;True;2314.00;12.41;2314;1.54;2314;3.56;2242;True;2242.00;1.39;2244;1.30;2242;0.60
75;30;21;2524;True;2524.00;85.26;2524;2.35;2524;120.00;3632;True;3632.00;3.23;3632;0.93;3632;0.69;2797;True;2797.00;4.07;2797;0.95;2797;1.54;2587;True;2587.00;1.19;2587;0.86;2587;0.51;2401;True;2401.00;2.72;2405;0.64;2401;0.61;2330;True;2330.00;11.06;2338;1.80;2330;2.93
75;30;22;2477;True;2477.00;0.71;2477;0.33;2477;0.39;3694;True;3694.00;1.62;3694;0.93;3694;0.67;2883;True;2883.00;0.14;2883;0.15;2883;0.17;2681;True;2681.00;2.55;2683;0.49;2681;0.61;2383;True;2383.00;1.62;2393;0.43;2383;0.42;2322;True;2322.00;0.31;2322;0.35;2322;0.36
75;30;23;2545;True;2545.00;4.86;2545;1.27;2545;1.33;3525;True;3525.00;2.05;3527;1.32;3525;0.71;2726;True;2726.00;0.68;2726;0.38;2726;0.37;2600;True;2600.00;3.30;2613;1.51;2600;1.32;2409;True;2409.00;0.44;2409;0.43;2409;0.43;2341;True;2341.00;1.33;2343;0.44;2341;0.79
75;30;24;2428;True;2428.00;14.89;2428;1.92;2428;4.36;3408;True;3408.00;4.27;3408;1.35;3408;1.26;2691;True;2691.00;0.75;2691;0.42;2691;0.43;2509;True;2509.00;0.35;2509;0.40;2509;0.36;2335;True;2335.00;6.06;2335;0.93;2335;2.42;2286;True;2286.00;2.38;2286;1.34;2286;1.32
75;30;25;2556;True;2556.00;9.07;2562;0.72;2556;4.69;3738;True;3738.00;1.95;3762;1.19;3738;1.03;2848;True;2848.00;6.53;2848;0.68;2848;2.79;2690;True;2690.00;4.61;2697;0.89;2690;1.27;2462;True;2462.00;3.46;2462;0.70;2462;0.97;2368;True;2368.00;0.69;2368;0.46;2368;0.42
75;30;26;2853;True;2853.00;8.42;2862;0.63;2853;24.58;4038;True;4038.00;2.69;4040;0.52;4038;0.72;3239;True;3239.00;5.08;3239;0.50;3239;4.48;2985;True;2985.00;0.32;2985;0.57;2985;0.25;2787;True;2787.00;42.93;2796;0.83;2787;38.72;2671;True;2671.00;2.02;2677;0.63;2671;1.17
75;30;27;2516;True;2516.00;0.26;2516;0.29;2516;0.30;3501;True;3501.00;4.80;3510;1.17;3501;1.43;2750;True;2750.00;0.25;2750;0.25;2750;0.29;2599;True;2599.00;1.39;2599;0.65;2599;0.70;2378;True;2378.00;0.25;2378;0.25;2378;0.25;2329;True;2329.00;5.91;2329;1.24;2329;3.10
75;30;28;2568;True;2568.00;0.30;2568;0.16;2568;0.26;3512;True;3512.00;0.36;3512;0.22;3512;0.15;2878;True;2878.00;0.13;2878;0.14;2878;0.16;2706;True;2706.00;0.14;2706;0.17;2706;0.15;2491;True;2491.00;1.74;2498;0.35;2491;0.44;2430;True;2430.00;0.53;2446;0.39;2430;0.39
75;30;29;2490;True;2490.00;0.17;2490;0.19;2490;0.19;3547;True;3547.00;4.25;3549;0.85;3547;1.37;2757;True;2757.00;1.40;2757;0.45;2757;0.51;2610;True;2610.00;4.84;2610;1.01;2610;1.69;2421;True;2421.00;3.38;2430;1.34;2421;1.27;2364;True;2364.00;10.16;2375;2.01;2364;2.27
75;30;30;2854;True;2854.00;0.12;2854;0.13;2854;0.13;4099;True;4099.00;1.16;4140;0.76;4099;0.51;3125;True;3125.00;1.59;3158;0.58;3125;0.47;2955;True;2955.00;0.90;2955;0.51;2955;0.75;2757;True;2757.00;5.11;2757;0.36;2757;1.39;2674;True;2674.00;0.58;2674;0.35;2674;0.40
75;30;31;2455;True;2455.00;26.99;2467;1.82;2455;13.02;3559;True;3559.00;0.89;3559;0.69;3559;0.58;2651;True;2651.00;1.02;2651;0.37;2651;0.49;2471;True;2471.00;1.32;2477;0.58;2471;0.48;2339;True;2339.00;11.21;2339;0.60;2339;2.78;2241;True;2241.00;1.50;2241;0.49;2241;0.77
75;30;32;2529;True;2529.00;0.89;2529;0.21;2529;0.20;3653;True;3653.00;2.97;3653;1.16;3653;1.41;2850;True;2850.00;0.71;2864;0.60;2850;0.42;2681;True;2681.00;3.35;2690;0.98;2681;0.93;2467;True;2467.00;8.45;2469;1.20;2467;2.03;2391;True;2391.00;3.77;2391;1.23;2391;1.67
75;30;33;2498;True;2498.00;1.23;2498;0.97;2498;0.81;3496;True;3496.00;0.58;3496;0.67;3496;0.70;2819;True;2819.00;1.56;2824;0.63;2819;0.65;2573;True;2573.00;3.85;2573;0.95;2573;1.16;2419;True;2419.00;5.02;2429;1.50;2419;1.52;2295;True;2295.00;0.27;2295;0.30;2295;0.31
75;30;34;2544;True;2544.00;0.54;2554;0.58;2544;0.28;3694;True;3694.00;0.74;3694;0.34;3694;0.30;2881;True;2881.00;1.10;2893;0.27;2881;0.45;2657;True;2657.00;0.43;2657;0.29;2657;0.27;2437;True;2437.00;0.16;2437;0.16;2437;0.15;2391;True;2391.00;5.15;2395;0.53;2391;1.98
75;30;35;2517;True;2517.00;45.72;2520;1.20;2517;120.00;3652;True;3652.00;7.44;3659;1.47;3652;1.72;2868;True;2868.00;5.71;2868;0.25;2868;2.35;2646;True;2646.00;0.64;2646;0.46;2646;0.33;2427;True;2427.00;3.50;2443;1.37;2427;1.24;2360;True;2360.00;7.57;2361;0.90;2360;2.02
75;30;36;2207;True;2207.00;0.18;2207;0.20;2207;0.21;3108;True;3108.00;0.99;3113;0.33;3108;0.36;2460;True;2460.00;0.11;2460;0.12;2460;0.12;2342;True;2342.00;0.56;2347;0.35;2342;0.25;2154;True;2154.00;1.97;2162;0.42;2154;0.43;2082;True;2082.00;3.01;2083;0.67;2082;1.79
75;30;37;2559;True;2559.00;36.53;2563;0.74;2559;120.00;3576;True;3576.00;2.51;3576;0.46;3576;0.84;2889;True;2889.00;0.22;2889;0.22;2889;0.24;2713;True;2713.00;1.16;2713;0.79;2713;0.59;2411;True;2411.00;0.17;2411;0.17;2411;0.17;2389;True;2389.00;2.00;2395;0.87;2389;0.75
75;30;38;2477;True;2477.00;0.18;2477;0.19;2477;0.20;3623;True;3623.00;1.34;3624;0.40;3623;0.34;2609;True;2609.00;0.11;2609;0.11;2609;0.13;2543;True;2543.00;0.53;2543;0.35;2543;0.24;2357;True;2357.00;2.28;2361;0.27;2357;0.34;2299;True;2299.00;0.93;2313;0.61;2299;0.62
75;30;39;2464;True;2464.00;2097.51;2470;2.13;2464;120.00;3380;True;3380.00;51.96;3393;1.34;3380;29.20;2668;True;2668.00;4.72;2668;1.05;2668;0.95;2479;True;2479.00;3.78;2488;1.36;2479;2.47;2325;True;2325.00;2.32;2342;2.35;2325;0.85;2214;True;2214.00;0.44;2214;0.49;2214;0.51
75;40;0;3345;True;3345.00;5.60;3345;1.00;3345;8.54;4785;True;4785.00;1.33;4785;0.40;4785;0.54;3788;True;3788.00;2.38;3788;0.58;3788;1.36;3511;True;3511.00;7.14;3519;0.96;3511;3.38;3194;True;3194.00;2.26;3194;1.19;3194;1.32;3104;True;3104.00;4.73;3107;0.85;3104;1.61
75;40;1;3281;True;3281.00;9.26;3281;3.45;3281;4.67;4789;True;4789.00;3.25;4793;1.32;4789;1.04;3422;True;3422.00;2.75;3440;2.04;3422;1.68;3286;True;3286.00;9.96;3301;3.91;3286;3.50;3065;True;3065.00;8.60;3065;1.72;3065;2.60;2974;True;2974.00;56.36;2977;3.68;2974;26.75
75;40;2;3755;True;3755.00;209.57;3755;2.14;3755;120.00;5253;True;5253.00;23.56;5253;1.92;5253;8.77;4143;True;4143.00;0.13;4143;0.14;4143;0.15;3898;True;3898.00;6.85;3904;1.79;3898;4.54;3584;True;3584.00;16.88;3589;1.75;3584;13.55;3472;True;3472.00;19.19;3472;1.61;3472;11.75
75;40;3;3176;True;3176.00;47.20;3183;5.18;3176;115.05;4559;True;4559.00;116.32;4574;4.92;4559;83.98;3439;True;3439.00;5.55;3449;2.29;3439;3.52;3293;True;3293.00;30.61;3299;3.74;3293;21.78;3062;True;3062.00;38.35;3077;6.58;3062;31.20;2945;True;2945.00;60.11;2952;5.42;2945;37.37
75;40;4;3343;True;3343.00;3.70;3343;0.75;3343;1.00;4789;True;4789.00;0.28;4789;0.27;4789;0.28;3731;True;3731.00;4.70;3731;0.85;3731;2.32;3507;True;3507.00;3.74;3509;0.87;3507;1.31;3204;True;3204.00;1.94;3204;0.45;3204;0.40;3139;True;3139.00;2.91;3150;1.16;3139;1.10
75;40;5;3214;True;3214.00;5.15;3233;4.59;3214;7.98;4510;True;4510.00;5.15;4510;1.82;4510;1.20;3411;True;3411.00;3.69;3411;1.44;3411;2.83;3199;True;3199.00;2.97;3199;2.21;3199;1.78;3021;True;3021.00;14.10;3021;2.35;3021;4.83;2900;True;2900.00;1.51;2900;1.49;2900;0.72
75;40;6;3114;True;3114.00;82.85;3114;2.06;3114;120.00;4398;True;4398.00;9.46;4398;3.43;4398;3.62;3437;True;3437.00;8.67;3445;0.61;3437;3.70;3190;True;3190.00;2.60;3202;1.15;3190;1.53;2945;True;2945.00;6.40;2961;1.62;2945;1.68;2862;True;2862.00;5.91;2871;3.53;2862;1.47
75;40;7;3304;True;3304.00;10.50;3307;1.55;3304;3.14;4708;True;4708.00;1.50;4713;0.71;4708;0.69;3529;True;3529.00;0.21;3529;0.22;3529;0.25;3409;True;3409.00;6.91;3409;0.75;3409;2.53;3156;True;3156.00;1.99;3169;2.87;3156;0.93;3049;True;3049.00;8.60;3068;2.42;3049;3.27
75;40;8;2931;True;2931.00;2.46;2931;1.85;2931;0.94;4250;True;4250.00;8.64;4250;0.94;4250;3.08;3173;True;3173.00;0.39;3173;0.41;3173;0.84;3024;True;3024.00;17.93;3025;3.09;3024;7.51;2817;True;2817.00;4.37;2817;1.13;2817;3.22;2710;True;2710.00;4.09;2717;1.98;2710;2.04
75;40;9;3049;True;3049.00;87.16;3049;0.83;3049;85.00;4419;True;4419.00;49.15;4419;1.79;4419;12.34;3373;True;3373.00;6.06;3380;0.68;3373;2.51;3162;True;3162.00;1.63;3162;0.86;3162;0.73;2986;True;2986.00;6.32;2986;0.79;2986;2.16;2882;True;2882.00;77.74;2890;4.87;2882;34.19
75;40;10;3204;True;3204.00;2912.93;3204;4.86;3215;120.00;4601;True;4601.00;3.16;4616;1.48;4601;1.63;3582;True;3582.00;4.60;3597;3.68;3582;3.58;3359;True;3359.00;158.53;3379;10.93;3359;120.00;3054;True;3054.00;4.56;3078;3.83;3054;12.80;2970;True;2970.00;7.76;2983;8.25;2970;3.11
75;40;11;3223;True;3223.00;4.99;3223;2.28;3223;2.49;4511;True;4511.00;4.07;4529;3.54;4511;1.22;3271;True;3271.00;0.35;3271;0.37;3271;0.42;3164;True;3164.00;0.39;3164;0.43;3164;0.42;3060;True;3060.00;2.66;3076;3.07;3060;0.83;2925;True;2925.00;4.44;2933;8.00;2925;2.22
75;40;12;3513;True;3513.00;14.89;3516;1.71;3513;22.27;5023;True;5023.00;2.08;5023;0.31;5023;0.79;3729;True;3729.00;14.29;3732;0.99;3729;6.99;3510;True;3510.00;4.30;3517;0.72;3510;1.41;3279;True;3279.00;0.24;3279;0.27;3279;0.28;3208;True;3208.00;15.10;3212;0.79;3208;8.68
75;40;13;3306;True;3306.00;41.61;3306;2.16;3306;112.08;4911;True;4911.00;10.94;4911;1.19;4911;3.15;3780;True;3780.00;7.51;3798;1.63;3780;3.13;3566;True;3566.00;5.99;3572;2.14;3566;2.51;3181;True;3181.00;7.70;3197;2.37;3181;2.32;3123;True;3123.00;10.68;3124;1.19;3123;3.48
75;40;14;3193;True;3193.00;4.63;3193;0.96;3193;1.47;4621;True;4621.00;8.49;4629;1.21;4621;2.26;3462;True;3462.00;3.05;3462;0.85;3462;2.49;3279;True;3279.00;1.68;3283;1.13;3279;0.75;3103;True;3103.00;2.99;3113;1.55;3103;1.08;2989;True;2989.00;1.33;2989;1.12;2989;1.20
75;40;15;2899;True;2899.00;95.22;2899;3.96;2899;57.11;4249;True;4249.00;54.47;4264;3.32;4249;30.48;3253;True;3253.00;0.83;3253;0.88;3253;0.97;3053;True;3053.00;15.03;3053;3.16;3053;5.88;2827;True;2827.00;37.54;2840;7.18;2827;14.03;2741;True;2741.00;9.17;2755;6.14;2741;7.14
75;40;16;3044;True;3044.00;76.69;3045;2.66;3044;32.05;4312;True;4312.00;5.26;4315;1.90;4312;0.97;3377;True;3377.00;9.00;3383;0.72;3377;6.49;3173;True;3173.00;26.28;3180;1.36;3173;15.59;2924;True;2924.00;7.97;2925;2.51;2924;1.57;2834;True;2834.00;6.54;2835;1.81;2834;3.72
75;40;17;3106;True;3106.00;27.25;3134;4.02;3106;61.70;4514;True;4514.00;12.46;4528;1.00;4514;2.61;3362;True;3362.00;4.94;3368;0.64;3362;1.30;3172;True;3172.00;4.17;3172;0.77;3172;2.14;2973;True;2973.00;2.69;2973;1.39;2973;1.57;2870;True;2870.00;4.54;2871;1.04;2870;2.32
75;40;18;3197;True;3197.00;15.96;3197;2.82;3197;4.68;4520;True;4520.00;11.76;4530;2.55;4520;5.29;3586;True;3586.00;2.65;3603;3.10;3586;1.43;3346;True;3346.00;2.92;3348;1.30;3346;1.01;3081;True;3081.00;3.73;3094;7.78;3081;3.37;3012;True;3012.00;16.30;3012;4.19;3012;5.43
75;40;19;3291;True;3291.00;335.42;3295;5.47;3291;120.00;4814;True;4814.00;3.07;4814;0.61;4814;0.84;3639;True;3639.00;3.30;3652;1.08;3639;1.48;3423;True;3423.00;19.88;3429;1.53;3423;10.28;3129;True;3129.00;7.25;3129;2.70;3129;2.65;3086;True;3086.00;84.49;3098;8.50;3086;41.55
75;40;20;2766;True;2766.00;60.97;2766;6.86;2766;7.55;3995;True;3995.00;4.23;3999;2.84;3995;1.76;2945;True;2945.00;13.12;2959;3.10;2945;7.71;2817;True;2817.00;7.35;2826;3.26;2817;3.81;2603;True;2603.00;10.06;2605;2.21;2603;2.99;2547;True;2547.00;11.97;2547;4.09;2547;4.45
75;40;21;3279;True;3279.00;2515.40;3288;3.88;3279;120.00;4531;True;4531.00;3.70;4533;2.58;4531;1.32;3346;True;3346.00;6.92;3346;1.46;3346;3.35;3166;True;3166.00;0.24;3166;0.26;3166;0.26;3030;True;3030.00;3.12;3036;1.05;3030;1.24;2954;True;2954.00;5.02;2958;2.51;2954;1.37
75;40;22;3729;True;3729.00;1.63;3729;1.59;3729;0.62;5202;True;5202.00;0.26;5202;0.26;5202;0.40;3987;True;3987.00;3.98;3987;1.34;3987;1.13;3816;True;3816.00;3.50;3819;1.83;3816;1.15;3505;True;3505.00;14.06;3509;1.97;3505;4.48;3359;True;3359.00;5.65;3362;1.22;3359;2.32
75;40;23;3152;True;3152.00;33.43;3152;2.25;3152;21.94;4582;True;4582.00;6.29;4582;1.89;4582;1.25;3491;True;3491.00;12.07;3515;4.10;3491;5.89;3348;True;3348.00;16.66;3366;3.55;3348;12.34;3033;True;3033.00;5.86;3041;2.78;3033;2.45;2964;True;2964.00;13.94;2975;1.95;2964;5.46
75;40;24;3318;True;3318.00;7.25;3320;1.30;3318;3.78;4697;True;4697.00;11.48;4707;0.95;4697;2.92;3711;True;3711.00;2.88;3728;0.63;3711;1.33;3510;True;3510.00;2.36;3529;1.80;3510;1.44;3216;True;3216.00;2.96;3216;0.59;3216;1.08;3136;True;3136.00;26.68;3141;1.12;3136;17.83
75;40;25;3168;True;3168.00;452.65;3168;5.43;3168;120.00;4578;True;4578.00;2.87;4590;1.83;4578;0.97;3664;True;3664.00;2.32;3664;0.76;3664;0.81;3415;True;3415.00;10.28;3422;1.44;3415;3.30;3070;True;3070.00;12.08;3079;2.56;3070;3.88;2994;True;2994.00;3.74;2994;1.13;2994;1.03
75;40;26;3286;True;3286.00;344.97;3296;4.68;3286;120.00;4788;True;4788.00;7.19;4806;3.37;4788;2.41;3513;True;3513.00;6.42;3513;1.41;3513;3.10;3332;True;3332.00;11.74;3336;1.67;3332;4.91;3113;True;3113.00;9.87;3116;2.01;3113;2.82;3034;True;3034.00;25.97;3034;3.82;3034;9.95
75;40;27;3350;True;3350.00;210.83;3367;17.34;3350;120.00;4736;True;4736.00;27.93;4737;1.36;4736;9.57;3716;True;3716.00;17.50;3719;2.02;3716;5.50;3448;True;3448.00;0.52;3448;0.58;3448;0.58;3220;True;3220.00;0.33;3220;0.38;3220;0.38;3106;True;3106.00;32.02;3119;3.54;3106;11.59
75;40;28;2995;True;2995.00;0.37;2995;0.41;2995;0.41;4281;True;4281.00;8.82;4286;0.81;4281;2.44;3371;True;3371.00;7.50;3373;0.78;3371;2.33;3170;True;3170.00;0.36;3170;0.40;3170;0.40;2939;True;2939.00;24.10;2946;2.21;2939;10.62;2834;True;2834.00;6.39;2851;1.65;2834;3.36
75;40;29;2626;True;2626.00;101.64;2626;1.75;2626;72.16;3715;True;3715.00;29.67;3718;2.35;3715;15.56;2747;True;2747.00;0.51;2747;0.53;2747;0.60;2678;True;2678.00;11.16;2688;1.39;2678;10.17;2522;True;2522.00;18.29;2531;4.16;2522;7.37;2413;True;2413.00;9.80;2418;1.88;2413;7.21
75;40;30;3308;True;3308.00;13.88;3308;1.40;3308;16.96;4521;True;4521.00;1.20;4533;1.33;4521;0.54;3488;True;3488.00;1.33;3502;1.07;3488;0.64;3302;True;3302.00;2.33;3302;0.70;3302;0.75;3137;True;3137.00;14.88;3158;1.90;3137;4.89;3004;True;3004.00;5.77;3012;2.15;3004;2.58
75;40;31;3132;True;3132.00;13.42;3132;2.49;3132;2.94;4415;True;4415.00;28.47;4415;1.23;4415;12.13;3379;True;3379.00;3.20;3379;1.48;3379;1.38;3235;True;3235.00;62.53;3245;3.89;3235;34.45;3030;True;3030.00;24.14;3030;2.46;3030;10.42;2887;True;2887.00;30.73;2891;3.48;2887;31.62
75;40;32;3315;True;3315.00;4.23;3315;1.17;3315;1.07;4945;True;4945.00;3.78;4945;1.66;4945;1.06;3804;True;3804.00;1.56;3817;0.52;3804;0.68;3557;True;3557.00;4.21;3564;1.75;3557;1.29;3161;True;3161.00;0.43;3161;0.49;3161;0.48;3139;True;3139.00;3.17;3139;1.24;3139;1.64
75;40;33;3360;True;3360.00;68.05;3360;1.76;3360;120.00;4780;True;4780.00;23.59;4784;1.78;4780;8.65;3589;True;3589.00;2.50;3596;1.19;3589;1.21;3409;True;3409.00;5.98;3416;1.00;3409;2.40;3156;True;3156.00;10.31;3156;1.05;3156;1.84;3057;True;3057.00;3.36;3057;1.77;3057;2.36
75;40;34;3355;True;3355.00;22.19;3355;4.20;3355;18.12;4888;True;4888.00;10.69;4896;1.58;4888;2.94;3648;True;3648.00;3.74;3650;1.26;3648;1.38;3418;True;3418.00;0.42;3418;0.54;3418;0.47;3173;True;3173.00;2.66;3173;0.67;3173;0.85;3101;True;3101.00;7.17;3101;1.80;3101;2.22
75;40;35;3227;True;3227.00;77.23;3227;3.22;3227;120.00;4822;True;4822.00;62.09;4822;2.51;4822;27.12;3491;True;3491.00;18.81;3498;2.04;3491;8.12;3303;True;3303.00;3.78;3307;2.20;3303;1.55;3040;True;3040.00;4.24;3042;2.63;3040;1.93;2961;True;2961.00;0.73;2961;0.69;2961;0.73
75;40;36;3270;True;3270.00;10.35;3270;2.35;3270;20.18;4715;True;4715.00;9.66;4716;2.29;4715;1.97;3594;True;3594.00;1.42;3594;0.84;3594;1.82;3339;True;3339.00;17.31;3347;4.14;3339;5.74;3110;True;3110.00;2.77;3110;1.32;3110;0.77;2987;True;2987.00;20.68;2987;2.39;2987;10.51
75;40;37;3381;True;3381.00;5.97;3392;3.09;3381;31.13;4807;True;4807.00;4.00;4832;2.03;4807;1.09;3613;True;3613.00;0.97;3618;0.63;3613;0.65;3451;True;3451.00;2.64;3451;0.77;3451;1.19;3221;True;3221.00;16.61;3231;2.06;3221;12.84;3117;True;3117.00;4.66;3117;0.68;3117;1.92
75;40;38;3124;True;3124.00;4.17;3124;1.52;3124;1.15;4505;True;4505.00;4.78;4505;2.00;4505;2.12;3363;True;3363.00;3.23;3364;0.87;3363;1.24;3214;True;3214.00;10.95;3223;2.11;3214;4.88;2986;True;2986.00;6.12;2986;2.59;2986;2.45;2889;True;2889.00;12.16;2889;2.42;2889;4.66
75;40;39;3377;True;3377.00;59.47;3394;3.16;3377;120.00;5054;True;5054.00;6.87;5054;1.18;5054;1.80;3737;True;3737.00;9.96;3749;1.10;3737;3.61;3483;True;3483.00;3.87;3496;0.82;3483;1.44;3198;True;3198.00;5.46;3199;0.77;3198;1.95;3129;True;3129.00;1.56;3129;1.43;3129;0.89
75;50;0;4026;True;4026.00;22.15;4031;4.97;4026;8.12;5867;True;5867.00;67.39;5867;5.42;5867;46.87;4443;True;4443.00;2.85;4443;1.31;4443;1.32;4228;True;4228.00;19.40;4236;4.01;4228;13.58;3906;True;3906.00;41.74;3912;16.98;3906;58.68;3778;True;3778.00;35.41;3788;5.33;3778;19.20
75;50;1;4126;False;4123.19;TL;4126;4.21;4126;120.00;5855;True;5855.00;27.69;5862;9.19;5855;13.79;4678;True;4678.00;16.94;4678;3.86;4678;11.38;4349;True;4349.00;21.43;4354;2.52;4349;13.50;3982;True;3982.00;7.90;3989;5.41;3982;6.19;3886;True;3886.00;30.07;3887;5.23;3886;34.66
75;50;2;4085;True;4085.00;49.88;4085;6.78;4085;120.00;5834;True;5834.00;4.71;5834;2.46;5834;1.89;4466;True;4466.00;8.24;4486;4.44;4466;6.70;4222;True;4222.00;14.52;4222;3.76;4222;7.32;3926;True;3926.00;16.54;3928;2.89;3926;12.96;3780;True;3780.00;93.18;3785;11.17;3780;90.35
75;50;3;3978;True;3978.00;501.18;3990;7.02;3982;120.00;5793;True;5793.00;26.81;5807;4.15;5793;9.68;4375;True;4375.00;45.82;4386;10.13;4375;57.77;4149;True;4149.00;12.27;4171;9.07;4149;6.45;3805;True;3805.00;11.89;3807;3.19;3805;2.96;3710;True;3710.00;36.67;3716;6.75;3710;10.64
75;50;4;3932;True;3932.00;489.07;3941;9.51;3932;120.00;5675;True;5675.00;176.34;5680;13.40;5675;120.00;4403;True;4403.00;26.22;4410;1.55;4403;8.57;4044;True;4044.00;14.21;4062;2.65;4044;4.39;3773;True;3773.00;32.79;3781;9.74;3773;13.98;3647;True;3647.00;253.64;3648;6.21;3647;120.00
75;50;5;3861;True;3861.00;463.29;3884;13.56;3870;120.00;5570;True;5570.00;3.17;5597;5.34;5570;1.00;4121;True;4121.00;12.31;4121;5.68;4121;6.80;3925;True;3925.00;2.89;3937;3.05;3925;1.84;3673;True;3673.00;6.81;3681;6.75;3673;3.62;3564;True;3564.00;11.95;3570;12.09;3564;10.52
75;50;6;3820;True;3820.00;590.77;3832;28.43;3820;120.00;5442;True;5442.00;30.11;5452;7.39;5442;26.71;4327;True;4327.00;277.94;4347;17.13;4341;120.00;4029;True;4029.00;16.48;4040;5.28;4029;10.63;3701;True;3701.00;38.95;3709;6.90;3701;26.85;3614;True;3614.00;186.07;3618;16.41;3618;120.00
75;50;7;3973;True;3973.00;173.68;3979;5.18;3973;120.00;5876;True;5876.00;157.24;5900;43.71;5876;72.19;4485;True;4485.00;244.83;4499;11.26;4491;120.00;4196;True;4196.00;189.54;4220;29.81;4197;120.00;3836;True;3836.00;295.32;3854;5.32;3836;120.00;3742;True;3742.00;383.38;3769;25.52;3752;120.00
75;50;8;4061;True;4061.00;12.62;4061;1.52;4061;74.78;5919;True;5919.00;0.56;5919;0.56;5919;0.88;4486;True;4486.00;30.60;4495;3.78;4486;16.62;4244;True;4244.00;1.96;4244;2.40;4244;1.34;3927;True;3927.00;2.66;3933;1.24;3927;1.24;3799;True;3799.00;9.76;3802;2.70;3799;3.34
75;50;9;4488;False;4482.44;TL;4506;6.36;4500;120.00;6444;True;6444.00;81.72;6466;5.74;6444;52.84;4850;True;4850.00;29.13;4869;4.10;4850;11.42;4582;True;4582.00;26.43;4593;3.44;4582;9.50;4254;True;4254.00;39.42;4274;4.99;4254;50.91;4126;True;4126.00;35.14;4126;3.64;4126;25.08
75;50;10;4030;True;4030.00;980.97;4063;31.73;4055;120.00;5809;True;5809.00;56.69;5848;19.30;5809;50.64;4246;True;4246.00;34.76;4250;1.37;4246;24.46;4045;True;4045.00;63.88;4054;5.56;4045;70.81;3795;True;3795.00;9.21;3803;8.84;3795;2.98;3668;True;3668.00;24.69;3677;6.43;3668;9.57
75;50;11;4432;False;4420.73;TL;4436;7.12;4442;120.00;6338;True;6338.00;7.80;6341;0.87;6338;2.26;4790;True;4790.00;14.54;4790;2.04;4790;13.57;4576;True;4576.00;8.63;4584;2.18;4576;5.58;4247;True;4247.00;2.10;4247;2.92;4247;0.91;4140;True;4140.00;99.03;4145;6.12;4149;120.00
75;50;12;4452;True;4452.00;3.47;4452;2.01;4452;0.87;6442;True;6442.00;1.68;6442;1.34;6442;0.81;4984;True;4984.00;12.40;4999;2.37;4984;6.75;4647;True;4647.00;13.76;4658;4.70;4647;6.49;4298;True;4298.00;12.76;4300;2.44;4298;7.91;4209;True;4209.00;74.53;4219;4.80;4209;36.51
75;50;13;3675;True;3675.00;169.86;3681;5.31;3675;120.00;5291;True;5291.00;36.52;5324;10.26;5291;13.39;4247;True;4247.00;26.50;4280;7.19;4247;15.96;3979;True;3979.00;15.15;3992;4.79;3979;14.68;3557;True;3557.00;7.67;3560;2.42;3557;3.31;3488;True;3488.00;10.93;3495;2.46;3488;6.48
75;50;14;3648;True;3648.00;8.93;3648;2.26;3648;5.89;5252;True;5252.00;11.05;5252;1.03;5252;3.21;3912;True;3912.00;7.07;3928;1.60;3912;3.25;3775;True;3775.00;38.09;3779;3.31;3775;26.50;3507;True;3507.00;5.95;3520;1.65;3507;8.65;3387;True;3387.00;37.71;3394;3.82;3387;21.20
75;50;15;3911;True;3911.00;4.05;3911;1.10;3911;3.18;5620;True;5620.00;5.29;5637;3.44;5620;1.91;4367;True;4367.00;91.46;4398;6.27;4371;120.00;4096;True;4096.00;18.05;4114;3.94;4096;8.94;3799;True;3799.00;15.89;3803;2.95;3799;5.91;3663;True;3663.00;7.38;3676;1.63;3663;2.98
75;50;16;4054;True;4054.00;15.79;4054;2.33;4054;7.58;5858;True;5858.00;36.70;5871;2.60;5858;15.21;4626;True;4626.00;10.43;4630;2.01;4626;5.61;4304;True;4304.00;2.13;4304;0.74;4304;1.36;3940;True;3940.00;5.11;3940;1.11;3940;2.53;3859;True;3859.00;90.49;3867;9.70;3859;57.04
75;50;17;4381;True;4381.00;10.26;4381;2.91;4381;2.56;6145;True;6145.00;25.61;6151;3.23;6145;7.10;4769;True;4769.00;2.79;4773;1.39;4769;1.61;4534;True;4534.00;22.55;4535;2.71;4534;12.90;4209;True;4209.00;15.65;4209;5.04;4209;5.81;4105;True;4105.00;22.52;4110;6.09;4105;20.73
75;50;18;4502;True;4502.00;94.01;4502;2.45;4502;120.00;6483;True;6483.00;3.64;6483;3.76;6483;3.48;4843;True;4843.00;3.27;4854;0.92;4843;2.30;4568;True;4568.00;4.92;4568;1.29;4568;1.78;4330;True;4330.00;8.30;4342;3.72;4330;4.30;4123;True;4123.00;31.51;4142;9.47;4123;24.54
75;50;19;4128;True;4128.00;264.27;4129;3.04;4128;120.00;6086;True;6086.00;20.49;6105;6.61;6086;10.27;4641;True;4641.00;23.62;4646;2.00;4641;16.24;4320;True;4320.00;11.73;4321;2.72;4320;5.75;3938;True;3938.00;12.67;3945;1.14;3938;7.60;3840;True;3840.00;53.90;3843;5.29;3840;52.16
75;50;20;4119;True;4119.00;3453.82;4119;3.47;4119;120.00;5897;True;5897.00;4.10;5897;3.02;5897;2.45;4454;True;4454.00;19.46;4461;3.08;4454;24.20;4257;True;4257.00;14.76;4261;2.89;4257;4.64;3960;True;3960.00;5.76;3975;4.76;3960;5.15;3833;True;3833.00;16.85;3833;4.02;3833;6.27
75;50;21;4161;False;4152.41;TL;4161;11.13;4161;120.00;6001;True;6001.00;17.52;6017;5.23;6001;11.63;4529;True;4529.00;3.18;4535;0.95;4529;1.39;4312;True;4312.00;59.70;4320;5.51;4312;25.15;3990;True;3990.00;214.67;3996;16.24;3990;120.00;3865;True;3865.00;21.50;3871;4.88;3865;7.60
75;50;22;3931;True;3931.00;3.14;3950;4.29;3931;1.68;5819;True;5819.00;31.14;5835;8.66;5819;18.90;4402;True;4402.00;28.74;4431;7.63;4402;21.69;4171;True;4171.00;159.06;4171;20.38;4171;120.00;3862;True;3862.00;185.31;3865;6.71;3870;120.00;3729;True;3729.00;13.08;3751;22.58;3729;17.18
75;50;23;4038;False;4032.97;TL;4041;10.18;4041;120.00;5729;True;5729.00;70.53;5762;3.76;5729;53.47;4307;True;4307.00;151.40;4325;8.22;4308;120.00;4069;True;4069.00;151.54;4083;9.91;4070;120.00;3800;True;3800.00;0.78;3800;0.86;3800;0.97;3690;True;3690.00;9.35;3695;3.49;3690;5.01
75;50;24;4047;True;4045.51;TL;4048;28.97;4048;120.00;5726;True;5726.00;131.01;5751;78.92;5726;83.74;4422;True;4422.00;18.72;4423;2.95;4422;14.59;4130;True;4130.00;14.92;4137;2.86;4130;5.51;3856;True;3856.00;239.56;3862;6.54;3861;120.00;3736;True;3736.00;58.46;3764;12.19;3736;66.54
75;50;25;4029;False;4017.24;TL;4029;14.35;4062;120.00;5860;True;5860.00;88.92;5883;15.38;5860;43.53;4513;True;4513.00;28.83;4535;7.42;4513;23.32;4240;True;4240.00;42.72;4255;6.80;4240;16.81;3874;True;3874.00;16.49;3887;10.22;3874;17.48;3772;True;3772.00;267.16;3783;9.88;3790;120.00
75;50;26;3855;True;3855.00;383.22;3873;4.56;3858;120.00;5598;True;5598.00;16.03;5602;3.38;5598;7.15;4315;True;4315.00;20.85;4319;1.30;4315;20.66;4119;True;4119.00;39.69;4125;2.43;4119;26.82;3728;True;3728.00;7.00;3728;3.34;3728;2.39;3641;True;3641.00;10.56;3644;1.58;3641;4.99
75;50;27;3559;True;3559.00;201.99;3576;10.56;3559;120.00;5112;True;5112.00;16.35;5126;8.06;5112;6.11;3862;True;3862.00;4.71;3879;3.17;3862;2.89;3654;True;3654.00;19.31;3657;5.46;3654;5.95;3445;True;3445.00;22.00;3468;40.59;3445;27.29;3319;True;3319.00;312.08;3328;36.78;3319;120.00
75;50;28;4014;False;4004.64;TL;4018;24.56;4031;120.00;5692;True;5692.00;14.28;5707;3.83;5692;5.43;4306;True;4306.00;48.90;4316;3.42;4306;31.09;4113;True;4113.00;80.98;4115;4.72;4113;31.93;3800;True;3800.00;18.22;3816;5.47;3800;12.09;3708;True;3708.00;32.40;3713;3.99;3708;29.70
75;50;29;4084;True;4084.00;35.04;4106;16.20;4084;120.00;5858;True;5858.00;6.15;5866;1.18;5858;1.62;4437;True;4437.00;5.27;4443;0.93;4437;1.90;4189;True;4189.00;3.02;4202;1.14;4189;1.69;3937;True;3937.00;5.78;3947;2.46;3937;2.43;3759;True;3759.00;9.50;3764;1.71;3759;2.76
75;50;30;3992;True;3989.58;TL;3999;6.62;4001;120.00;5625;True;5625.00;10.08;5629;2.71;5625;3.07;4253;True;4253.00;19.99;4263;3.37;4253;17.83;4002;True;4002.00;2.22;4002;2.93;4002;1.70;3810;True;3810.00;96.83;3811;6.40;3810;69.64;3669;True;3669.00;7.58;3670;6.18;3669;11.67
75;50;31;3945;True;3945.00;80.88;3949;4.91;3945;97.63;5645;True;5645.00;74.62;5665;31.08;5645;33.55;4339;True;4339.00;22.14;4339;2.72;4339;10.94;4101;True;4101.00;93.49;4104;3.53;4101;69.79;3820;True;3820.00;110.76;3824;4.43;3820;86.45;3682;True;3682.00;93.79;3711;5.48;3682;76.76
75;50;32;3677;True;3677.00;283.87;3677;3.18;3677;120.00;5251;True;5251.00;0.71;5251;0.79;5251;0.73;4076;True;4076.00;13.68;4105;5.40;4076;7.19;3837;True;3837.00;14.24;3842;2.20;3837;9.63;3541;True;3541.00;23.52;3542;1.40;3541;4.90;3418;True;3418.00;10.04;3430;2.15;3418;4.73
75;50;33;3901;True;3901.00;290.02;3901;8.62;3901;120.00;5590;True;5590.00;130.24;5601;7.82;5590;95.91;4304;True;4304.00;35.53;4329;3.01;4304;38.93;4072;True;4072.00;55.98;4089;2.62;4072;93.85;3748;True;3748.00;16.87;3775;5.43;3748;12.57;3663;True;3663.00;22.04;3663;5.34;3663;35.11
75;50;34;3916;True;3916.00;4.57;3916;7.44;3916;15.46;5692;True;5692.00;131.85;5795;7.28;5692;87.00;4294;True;4294.00;28.58;4294;7.61;4294;24.47;4004;True;4004.00;51.51;4004;4.02;4004;21.68;3720;True;3720.00;28.14;3722;29.38;3720;22.87;3619;True;3619.00;19.73;3634;20.43;3619;11.78
75;50;35;3770;True;3770.00;876.54;3800;5.08;3773;120.00;5457;True;5457.00;73.91;5479;11.90;5457;120.00;4251;True;4251.00;40.06;4252;2.70;4251;23.95;3987;True;3987.00;9.00;4005;6.86;3987;5.02;3673;True;3673.00;95.71;3685;5.88;3673;99.66;3565;True;3565.00;84.69;3589;5.35;3565;57.96
75;50;36;3856;True;3856.00;227.02;3862;7.20;3856;120.00;5635;True;5635.00;4.44;5647;6.27;5635;2.61;4135;True;4135.00;15.02;4153;4.16;4135;15.98;3923;True;3923.00;1.94;3923;2.34;3923;1.20;3690;True;3690.00;5.51;3690;3.15;3690;3.61;3561;True;3561.00;57.89;3567;5.61;3561;36.97
75;50;37;3985;True;3985.00;99.33;4005;22.28;3985;120.00;5715;True;5715.00;24.16;5725;5.62;5715;10.90;4516;True;4516.00;7.85;4516;2.91;4516;5.50;4299;True;4299.00;88.30;4303;4.97;4299;120.00;3858;True;3858.00;14.90;3875;9.88;3858;10.09;3774;True;3774.00;90.27;3781;22.23;3774;65.20
75;50;38;4625;True;4625.00;10.08;4630;2.31;4625;29.80;6563;True;6563.00;13.13;6567;3.44;6563;6.93;5091;True;5091.00;13.30;5107;2.84;5091;3.74;4724;True;4724.00;16.60;4734;3.75;4724;5.19;4343;True;4343.00;18.28;4358;4.51;4343;12.73;4200;True;4200.00;7.91;4206;2.48;4200;4.52
75;50;39;3961;True;3961.00;605.51;3970;2.99;3970;120.00;5543;True;5543.00;65.98;5556;33.39;5543;59.57;4270;True;4270.00;19.99;4272;2.48;4270;8.01;4016;True;4016.00;6.89;4016;2.04;4016;4.27;3776;True;3776.00;52.74;3783;25.70;3776;89.88;3647;True;3647.00;23.83;3647;4.59;3647;9.22
75;60;0;4264;False;4257.53;TL;4264;14.53;4264;120.00;6019;True;6019.00;30.49;6024;5.96;6019;18.54;4579;True;4579.00;33.13;4596;9.94;4579;22.08;4336;True;4336.00;30.26;4345;9.41;4336;14.70;4087;True;4087.00;60.25;4094;7.58;4087;24.43;3949;True;3949.00;29.95;3957;7.47;3949;48.69
75;60;1;5249;True;5249.00;144.16;5255;11.03;5249;120.00;7698;True;7698.00;270.30;7710;19.21;7703;120.00;5669;True;5669.00;1.63;5669;2.36;5669;0.86;5379;True;5379.00;26.77;5389;5.26;5379;11.41;5036;True;5036.00;207.69;5043;120.00;5036;120.00;4844;True;4844.00;28.41;4848;6.53;4844;15.70
75;60;2;4554;True;4554.00;605.36;4554;16.72;4554;120.00;6562;True;6562.00;87.43;6579;16.71;6562;32.93;5144;True;5144.00;143.61;5169;10.04;5144;120.00;4838;True;4838.00;479.96;4857;37.31;4860;120.00;4435;True;4435.00;566.43;4450;9.58;4435;120.00;4353;True;4353.00;1092.39;4371;22.24;4360;120.00
75;60;3;4647;False;4633.62;TL;4647;40.47;4660;120.00;6595;True;6595.00;122.74;6604;20.83;6595;43.00;5133;True;5133.00;11.02;5146;4.99;5133;2.90;4885;True;4885.00;129.23;4885;6.74;4885;120.00;4473;True;4473.00;266.60;4486;35.44;4489;120.00;4406;True;4406.00;478.89;4422;116.82;4429;120.00
75;60;4;4451;False;4443.25;TL;4451;26.73;4451;120.00;6394;True;6394.00;231.78;6394;8.58;6394;82.13;4898;True;4898.00;87.64;4907;7.55;4898;28.53;4569;True;4569.00;233.99;4572;5.29;4569;120.00;4211;True;4211.00;86.08;4214;4.70;4211;21.24;4139;True;4139.00;491.89;4148;17.52;4139;120.00
75;60;5;4418;False;4401.10;TL;4428;23.03;4427;120.00;6395;True;6395.00;129.20;6419;38.81;6402;120.00;4759;True;4759.00;105.38;4772;10.31;4759;58.59;4491;True;4491.00;6.65;4495;4.58;4491;4.22;4246;True;4246.00;120.33;4258;8.51;4246;35.95;4106;True;4106.00;40.51;4114;21.99;4106;46.52
75;60;6;4442;False;4439.24;TL;4452;13.87;4455;120.00;6346;True;6346.00;88.47;6353;12.85;6346;37.67;4886;True;4886.00;9.87;4890;3.06;4886;3.57;4577;True;4577.00;12.69;4584;4.11;4577;6.87;4214;True;4214.00;39.05;4214;14.92;4214;14.19;4129;True;4129.00;497.47;4132;52.92;4129;120.00
75;60;7;4683;True;4683.00;11.41;4683;8.08;4683;16.44;6738;True;6738.00;226.01;6778;35.45;6776;120.00;5101;True;5101.00;48.11;5111;9.91;5101;52.74;4816;True;4816.00;15.46;4822;8.49;4816;11.69;4490;True;4490.00;90.30;4506;52.46;4490;29.92;4328;True;4328.00;31.30;4336;8.37;4328;31.68
75;60;8;4775;True;4775.00;70.20;4775;3.48;4775;120.00;6901;True;6901.00;203.25;6902;9.17;6901;120.00;5333;True;5333.00;35.15;5345;7.82;5333;49.29;5062;True;5062.00;17.22;5079;13.96;5062;6.70;4663;True;4663.00;86.76;4669;12.54;4663;78.38;4540;True;4540.00;163.05;4549;36.36;4540;79.86
75;60;9;4783;True;4783.00;196.95;4793;19.70;4785;120.00;6732;True;6732.00;84.48;6744;16.89;6732;53.62;5290;True;5290.00;70.06;5303;35.53;5290;56.72;4903;True;4903.00;101.87;4915;10.74;4903;90.77;4569;True;4569.00;33.79;4572;6.54;4569;21.86;4457;True;4457.00;71.23;4468;27.40;4457;70.52
75;60;10;4923;True;4923.00;60.41;4924;7.25;4923;120.00;7164;True;7164.00;55.99;7165;16.00;7164;21.82;5406;True;5406.00;13.29;5451;17.41;5406;7.72;5100;True;5100.00;8.01;5114;7.51;5100;5.24;4752;True;4752.00;26.65;4754;3.78;4752;25.97;4623;True;4623.00;30.77;4640;34.05;4623;37.13
75;60;11;4517;True;4517.00;5.82;4517;2.15;4517;3.57;6497;True;6497.00;60.74;6520;8.20;6497;14.18;5082;True;5082.00;13.65;5082;8.29;5082;4.33;4770;True;4770.00;53.20;4800;36.81;4770;35.10;4356;True;4356.00;9.86;4356;2.28;4356;3.55;4202;True;4202.00;96.84;4213;23.38;4202;86.69
75;60;12;5215;True;5213.02;TL;5226;7.44;5218;120.00;7519;True;7519.00;14.00;7532;4.96;7519;3.70;5873;True;5873.00;145.85;5876;11.55;5873;120.00;5560;True;5560.00;21.88;5582;21.26;5560;15.29;5033;True;5033.00;65.25;5033;7.08;5033;50.41;4894;True;4894.00;294.41;4903;14.67;4895;120.00
75;60;13;5288;False;5267.27;TL;5302;21.22;5288;120.00;7574;True;7574.00;74.65;7600;24.65;7574;75.98;5762;True;5762.00;158.29;5769;8.58;5762;120.00;5486;True;5486.00;25.49;5499;2.65;5486;30.46;5058;True;5058.00;85.98;5061;13.16;5058;41.16;4934;True;4934.00;250.27;4951;29.94;4934;120.00
75;60;14;4633;True;4633.00;853.73;4654;69.53;4633;120.00;6411;True;6411.00;351.09;6434;39.88;6416;120.00;4971;True;4971.00;16.50;4976;9.61;4971;10.05;4696;True;4696.00;30.86;4714;8.34;4696;18.82;4415;True;4415.00;153.47;4428;43.03;4417;120.00;4283;True;4283.00;12.46;4291;8.87;4283;4.35
75;60;15;4373;True;4373.00;48.17;4373;6.76;4373;73.50;6308;True;6308.00;54.40;6308;7.11;6308;24.28;4835;True;4835.00;24.22;4843;6.04;4835;10.86;4588;True;4588.00;83.04;4596;5.41;4588;67.60;4253;True;4253.00;51.92;4279;78.80;4253;51.09;4150;True;4150.00;116.63;4156;17.10;4150;120.00
75;60;16;4349;True;4349.00;1421.42;4356;18.15;4349;120.00;6201;True;6201.00;35.45;6201;18.95;6201;9.34;4846;True;4846.00;156.38;4849;29.61;4849;120.00;4576;True;4576.00;49.45;4582;13.00;4576;35.79;4198;True;4198.00;221.92;4201;6.98;4198;78.65;4087;True;4087.00;56.74;4094;12.63;4087;34.07
75;60;17;4917;True;4917.00;525.84;4919;6.15;4917;120.00;7040;True;7040.00;63.14;7058;6.09;7040;22.03;5453;True;5453.00;73.61;5457;6.26;5453;50.70;5132;True;5132.00;21.36;5152;6.43;5132;14.28;4744;True;4744.00;12.42;4761;5.59;4744;5.22;4593;True;4593.00;46.16;4610;11.36;4593;28.40
75;60;18;4230;True;4230.00;3575.42;4230;4.19;4230;120.00;6287;True;6287.00;116.42;6305;14.58;6287;62.33;4723;True;4723.00;21.55;4746;7.10;4723;15.24;4477;True;4477.00;20.45;4485;2.51;4477;13.51;4105;True;4105.00;110.21;4118;33.01;4105;120.00;4003;True;4003.00;142.32;4003;14.56;4008;120.00
75;60;19;4897;True;4888.67;TL;4897;10.90;4906;120.00;7115;True;7115.00;780.33;7115;60.75;7121;120.00;5376;True;5376.00;134.39;5378;9.67;5376;120.00;5068;True;5068.00;31.19;5084;10.39;5068;22.39;4692;True;4692.00;74.39;4694;9.41;4692;45.66;4558;True;4558.00;364.52;4572;96.94;4560;120.00
75;60;20;4926;True;4926.00;233.46;4935;31.31;4926;120.00;7038;True;7038.00;59.67;7059;15.16;7038;31.30;5554;True;5554.00;47.06;5561;6.74;5554;27.68;5227;True;5227.00;87.27;5244;32.97;5227;67.04;4740;True;4740.00;64.33;4744;7.77;4740;31.87;4599;True;4599.00;89.22;4610;28.76;4599;88.76
75;60;21;4396;True;4396.00;3260.24;4396;6.43;4396;120.00;6416;True;6416.00;72.64;6418;9.20;6416;18.61;4745;True;4745.00;111.15;4752;9.53;4745;120.00;4452;True;4452.00;84.75;4455;5.88;4452;53.27;4202;True;4202.00;54.65;4207;4.32;4202;20.88;4030;True;4030.00;69.03;4043;12.62;4030;43.22
75;60;22;4553;True;4553.00;590.19;4553;4.77;4553;120.00;6668;True;6668.00;28.94;6692;7.06;6668;15.50;5112;True;5112.00;324.26;5126;50.85;5120;120.00;4803;True;4803.00;209.58;4831;15.89;4803;120.00;4401;True;4401.00;4.65;4414;2.46;4401;1.58;4305;True;4305.00;56.61;4318;11.15;4305;65.96
75;60;23;4957;True;4957.00;25.95;4966;9.09;4957;120.00;7031;True;7031.00;2.15;7033;1.04;7031;0.80;5338;True;5338.00;57.88;5340;2.39;5338;37.91;5013;True;5013.00;15.38;5030;7.22;5013;13.35;4718;True;4718.00;14.71;4718;6.96;4718;5.77;4583;True;4583.00;30.55;4595;55.29;4583;25.51
75;60;24;4025;True;4025.00;300.10;4035;12.65;4031;120.00;5853;True;5853.00;63.49;5853;5.74;5853;21.68;4389;True;4389.00;94.92;4424;98.14;4389;120.00;4151;True;4151.00;27.19;4162;9.88;4151;26.04;3902;True;3902.00;255.09;3911;56.32;3902;120.00;3782;True;3782.00;58.99;3789;8.34;3782;34.82
75;60;25;4031;True;4031.00;549.84;4047;34.50;4031;120.00;5822;True;5822.00;428.79;5827;44.69;5822;120.00;4495;True;4495.00;237.87;4514;43.66;4495;120.00;4213;True;4213.00;20.52;4244;39.29;4213;17.54;3853;True;3853.00;147.76;3853;12.95;3866;120.00;3762;True;3762.00;1319.23;3778;116.10;3764;120.00
75;60;26;4854;False;4850.34;TL;4854;13.32;4854;120.00;6883;True;6883.00;132.00;6911;32.12;6883;36.04;5146;True;5146.00;10.69;5149;3.10;5146;15.12;4885;True;4885.00;9.97;4894;1.90;4885;8.23;4599;True;4599.00;12.71;4607;5.69;4599;6.15;4461;True;4461.00;120.28;4482;45.26;4461;65.12
75;60;27;4856;False;4848.90;TL;4867;20.14;4856;120.00;7101;True;7101.00;400.48;7117;58.80;7108;120.00;5495;True;5495.00;124.68;5495;6.44;5495;120.00;5207;True;5207.00;231.37;5218;24.11;5207;120.00;4700;True;4700.00;12.68;4700;18.84;4700;3.03;4591;True;4591.00;60.17;4601;31.93;4591;70.11
75;60;28;4316;True;4316.00;447.17;4330;24.24;4331;120.00;6036;True;6036.00;21.91;6051;2.74;6036;6.76;4914;True;4914.00;63.23;4925;27.00;4914;44.73;4558;True;4558.00;4.27;4562;3.58;4558;2.88;4209;True;4209.00;26.90;4220;25.42;4209;16.07;4024;True;4024.00;150.11;4032;64.13;4031;120.00
75;60;29;4888;True;4888.00;285.62;4888;8.88;4888;120.00;7077;True;7077.00;11.53;7114;10.61;7077;4.42;5621;True;5621.00;41.39;5634;7.85;5621;22.82;5229;True;5229.00;40.44;5258;6.91;5229;31.01;4747;True;4747.00;34.54;4747;5.38;4747;17.68;4610;True;4610.00;23.60;4610;5.23;4610;22.49
75;60;30;4400;True;4400.00;967.36;4427;48.65;4400;120.00;6238;True;6238.00;89.34;6240;6.65;6238;44.22;4819;True;4819.00;10.98;4837;5.14;4819;7.83;4582;True;4582.00;80.42;4590;4.98;4582;56.72;4271;True;4271.00;32.14;4276;10.95;4271;16.12;4119;True;4119.00;48.69;4125;6.59;4119;49.27
75;60;31;4655;True;4655.00;63.29;4655;7.69;4655;120.00;6374;True;6374.00;7.55;6374;3.96;6374;4.88;5122;True;5122.00;78.08;5136;16.34;5122;92.02;4798;True;4798.00;74.99;4805;9.72;4798;58.45;4485;True;4485.00;65.78;4493;24.98;4485;108.92;4353;True;4353.00;53.60;4366;7.10;4353;40.80
75;60;32;4695;False;4688.13;TL;4703;37.78;4705;120.00;6790;True;6790.00;77.65;6805;24.61;6790;78.14;5160;True;5160.00;535.27;5185;11.86;5161;120.00;4887;True;4887.00;90.87;4887;4.35;4919;120.00;4519;True;4519.00;167.35;4523;16.53;4519;120.00;4362;True;4362.00;442.10;4379;26.59;4381;120.00
75;60;33;5144;True;5144.00;486.72;5144;7.48;5144;120.00;7380;True;7380.00;50.54;7392;8.94;7380;20.93;5479;True;5479.00;5.98;5479;1.84;5479;2.29;5307;True;5307.00;22.92;5316;4.85;5307;6.45;4949;True;4949.00;122.99;4954;7.46;4949;75.39;4798;True;4798.00;259.52;4802;27.07;4798;120.00
75;60;34;5278;True;5277.25;TL;5288;12.36;5281;120.00;7712;True;7712.00;109.00;7712;4.08;7712;60.00;5832;True;5832.00;307.71;5844;37.18;5835;120.00;5486;True;5486.00;168.95;5505;15.72;5490;120.00;5021;True;5021.00;78.86;5034;18.43;5021;120.00;4862;True;4862.00;183.92;4867;11.25;4862;120.00
75;60;35;4794;True;4794.00;73.07;4805;8.94;4794;120.00;6763;True;6763.00;27.82;6801;7.30;6763;12.57;5277;True;5277.00;15.98;5277;1.41;5277;7.99;5004;True;5004.00;53.74;5011;6.14;5004;43.82;4614;True;4614.00;47.89;4634;42.02;4614;31.04;4519;True;4519.00;51.09;4530;12.80;4519;31.74
75;60;36;4972;False;4950.66;TL;4972;14.48;4979;120.00;6926;True;6926.00;133.71;6933;9.66;6926;89.88;5362;True;5362.00;82.52;5367;5.73;5362;65.84;5076;True;5076.00;73.13;5083;5.64;5076;42.08;4658;True;4658.00;22.10;4662;12.91;4658;8.31;4603;True;4603.00;133.81;4603;10.70;4603;120.00
75;60;37;4633;True;4633.00;703.30;4633;13.05;4633;120.00;6679;True;6679.00;145.07;6702;7.71;6704;120.00;5206;True;5206.00;54.21;5209;22.30;5206;28.37;4946;True;4946.00;34.28;4957;14.83;4946;20.46;4513;True;4513.00;522.92;4522;35.80;4527;120.00;4399;True;4399.00;15.31;4422;12.50;4399;11.60
75;60;38;4539;True;4539.00;2295.21;4550;15.22;4609;120.00;6475;True;6468.77;TL;6485;13.48;6582;120.00;5205;True;5205.00;487.39;5222;7.23;5287;120.00;4876;True;4876.00;435.65;4937;16.79;4959;120.00;4432;True;4432.00;47.85;4442;4.78;4432;72.27;4340;True;4340.00;345.92;4343;8.18;4340;120.00
75;60;39;4468;True;4468.00;148.70;4468;5.97;4468;120.00;6339;True;6339.00;72.02;6350;8.42;6339;37.01;4935;True;4935.00;16.77;4959;7.80;4935;7.76;4656;True;4656.00;17.36;4673;5.06;4656;8.18;4328;True;4328.00;53.22;4339;13.57;4328;46.39;4226;True;4226.00;163.23;4240;39.12;4226;120.00
75;70;0;5317;True;5317.00;26.22;5348;42.11;5317;94.08;7575;True;7575.00;211.81;7582;66.82;7575;120.00;5852;True;5852.00;20.64;5874;50.88;5852;21.92;5518;True;5518.00;226.97;5526;49.65;5531;120.00;5147;True;5147.00;81.00;5149;6.03;5147;120.00;4958;True;4958.00;128.24;4966;99.65;4974;120.00
75;70;1;5511;False;5466.40;TL;5517;54.58;5586;120.00;7984;True;7984.00;2911.60;8058;43.00;8060;120.00;6072;True;6063.84;TL;6087;17.70;6144;120.00;5729;False;5720.50;TL;5729;43.68;5865;120.00;5224;True;5219.91;TL;5224;35.06;5299;120.00;5118;False;5092.59;TL;5177;120.00;5156;120.00
75;70;2;5290;True;5285.50;TL;5300;35.54;5290;120.00;7757;True;7757.00;1008.94;7776;54.30;7771;120.00;5788;True;5788.00;105.09;5791;48.68;5788;71.83;5544;True;5544.00;129.25;5551;11.09;5544;120.00;5083;True;5083.00;88.22;5087;10.78;5083;56.47;4972;True;4972.00;113.95;4977;13.11;4974;120.00
75;70;3;5357;True;5357.00;3530.89;5365;79.63;5357;120.00;7701;True;7701.00;183.75;7718;23.93;7701;120.00;5880;True;5880.00;150.70;5885;43.79;5880;120.00;5548;True;5548.00;58.61;5568;98.11;5548;34.37;5119;True;5119.00;241.99;5358;120.00;5121;120.00;4989;True;4989.00;141.14;5023;120.00;4998;120.00
75;70;4;5411;True;5411.00;105.95;5427;14.24;5411;120.00;7854;True;7854.00;788.16;7869;19.89;7854;120.00;5812;True;5812.00;68.42;5837;49.72;5812;65.79;5553;True;5553.00;372.16;5581;120.00;5557;120.00;5155;True;5155.00;60.07;5174;25.07;5155;23.23;5024;True;5024.00;159.90;5033;15.35;5024;107.86
75;70;5;5209;True;5209.00;72.00;5209;17.48;5209;102.66;7434;True;7434.00;74.59;7463;37.39;7434;59.29;5795;True;5795.00;234.48;5871;116.78;5800;120.00;5451;True;5451.00;222.79;5472;16.44;5451;120.00;4989;True;4989.00;70.52;4993;15.40;4989;39.21;4834;True;4834.00;156.07;4849;46.79;4834;120.00
75;70;6;5762;False;5756.76;TL;5762;87.73;5773;120.00;8243;True;8243.00;85.67;8253;8.26;8243;67.39;6355;True;6355.00;73.81;6360;4.89;6355;97.09;5953;True;5953.00;59.00;5966;9.34;5953;40.57;5498;True;5498.00;117.89;5506;22.37;5498;120.00;5356;True;5356.00;414.63;5367;9.24;5357;120.00
75;70;7;5212;False;5202.19;TL;5212;35.87;5212;120.00;7325;True;7325.00;107.34;7345;12.74;7325;44.15;5535;True;5535.00;604.68;5547;50.50;5544;120.00;5299;True;5299.00;882.34;5312;104.71;5311;120.00;4918;True;4918.00;22.69;4920;5.88;4918;13.03;4770;True;4770.00;161.73;4775;11.53;4770;120.00
75;70;8;4969;True;4969.00;2609.28;5011;119.49;4980;120.00;6996;True;6996.00;168.91;6996;70.09;6996;120.00;5458;True;5458.00;346.15;5493;116.40;5462;120.00;5115;True;5115.00;474.03;5132;58.90;5116;120.00;4807;True;4807.00;1205.31;4822;120.00;4807;120.00;4624;True;4624.00;39.43;4656;120.00;4624;18.31
75;70;9;5692;True;5692.00;107.13;5707;50.98;5692;120.00;8317;True;8317.00;75.80;8322;7.71;8317;42.23;6295;True;6295.00;62.04;6311;10.86;6295;37.85;5984;True;5984.00;53.69;5984;3.52;5984;43.91;5459;True;5459.00;6.13;5484;62.15;5459;2.04;5329;True;5329.00;111.61;5329;25.28;5347;120.00
75;70;10;5582;True;5582.00;233.55;5597;62.98;5597;120.00;8038;True;8038.00;303.54;8052;97.57;8064;120.00;6183;True;6183.00;284.99;6205;17.41;6184;120.00;5816;True;5816.00;173.43;5823;9.55;5817;120.00;5360;True;5360.00;161.84;5372;67.58;5391;120.00;5202;True;5202.00;712.77;5213;44.27;5208;120.00
75;70;11;5603;False;5598.52;TL;5603;9.95;5603;120.00;8234;True;8234.00;293.95;8234;10.09;8237;120.00;6187;True;6187.00;213.45;6207;41.50;6195;120.00;5898;True;5898.00;765.48;5906;57.37;5898;120.00;5453;True;5453.00;167.79;5460;12.72;5457;120.00;5309;True;5309.00;627.86;5309;63.68;5335;120.00
75;70;12;5743;True;5743.00;356.96;5743;7.24;5743;120.00;8191;True;8191.00;63.41;8218;79.58;8191;50.55;6239;True;6239.00;9.37;6255;9.13;6239;5.56;5915;True;5915.00;81.73;5927;22.87;5915;99.27;5498;True;5498.00;31.19;5499;19.02;5498;32.71;5314;True;5314.00;81.51;5320;11.65;5314;110.84
75;70;13;5342;True;5342.00;2981.69;5348;24.57;5361;120.00;7798;True;7798.00;1430.32;7828;120.00;7830;120.00;5966;True;5966.00;1791.83;6019;70.26;6114;120.00;5641;True;5641.00;242.99;5653;39.02;5798;120.00;5173;True;5168.61;TL;5183;13.82;5228;120.00;5028;True;5028.00;50.94;5030;29.49;5028;90.01
75;70;14;5914;False;5882.41;TL;5927;15.15;6002;120.00;8398;True;8398.00;1824.27;8409;17.21;8441;120.00;6565;False;6546.52;TL;6610;38.74;6590;120.00;6130;False;6121.72;TL;6160;17.56;6221;120.00;5669;False;5662.84;TL;5694;26.55;5761;120.00;5486;True;5485.50;TL;5524;34.64;5546;120.00
75;70;15;5043;True;5043.00;398.77;5070;81.17;5055;120.00;7276;True;7276.00;1.95;7276;2.03;7276;3.53;5518;True;5518.00;54.79;5535;16.35;5518;24.54;5248;True;5248.00;45.30;5262;30.80;5248;30.03;4885;True;4885.00;295.13;4889;15.64;4885;120.00;4725;True;4725.00;32.40;4738;18.38;4725;19.29
75;70;16;5483;True;5483.00;1664.82;5490;13.47;5483;120.00;7998;True;7998.00;186.66;8027;90.60;8003;120.00;5984;True;5984.00;489.17;6015;82.56;5994;120.00;5671;True;5671.00;518.78;5687;15.29;5696;120.00;5276;True;5276.00;903.65;5282;53.22;5284;120.00;5102;True;5102.00;489.14;5116;31.20;5102;120.00
75;70;17;5979;True;5979.00;496.24;5983;10.11;5979;120.00;8622;True;8622.00;320.94;8630;31.49;8643;120.00;6601;True;6601.00;100.52;6619;40.24;6601;108.58;6176;True;6176.00;306.90;6183;22.48;6180;120.00;5793;True;5793.00;195.04;5794;15.40;5793;120.00;5636;True;5636.00;417.53;5655;104.81;5643;120.00
75;70;18;5985;True;5985.00;1627.42;5993;9.74;5985;120.00;8500;True;8500.00;442.15;8516;19.13;8502;120.00;6315;True;6315.00;55.68;6320;5.13;6315;30.95;6017;True;6017.00;8.87;6019;4.38;6017;5.15;5758;True;5758.00;345.90;5779;32.17;5790;120.00;5516;True;5516.00;820.39;5523;31.35;5526;120.00
75;70;19;5556;True;5551.80;TL;5556;14.27;5556;120.00;7863;True;7863.00;3021.92;7912;76.44;7878;120.00;6112;True;6112.00;43.97;6118;5.82;6112;54.87;5732;True;5732.00;432.85;5798;120.00;5762;120.00;5337;True;5337.00;1414.68;5365;47.65;5384;120.00;5165;True;5165.00;52.15;5190;109.74;5173;120.00
75;70;20;5803;False;5800.68;TL;5806;5.85;5804;120.00;8395;True;8395.00;53.99;8408;3.26;8395;26.50;6466;True;6466.00;12.19;6495;17.77;6466;43.98;6074;True;6074.00;272.68;6086;10.78;6108;120.00;5583;True;5583.00;45.44;5596;8.06;5583;38.45;5457;True;5457.00;133.68;5465;38.60;5457;120.00
75;70;21;5206;True;5206.00;1052.94;5206;3.36;5206;120.00;7561;True;7561.00;169.55;7569;40.40;7561;102.50;5778;True;5778.00;35.92;5788;12.63;5778;22.79;5487;True;5487.00;80.38;5494;4.50;5487;93.38;5041;True;5041.00;30.24;5055;15.37;5041;18.18;4933;True;4933.00;309.70;4943;80.11;4943;120.00
75;70;22;5408;True;5408.00;135.33;5419;45.54;5408;120.00;7834;True;7834.00;767.53;7876;120.00;7857;120.00;5989;True;5989.00;147.78;6013;95.36;5989;120.00;5740;True;5740.00;384.77;5750;20.83;5748;120.00;5258;True;5258.00;452.33;5301;55.38;5287;120.00;5126;True;5126.00;521.10;5172;120.00;5126;120.00
75;70;23;4961;False;4944.45;TL;4972;27.43;5094;120.00;7167;True;7167.00;2484.68;7181;88.50;7216;120.00;5531;True;5531.00;249.72;5564;116.49;5542;120.00;5205;True;5205.00;13.06;5214;7.27;5205;11.94;4779;True;4779.00;813.81;4784;11.32;4780;120.00;4666;True;4666.00;20.30;4666;6.18;4666;20.65
75;70;24;5212;True;5212.00;987.59;5236;120.00;5231;120.00;7530;True;7530.00;229.65;7542;12.44;7536;120.00;5564;True;5564.00;267.52;5578;23.75;5571;120.00;5288;True;5288.00;426.88;5297;13.21;5293;120.00;4935;True;4935.00;33.47;4935;16.08;4935;15.68;4758;True;4758.00;472.78;4773;88.40;4762;120.00
75;70;25;5486;False;5472.03;TL;5497;118.71;5487;120.00;7941;True;7941.00;264.24;7951;34.00;7941;120.00;6054;True;6054.00;46.97;6077;13.61;6054;57.15;5672;True;5672.00;120.54;5685;27.60;5678;120.00;5311;True;5311.00;77.15;5323;39.72;5311;45.99;5089;True;5089.00;12.09;5127;60.43;5089;8.09
75;70;26;5108;False;5104.56;TL;5121;103.56;5141;120.00;7426;True;7426.00;110.97;7450;103.50;7426;107.07;5615;True;5615.00;120.48;5627;25.26;5617;120.00;5380;True;5380.00;169.62;5384;17.46;5380;120.00;4943;True;4943.00;248.23;4959;39.11;4946;120.00;4839;False;4836.28;TL;4859;120.00;4864;120.00
75;70;27;5146;True;5146.00;354.41;5146;11.11;5146;120.00;7407;True;7407.00;80.75;7419;52.70;7407;37.63;5898;True;5898.00;204.07;5998;117.28;5905;120.00;5504;True;5504.00;77.45;5509;16.02;5504;69.64;5022;True;5022.00;159.37;5022;74.98;5022;118.03;4913;True;4913.00;444.94;4934;120.00;4915;120.00
75;70;28;5094;False;5090.23;TL;5094;28.93;5094;120.00;7295;True;7295.00;107.83;7360;120.00;7295;87.89;5736;True;5736.00;334.90;5778;117.55;5742;120.00;5338;True;5338.00;2455.48;5349;120.00;5354;120.00;4888;True;4888.00;147.72;4894;11.77;4888;79.68;4777;True;4777.00;459.50;4799;120.00;4777;120.00
75;70;29;4797;True;4795.56;TL;4797;31.26;4801;120.00;6985;True;6985.00;23.32;6999;9.88;6985;7.94;5316;True;5316.00;272.70;5333;79.19;5320;120.00;5010;True;5010.00;470.01;5025;49.18;5020;120.00;4635;True;4635.00;208.25;4706;120.00;4635;120.00;4488;True;4488.00;348.85;4490;80.21;4498;120.00
75;70;30;5296;False;5290.20;TL;5300;26.04;5298;120.00;7850;True;7850.00;240.54;7867;62.55;7851;120.00;5951;True;5951.00;922.61;5977;43.15;6046;120.00;5641;True;5641.00;106.97;5672;82.75;5641;120.00;5124;True;5124.00;28.84;5129;12.08;5124;17.77;5018;True;5018.00;383.73;5027;14.43;5026;120.00
75;70;31;4949;True;4949.00;617.98;4977;119.35;4949;120.00;6945;True;6945.00;4.79;6945;12.54;6945;2.97;5403;False;5381.47;TL;5403;71.65;5410;120.00;5079;True;5079.00;384.21;5100;56.74;5085;120.00;4804;True;4804.00;328.58;4807;78.35;4810;120.00;4630;True;4630.00;785.18;4637;66.79;4640;120.00
75;70;32;5532;False;5507.97;TL;5537;45.51;5536;120.00;7973;True;7973.00;676.68;7989;75.22;7973;120.00;6249;True;6249.00;183.53;6276;92.76;6249;92.59;5843;True;5843.00;407.90;5856;59.07;5848;120.00;5355;True;5355.00;214.36;5356;29.47;5355;120.00;5189;True;5189.00;327.09;5192;45.87;5192;120.00
75;70;33;5425;False;5416.77;TL;5429;16.45;5425;120.00;7858;True;7858.00;539.75;7877;82.04;7889;120.00;5987;True;5987.00;151.15;5987;16.73;5987;120.00;5774;True;5774.00;304.38;5785;35.33;5774;120.00;5264;True;5264.00;209.33;5267;20.17;5265;120.00;5142;True;5142.00;1161.58;5157;120.00;5150;120.00
75;70;34;5639;False;5636.10;TL;5641;50.96;5646;120.00;8011;True;8011.00;152.73;8034;25.02;8011;65.82;6110;True;6110.00;132.88;6130;6.59;6110;64.18;5789;True;5789.00;224.40;5818;42.77;5801;120.00;5380;True;5380.00;74.37;5392;14.33;5380;27.45;5241;True;5241.00;243.65;5259;120.00;5241;120.00
75;70;35;5062;True;5060.98;TL;5062;17.04;5062;120.00;7163;True;7163.00;35.18;7184;6.97;7163;18.20;5539;True;5539.00;15.37;5542;2.96;5539;6.64;5300;True;5300.00;53.06;5315;12.88;5300;47.63;4911;True;4911.00;80.55;4923;33.99;4911;53.82;4811;True;4811.00;203.02;4812;11.57;4811;120.00
75;70;36;5308;False;5302.23;TL;5312;31.58;5354;120.00;7494;True;7494.00;125.87;7510;6.62;7494;120.00;5548;True;5548.00;537.40;5578;26.40;5613;120.00;5292;True;5290.42;TL;5315;54.61;5346;120.00;4946;True;4945.71;TL;4976;10.19;4988;120.00;4767;True;4767.00;1726.83;4772;13.93;4817;120.00
75;70;37;5094;False;5058.62;TL;5094;119.34;5125;120.00;7294;True;7294.00;780.95;7303;77.96;7294;120.00;5747;True;5747.00;238.99;5759;29.81;5750;120.00;5318;True;5318.00;13.56;5336;24.52;5318;10.79;4887;True;4887.00;1141.09;4895;116.10;4887;120.00;4743;True;4743.00;2385.66;4768;120.00;4765;120.00
75;70;38;5296;False;5291.95;TL;5301;24.44;5296;120.00;7702;True;7702.00;168.36;7732;87.06;7702;120.00;5751;True;5751.00;2679.82;5790;40.44;5770;120.00;5489;True;5489.00;2825.38;5541;120.00;5531;120.00;5096;True;5096.00;363.92;5104;16.15;5111;120.00;4918;True;4918.00;157.13;4931;53.91;4929;120.00
75;70;39;5101;True;5101.00;656.62;5101;16.03;5165;120.00;7250;True;7250.00;125.26;7258;54.14;7250;79.48;5577;True;5577.00;288.97;5593;62.42;5580;120.00;5257;True;5257.00;96.76;5260;18.62;5257;120.00;4913;False;4911.50;TL;4929;120.00;4925;120.00;4733;True;4733.00;86.66;4753;77.35;4733;110.48
75;80;0;6304;True;6304.00;328.63;6317;11.47;6304;120.00;9058;True;9058.00;1530.14;9114;120.00;9072;120.00;6798;True;6798.00;29.50;6798;7.17;6798;22.06;6473;True;6473.00;228.56;6483;34.65;6480;120.00;6094;True;6094.00;1638.24;6101;112.26;6116;120.00;5853;True;5853.00;150.02;5864;120.00;5868;120.00
75;80;1;6058;False;6031.22;TL;6066;17.30;6257;120.00;8804;False;8758.14;TL;8932;120.00;9050;120.00;6711;True;6711.00;66.69;6723;50.47;6711;67.44;6303;True;6303.00;385.78;6369;120.00;6445;120.00;5818;True;5818.00;2005.45;5828;26.67;6020;120.00;5684;True;5684.00;2205.31;5730;120.00;5714;120.00
75;80;2;5875;True;5875.00;39.76;5932;119.42;5900;120.00;8315;True;8315.00;282.52;8428;120.00;8340;120.00;6474;True;6474.00;111.37;6480;50.60;6474;72.21;6120;True;6120.00;87.76;6130;82.09;6120;113.98;5577;True;5577.00;443.49;5626;120.00;5585;120.00;5457;True;5457.00;362.20;5488;120.00;5459;120.00
75;80;3;6729;False;6693.50;TL;6729;103.75;6778;120.00;9758;True;9758.00;56.47;9781;22.10;9758;28.32;7440;True;7440.00;56.69;7461;36.55;7440;63.84;7107;True;7107.00;213.21;7115;47.01;7108;120.00;6477;True;6477.00;563.23;6477;57.15;6478;120.00;6312;True;6312.00;870.24;6329;120.00;6320;120.00
75;80;4;5864;True;5864.00;217.50;5866;8.88;5864;120.00;8595;True;8595.00;595.63;8602;20.39;8601;120.00;6406;True;6406.00;33.89;6406;4.46;6406;8.58;6050;True;6050.00;79.34;6070;56.02;6050;110.43;5654;True;5654.00;98.27;5667;76.31;5654;114.82;5503;True;5503.00;564.61;5511;64.54;5503;120.00
75;80;5;6298;True;6298.00;533.33;6307;27.86;6298;120.00;8909;True;8909.00;1431.75;8978;120.00;8945;120.00;6942;True;6942.00;446.67;6948;58.61;6942;120.00;6582;True;6582.00;138.73;6604;120.00;6582;120.00;6063;True;6063.00;374.21;6079;120.00;6081;120.00;5877;True;5877.00;1221.05;5910;120.00;5894;120.00
75;80;6;5686;False;5681.00;TL;5692;57.37;5686;120.00;8258;True;8258.00;154.39;8306;120.00;8258;87.40;6261;True;6261.00;731.61;6286;89.40;6266;120.00;5911;True;5911.00;674.68;5939;120.00;5922;120.00;5492;True;5492.00;44.66;5494;34.75;5492;81.55;5343;True;5343.00;2272.78;5390;120.00;5365;120.00
75;80;7;5738;True;5736.04;TL;5746;35.15;5828;120.00;8417;False;8414.95;TL;8447;120.00;8447;120.00;6526;False;6503.57;TL;6532;120.00;6541;120.00;6072;True;6072.00;510.80;6105;120.00;6092;120.00;5589;True;5589.00;162.18;5599;38.64;5589;120.00;5409;True;5407.59;TL;5471;120.00;5439;120.00
75;80;8;6174;False;6164.99;TL;6174;43.44;6174;120.00;9000;True;9000.00;629.47;9028;120.00;9004;120.00;6880;True;6880.00;393.32;6890;25.29;6890;120.00;6502;True;6502.00;382.26;6510;39.46;6505;120.00;6029;False;6018.80;TL;6061;120.00;6070;120.00;5848;True;5848.00;1112.60;5879;120.00;5849;120.00
75;80;9;5900;False;5875.82;TL;5900;97.41;5907;120.00;8484;True;8484.00;528.70;8513;120.00;8516;120.00;6423;True;6423.00;593.53;6564;120.00;6426;120.00;6026;True;6026.00;68.08;6040;48.62;6026;45.68;5635;True;5635.00;153.26;5638;23.85;5638;120.00;5481;False;5478.79;TL;5490;91.31;5492;120.00
75;80;10;6729;True;6729.00;225.60;6739;22.86;6729;120.00;9904;True;9904.00;114.34;9929;68.17;9904;107.62;7613;True;7613.00;197.37;7624;103.44;7613;120.00;7099;True;7099.00;312.06;7115;26.46;7102;120.00;6495;True;6495.00;96.18;6521;71.09;6495;120.00;6306;True;6306.00;220.18;6346;120.00;6307;120.00
75;80;11;6262;False;6253.89;TL;6262;17.84;6262;120.00;8877;True;8877.00;160.86;8900;45.97;8877;120.00;7042;True;7042.00;60.89;7055;19.96;7042;108.75;6586;True;6586.00;191.18;6595;8.23;6597;120.00;6025;True;6025.00;757.34;6044;105.28;6038;120.00;5875;False;5873.53;TL;5913;120.00;6004;120.00
75;80;12;5829;False;5820.46;TL;5829;106.32;5829;120.00;8366;True;8366.00;1061.16;8392;120.00;8420;120.00;6300;True;6300.00;137.53;6304;57.45;6300;98.59;6030;True;6030.00;516.04;6056;120.00;6032;120.00;5570;True;5570.00;469.63;5570;70.13;5585;120.00;5417;True;5417.00;1285.42;5448;120.00;5436;120.00
75;80;13;5982;True;5982.00;365.41;6011;120.00;6003;120.00;8622;True;8622.00;632.73;8683;120.00;8622;120.00;6653;True;6653.00;142.69;6663;37.74;6658;120.00;6190;True;6190.00;94.17;6203;42.46;6190;55.49;5771;True;5771.00;1918.54;5799;120.00;5823;120.00;5628;True;5628.00;1445.66;5709;120.00;5639;120.00
75;80;14;5830;False;5821.60;TL;5832;34.38;5851;120.00;8538;True;8538.00;470.05;8553;74.50;8546;120.00;6295;True;6295.00;213.77;6302;8.04;6299;120.00;6000;True;6000.00;157.41;6021;113.05;6000;120.00;5544;True;5544.00;743.42;5556;79.72;5561;120.00;5370;True;5370.00;3330.59;5377;81.62;5376;120.00
75;80;15;6269;False;6256.26;TL;6277;87.38;6294;120.00;9132;False;9100.49;TL;9186;120.00;9139;120.00;6948;True;6948.00;425.00;6954;42.78;6976;120.00;6530;True;6530.00;375.62;6543;46.96;6531;120.00;6102;True;6102.00;434.63;6123;120.00;6120;120.00;5904;True;5904.00;3315.45;5919;120.00;5933;120.00
75;80;16;5812;False;5805.89;TL;5836;119.49;5812;120.00;8376;True;8376.00;881.63;8394;77.63;8376;120.00;6399;True;6399.00;360.48;6425;69.37;6411;120.00;6066;True;6066.00;412.67;6073;22.11;6077;120.00;5635;True;5635.00;76.10;5645;30.73;5635;53.14;5408;True;5408.00;617.65;5417;60.71;5409;120.00
75;80;17;6254;False;6248.69;TL;6257;119.47;6254;120.00;8898;True;8898.00;868.95;9042;120.00;8908;120.00;6791;False;6785.75;TL;6868;120.00;6827;120.00;6448;False;6430.91;TL;6448;44.73;6450;120.00;6024;True;6024.00;2303.16;6026;21.57;6025;120.00;5812;True;5810.72;TL;5862;120.00;5913;120.00
75;80;18;5990;False;5982.20;TL;6002;119.48;5998;120.00;8735;True;8735.00;644.14;8745;64.86;8743;120.00;6519;True;6519.00;149.76;6536;55.11;6519;106.23;6120;True;6120.00;117.97;6126;6.94;6126;120.00;5746;True;5746.00;1051.07;5752;120.00;5749;120.00;5577;True;5577.00;781.89;5587;90.88;5577;120.00
75;80;19;6741;True;6739.70;TL;6747;59.88;6741;120.00;9735;False;9713.91;TL;9778;120.00;9811;120.00;7269;True;7269.00;331.86;7275;8.02;7272;120.00;6929;True;6929.00;89.71;6951;22.57;6929;120.00;6432;False;6410.02;TL;6433;68.41;6501;120.00;6253;True;6253.00;1071.25;6272;120.00;6269;120.00
75;80;20;6330;False;6307.37;TL;6333;39.15;6387;120.00;9323;True;9323.00;167.16;9366;88.03;9401;120.00;6915;True;6915.00;408.12;6936;62.04;6923;120.00;6534;True;6534.00;115.50;6538;13.57;6534;56.93;6057;True;6057.00;65.47;6061;14.74;6057;52.29;5897;True;5897.00;491.09;5905;107.07;5913;120.00
75;80;21;5863;True;5863.00;165.38;5912;119.22;5863;120.00;8557;True;8557.00;686.62;8568;76.88;8558;120.00;6240;True;6240.00;28.62;6251;9.41;6240;8.04;6047;True;6047.00;303.00;6063;64.42;6048;120.00;5672;True;5672.00;56.10;5674;18.07;5672;32.79;5493;True;5493.00;367.19;5503;24.83;5496;120.00
75;80;22;6020;False;5994.37;TL;6020;61.83;6024;120.00;8259;True;8259.00;875.54;8325;120.00;8285;120.00;6544;True;6544.00;194.00;6554;36.60;6544;120.00;6221;True;6221.00;1254.31;6241;120.00;6223;120.00;5721;False;5718.89;TL;5757;120.00;5729;120.00;5566;True;5566.00;1040.68;5574;34.64;5566;120.00
75;80;23;6047;False;6012.27;TL;6055;120.00;6058;120.00;8691;True;8691.00;398.36;8722;120.00;8721;120.00;6830;True;6830.00;319.05;6838;24.35;6835;120.00;6318;True;6318.00;3141.72;6347;120.00;6325;120.00;5822;False;5813.81;TL;5836;120.00;5858;120.00;5702;True;5699.95;TL;5766;120.00;5722;120.00
75;80;24;6506;False;6495.30;TL;6506;68.24;6513;120.00;9449;True;9449.00;1030.75;9462;34.85;9450;120.00;6999;True;6999.00;522.11;7003;15.73;6999;120.00;6644;False;6642.64;TL;6658;41.89;6673;120.00;6232;True;6232.00;2309.48;6243;68.39;6284;120.00;5973;True;5973.00;326.05;5981;50.64;5975;120.00
75;80;25;6148;True;6148.00;1129.55;6150;17.37;6148;120.00;8880;True;8880.00;938.19;8901;83.85;8911;120.00;6858;True;6858.00;452.08;6883;83.79;6879;120.00;6362;True;6362.00;121.22;6367;19.32;6362;81.53;5964;True;5964.00;445.72;5964;85.00;6004;120.00;5778;True;5778.00;1107.36;5783;54.53;5847;120.00
75;80;26;5855;False;5830.69;TL;5855;106.01;5872;120.00;8314;True;8314.00;362.52;8321;57.16;8314;120.00;6342;True;6342.00;294.02;6342;36.98;6342;120.00;6045;True;6045.00;210.99;6055;42.42;6045;120.00;5603;True;5603.00;714.65;5637;120.00;5618;120.00;5469;True;5469.00;566.97;5469;80.63;5476;120.00
75;80;27;6261;False;6258.52;TL;6261;86.79;6261;120.00;9010;True;9010.00;718.78;9074;120.00;9021;120.00;6702;True;6702.00;125.97;6702;10.43;6716;120.00;6447;True;6447.00;275.92;6456;46.68;6475;120.00;5954;True;5954.00;533.63;5984;120.00;5954;120.00;5781;True;5781.00;736.34;5784;29.63;5784;120.00
75;80;28;5841;True;5841.00;2191.74;5845;56.01;5843;120.00;8460;True;8460.00;696.11;8483;120.00;8525;120.00;6419;True;6419.00;407.76;6491;120.00;6454;120.00;6071;True;6071.00;192.35;6080;61.36;6071;120.00;5649;False;5620.68;TL;5671;120.00;5677;120.00;5467;True;5467.00;525.56;5471;73.05;5479;120.00
75;80;29;6803;False;6789.73;TL;6803;25.95;6803;120.00;9740;True;9740.00;206.65;9758;120.00;9754;120.00;7504;True;7504.00;129.66;7532;61.69;7504;81.69;7059;True;7059.00;131.80;7067;12.86;7060;120.00;6576;True;6576.00;1410.94;6608;120.00;6600;120.00;6342;True;6342.00;74.26;6351;12.99;6342;67.21
75;80;30;6495;False;6486.17;TL;6495;8.35;6495;120.00;9356;True;9356.00;186.50;9358;10.94;9356;120.00;7412;True;7412.00;44.07;7434;18.86;7412;19.94;6964;True;6964.00;487.39;6977;93.49;6967;120.00;6257;True;6257.00;53.71;6266;23.41;6257;68.89;6100;True;6100.00;305.59;6119;75.08;6100;120.00
75;80;31;5747;False;5709.69;TL;5845;120.00;5752;120.00;8257;False;8249.36;TL;8428;120.00;8348;120.00;6143;True;6143.00;333.61;6198;120.00;6147;120.00;5902;True;5902.00;184.09;5922;120.00;5902;120.00;5488;True;5488.00;47.40;5498;81.97;5488;41.49;5317;True;5317.00;602.29;5342;120.00;5370;120.00
75;80;32;5569;False;5557.35;TL;5569;97.00;5569;120.00;7967;True;7967.00;463.08;8024;120.00;7974;120.00;6201;True;6201.00;60.98;6230;37.53;6201;47.67;5886;True;5886.00;399.48;6067;120.00;5905;120.00;5415;True;5415.00;654.69;5439;120.00;5421;120.00;5262;True;5262.00;815.58;5399;120.00;5269;120.00
75;80;33;5867;False;5861.83;TL;5872;74.89;5872;120.00;8392;True;8392.00;637.15;8416;78.24;8400;120.00;6386;True;6386.00;98.98;6400;18.43;6386;120.00;6062;True;6062.00;791.85;6065;55.03;6074;120.00;5678;True;5678.00;781.79;5708;120.00;5692;120.00;5482;True;5482.00;420.35;5525;120.00;5489;120.00
75;80;34;6697;True;6697.00;344.88;6697;22.90;6697;120.00;9521;True;9521.00;2098.55;9570;114.73;9535;120.00;7489;True;7489.00;1398.85;7498;110.79;7503;120.00;6918;True;6918.00;1150.27;6935;51.80;6940;120.00;6428;True;6428.00;192.90;6443;92.69;6428;120.00;6248;True;6248.00;793.62;6263;95.66;6328;120.00
75;80;35;5781;False;5748.18;TL;5860;119.49;5781;120.00;8243;True;8243.00;3125.65;8285;73.90;8278;120.00;6313;True;6313.00;313.34;6335;107.17;6343;120.00;5936;True;5936.00;380.94;5953;120.00;5948;120.00;5576;True;5575.79;TL;5613;120.00;5617;120.00;5418;True;5416.41;TL;5457;120.00;5495;120.00
75;80;36;5774;False;5760.41;TL;5774;47.14;5774;120.00;8099;True;8099.00;711.73;8144;120.00;8120;120.00;6386;True;6382.86;TL;6398;15.32;6425;120.00;5939;True;5939.00;790.69;5980;120.00;5988;120.00;5553;False;5551.60;TL;5633;120.00;5662;120.00;5406;True;5405.40;TL;5448;120.00;5457;120.00
75;80;37;6372;False;6358.69;TL;6372;32.54;6372;120.00;9270;True;9270.00;876.86;9313;120.00;9270;120.00;7157;True;7157.00;702.38;7174;87.29;7166;120.00;6688;True;6688.00;1244.08;6702;120.00;6699;120.00;6214;True;6214.00;1022.46;6264;119.38;6229;120.00;6013;True;6013.00;1394.88;6058;120.00;6015;120.00
75;80;38;6269;False;6246.44;TL;6282;75.90;6481;120.00;8939;False;8934.88;TL;9066;120.00;9218;120.00;6871;False;6841.41;TL;6947;120.00;6882;120.00;6494;False;6467.64;TL;6617;120.00;6495;120.00;6030;False;5993.62;TL;6035;120.00;6292;120.00;5820;True;5820.00;453.50;5827;79.93;5826;120.00
75;80;39;6121;True;6117.06;TL;6150;119.37;6121;120.00;8745;True;8745.00;876.41;8761;86.74;8787;120.00;6653;True;6653.00;921.94;6666;57.81;6654;120.00;6314;True;6314.00;1314.63;6339;120.00;6316;120.00;5851;True;5851.00;41.92;5865;19.96;5851;29.19;5685;True;5685.00;1150.45;5692;88.87;5703;120.00
75;90;0;6262;False;6247.46;TL;6291;120.00;6281;120.00;8857;True;8857.00;915.59;8877;120.00;8859;120.00;6945;True;6945.00;321.73;6992;120.00;6945;120.00;6565;True;6565.00;218.45;6651;117.62;6580;120.00;6032;True;6032.00;1234.83;6050;119.36;6051;120.00;5845;True;5845.00;1076.45;5855;78.70;5847;120.00
75;90;1;6533;False;6520.61;TL;6536;120.00;6538;120.00;9335;True;9335.00;861.48;9368;120.00;9348;120.00;6989;True;6989.00;884.20;6997;40.95;6990;120.00;6645;True;6645.00;215.03;6658;72.78;6650;120.00;6308;False;6306.91;TL;6332;120.00;6321;120.00;6117;True;6117.00;3087.65;6151;120.00;6123;120.00
75;90;2;7175;False;7167.94;TL;7175;62.24;7175;120.00;10199;True;10199.00;166.08;10271;120.00;10199;120.00;7805;True;7805.00;524.15;7908;120.00;7805;120.00;7335;True;7335.00;32.64;7364;48.31;7335;27.66;6844;True;6844.00;785.68;6862;120.00;6851;120.00;6615;True;6615.00;79.22;6629;20.74;6615;51.59
75;90;3;6605;True;6605.00;671.99;6646;120.00;6682;120.00;9371;True;9371.00;301.26;9386;94.55;9404;120.00;7210;True;7210.00;1537.47;7219;120.00;7210;120.00;6788;True;6788.00;606.73;6792;104.16;6801;120.00;6324;True;6324.00;226.03;6324;46.84;6324;120.00;6128;True;6128.00;2154.95;6132;94.99;6136;120.00
75;90;4;6725;False;6703.89;TL;6734;119.49;6725;120.00;9629;True;9629.00;180.50;9660;120.00;9629;104.94;7317;True;7317.00;186.15;7331;106.06;7326;120.00;6961;True;6961.00;1030.06;6964;57.07;6966;120.00;6472;True;6472.00;619.21;6508;120.00;6479;120.00;6290;True;6290.00;112.67;6304;111.92;6290;92.58
75;90;5;6587;False;6581.16;TL;6587;23.72;6587;120.00;9520;True;9520.00;498.45;9542;27.14;9520;120.00;7245;True;7245.00;784.02;7283;120.00;7278;120.00;6792;True;6792.00;747.15;6808;117.34;6792;120.00;6393;False;6386.93;TL;6412;120.00;6396;120.00;6151;True;6151.00;1288.11;6208;120.00;6166;120.00
75;90;6;6863;True;6863.00;989.99;6872;96.68;6872;120.00;10016;True;10016.00;919.17;10063;120.00;10031;120.00;7810;True;7810.00;216.25;7827;44.91;7820;120.00;7387;True;7387.00;2696.21;7393;66.31;7390;120.00;6683;True;6683.00;655.09;6688;82.87;6688;120.00;6585;False;6580.22;TL;6651;120.00;6610;120.00
75;90;7;7456;False;7449.44;TL;7456;55.41;7461;120.00;10564;True;10564.00;610.72;10590;101.47;10564;120.00;8152;True;8152.00;248.10;8172;42.37;8152;120.00;7752;True;7752.00;498.10;7784;117.28;7767;120.00;7167;False;7151.49;TL;7194;120.00;7175;120.00;6965;True;6965.00;1774.32;6975;56.42;6980;120.00
75;90;8;6715;False;6690.01;TL;6721;120.00;6729;120.00;9582;True;9582.00;584.82;9601;98.68;9584;120.00;7494;True;7494.00;705.57;7507;83.11;7495;120.00;7058;True;7058.00;666.02;7310;117.66;7081;120.00;6481;True;6481.00;93.85;6496;41.27;6481;120.00;6298;True;6298.00;374.47;6317;82.47;6298;120.00
75;90;9;6769;False;6755.30;TL;6808;120.00;6774;120.00;9706;True;9706.00;1289.97;9717;81.21;9709;120.00;7622;True;7622.00;342.47;7624;18.79;7629;120.00;7095;True;7095.00;538.74;7135;120.00;7096;120.00;6509;True;6509.00;20.41;6527;73.79;6509;11.31;6382;True;6382.00;1620.29;6410;120.00;6393;120.00
75;90;10;7324;False;7288.88;TL;7347;67.24;7430;120.00;10536;True;10536.00;703.94;10566;120.00;10583;120.00;8058;False;8047.67;TL;8106;120.00;8132;120.00;7720;False;7685.45;TL;7775;117.47;7797;120.00;7088;True;7088.00;2956.53;7092;90.00;7225;120.00;6842;True;6842.00;950.14;6950;120.00;6885;120.00
75;90;11;6359;False;6347.59;TL;6384;120.00;6384;120.00;9046;True;9046.00;638.58;9334;120.00;9204;120.00;7081;False;7027.55;TL;7212;120.00;7081;120.00;6623;True;6623.00;980.51;6644;65.64;6652;120.00;6189;True;6189.00;992.40;6353;119.48;6196;120.00;6000;False;5986.36;TL;6101;120.00;6154;120.00
75;90;12;6504;False;6486.30;TL;6504;89.37;6509;120.00;9560;True;9560.00;1426.84;9790;120.00;9572;120.00;7058;True;7058.00;491.16;7145;120.00;7138;120.00;6748;True;6748.00;941.27;6771;117.89;6748;120.00;6285;False;6277.75;TL;6423;120.00;6315;120.00;6060;True;6060.00;310.85;6144;120.00;6060;120.00
75;90;13;6506;False;6485.85;TL;6521;120.00;6541;120.00;9306;True;9306.00;2827.36;9399;120.00;9324;120.00;6967;True;6967.00;77.79;6979;27.85;6967;40.78;6644;True;6644.00;55.25;6646;5.03;6644;37.49;6185;True;6184.04;TL;6216;120.00;6200;120.00;6041;True;6041.00;1511.89;6053;120.00;6072;120.00
75;90;14;6757;False;6743.42;TL;6792;120.00;6791;120.00;9692;True;9692.00;988.17;9807;120.00;9767;120.00;7135;True;7135.00;372.00;7152;120.00;7138;120.00;6744;True;6744.00;557.66;6754;117.39;6751;120.00;6451;True;6451.00;652.10;6457;119.48;6477;120.00;6211;True;6211.00;2315.16;6228;120.00;6214;120.00
75;90;15;6143;False;6109.47;TL;6174;120.00;6175;120.00;8773;True;8773.00;301.35;8855;120.00;8773;120.00;6588;True;6588.00;82.99;6606;73.99;6588;120.00;6277;True;6277.00;212.39;6482;117.48;6286;120.00;5930;True;5930.00;584.88;5930;50.90;5936;120.00;5694;True;5694.00;900.95;5731;120.00;5727;120.00
75;90;16;6685;False;6662.62;TL;6746;120.00;6711;120.00;9519;True;9519.00;92.17;9580;120.00;9519;37.07;7254;True;7254.00;918.22;7262;41.07;7257;120.00;6864;True;6864.00;346.28;6921;118.87;6865;120.00;6436;True;6436.00;3321.82;6483;120.00;6526;120.00;6235;True;6232.92;TL;6259;120.00;6243;120.00
75;90;17;6738;False;6722.15;TL;6738;69.47;6738;120.00;9756;True;9756.00;253.23;9782;86.37;9756;120.00;7400;True;7400.00;399.13;7624;120.00;7453;120.00;7038;True;7038.00;1587.12;7076;117.37;7049;120.00;6496;True;6496.00;471.81;6542;120.00;6496;120.00;6264;True;6264.00;94.70;6289;69.73;6264;75.05
75;90;18;6696;False;6660.81;TL;6708;120.00;6724;120.00;9623;True;9623.00;665.51;9636;46.22;9623;120.00;7189;True;7189.00;999.66;7220;120.00;7194;120.00;6818;True;6818.00;564.87;6841;117.48;6826;120.00;6394;False;6387.51;TL;6430;120.00;6394;120.00;6149;False;6142.05;TL;6149;120.00;6159;120.00
75;90;19;6946;False;6922.20;TL;6946;53.12;7080;120.00;9900;True;9900.00;741.25;9983;120.00;9908;120.00;7362;True;7354.13;TL;7387;120.00;7398;120.00;7066;True;7057.82;TL;7088;117.40;7090;120.00;6733;False;6686.27;TL;6755;120.00;6794;120.00;6485;False;6435.72;TL;6548;120.00;6540;120.00
75;90;20;6552;False;6529.87;TL;6574;120.00;6766;120.00;9342;True;9342.00;230.30;9497;120.00;9366;120.00;7304;True;7304.00;1002.11;7318;93.78;7313;120.00;6864;True;6864.00;1473.37;6919;120.00;6890;120.00;6331;False;6324.07;TL;6523;120.00;6337;120.00;6212;False;6210.02;TL;6293;120.00;6234;120.00
75;90;21;6260;False;6257.10;TL;6348;120.00;6288;120.00;9120;False;9116.76;TL;9197;120.00;9130;120.00;6912;True;6912.00;1159.03;6918;58.24;6924;120.00;6598;True;6598.00;1611.39;6703;117.29;6606;120.00;6109;True;6109.00;3061.07;6305;120.00;6131;120.00;5886;False;5878.57;TL;5898;120.00;5887;120.00
75;90;22;7061;False;7043.19;TL;7080;120.00;7088;120.00;10292;True;10292.00;469.24;10302;99.03;10323;120.00;7827;False;7825.57;TL;7852;120.00;7842;120.00;7393;True;7393.00;2942.53;7393;71.22;7412;120.00;6785;True;6785.00;2597.75;6830;120.00;6808;120.00;6619;True;6619.00;1218.93;6663;120.00;6629;120.00
75;90;23;7264;False;7236.99;TL;7264;46.32;7270;120.00;10738;True;10738.00;2637.40;10766;120.00;10765;120.00;7884;True;7884.00;290.37;7912;67.82;7889;120.00;7498;True;7498.00;507.69;7621;117.33;7500;120.00;6964;True;6964.00;1260.73;6979;120.00;6976;120.00;6740;True;6740.00;712.65;6787;120.00;6744;120.00
75;90;24;6738;False;6710.84;TL;6738;67.71;6746;120.00;9665;True;9665.00;476.36;9847;120.00;9677;120.00;7738;True;7738.00;699.18;7794;120.00;7747;120.00;7283;True;7283.00;1986.35;7361;117.26;7293;120.00;6550;True;6550.00;376.85;6640;120.00;6551;120.00;6422;True;6422.00;437.30;6459;119.19;6440;120.00
75;90;25;6674;False;6662.95;TL;6699;120.00;6724;120.00;9626;False;9595.23;TL;9659;120.00;9626;120.00;7298;True;7298.00;417.28;7299;23.51;7304;120.00;6979;True;6976.45;TL;7053;118.74;7051;120.00;6444;True;6444.00;768.73;6560;120.00;6465;120.00;6205;True;6205.00;983.70;6270;120.00;6240;120.00
75;90;26;7025;False;7011.08;TL;7033;120.00;7028;120.00;10035;True;10035.00;1247.91;10083;120.00;10042;120.00;7750;True;7750.00;1979.15;7816;120.00;7781;120.00;7348;True;7348.00;698.38;7378;117.33;7358;120.00;6845;True;6845.00;1469.90;6850;60.53;6859;120.00;6609;True;6609.00;807.37;6673;120.00;6614;120.00
75;90;27;7120;False;7105.80;TL;7120;37.59;7120;120.00;10362;True;10362.00;766.17;10425;120.00;10367;120.00;7972;True;7972.00;388.91;7995;118.21;7972;120.00;7437;True;7437.00;756.16;7452;101.60;7438;120.00;6804;True;6804.00;68.19;6822;85.21;6804;72.70;6649;True;6649.00;935.24;6663;81.62;6649;120.00
75;90;28;6623;False;6574.91;TL;6644;120.00;6657;120.00;9487;True;9487.00;860.34;9492;28.18;9511;120.00;7290;True;7290.00;3577.59;7312;119.02;7316;120.00;6918;True;6918.00;1748.38;6952;117.82;6950;120.00;6382;False;6374.97;TL;6418;120.00;6438;120.00;6181;True;6181.00;347.51;6259;120.00;6187;120.00
75;90;29;7121;False;7103.58;TL;7132;120.00;7135;120.00;10030;True;10030.00;876.93;10038;57.32;10042;120.00;7596;True;7596.00;439.34;7603;51.19;7607;120.00;7257;True;7257.00;433.72;7286;116.96;7271;120.00;6833;True;6833.00;832.41;6858;120.00;6839;120.00;6529;True;6529.00;210.42;6539;60.50;6529;120.00
75;90;30;6607;False;6592.03;TL;6607;34.58;6607;120.00;9551;True;9551.00;1385.14;9563;71.06;9575;120.00;7410;True;7410.00;38.19;7425;10.44;7410;46.46;6984;True;6984.00;360.70;6995;87.42;6988;120.00;6448;True;6448.00;49.42;6465;59.97;6448;43.76;6258;True;6258.00;670.60;6285;120.00;6279;120.00
75;90;31;6634;False;6620.03;TL;6664;120.00;6644;120.00;9546;True;9546.00;224.33;9627;120.00;9561;120.00;7252;True;7252.00;417.17;7253;27.32;7253;120.00;6892;True;6892.00;64.44;6934;120.00;6892;40.07;6401;True;6399.17;TL;6421;120.00;6401;120.00;6186;True;6186.00;1684.89;6409;120.00;6194;120.00
75;90;32;6656;False;6647.78;TL;6669;120.00;6680;120.00;9598;True;9598.00;1351.43;9926;120.00;9624;120.00;7205;True;7205.00;224.98;7252;120.00;7205;120.00;6893;True;6893.00;1302.98;7022;117.12;6899;120.00;6415;True;6415.00;640.75;6643;120.00;6426;120.00;6206;True;6206.00;386.83;6224;101.86;6224;120.00
75;90;33;6762;False;6744.32;TL;6772;120.00;6762;120.00;9680;True;9680.00;1060.12;9689;58.18;9690;120.00;7310;True;7310.00;130.69;7326;56.25;7325;120.00;6871;True;6871.00;334.05;6874;33.01;6871;120.00;6415;True;6415.00;7.91;6415;4.31;6415;10.18;6248;True;6248.00;516.98;6281;120.00;6267;120.00
75;90;34;6692;True;6692.00;2596.88;6692;24.59;6692;120.00;9655;True;9655.00;592.72;9677;103.81;9659;120.00;7334;True;7334.00;1052.48;7584;120.00;7339;120.00;6918;True;6918.00;753.13;7216;118.11;6929;120.00;6451;True;6451.00;666.32;6695;120.00;6457;120.00;6173;True;6173.00;121.18;6192;120.00;6173;120.00
75;90;35;6405;False;6391.37;TL;6496;120.00;6423;120.00;9139;True;9139.00;533.54;9500;120.00;9139;120.00;7090;True;7090.00;549.48;7202;120.00;7093;120.00;6657;True;6657.00;1454.13;6900;117.70;6695;120.00;6125;True;6125.00;2460.71;6339;120.00;6132;120.00;5970;True;5970.00;213.52;6229;120.00;5975;120.00
75;90;36;6807;False;6790.16;TL;6811;90.18;6811;120.00;9987;True;9987.00;1355.97;10020;120.00;10008;120.00;7324;True;7324.00;259.99;7348;120.00;7324;120.00;7017;True;7017.00;323.18;7036;74.17;7023;120.00;6575;True;6575.00;1296.99;6593;119.42;6586;120.00;6312;True;6312.00;392.68;6328;120.00;6313;120.00
75;90;37;6998;True;6998.00;2493.43;7003;15.70;7002;120.00;10010;True;10010.00;1514.97;10027;45.79;10024;120.00;7525;False;7520.20;TL;7642;120.00;7552;120.00;7120;False;7105.13;TL;7178;120.00;7189;120.00;6684;True;6684.00;1797.30;6739;120.00;6697;120.00;6516;False;6495.29;TL;6580;120.00;6541;120.00
75;90;38;7448;False;7415.00;TL;7448;15.88;7776;120.00;10751;True;10746.50;TL;10764;18.55;10884;120.00;8151;False;8097.60;TL;8235;120.00;8198;120.00;7666;False;7637.01;TL;7672;20.77;7808;120.00;7142;False;7106.11;TL;7142;76.62;7172;120.00;6909;False;6869.96;TL;6971;120.00;6960;120.00
75;90;39;7227;False;7201.92;TL;7232;120.00;7234;120.00;10438;True;10438.00;3580.97;10489;120.00;10449;120.00;7971;True;7971.00;247.64;7981;76.75;7989;120.00;7440;True;7440.00;374.19;7448;19.34;7440;120.00;6927;True;6927.00;421.15;6946;120.00;6939;120.00;6720;True;6720.00;580.27;6728;75.08;6728;120.00
75;100;0;7529;False;7502.55;TL;7559;120.00;7529;120.00;10694;False;10673.60;TL;10731;120.00;10709;120.00;8340;True;8340.00;584.59;8372;120.00;8340;120.00;7852;True;7852.00;1068.88;7870;111.63;7878;120.00;7267;True;7267.00;3076.25;7349;119.49;7284;120.00;7003;True;7003.00;717.59;7020;117.30;7003;120.00
75;100;1;8104;False;8085.32;TL;8106;27.95;8110;120.00;11484;True;11484.00;1905.92;11588;120.00;11501;120.00;8793;True;8793.00;1037.91;8907;120.00;8807;120.00;8341;True;8341.00;414.23;8596;113.33;8348;120.00;7771;True;7771.00;2993.17;7824;120.00;7778;120.00;7501;True;7501.00;2421.23;7718;120.00;7502;120.00
75;100;2;7521;True;7517.15;TL;7554;120.00;7521;120.00;10800;True;10800.00;579.73;11074;119.35;10804;120.00;8084;True;8084.00;170.75;8093;111.46;8084;120.00;7754;True;7754.00;1939.59;8026;112.07;7767;120.00;7232;True;7232.00;999.04;7291;120.00;7245;120.00;7002;True;7001.37;TL;7005;89.96;7033;120.00
75;100;3;8118;False;8104.91;TL;8142;120.00;8133;120.00;11615;True;11615.00;223.95;11813;119.49;11615;120.00;8810;True;8810.00;1940.00;9072;120.00;9008;120.00;8416;True;8416.00;2528.32;8645;112.52;8469;120.00;7820;True;7818.46;TL;7858;120.00;7832;120.00;7539;True;7539.00;1393.12;7807;120.00;7563;120.00
75;100;4;7429;False;7415.82;TL;7534;120.00;7435;120.00;10838;True;10838.00;1061.54;11147;120.00;10873;120.00;7943;True;7943.00;1942.42;8032;119.42;7945;120.00;7547;True;7547.00;145.26;7580;113.23;7590;120.00;7139;True;7139.00;2381.82;7381;120.00;7156;120.00;6861;True;6861.00;1160.86;6923;120.00;6868;120.00
75;100;5;8182;False;8169.79;TL;8189;109.42;8200;120.00;11694;True;11694.00;448.48;11715;120.00;11694;120.00;9110;True;9110.00;253.65;9120;46.61;9118;120.00;8492;True;8492.00;170.96;8500;84.36;8492;120.00;7878;True;7878.00;268.10;7931;120.00;7878;120.00;7664;True;7664.00;1116.30;7671;34.89;7676;120.00
75;100;6;7462;False;7450.32;TL;7536;120.00;7478;120.00;10485;True;10485.00;154.38;10497;77.93;10485;120.00;8192;False;8100.63;TL;8238;120.00;8219;120.00;7661;True;7661.00;1893.44;7841;112.66;7813;120.00;7105;True;7105.00;3050.00;7156;120.00;7161;120.00;6911;False;6882.38;TL;7058;120.00;6978;120.00
75;100;7;7076;False;7064.71;TL;7190;120.00;7086;120.00;10069;True;10069.00;2562.48;10099;120.00;10080;120.00;7574;True;7574.00;2789.44;7653;120.00;7597;120.00;7219;True;7219.00;323.19;7514;111.93;7225;120.00;6797;True;6797.00;316.49;6909;120.00;6797;120.00;6562;True;6562.00;1492.47;6812;120.00;6571;120.00
75;100;8;7411;False;7365.62;TL;7434;120.00;7464;120.00;10365;True;10365.00;1106.41;10443;120.00;10365;120.00;8037;False;8006.44;TL;8104;120.00;8041;120.00;7628;False;7604.95;TL;7646;113.05;7638;120.00;7136;False;7099.65;TL;7227;120.00;7144;120.00;6842;True;6842.00;657.79;6880;120.00;6882;120.00
75;100;9;8430;False;8423.23;TL;8441;120.00;8438;120.00;11993;True;11993.00;966.39;12200;120.00;12031;120.00;8986;True;8986.00;434.44;9099;119.47;9022;120.00;8542;False;8521.52;TL;8582;112.18;8550;120.00;8030;True;8030.00;1350.90;8174;120.00;8036;120.00;7766;False;7763.18;TL;7892;120.00;7801;120.00
75;100;10;7512;True;7507.68;TL;7518;99.41;7514;120.00;10734;False;10731.80;TL;11116;120.00;10775;120.00;8132;True;8132.00;1157.92;8365;120.00;8200;120.00;7661;True;7661.00;988.84;7947;110.99;7695;120.00;7230;False;7220.49;TL;7522;120.00;7250;120.00;6940;True;6940.00;956.06;6944;114.70;6940;120.00
75;100;11;7429;False;7422.66;TL;7444;120.00;7466;120.00;10891;True;10891.00;2203.39;10947;120.00;10926;120.00;8291;False;8255.81;TL;8506;120.00;8324;120.00;7858;True;7858.00;191.61;8094;112.76;7858;120.00;7187;True;7187.00;1161.76;7191;53.14;7191;120.00;7008;False;7005.49;TL;7291;120.00;7027;120.00
75;100;12;7443;False;7435.65;TL;7450;120.00;7451;120.00;10569;True;10569.00;901.31;10703;120.00;10569;120.00;8044;False;8042.68;TL;8357;120.00;8062;120.00;7646;True;7646.00;1348.51;7764;112.00;7651;120.00;7071;True;7071.00;384.96;7071;27.61;7071;120.00;6863;True;6863.00;207.37;6919;120.00;6863;120.00
75;100;13;7569;False;7550.74;TL;7594;120.00;7597;120.00;10675;True;10675.00;717.99;10709;120.00;10694;120.00;8159;True;8159.00;278.27;8173;88.09;8183;120.00;7793;True;7793.00;1704.22;7805;93.07;7839;120.00;7320;True;7320.00;1831.50;7388;120.00;7383;120.00;7082;True;7082.00;3190.03;7150;120.00;7110;120.00
75;100;14;7025;False;7019.24;TL;7376;120.00;7046;120.00;10163;False;10145.70;TL;10172;120.00;10181;120.00;7741;True;7741.00;126.00;7802;120.00;7741;120.00;7320;True;7320.00;352.99;7497;112.42;7322;120.00;6783;False;6777.36;TL;7104;120.00;6783;120.00;6614;False;6600.27;TL;6656;120.00;6668;120.00
75;100;15;7292;False;7267.19;TL;7423;120.00;7538;120.00;10514;False;10426.60;TL;10638;120.00;10675;120.00;8039;False;7967.32;TL;8131;120.00;8167;120.00;7675;False;7620.52;TL;7796;112.97;7802;120.00;7055;False;7052.21;TL;7194;120.00;7253;120.00;6893;False;6879.34;TL;6893;64.41;7079;120.00
75;100;16;7768;False;7740.00;TL;7768;120.00;7782;120.00;11217;True;11217.00;2234.32;11233;75.58;11219;120.00;8611;True;8611.00;189.29;8625;36.90;8625;120.00;8116;True;8116.00;691.09;8343;112.24;8116;120.00;7495;True;7495.00;1107.17;7570;120.00;7495;120.00;7292;True;7292.00;353.76;7376;120.00;7302;120.00
75;100;17;7518;False;7501.17;TL;7518;25.30;7530;120.00;10890;True;10890.00;632.81;10930;120.00;10891;120.00;8180;True;8180.00;232.14;8226;120.00;8195;120.00;7762;True;7762.00;329.34;8090;111.91;7799;120.00;7206;True;7206.00;200.63;7262;120.00;7206;120.00;6998;False;6996.90;TL;7080;120.00;7012;120.00
75;100;18;7451;False;7423.57;TL;7496;120.00;7461;120.00;10599;True;10599.00;1853.35;10668;120.00;10622;120.00;7947;True;7947.00;467.43;7952;25.37;7947;120.00;7587;True;7587.00;234.12;7607;91.13;7602;120.00;7126;True;7124.86;TL;7185;120.00;7137;120.00;6899;True;6899.00;1439.88;6943;120.00;6911;120.00
75;100;19;7913;False;7903.45;TL;7917;120.00;7921;120.00;11361;False;11359.40;TL;11470;120.00;11437;120.00;8562;True;8562.00;2296.18;8635;120.00;8696;120.00;8081;True;8081.00;90.00;8081;55.15;8199;120.00;7610;True;7610.00;261.89;7618;68.72;7616;120.00;7377;False;7374.46;TL;7497;120.00;7426;120.00
75;100;20;7345;False;7341.38;TL;7352;120.00;7350;120.00;10699;True;10699.00;447.16;10852;120.00;10700;120.00;8118;True;8118.00;59.45;8124;25.96;8118;46.81;7709;True;7709.00;1252.34;7784;112.48;7734;120.00;7092;True;7092.00;875.63;7104;58.95;7092;120.00;6912;True;6912.00;712.39;6978;120.00;6927;120.00
75;100;21;7273;False;7267.51;TL;7273;19.17;7273;120.00;10663;True;10663.00;1905.50;10811;120.00;10694;120.00;8000;True;8000.00;420.67;8025;52.71;8028;120.00;7540;True;7540.00;191.11;7590;111.50;7589;120.00;7003;True;7003.00;634.23;7013;90.10;7019;120.00;6796;False;6789.79;TL;6881;120.00;6811;120.00
75;100;22;7219;False;7202.42;TL;7313;120.00;7232;120.00;10306;False;10301.60;TL;10469;120.00;10427;120.00;7761;True;7761.00;306.56;7783;56.55;7790;120.00;7390;True;7390.00;955.96;7481;113.05;7459;120.00;6971;False;6960.76;TL;7086;120.00;7008;120.00;6794;False;6722.59;TL;6850;120.00;6833;120.00
75;100;23;7331;False;7312.91;TL;7345;120.00;7331;120.00;10704;True;10704.00;2172.09;10782;120.00;10751;120.00;7960;True;7960.00;240.00;7976;26.46;7960;120.00;7573;True;7573.00;1805.64;7575;65.36;7582;120.00;7032;True;7032.00;220.07;7044;42.36;7032;103.87;6794;True;6794.00;36.88;6808;75.02;6794;16.05
75;100;24;7302;False;7295.50;TL;7429;120.00;7355;120.00;10488;True;10488.00;339.48;10590;119.47;10488;120.00;7937;True;7937.00;702.05;7958;120.00;7962;120.00;7539;True;7539.00;2615.28;7550;93.58;7550;120.00;7035;True;7035.00;1646.87;7043;120.00;7058;120.00;6795;True;6795.00;917.35;6808;117.28;6810;120.00
75;100;25;7881;False;7857.21;TL;7881;120.00;7889;120.00;11129;False;11053.50;TL;11187;120.00;11153;120.00;8532;True;8532.00;337.39;8562;120.00;8532;120.00;8114;False;8082.36;TL;8217;111.90;8171;120.00;7530;True;7530.00;2838.47;7627;120.00;7619;120.00;7372;False;7308.01;TL;7411;120.00;7432;120.00
75;100;26;7299;False;7292.77;TL;7299;27.59;7299;120.00;10601;False;10540.00;TL;10637;120.00;10644;120.00;8251;False;8208.64;TL;8368;120.00;8251;120.00;7784;False;7726.74;TL;7827;112.14;7816;120.00;7097;False;7093.99;TL;7099;61.25;7199;120.00;6937;False;6885.19;TL;6974;120.00;6982;120.00
75;100;27;6888;True;6888.00;251.11;6888;88.35;6912;120.00;9898;False;9808.60;TL;9933;120.00;9932;120.00;7414;True;7414.00;1290.35;7522;120.00;7427;120.00;7082;True;7082.00;3550.82;7106;112.19;7118;120.00;6648;True;6648.00;853.15;6821;120.00;6648;120.00;6448;False;6427.70;TL;6523;120.00;6448;120.00
75;100;28;7585;True;7585.00;1499.70;7607;120.00;7597;120.00;10988;False;10954.90;TL;10989;119.39;10988;120.00;8278;True;8278.00;1832.28;8324;120.00;8285;120.00;7845;True;7845.00;2373.46;7903;112.17;7877;120.00;7306;True;7306.00;633.19;7385;120.00;7308;120.00;7027;True;7027.00;3558.21;7066;120.00;7063;120.00
75;100;29;7402;False;7384.28;TL;7417;120.00;7402;120.00;10708;True;10708.00;997.51;10792;120.00;10726;120.00;8096;False;8094.01;TL;8119;120.00;8129;120.00;7681;True;7681.00;2195.98;7686;84.71;7691;120.00;7013;True;7013.00;198.49;7016;59.75;7013;120.00;6913;False;6899.39;TL;6966;120.00;6920;120.00
75;100;30;7660;False;7649.11;TL;7700;120.00;7660;120.00;10885;False;10846.50;TL;10937;120.00;10910;120.00;8390;True;8390.00;1224.00;8406;98.35;8399;120.00;7967;True;7967.00;2665.29;8001;112.24;7977;120.00;7451;False;7427.36;TL;7481;120.00;7504;120.00;7146;False;7102.00;TL;7178;120.00;7147;120.00
75;100;31;7985;False;7974.94;TL;7985;51.64;7987;120.00;11452;False;11382.80;TL;11516;120.00;11456;120.00;8930;True;8930.00;938.13;8973;120.00;8949;120.00;8294;False;8278.75;TL;8324;112.62;8294;120.00;7657;True;7657.00;1221.07;7732;120.00;7697;120.00;7430;True;7430.00;548.77;7436;112.59;7436;120.00
75;100;32;7511;False;7495.13;TL;7520;120.00;7511;120.00;10857;False;10854.60;TL;11245;120.00;10873;120.00;8311;True;8311.00;1171.61;8600;120.00;8313;120.00;7876;True;7876.00;512.80;8195;113.19;7930;120.00;7287;True;7287.00;711.96;7364;120.00;7293;120.00;7085;True;7085.00;765.11;7357;119.45;7085;120.00
75;100;33;7191;False;7179.30;TL;7191;102.70;7248;120.00;10179;True;10179.00;731.68;10577;120.00;10207;120.00;7847;True;7847.00;2632.08;8169;120.00;7883;120.00;7410;True;7410.00;1644.43;7631;112.94;7431;120.00;6986;True;6986.00;2373.59;7010;120.00;7028;120.00;6680;True;6680.00;3005.47;6978;120.00;6714;120.00
75;100;34;7532;False;7522.08;TL;7532;62.63;7532;120.00;10800;True;10800.00;3065.25;10827;119.39;10810;120.00;8270;True;8270.00;207.13;8438;120.00;8295;120.00;7825;False;7808.89;TL;8100;113.67;7867;120.00;7159;True;7159.00;456.71;7182;120.00;7168;120.00;6960;False;6941.99;TL;7204;120.00;6966;120.00
75;100;35;7280;False;7257.74;TL;7458;120.00;7287;120.00;10623;True;10623.00;948.17;10896;120.00;10707;120.00;7916;True;7916.00;1572.38;7927;60.01;7932;120.00;7564;False;7558.02;TL;7695;112.43;7620;120.00;7086;False;7000.73;TL;7172;120.00;7134;120.00;6881;False;6792.29;TL;6982;120.00;6906;120.00
75;100;36;6973;False;6967.14;TL;6996;120.00;7006;120.00;10071;False;10068.10;TL;10097;120.00;10072;120.00;7721;True;7721.00;2372.40;7841;120.00;7736;120.00;7394;False;7376.84;TL;7412;112.91;7397;120.00;6765;True;6763.35;TL;6777;120.00;6797;120.00;6574;True;6573.06;TL;6637;120.00;6576;120.00
75;100;37;7425;False;7408.08;TL;7430;90.39;7425;120.00;10749;False;10717.60;TL;10975;120.00;10771;120.00;8226;False;8164.49;TL;8235;120.00;8247;120.00;7658;True;7658.00;1925.00;7735;111.93;7729;120.00;7149;False;7136.34;TL;7306;120.00;7270;120.00;6968;False;6949.13;TL;7069;119.47;6973;120.00
75;100;38;7614;False;7604.32;TL;7620;120.00;7620;120.00;10986;False;10983.60;TL;11040;120.00;11033;120.00;8239;True;8239.00;633.72;8322;120.00;8270;120.00;7876;True;7876.00;2028.91;7926;111.86;7957;120.00;7349;False;7345.29;TL;7408;120.00;7392;120.00;7114;True;7114.00;3025.58;7200;120.00;7151;120.00
75;100;39;7721;False;7713.83;TL;7779;120.00;7735;120.00;11194;True;11194.00;2319.17;11236;120.00;11237;120.00;8493;True;8493.00;249.65;8581;120.00;8511;120.00;8058;True;8058.00;752.64;8093;113.15;8061;120.00;7500;True;7500.00;1425.67;7594;120.00;7514;120.00;7268;False;7255.40;TL;7312;120.00;7272;120.00
