;;;traversal;traversal;traversal;traversal;traversal;traversal;traversal;traversal;return;return;return;return;return;return;return;return;midpoint;midpoint;midpoint;midpoint;midpoint;midpoint;midpoint;midpoint;largest gap;largest gap;largest gap;largest gap;largest gap;largest gap;largest gap;largest gap;combined;combined;combined;combined;combined;combined;combined;combined;optimal;optimal;optimal;optimal;optimal;optimal;optimal;optimal
;;;;;BPC;BPC;SC-2;SC-2;BPC-DF-2;BPC-DF-2;;;BPC;BPC;SC-2;SC-2;BPC-DF-2;BPC-DF-2;;;BPC;BPC;SC-2;SC-2;BPC-DF-2;BPC-DF-2;;;BPC;BPC;SC-2;SC-2;BPC-DF-2;BPC-DF-2;;;BPC;BPC;SC-2;SC-2;BPC-DF-2;BPC-DF-2;;;BPC;BPC;SC-2;SC-2;BPC-DF-2;BPC-DF-2
capacity;numOrders;instNum;BKS;BKS_is_opt;LB tree;runtime;UB;runtime;UB;runtime;BKS;BKS_is_opt;LB tree;runtime;UB;runtime;UB;runtime;BKS;BKS_is_opt;LB tree;runtime;UB;runtime;UB;runtime;BKS;BKS_is_opt;LB tree;runtime;UB;runtime;UB;runtime;BKS;BKS_is_opt;LB tree;runtime;UB;runtime;UB;runtime;BKS;BKS_is_opt;LB tree;runtime;UB;runtime;UB;runtime
30;20;0;5270;True;5270.00;0.03;5270;0.01;5270;0.04;6900;True;6900.00;0.00;6900;0.00;6900;0.00;4960;True;4960.00;0.00;4960;0.00;4960;0.00;4719;True;4719.00;0.01;4719;0.02;4719;0.01;4738;True;4738.00;0.00;4738;0.00;4738;0.00;4316;True;4316.00;0.00;4316;0.00;4316;0.00
30;20;1;5384;True;5384.00;0.01;5384;0.01;5384;0.00;6960;True;6960.00;0.00;6960;0.00;6960;0.00;5303;True;5303.00;0.00;5303;0.00;5303;0.00;4943;True;4943.00;0.01;4943;0.01;4943;0.00;4949;True;4949.00;0.00;4949;0.00;4949;0.00;4531;True;4531.00;0.00;4531;0.00;4531;0.00
30;20;2;6093;True;6093.00;0.00;6093;0.00;6093;0.00;7613;True;7613.00;0.00;7613;0.00;7613;0.00;5738;True;5738.00;0.00;5738;0.00;5738;0.00;5450;True;5450.00;0.00;5450;0.00;5450;0.00;5481;True;5481.00;0.00;5481;0.00;5481;0.00;4982;True;4982.00;0.00;4982;0.00;4982;0.00
30;20;3;4201;True;4201.00;0.03;4229;0.03;4201;0.02;5485;True;5485.00;0.00;5485;0.00;5485;0.00;4207;True;4207.00;0.09;4207;0.02;4207;0.01;4006;True;4006.00;0.00;4006;0.00;4006;0.00;3841;True;3841.00;0.00;3841;0.00;3841;0.01;3671;True;3671.00;0.10;3672;0.02;3671;0.02
30;20;4;4023;True;4023.00;0.00;4023;0.00;4023;0.00;5451;True;5451.00;0.00;5451;0.00;5451;0.00;4012;True;4012.00;0.03;4012;0.03;4012;0.01;3731;True;3731.00;0.01;3731;0.00;3731;0.01;3685;True;3685.00;0.00;3685;0.00;3685;0.00;3464;True;3464.00;0.01;3464;0.00;3464;0.01
30;20;5;5122;True;5122.00;0.00;5122;0.00;5122;0.00;6702;True;6702.00;0.00;6702;0.00;6702;0.00;5236;True;5236.00;0.00;5236;0.00;5236;0.00;4920;True;4920.00;0.00;4920;0.00;4920;0.00;4709;True;4709.00;0.00;4709;0.00;4709;0.00;4511;True;4511.00;0.00;4511;0.00;4511;0.00
30;20;6;5360;True;5360.00;0.02;5360;0.01;5360;0.00;7090;True;7090.00;0.00;7090;0.00;7090;0.00;5271;True;5271.00;0.00;5271;0.00;5271;0.00;4973;True;4973.00;0.00;4973;0.01;4973;0.00;4960;True;4960.00;0.01;4960;0.01;4960;0.01;4541;True;4541.00;0.00;4541;0.00;4541;0.00
30;20;7;6001;True;6001.00;0.00;6001;0.00;6001;0.00;7737;True;7737.00;0.00;7737;0.00;7737;0.00;5912;True;5912.00;0.00;5912;0.00;5912;0.00;5585;True;5585.00;0.00;5585;0.00;5585;0.00;5526;True;5526.00;0.00;5526;0.00;5526;0.00;5157;True;5157.00;0.00;5157;0.00;5157;0.00
30;20;8;6650;True;6650.00;0.00;6650;0.00;6650;0.00;8653;True;8653.00;0.00;8653;0.00;8653;0.00;6393;True;6393.00;0.00;6393;0.00;6393;0.00;6029;True;6029.00;0.00;6029;0.00;6029;0.00;5980;True;5980.00;0.00;5980;0.00;5980;0.00;5582;True;5582.00;0.00;5582;0.00;5582;0.00
30;20;9;6525;True;6525.00;0.00;6525;0.00;6525;0.00;8723;True;8723.00;0.00;8723;0.00;8723;0.00;6219;True;6219.00;0.00;6219;0.00;6219;0.00;5880;True;5880.00;0.00;5880;0.00;5880;0.00;5877;True;5877.00;0.00;5877;0.00;5877;0.00;5395;True;5395.00;0.00;5395;0.00;5395;0.00
30;20;10;6144;True;6144.00;0.00;6144;0.00;6144;0.00;8124;True;8124.00;0.00;8124;0.00;8124;0.00;5833;True;5833.00;0.00;5833;0.00;5833;0.00;5602;True;5602.00;0.00;5602;0.00;5602;0.00;5650;True;5650.00;0.00;5650;0.00;5650;0.00;5194;True;5194.00;0.00;5194;0.00;5194;0.00
30;20;11;4915;True;4915.00;0.00;4915;0.00;4915;0.00;6215;True;6215.00;0.00;6215;0.00;6215;0.00;5022;True;5022.00;0.00;5022;0.00;5022;0.00;4610;True;4610.00;0.00;4610;0.00;4610;0.00;4509;True;4509.00;0.00;4509;0.00;4509;0.00;4229;True;4229.00;0.00;4229;0.00;4229;0.00
30;20;12;5797;True;5797.00;0.00;5797;0.00;5797;0.00;7547;True;7547.00;0.00;7547;0.00;7547;0.00;5236;True;5236.00;0.00;5236;0.00;5236;0.00;5054;True;5054.00;0.00;5054;0.00;5054;0.00;5087;True;5087.00;0.00;5087;0.00;5087;0.00;4751;True;4751.00;0.00;4751;0.00;4751;0.00
30;20;13;6137;True;6137.00;0.00;6137;0.00;6137;0.00;7843;True;7843.00;0.00;7843;0.00;7843;0.00;5828;True;5828.00;0.00;5828;0.00;5828;0.00;5542;True;5542.00;0.00;5542;0.00;5542;0.00;5588;True;5588.00;0.00;5588;0.00;5588;0.00;5169;True;5169.00;0.00;5169;0.00;5169;0.00
30;20;14;6288;True;6288.00;0.00;6288;0.00;6288;0.00;7836;True;7836.00;0.00;7836;0.00;7836;0.00;6043;True;6043.00;0.00;6043;0.00;6043;0.00;5720;True;5720.00;0.00;5720;0.00;5720;0.00;5526;True;5526.00;0.00;5526;0.00;5526;0.00;5222;True;5222.00;0.00;5222;0.00;5222;0.00
30;20;15;4776;True;4776.00;0.00;4776;0.01;4776;0.01;6462;True;6462.00;0.00;6462;0.00;6462;0.01;4691;True;4691.00;0.00;4691;0.00;4691;0.00;4463;True;4463.00;0.00;4463;0.00;4463;0.01;4470;True;4470.00;0.06;4470;0.06;4470;0.01;4154;True;4154.00;0.01;4154;0.01;4154;0.01
30;20;16;5220;True;5220.00;0.00;5220;0.00;5220;0.00;6908;True;6908.00;0.00;6908;0.00;6908;0.00;5281;True;5281.00;0.00;5281;0.00;5281;0.00;4824;True;4824.00;0.00;4824;0.00;4824;0.00;4753;True;4753.00;0.00;4753;0.00;4753;0.00;4396;True;4396.00;0.00;4396;0.00;4396;0.00
30;20;17;5164;True;5164.00;0.02;5164;0.02;5164;0.02;6557;True;6557.00;0.00;6557;0.00;6557;0.00;4986;True;4986.00;0.00;4986;0.00;4986;0.00;4796;True;4796.00;0.00;4796;0.00;4796;0.00;4718;True;4718.00;0.00;4718;0.00;4718;0.00;4439;True;4439.00;0.03;4439;0.01;4439;0.01
30;20;18;6249;True;6249.00;0.00;6249;0.00;6249;0.00;7667;True;7667.00;0.00;7667;0.00;7667;0.00;5692;True;5692.00;0.00;5692;0.00;5692;0.00;5382;True;5382.00;0.00;5382;0.00;5382;0.00;5513;True;5513.00;0.00;5513;0.00;5513;0.00;4965;True;4965.00;0.00;4965;0.00;4965;0.00
30;20;19;4371;True;4371.00;0.00;4371;0.00;4371;0.00;5715;True;5715.00;0.03;5725;0.01;5715;0.01;4326;True;4326.00;0.02;4326;0.01;4326;0.00;4072;True;4072.00;0.00;4072;0.00;4072;0.00;4017;True;4017.00;0.00;4017;0.00;4017;0.00;3749;True;3749.00;0.00;3749;0.00;3749;0.00
30;20;20;4879;True;4879.00;0.00;4879;0.00;4879;0.00;6325;True;6325.00;0.02;6325;0.02;6325;0.01;4729;True;4729.00;0.00;4729;0.00;4729;0.00;4479;True;4479.00;0.00;4479;0.00;4479;0.01;4457;True;4457.00;0.00;4457;0.00;4457;0.00;4166;True;4166.00;0.00;4166;0.00;4166;0.00
30;20;21;5667;True;5667.00;0.00;5667;0.00;5667;0.00;7412;True;7412.00;0.00;7412;0.00;7412;0.00;5528;True;5528.00;0.00;5528;0.00;5528;0.00;5153;True;5153.00;0.00;5153;0.00;5153;0.00;5105;True;5105.00;0.00;5105;0.00;5105;0.00;4813;True;4813.00;0.00;4813;0.00;4813;0.00
30;20;22;5029;True;5029.00;0.10;5029;0.01;5029;0.08;6214;True;6214.00;0.00;6214;0.00;6214;0.00;4803;True;4803.00;0.00;4803;0.00;4803;0.00;4538;True;4538.00;0.00;4538;0.00;4538;0.00;4530;True;4530.00;0.00;4530;0.00;4530;0.01;4218;True;4218.00;0.00;4218;0.00;4218;0.00
30;20;23;7589;True;7589.00;0.00;7589;0.00;7589;0.00;9828;True;9828.00;0.00;9828;0.00;9828;0.00;6811;True;6811.00;0.00;6811;0.00;6811;0.00;6617;True;6617.00;0.00;6617;0.00;6617;0.00;6851;True;6851.00;0.00;6851;0.00;6851;0.00;6181;True;6181.00;0.00;6181;0.00;6181;0.00
30;20;24;3819;True;3819.00;0.07;3819;0.02;3819;0.01;5041;True;5041.00;0.07;5041;0.02;5041;0.02;3640;True;3640.00;0.68;3640;0.04;3640;0.18;3492;True;3492.00;0.09;3509;0.06;3492;0.02;3458;True;3458.00;0.00;3458;0.01;3458;0.01;3242;True;3242.00;0.17;3242;0.02;3242;0.04
30;20;25;6199;True;6199.00;0.00;6199;0.00;6199;0.00;7962;True;7962.00;0.00;7962;0.00;7962;0.00;6156;True;6156.00;0.00;6156;0.00;6156;0.00;5810;True;5810.00;0.00;5810;0.00;5810;0.00;5679;True;5679.00;0.00;5679;0.00;5679;0.00;5347;True;5347.00;0.00;5347;0.00;5347;0.00
30;20;26;6048;True;6048.00;0.00;6048;0.00;6048;0.00;7486;True;7486.00;0.00;7486;0.00;7486;0.00;5953;True;5953.00;0.00;5953;0.00;5953;0.00;5617;True;5617.00;0.00;5617;0.00;5617;0.00;5452;True;5452.00;0.00;5452;0.00;5452;0.00;5119;True;5119.00;0.00;5119;0.00;5119;0.00
30;20;27;6417;True;6417.00;0.00;6417;0.00;6417;0.00;7702;True;7702.00;0.00;7702;0.00;7702;0.00;6024;True;6024.00;0.00;6024;0.00;6024;0.00;5610;True;5610.00;0.00;5610;0.00;5610;0.00;5609;True;5609.00;0.00;5609;0.00;5609;0.00;5208;True;5208.00;0.00;5208;0.00;5208;0.00
30;20;28;5639;True;5639.00;0.00;5639;0.00;5639;0.00;7453;True;7453.00;0.00;7453;0.00;7453;0.00;5277;True;5277.00;0.00;5277;0.00;5277;0.00;4954;True;4954.00;0.00;4954;0.00;4954;0.00;5091;True;5091.00;0.00;5091;0.00;5091;0.00;4593;True;4593.00;0.00;4593;0.00;4593;0.00
30;20;29;5726;True;5726.00;0.00;5726;0.00;5726;0.00;6942;True;6942.00;0.00;6942;0.00;6942;0.00;5581;True;5581.00;0.00;5581;0.00;5581;0.00;5182;True;5182.00;0.00;5182;0.00;5182;0.00;5121;True;5121.00;0.00;5121;0.00;5121;0.00;4819;True;4819.00;0.00;4819;0.00;4819;0.00
30;20;30;5212;True;5212.00;0.10;5212;0.03;5212;0.04;6528;True;6528.00;0.10;6528;0.03;6528;0.02;4709;True;4709.00;0.00;4709;0.00;4709;0.00;4535;True;4535.00;0.00;4535;0.01;4535;0.00;4635;True;4635.00;0.00;4635;0.00;4635;0.00;4258;True;4258.00;0.02;4258;0.03;4258;0.01
30;20;31;7026;True;7026.00;0.00;7026;0.00;7026;0.00;9239;True;9239.00;0.00;9239;0.00;9239;0.00;6540;True;6540.00;0.00;6540;0.00;6540;0.00;6300;True;6300.00;0.00;6300;0.00;6300;0.00;6254;True;6254.00;0.00;6254;0.00;6254;0.00;5864;True;5864.00;0.00;5864;0.00;5864;0.00
30;20;32;5191;True;5191.00;0.00;5191;0.00;5191;0.00;6683;True;6683.00;0.00;6683;0.00;6683;0.00;5135;True;5135.00;0.00;5135;0.00;5135;0.00;4832;True;4832.00;0.00;4832;0.00;4832;0.00;4745;True;4745.00;0.00;4745;0.00;4745;0.00;4387;True;4387.00;0.00;4387;0.00;4387;0.00
30;20;33;6149;True;6149.00;0.00;6149;0.00;6149;0.00;7908;True;7908.00;0.00;7908;0.00;7908;0.00;5918;True;5918.00;0.00;5918;0.00;5918;0.00;5566;True;5566.00;0.00;5566;0.00;5566;0.00;5508;True;5508.00;0.00;5508;0.00;5508;0.00;5203;True;5203.00;0.00;5203;0.00;5203;0.00
30;20;34;4477;True;4477.00;0.10;4479;0.02;4477;0.04;5647;True;5647.00;0.01;5647;0.01;5647;0.01;4366;True;4366.00;0.00;4366;0.00;4366;0.00;4123;True;4123.00;0.01;4123;0.01;4123;0.01;4024;True;4024.00;0.00;4024;0.00;4024;0.00;3780;True;3780.00;0.00;3780;0.01;3780;0.01
30;20;35;4677;True;4677.00;0.00;4677;0.00;4677;0.00;6260;True;6260.00;0.00;6260;0.00;6260;0.00;4566;True;4566.00;0.00;4566;0.00;4566;0.00;4240;True;4240.00;0.00;4240;0.00;4240;0.00;4181;True;4181.00;0.00;4181;0.00;4181;0.00;3962;True;3962.00;0.01;3962;0.01;3962;0.00
30;20;36;5547;True;5547.00;0.00;5547;0.00;5547;0.00;7411;True;7411.00;0.00;7411;0.00;7411;0.00;5440;True;5440.00;0.00;5440;0.00;5440;0.00;5117;True;5117.00;0.00;5117;0.00;5117;0.00;4995;True;4995.00;0.00;4995;0.00;4995;0.00;4692;True;4692.00;0.00;4692;0.00;4692;0.00
30;20;37;5252;True;5252.00;0.00;5252;0.00;5252;0.00;7018;True;7018.00;0.00;7018;0.00;7018;0.00;5249;True;5249.00;0.00;5249;0.00;5249;0.00;4849;True;4849.00;0.00;4849;0.00;4849;0.00;4832;True;4832.00;0.00;4832;0.00;4832;0.00;4435;True;4435.00;0.00;4435;0.00;4435;0.00
30;20;38;4457;True;4457.00;0.00;4457;0.00;4457;0.00;5956;True;5956.00;0.00;5956;0.00;5956;0.00;4551;True;4551.00;0.00;4551;0.00;4551;0.00;4262;True;4262.00;0.12;4262;0.02;4262;0.02;4061;True;4061.00;0.02;4061;0.01;4061;0.00;3844;True;3844.00;0.01;3844;0.01;3844;0.01
30;20;39;5306;True;5306.00;0.00;5306;0.00;5306;0.00;6987;True;6987.00;0.00;6987;0.00;6987;0.00;5319;True;5319.00;0.00;5319;0.00;5319;0.00;4969;True;4969.00;0.00;4969;0.00;4969;0.00;4894;True;4894.00;0.00;4894;0.00;4894;0.00;4572;True;4572.00;0.00;4572;0.00;4572;0.00
30;30;0;7391;True;7391.00;0.07;7391;0.05;7391;0.03;9696;True;9696.00;0.00;9696;0.01;9696;0.00;7055;True;7055.00;0.03;7055;0.02;7055;0.01;6748;True;6748.00;0.03;6749;0.01;6748;0.01;6488;True;6488.00;0.00;6488;0.00;6488;0.00;6050;True;6050.00;0.01;6050;0.01;6050;0.01
30;30;1;7249;True;7249.00;0.00;7249;0.01;7249;0.00;9643;True;9643.00;0.00;9643;0.01;9643;0.00;6811;True;6811.00;0.00;6811;0.01;6811;0.01;6559;True;6559.00;0.00;6559;0.01;6559;0.00;6623;True;6623.00;0.00;6623;0.00;6623;0.00;6122;True;6122.00;0.01;6122;0.01;6122;0.01
30;30;2;7776;True;7776.00;0.00;7776;0.00;7776;0.00;10093;True;10093.00;0.00;10093;0.00;10093;0.00;7674;True;7674.00;0.00;7674;0.00;7674;0.00;7317;True;7317.00;0.00;7317;0.00;7317;0.00;7191;True;7191.00;0.00;7191;0.00;7191;0.00;6712;True;6712.00;0.02;6712;0.01;6712;0.00
30;30;3;8783;True;8783.00;0.00;8783;0.00;8783;0.00;11031;True;11031.00;0.00;11031;0.00;11031;0.00;8314;True;8314.00;0.00;8314;0.00;8314;0.00;7831;True;7831.00;0.00;7831;0.00;7831;0.00;7913;True;7913.00;0.00;7913;0.00;7913;0.00;7283;True;7283.00;0.00;7283;0.00;7283;0.00
30;30;4;10329;True;10329.00;0.00;10329;0.00;10329;0.00;13031;True;13031.00;0.00;13031;0.00;13031;0.00;9854;True;9854.00;0.00;9854;0.00;9854;0.00;9415;True;9415.00;0.00;9415;0.00;9415;0.00;9333;True;9333.00;0.00;9333;0.00;9333;0.00;8595;True;8595.00;0.00;8595;0.00;8595;0.00
30;30;5;9781;True;9781.00;0.00;9781;0.00;9781;0.00;12411;True;12411.00;0.00;12411;0.00;12411;0.00;9357;True;9357.00;0.00;9357;0.00;9357;0.00;8735;True;8735.00;0.00;8735;0.00;8735;0.00;8787;True;8787.00;0.00;8787;0.00;8787;0.00;8180;True;8180.00;0.00;8180;0.00;8180;0.00
30;30;6;7237;True;7237.00;0.06;7237;0.02;7237;0.01;9697;True;9697.00;0.00;9697;0.00;9697;0.00;7209;True;7209.00;0.01;7209;0.00;7209;0.00;6772;True;6772.00;0.01;6772;0.01;6772;0.01;6717;True;6717.00;0.00;6717;0.01;6717;0.00;6167;True;6167.00;0.01;6167;0.01;6167;0.01
30;30;7;8833;True;8833.00;0.00;8833;0.01;8833;0.00;11261;True;11261.00;0.00;11261;0.00;11261;0.00;8784;True;8784.00;0.00;8784;0.00;8784;0.01;8293;True;8293.00;0.01;8293;0.00;8293;0.00;7925;True;7925.00;0.00;7925;0.00;7925;0.00;7480;True;7480.00;0.00;7480;0.00;7480;0.00
30;30;8;7637;True;7637.00;0.01;7637;0.01;7637;0.01;9932;True;9932.00;0.05;9932;0.03;9932;0.03;7503;True;7503.00;0.01;7503;0.01;7503;0.01;7089;True;7089.00;0.05;7089;0.03;7089;0.02;7092;True;7092.00;0.05;7092;0.03;7092;0.02;6533;True;6533.00;0.05;6541;0.04;6533;0.02
30;30;9;6931;True;6931.00;0.84;6933;0.04;6931;0.85;9015;True;9015.00;0.01;9015;0.00;9015;0.01;6898;True;6898.00;0.00;6898;0.00;6898;0.00;6628;True;6628.00;0.00;6628;0.00;6628;0.00;6441;True;6441.00;0.10;6441;0.03;6441;0.02;6050;True;6050.00;0.02;6050;0.02;6050;0.02
30;30;10;7524;True;7524.00;0.00;7524;0.00;7524;0.00;9843;True;9843.00;0.00;9843;0.00;9843;0.00;7400;True;7400.00;0.00;7400;0.00;7400;0.00;7077;True;7077.00;0.00;7077;0.00;7077;0.00;6954;True;6954.00;0.00;6954;0.00;6954;0.00;6528;True;6528.00;0.01;6528;0.01;6528;0.00
30;30;11;6423;True;6423.00;0.00;6423;0.00;6423;0.00;8536;True;8536.00;0.00;8536;0.01;8536;0.01;6485;True;6485.00;0.01;6485;0.01;6485;0.01;6125;True;6125.00;0.11;6125;0.02;6125;0.03;5917;True;5917.00;0.00;5917;0.00;5917;0.01;5581;True;5581.00;0.01;5581;0.01;5581;0.01
30;30;12;8169;True;8169.00;0.00;8169;0.01;8169;0.00;10744;True;10744.00;0.00;10744;0.00;10744;0.00;8203;True;8203.00;0.00;8203;0.00;8203;0.00;7628;True;7628.00;0.00;7628;0.00;7628;0.00;7416;True;7416.00;0.00;7416;0.00;7416;0.00;7080;True;7080.00;0.00;7080;0.00;7080;0.01
30;30;13;7518;True;7518.00;0.00;7518;0.00;7518;0.00;9822;True;9822.00;0.00;9822;0.00;9822;0.00;7799;True;7799.00;0.00;7799;0.00;7799;0.00;7221;True;7221.00;0.00;7221;0.00;7221;0.00;6989;True;6989.00;0.00;6989;0.00;6989;0.00;6622;True;6622.00;0.00;6622;0.00;6622;0.00
30;30;14;8019;True;8019.00;0.00;8019;0.00;8019;0.00;10434;True;10434.00;0.00;10434;0.00;10434;0.00;7772;True;7772.00;0.00;7772;0.00;7772;0.00;7399;True;7399.00;0.00;7399;0.00;7399;0.00;7443;True;7443.00;0.00;7443;0.00;7443;0.00;6866;True;6866.00;0.01;6866;0.01;6866;0.00
30;30;15;6952;True;6952.00;0.01;6952;0.01;6952;0.02;8978;True;8978.00;0.00;8978;0.00;8978;0.00;6542;True;6542.00;0.01;6542;0.01;6542;0.02;6244;True;6244.00;0.01;6244;0.01;6244;0.02;6158;True;6158.00;0.00;6158;0.01;6158;0.00;5758;True;5758.00;0.01;5758;0.02;5758;0.02
30;30;16;7203;True;7203.00;0.00;7203;0.00;7203;0.00;9488;True;9488.00;0.00;9488;0.01;9488;0.00;7463;True;7463.00;0.01;7463;0.01;7463;0.03;6929;True;6929.00;0.04;6938;0.04;6929;0.01;6654;True;6654.00;0.01;6654;0.01;6654;0.01;6337;True;6337.00;0.01;6337;0.01;6337;0.03
30;30;17;8138;True;8138.00;0.00;8138;0.00;8138;0.00;10506;True;10506.00;0.00;10506;0.00;10506;0.00;7954;True;7954.00;0.00;7954;0.00;7954;0.00;7567;True;7567.00;0.00;7567;0.00;7567;0.00;7501;True;7501.00;0.00;7501;0.00;7501;0.00;6883;True;6883.00;0.00;6883;0.01;6883;0.01
30;30;18;7056;True;7056.00;0.00;7056;0.00;7056;0.00;9541;True;9541.00;0.01;9541;0.01;9541;0.01;7201;True;7201.00;0.01;7201;0.00;7201;0.00;6779;True;6779.00;0.00;6779;0.00;6779;0.00;6658;True;6658.00;0.06;6658;0.03;6658;0.03;6285;True;6285.00;0.05;6285;0.02;6285;0.01
30;30;19;7694;True;7694.00;0.00;7694;0.00;7694;0.00;10059;True;10059.00;0.00;10059;0.00;10059;0.00;7851;True;7851.00;0.00;7851;0.00;7851;0.00;7305;True;7305.00;0.00;7305;0.00;7305;0.00;7203;True;7203.00;0.00;7203;0.00;7203;0.01;6664;True;6664.00;0.00;6664;0.01;6664;0.00
30;30;20;6529;True;6529.00;0.26;6529;0.04;6529;0.46;8641;True;8641.00;0.20;8641;0.04;8641;0.06;6225;True;6225.00;0.01;6225;0.01;6225;0.01;5923;True;5923.00;0.01;5923;0.00;5923;0.00;5845;True;5845.00;0.10;5845;0.03;5845;0.03;5417;True;5417.00;0.01;5417;0.01;5417;0.01
30;30;21;6961;True;6961.00;0.02;6961;0.02;6961;0.01;9238;True;9238.00;0.22;9263;0.04;9238;0.03;6662;True;6662.00;0.03;6662;0.03;6662;0.02;6326;True;6326.00;0.04;6326;0.02;6326;0.01;6147;True;6147.00;0.00;6147;0.01;6147;0.00;5714;True;5714.00;0.02;5714;0.01;5714;0.01
30;30;22;9182;True;9182.00;0.00;9182;0.00;9182;0.00;11802;True;11802.00;0.00;11802;0.00;11802;0.00;8983;True;8983.00;0.00;8983;0.00;8983;0.00;8459;True;8459.00;0.00;8459;0.00;8459;0.00;8535;True;8535.00;0.00;8535;0.00;8535;0.00;7898;True;7898.00;0.01;7898;0.01;7898;0.01
30;30;23;8312;True;8312.00;0.00;8312;0.01;8312;0.00;10575;True;10575.00;0.01;10575;0.00;10575;0.01;8418;True;8418.00;0.01;8418;0.01;8418;0.01;7865;True;7865.00;0.00;7865;0.00;7865;0.00;7533;True;7533.00;0.01;7533;0.00;7533;0.01;7083;True;7083.00;0.01;7083;0.01;7083;0.01
30;30;24;10912;True;10912.00;0.00;10912;0.00;10912;0.00;13596;True;13596.00;0.00;13596;0.00;13596;0.00;10308;True;10308.00;0.00;10308;0.00;10308;0.00;9699;True;9699.00;0.00;9699;0.00;9699;0.00;9854;True;9854.00;0.00;9854;0.00;9854;0.00;8942;True;8942.00;0.00;8942;0.00;8942;0.00
30;30;25;7425;True;7425.00;0.00;7425;0.01;7425;0.00;10170;True;10170.00;0.08;10170;0.07;10170;0.03;7159;True;7159.00;0.01;7159;0.00;7159;0.01;6847;True;6847.00;0.00;6847;0.00;6847;0.00;6908;True;6908.00;0.02;6908;0.02;6908;0.02;6301;True;6301.00;0.01;6301;0.01;6301;0.01
30;30;26;8181;True;8181.00;0.00;8181;0.00;8181;0.00;10471;True;10471.00;0.13;10471;0.01;10471;0.03;7806;True;7806.00;0.00;7806;0.00;7806;0.00;7300;True;7300.00;0.00;7300;0.00;7300;0.00;7335;True;7335.00;0.00;7335;0.00;7335;0.01;6702;True;6702.00;0.00;6702;0.01;6702;0.01
30;30;27;9546;True;9546.00;0.00;9546;0.00;9546;0.00;12746;True;12746.00;0.00;12746;0.00;12746;0.00;9366;True;9366.00;0.00;9366;0.00;9366;0.00;8866;True;8866.00;0.00;8866;0.00;8866;0.00;8744;True;8744.00;0.00;8744;0.00;8744;0.00;8162;True;8162.00;0.01;8162;0.01;8162;0.00
30;30;28;6815;True;6815.00;0.01;6815;0.01;6815;0.01;9042;True;9042.00;0.01;9042;0.01;9042;0.01;7199;True;7199.00;0.01;7199;0.01;7199;0.02;6741;True;6741.00;0.04;6741;0.04;6741;0.02;6384;True;6384.00;0.07;6384;0.03;6384;0.02;6014;True;6014.00;0.03;6014;0.05;6014;0.01
30;30;29;8234;True;8234.00;0.00;8234;0.00;8234;0.00;10815;True;10815.00;0.00;10815;0.00;10815;0.00;7919;True;7919.00;0.00;7919;0.00;7919;0.00;7482;True;7482.00;0.00;7482;0.00;7482;0.00;7333;True;7333.00;0.00;7333;0.00;7333;0.00;6819;True;6819.00;0.00;6819;0.00;6819;0.01
30;30;30;8594;True;8594.00;0.00;8594;0.00;8594;0.00;11265;True;11265.00;0.00;11265;0.00;11265;0.00;8612;True;8612.00;0.00;8612;0.00;8612;0.00;8012;True;8012.00;0.00;8012;0.00;8012;0.00;8000;True;8000.00;0.00;8000;0.00;8000;0.00;7377;True;7377.00;0.00;7377;0.01;7377;0.01
30;30;31;9892;True;9892.00;0.00;9892;0.00;9892;0.00;12914;True;12914.00;0.00;12914;0.00;12914;0.00;9334;True;9334.00;0.00;9334;0.00;9334;0.00;8806;True;8806.00;0.00;8806;0.00;8806;0.00;8922;True;8922.00;0.00;8922;0.00;8922;0.00;8100;True;8100.00;0.00;8100;0.00;8100;0.00
30;30;32;7851;True;7851.00;0.00;7851;0.00;7851;0.00;10606;True;10606.00;0.00;10606;0.00;10606;0.01;7771;True;7771.00;0.00;7771;0.00;7771;0.00;7408;True;7408.00;0.00;7408;0.00;7408;0.00;7378;True;7378.00;0.00;7378;0.00;7378;0.00;6848;True;6848.00;0.00;6848;0.01;6848;0.01
30;30;33;7296;True;7296.00;0.00;7296;0.00;7296;0.00;9854;True;9854.00;0.01;9854;0.01;9854;0.01;7234;True;7234.00;0.01;7234;0.00;7234;0.01;6904;True;6904.00;0.01;6904;0.00;6904;0.01;6603;True;6603.00;0.00;6603;0.00;6603;0.00;6258;True;6258.00;0.01;6258;0.01;6258;0.00
30;30;34;7967;True;7967.00;0.00;7967;0.00;7967;0.00;10376;True;10376.00;0.00;10376;0.00;10376;0.00;7920;True;7920.00;0.00;7920;0.00;7920;0.00;7554;True;7554.00;0.00;7554;0.00;7554;0.00;7384;True;7384.00;0.00;7384;0.00;7384;0.00;6916;True;6916.00;0.01;6916;0.00;6916;0.00
30;30;35;9488;True;9488.00;0.00;9488;0.00;9488;0.00;12222;True;12222.00;0.00;12222;0.00;12222;0.00;9109;True;9109.00;0.00;9109;0.00;9109;0.00;8516;True;8516.00;0.00;8516;0.00;8516;0.00;8449;True;8449.00;0.00;8449;0.00;8449;0.00;7881;True;7881.00;0.00;7881;0.00;7881;0.00
30;30;36;9220;True;9220.00;0.00;9220;0.00;9220;0.00;12201;True;12201.00;0.00;12201;0.00;12201;0.00;9203;True;9203.00;0.00;9203;0.00;9203;0.00;8701;True;8701.00;0.00;8701;0.00;8701;0.00;8507;True;8507.00;0.00;8507;0.00;8507;0.00;7904;True;7904.00;0.00;7904;0.00;7904;0.00
30;30;37;7620;True;7620.00;0.00;7620;0.00;7620;0.00;10040;True;10040.00;0.00;10040;0.00;10040;0.00;7315;True;7315.00;0.00;7315;0.00;7315;0.00;6958;True;6958.00;0.00;6958;0.00;6958;0.00;6900;True;6900.00;0.00;6900;0.01;6900;0.01;6371;True;6371.00;0.01;6371;0.01;6371;0.01
30;30;38;9376;True;9376.00;0.00;9376;0.00;9376;0.00;11739;True;11739.00;0.00;11739;0.00;11739;0.00;8792;True;8792.00;0.00;8792;0.00;8792;0.00;8433;True;8433.00;0.00;8433;0.00;8433;0.00;8393;True;8393.00;0.00;8393;0.00;8393;0.00;7835;True;7835.00;0.00;7835;0.01;7835;0.01
30;30;39;9417;True;9417.00;0.00;9417;0.00;9417;0.00;12362;True;12362.00;0.00;12362;0.00;12362;0.00;9292;True;9292.00;0.00;9292;0.00;9292;0.00;8704;True;8704.00;0.00;8704;0.00;8704;0.00;8655;True;8655.00;0.00;8655;0.00;8655;0.00;8035;True;8035.00;0.00;8035;0.00;8035;0.00
30;40;0;11153;True;11153.00;0.01;11153;0.01;11153;0.01;14745;True;14745.00;0.01;14745;0.01;14745;0.01;11272;True;11272.00;0.00;11272;0.00;11272;0.01;10539;True;10539.00;0.01;10539;0.01;10539;0.01;10351;True;10351.00;0.00;10351;0.01;10351;0.00;9690;True;9690.00;0.01;9690;0.01;9690;0.01
30;40;1;10802;True;10802.00;0.00;10802;0.00;10802;0.00;14039;True;14039.00;0.00;14039;0.00;14039;0.00;10192;True;10192.00;0.00;10192;0.00;10192;0.00;9734;True;9734.00;0.00;9734;0.00;9734;0.01;9587;True;9587.00;0.02;9587;0.01;9587;0.01;9030;True;9030.00;0.01;9030;0.01;9030;0.00
30;40;2;9396;True;9396.00;0.01;9396;0.01;9396;0.01;12642;True;12642.00;0.01;12642;0.01;12642;0.01;9516;True;9516.00;0.01;9516;0.01;9516;0.01;8810;True;8810.00;0.01;8810;0.02;8810;0.03;8637;True;8637.00;0.01;8637;0.01;8637;0.01;8152;True;8152.00;0.02;8152;0.03;8152;0.06
30;40;3;9766;True;9766.00;0.00;9766;0.00;9766;0.00;12567;True;12567.00;0.17;12567;0.05;12567;0.05;9508;True;9508.00;0.00;9508;0.01;9508;0.01;8989;True;8989.00;0.07;8989;0.03;8989;0.03;8975;True;8975.00;0.00;8975;0.01;8975;0.01;8362;True;8362.00;0.02;8362;0.02;8362;0.02
30;40;4;10115;True;10115.00;0.00;10115;0.00;10115;0.00;13141;True;13141.00;0.00;13141;0.00;13141;0.00;9845;True;9845.00;0.01;9845;0.01;9845;0.01;9256;True;9256.00;0.00;9256;0.01;9256;0.00;9208;True;9208.00;0.00;9208;0.00;9208;0.00;8519;True;8519.00;0.01;8519;0.01;8519;0.00
30;40;5;10826;True;10826.00;0.00;10826;0.00;10826;0.00;13767;True;13767.00;0.00;13767;0.00;13767;0.00;10625;True;10625.00;0.00;10625;0.00;10625;0.00;10048;True;10048.00;0.01;10048;0.01;10048;0.01;9833;True;9833.00;0.02;9833;0.02;9833;0.01;9194;True;9194.00;0.01;9194;0.01;9194;0.01
30;40;6;9774;True;9774.00;0.07;9775;0.01;9774;0.02;12381;True;12381.00;0.01;12381;0.01;12381;0.01;9533;True;9533.00;0.01;9533;0.01;9533;0.01;9049;True;9049.00;0.07;9049;0.03;9049;0.03;8915;True;8915.00;0.01;8915;0.01;8915;0.01;8238;True;8238.00;0.01;8238;0.02;8238;0.01
30;40;7;9171;True;9171.00;0.05;9171;0.02;9171;0.04;11877;True;11877.00;0.01;11877;0.01;11877;0.01;9014;True;9014.00;0.05;9014;0.02;9014;0.01;8548;True;8548.00;0.01;8548;0.01;8548;0.01;8373;True;8373.00;0.01;8373;0.01;8373;0.01;7865;True;7865.00;0.01;7865;0.01;7865;0.01
30;40;8;11182;True;11182.00;0.00;11182;0.00;11182;0.00;14182;True;14182.00;0.00;14182;0.00;14182;0.00;10927;True;10927.00;0.00;10927;0.00;10927;0.00;10263;True;10263.00;0.01;10263;0.01;10263;0.01;10102;True;10102.00;0.00;10102;0.01;10102;0.00;9394;True;9394.00;0.01;9394;0.01;9394;0.01
30;40;9;10172;True;10172.00;0.01;10172;0.01;10172;0.01;13141;True;13141.00;0.20;13141;0.03;13141;0.05;10062;True;10062.00;0.02;10062;0.01;10062;0.01;9530;True;9530.00;0.05;9530;0.08;9530;0.03;9264;True;9264.00;0.01;9264;0.01;9264;0.01;8673;True;8673.00;0.02;8673;0.02;8673;0.02
30;40;10;10849;True;10849.00;0.00;10849;0.00;10849;0.00;14107;True;14107.00;0.00;14107;0.00;14107;0.00;10680;True;10680.00;0.00;10680;0.00;10680;0.00;10103;True;10103.00;0.00;10103;0.01;10103;0.01;10061;True;10061.00;0.00;10061;0.00;10061;0.01;9241;True;9241.00;0.01;9241;0.01;9241;0.01
30;40;11;11736;True;11736.00;0.00;11736;0.01;11736;0.00;15121;True;15121.00;0.01;15121;0.01;15121;0.01;11616;True;11616.00;0.01;11616;0.01;11616;0.00;10947;True;10947.00;0.00;10947;0.01;10947;0.00;10659;True;10659.00;0.01;10659;0.01;10659;0.01;10001;True;10001.00;0.01;10001;0.01;10001;0.01
30;40;12;10141;True;10141.00;0.28;10141;0.02;10141;0.22;13575;True;13575.00;0.01;13575;0.02;13575;0.02;9902;True;9902.00;0.01;9902;0.01;9902;0.00;9405;True;9405.00;0.01;9405;0.01;9405;0.01;9391;True;9391.00;0.01;9391;0.02;9391;0.01;8664;True;8664.00;0.01;8664;0.02;8664;0.02
30;40;13;11345;True;11345.00;0.00;11345;0.00;11345;0.00;14304;True;14304.00;0.00;14304;0.00;14304;0.00;11090;True;11090.00;0.01;11090;0.00;11090;0.00;10409;True;10409.00;0.00;10409;0.00;10409;0.00;10325;True;10325.00;0.00;10325;0.00;10325;0.00;9564;True;9564.00;0.01;9564;0.01;9564;0.01
30;40;14;10033;True;10033.00;0.02;10033;0.01;10033;0.01;13011;True;13011.00;0.01;13011;0.00;13011;0.00;9851;True;9851.00;0.01;9851;0.01;9851;0.01;9301;True;9301.00;0.01;9301;0.02;9301;0.01;9102;True;9102.00;0.01;9102;0.01;9102;0.01;8427;True;8427.00;0.01;8427;0.02;8427;0.02
30;40;15;9117;True;9117.00;0.00;9117;0.00;9117;0.00;11935;True;11935.00;0.01;11935;0.01;11935;0.01;8993;True;8993.00;0.01;8993;0.00;8993;0.01;8541;True;8541.00;0.01;8541;0.01;8541;0.01;8258;True;8258.00;0.07;8258;0.04;8258;0.02;7850;True;7850.00;0.05;7850;0.02;7850;0.02
30;40;16;11336;True;11336.00;0.00;11336;0.00;11336;0.00;14340;True;14340.00;0.00;14340;0.00;14340;0.00;10759;True;10759.00;0.00;10759;0.00;10759;0.00;10173;True;10173.00;0.00;10173;0.00;10173;0.00;10206;True;10206.00;0.00;10206;0.01;10206;0.00;9422;True;9422.00;0.01;9422;0.01;9422;0.01
30;40;17;8636;True;8636.00;0.25;8636;0.07;8636;0.13;11219;True;11219.00;0.63;11219;0.11;11219;0.13;8733;True;8733.00;0.06;8733;0.02;8733;0.02;8304;True;8304.00;0.02;8304;0.02;8304;0.02;8025;True;8025.00;0.29;8027;0.17;8025;0.13;7639;True;7639.00;0.05;7639;0.06;7639;0.05
30;40;18;11116;True;11116.00;0.00;11116;0.00;11116;0.00;14108;True;14108.00;0.00;14108;0.00;14108;0.00;10961;True;10961.00;0.01;10961;0.00;10961;0.00;10386;True;10386.00;0.00;10386;0.00;10386;0.00;10334;True;10334.00;0.00;10334;0.00;10334;0.00;9607;True;9607.00;0.01;9607;0.01;9607;0.01
30;40;19;11096;True;11096.00;0.00;11096;0.00;11096;0.00;14159;True;14159.00;0.00;14159;0.00;14159;0.00;10819;True;10819.00;0.01;10819;0.01;10819;0.00;10134;True;10134.00;0.01;10134;0.01;10134;0.01;10034;True;10034.00;0.00;10034;0.00;10034;0.00;9320;True;9320.00;0.01;9320;0.01;9320;0.01
30;40;20;11289;True;11289.00;0.01;11289;0.01;11289;0.01;14564;True;14564.00;0.01;14564;0.01;14564;0.01;10814;True;10814.00;0.01;10814;0.01;10814;0.01;10197;True;10197.00;0.01;10197;0.01;10197;0.01;10335;True;10335.00;0.01;10335;0.01;10335;0.01;9515;True;9515.00;0.01;9515;0.01;9515;0.01
30;40;21;12280;True;12280.00;0.00;12280;0.00;12280;0.00;16115;True;16115.00;0.00;16115;0.00;16115;0.00;11916;True;11916.00;0.00;11916;0.01;11916;0.00;11296;True;11296.00;0.01;11296;0.01;11296;0.01;11084;True;11084.00;0.00;11084;0.00;11084;0.00;10252;True;10252.00;0.01;10252;0.01;10252;0.01
30;40;22;9030;True;9030.00;0.55;9030;0.09;9030;0.35;12016;True;12016.00;0.72;12016;0.09;12016;0.34;9041;True;9041.00;0.01;9041;0.01;9041;0.01;8472;True;8472.00;0.01;8472;0.01;8472;0.01;8325;True;8325.00;0.33;8325;0.09;8325;0.08;7824;True;7824.00;0.06;7824;0.06;7824;0.06
30;40;23;10619;True;10619.00;0.01;10619;0.01;10619;0.01;13544;True;13544.00;0.01;13544;0.00;13544;0.01;10461;True;10461.00;0.01;10461;0.01;10461;0.01;9786;True;9786.00;0.01;9786;0.01;9786;0.01;9787;True;9787.00;0.00;9787;0.01;9787;0.01;9013;True;9013.00;0.01;9013;0.01;9013;0.01
30;40;24;10791;True;10791.00;0.00;10791;0.00;10791;0.00;13716;True;13716.00;0.00;13716;0.00;13716;0.00;10652;True;10652.00;0.01;10652;0.01;10652;0.00;10062;True;10062.00;0.00;10062;0.01;10062;0.01;9796;True;9796.00;0.00;9796;0.01;9796;0.00;9214;True;9214.00;0.01;9214;0.01;9214;0.01
30;40;25;8979;True;8979.00;0.07;8985;0.02;8979;0.01;11828;True;11828.00;0.10;11828;0.05;11828;0.04;8641;True;8641.00;0.01;8641;0.01;8641;0.01;8247;True;8247.00;0.14;8247;0.02;8247;0.03;8092;True;8092.00;0.07;8092;0.04;8092;0.02;7525;True;7525.00;0.03;7525;0.03;7525;0.02
30;40;26;8985;True;8985.00;0.03;8985;0.03;8985;0.04;11950;True;11950.00;0.16;11950;0.04;11950;0.04;8980;True;8980.00;0.06;8980;0.02;8980;0.01;8565;True;8565.00;0.01;8565;0.01;8565;0.01;8342;True;8342.00;0.33;8342;0.08;8342;0.10;7818;True;7818.00;0.01;7818;0.02;7818;0.01
30;40;27;10287;True;10287.00;0.00;10287;0.00;10287;0.00;13372;True;13372.00;0.01;13372;0.00;13372;0.01;10374;True;10374.00;0.00;10374;0.00;10374;0.00;9706;True;9706.00;0.01;9706;0.01;9706;0.00;9487;True;9487.00;0.00;9487;0.00;9487;0.00;8933;True;8933.00;0.01;8933;0.01;8933;0.00
30;40;28;9521;True;9521.00;0.01;9521;0.01;9521;0.01;12848;True;12848.00;0.00;12848;0.00;12848;0.00;9608;True;9608.00;0.01;9608;0.01;9608;0.01;9109;True;9109.00;0.01;9109;0.01;9109;0.00;8875;True;8875.00;0.01;8875;0.00;8875;0.00;8342;True;8342.00;0.10;8342;0.02;8342;0.02
30;40;29;9925;True;9925.00;0.01;9925;0.01;9925;0.01;12698;True;12698.00;0.01;12698;0.01;12698;0.01;9797;True;9797.00;0.00;9797;0.01;9797;0.01;9335;True;9335.00;0.01;9335;0.01;9335;0.01;9010;True;9010.00;0.01;9010;0.01;9010;0.01;8466;True;8466.00;0.01;8466;0.01;8466;0.01
30;40;30;11513;True;11513.00;0.00;11513;0.01;11513;0.01;14703;True;14703.00;0.00;14703;0.00;14703;0.00;11267;True;11267.00;0.01;11267;0.01;11267;0.01;10663;True;10663.00;0.01;10663;0.01;10663;0.01;10443;True;10443.00;0.01;10443;0.01;10443;0.00;9748;True;9748.00;0.01;9748;0.01;9748;0.01
30;40;31;12071;True;12071.00;0.00;12071;0.00;12071;0.00;15594;True;15594.00;0.00;15594;0.00;15594;0.00;11871;True;11871.00;0.00;11871;0.00;11871;0.00;11208;True;11208.00;0.01;11208;0.00;11208;0.01;10872;True;10872.00;0.00;10872;0.00;10872;0.00;10170;True;10170.00;0.01;10170;0.01;10170;0.01
30;40;32;9683;True;9683.00;0.16;9683;0.17;9683;0.16;12836;True;12836.00;0.01;12836;0.00;12836;0.01;9427;True;9427.00;0.01;9427;0.00;9427;0.01;8972;True;8972.00;0.01;8972;0.01;8972;0.01;8876;True;8876.00;0.00;8876;0.00;8876;0.00;8234;True;8234.00;0.01;8234;0.01;8234;0.01
30;40;33;11300;True;11300.00;0.00;11300;0.00;11300;0.00;14590;True;14590.00;0.00;14590;0.00;14590;0.00;11244;True;11244.00;0.00;11244;0.00;11244;0.00;10528;True;10528.00;0.00;10528;0.00;10528;0.00;10425;True;10425.00;0.00;10425;0.01;10425;0.00;9631;True;9631.00;0.01;9631;0.01;9631;0.01
30;40;34;12507;True;12507.00;0.00;12507;0.00;12507;0.00;15671;True;15671.00;0.00;15671;0.00;15671;0.00;12128;True;12128.00;0.00;12128;0.01;12128;0.00;11405;True;11405.00;0.01;11405;0.01;11405;0.01;11354;True;11354.00;0.00;11354;0.00;11354;0.00;10465;True;10465.00;0.01;10465;0.01;10465;0.00
30;40;35;10212;True;10212.00;0.00;10212;0.00;10212;0.01;13059;True;13059.00;0.00;13059;0.00;13059;0.00;10291;True;10291.00;0.00;10291;0.01;10291;0.00;9628;True;9628.00;0.00;9628;0.00;9628;0.01;9403;True;9403.00;0.01;9403;0.01;9403;0.00;8676;True;8676.00;0.01;8676;0.01;8676;0.01
30;40;36;10039;True;10039.00;0.66;10045;0.03;10039;0.03;12856;True;12856.00;0.02;12856;0.02;12856;0.02;9806;True;9806.00;0.01;9806;0.01;9806;0.01;9262;True;9262.00;0.20;9262;0.02;9262;0.04;9141;True;9141.00;0.36;9141;0.03;9141;0.07;8484;True;8484.00;0.41;8484;0.04;8484;0.23
30;40;37;9845;True;9845.00;0.00;9845;0.00;9845;0.00;12558;True;12558.00;0.00;12558;0.00;12558;0.00;10141;True;10141.00;0.01;10141;0.00;10141;0.01;9454;True;9454.00;0.01;9454;0.01;9454;0.01;9002;True;9002.00;0.01;9002;0.01;9002;0.01;8429;True;8429.00;0.01;8429;0.01;8429;0.01
30;40;38;9842;True;9842.00;0.19;9842;0.41;9842;0.21;12368;True;12368.00;0.01;12368;0.01;12368;0.02;9840;True;9840.00;0.01;9840;0.01;9840;0.01;9187;True;9187.00;0.01;9187;0.02;9187;0.02;9049;True;9049.00;0.01;9049;0.01;9049;0.01;8504;True;8504.00;0.06;8504;0.10;8504;0.02
30;40;39;10739;True;10739.00;0.00;10739;0.00;10739;0.00;13483;True;13483.00;0.00;13483;0.00;13483;0.00;10134;True;10134.00;0.00;10134;0.01;10134;0.00;9591;True;9591.00;0.01;9591;0.01;9591;0.01;9711;True;9711.00;0.01;9711;0.01;9711;0.01;8844;True;8844.00;0.01;8844;0.01;8844;0.01
30;50;0;15000;True;15000.00;0.00;15000;0.00;15000;0.00;19436;True;19436.00;0.00;19436;0.01;19436;0.00;14764;True;14764.00;0.01;14764;0.00;14764;0.00;13859;True;13859.00;0.01;13859;0.01;13859;0.01;13870;True;13870.00;0.00;13870;0.00;13870;0.01;12688;True;12688.00;0.01;12688;0.01;12688;0.01
30;50;1;12011;True;12011.00;0.01;12011;0.01;12011;0.01;15700;True;15700.00;0.01;15700;0.01;15700;0.01;12123;True;12123.00;0.01;12123;0.01;12123;0.01;11342;True;11342.00;0.01;11342;0.01;11342;0.01;11054;True;11054.00;0.02;11054;0.02;11054;0.02;10383;True;10383.00;0.02;10383;0.02;10383;0.02
30;50;2;14611;True;14611.00;0.00;14611;0.00;14611;0.00;18982;True;18982.00;0.00;18982;0.01;18982;0.01;14312;True;14312.00;0.01;14312;0.01;14312;0.00;13442;True;13442.00;0.01;13442;0.01;13442;0.01;13427;True;13427.00;0.01;13427;0.01;13427;0.01;12547;True;12547.00;0.02;12547;0.01;12547;0.02
30;50;3;12472;True;12472.00;0.03;12472;0.03;12472;0.03;16717;True;16717.00;0.01;16717;0.01;16717;0.01;12223;True;12223.00;0.01;12223;0.01;12223;0.01;11575;True;11575.00;0.12;11575;0.03;11575;0.02;11447;True;11447.00;0.14;11447;0.17;11447;0.15;10757;True;10757.00;0.01;10757;0.01;10757;0.01
30;50;4;11649;True;11649.00;0.16;11649;0.03;11649;0.02;15252;True;15252.00;0.02;15252;0.02;15252;0.01;11746;True;11746.00;0.16;11746;0.04;11746;0.04;10971;True;10971.00;0.02;10971;0.02;10971;0.06;10711;True;10711.00;0.10;10714;0.06;10711;0.04;10021;True;10021.00;0.17;10021;0.05;10021;0.06
30;50;5;15374;True;15374.00;0.00;15374;0.01;15374;0.01;19801;True;19801.00;0.00;19801;0.01;19801;0.01;14892;True;14892.00;0.01;14892;0.01;14892;0.01;14143;True;14143.00;0.01;14143;0.01;14143;0.01;14009;True;14009.00;0.01;14009;0.01;14009;0.01;13152;True;13152.00;0.02;13152;0.02;13152;0.02
30;50;6;12582;True;12582.00;0.01;12582;0.01;12582;0.01;16215;True;16215.00;0.01;16215;0.01;16215;0.01;12052;True;12052.00;0.01;12052;0.01;12052;0.01;11480;True;11480.00;0.02;11480;0.02;11480;0.03;11318;True;11318.00;0.10;11318;0.03;11318;0.06;10501;True;10501.00;0.01;10501;0.01;10501;0.02
30;50;7;15334;True;15334.00;0.00;15334;0.00;15334;0.00;19308;True;19308.00;0.00;19308;0.01;19308;0.00;14688;True;14688.00;0.00;14688;0.00;14688;0.00;13860;True;13860.00;0.01;13860;0.01;13860;0.01;13754;True;13754.00;0.00;13754;0.00;13754;0.00;12860;True;12860.00;0.02;12860;0.02;12860;0.02
30;50;8;14104;True;14104.00;0.01;14104;0.00;14104;0.01;18046;True;18046.00;0.00;18046;0.01;18046;0.01;14455;True;14455.00;0.00;14455;0.01;14455;0.00;13415;True;13415.00;0.01;13415;0.01;13415;0.01;12898;True;12898.00;0.00;12898;0.01;12898;0.01;12262;True;12262.00;0.01;12262;0.01;12262;0.01
30;50;9;12941;True;12941.00;0.00;12941;0.00;12941;0.00;17031;True;17031.00;0.01;17031;0.00;17031;0.00;12873;True;12873.00;0.01;12873;0.01;12873;0.01;12206;True;12206.00;0.01;12206;0.01;12206;0.01;11844;True;11844.00;0.00;11844;0.01;11844;0.01;11052;True;11052.00;0.01;11052;0.01;11052;0.01
30;50;10;13150;True;13150.00;0.00;13150;0.01;13150;0.01;17867;True;17867.00;0.01;17867;0.01;17867;0.01;12980;True;12980.00;0.01;12980;0.01;12980;0.01;12176;True;12176.00;0.02;12176;0.01;12176;0.03;12020;True;12020.00;0.00;12020;0.01;12020;0.01;11177;True;11177.00;0.02;11177;0.02;11177;0.03
30;50;11;14096;True;14096.00;0.00;14096;0.00;14096;0.01;17932;True;17932.00;0.00;17932;0.01;17932;0.01;13443;True;13443.00;0.01;13443;0.00;13443;0.01;12696;True;12696.00;0.01;12696;0.01;12696;0.01;12660;True;12660.00;0.01;12660;0.01;12660;0.00;11644;True;11644.00;0.01;11644;0.01;11644;0.01
30;50;12;12724;True;12724.00;0.13;12724;0.27;12724;0.03;16897;True;16897.00;0.01;16897;0.01;16897;0.01;12751;True;12751.00;0.02;12751;0.02;12751;0.01;11917;True;11917.00;0.02;11917;0.02;11917;0.01;11673;True;11673.00;0.02;11673;0.02;11673;0.02;10903;True;10903.00;0.02;10903;0.02;10903;0.02
30;50;13;14442;True;14442.00;0.00;14442;0.00;14442;0.00;18414;True;18414.00;0.00;18414;0.01;18414;0.01;14034;True;14034.00;0.01;14034;0.00;14034;0.00;13227;True;13227.00;0.01;13227;0.00;13227;0.00;12877;True;12877.00;0.01;12877;0.01;12877;0.00;12060;True;12060.00;0.01;12060;0.01;12060;0.01
30;50;14;12999;True;12999.00;0.00;12999;0.00;12999;0.01;17362;True;17362.00;0.01;17362;0.01;17362;0.05;13030;True;13030.00;0.01;13030;0.01;13030;0.01;12305;True;12305.00;0.01;12305;0.01;12305;0.01;11998;True;11998.00;0.01;11998;0.01;11998;0.01;11174;True;11174.00;0.01;11174;0.01;11174;0.01
30;50;15;13883;True;13883.00;0.00;13883;0.01;13883;0.01;17885;True;17885.00;0.00;17885;0.00;17885;0.00;13770;True;13770.00;0.00;13770;0.00;13770;0.01;12883;True;12883.00;0.01;12883;0.01;12883;0.00;12404;True;12404.00;0.01;12404;0.01;12404;0.01;11692;True;11692.00;0.01;11692;0.01;11692;0.01
30;50;16;13772;True;13772.00;0.00;13772;0.01;13772;0.00;18082;True;18082.00;0.01;18082;0.01;18082;0.01;13225;True;13225.00;0.00;13225;0.01;13225;0.01;12403;True;12403.00;0.00;12403;0.01;12403;0.01;12460;True;12460.00;0.01;12460;0.01;12460;0.01;11630;True;11630.00;0.02;11630;0.02;11630;0.02
30;50;17;13458;True;13458.00;0.01;13458;0.01;13458;0.01;18097;True;18097.00;0.01;18097;0.01;18097;0.01;13464;True;13464.00;0.02;13464;0.02;13464;0.01;12644;True;12644.00;0.02;12644;0.02;12644;0.02;12455;True;12455.00;0.01;12455;0.01;12455;0.01;11646;True;11646.00;0.06;11646;0.03;11646;0.03
30;50;18;13824;True;13824.00;0.01;13824;0.01;13824;0.00;17386;True;17386.00;0.00;17386;0.00;17386;0.00;13669;True;13669.00;0.01;13669;0.00;13669;0.00;13064;True;13064.00;0.01;13064;0.01;13064;0.00;12528;True;12528.00;0.01;12528;0.00;12528;0.01;11794;True;11794.00;0.01;11794;0.01;11794;0.01
30;50;19;12987;True;12987.00;0.01;12987;0.01;12987;0.01;17293;True;17293.00;0.00;17293;0.00;17293;0.00;12677;True;12677.00;0.01;12677;0.00;12677;0.00;11957;True;11957.00;0.02;11957;0.01;11957;0.02;11670;True;11670.00;0.01;11670;0.02;11670;0.01;11053;True;11053.00;0.01;11053;0.01;11053;0.01
30;50;20;15807;True;15807.00;0.01;15807;0.01;15807;0.01;20149;True;20149.00;0.01;20149;0.01;20149;0.01;15359;True;15359.00;0.01;15359;0.01;15359;0.01;14439;True;14439.00;0.01;14439;0.01;14439;0.01;14251;True;14251.00;0.01;14251;0.01;14251;0.00;13327;True;13327.00;0.01;13327;0.01;13327;0.02
30;50;21;15670;True;15670.00;0.00;15670;0.00;15670;0.00;19553;True;19553.00;0.00;19553;0.01;19553;0.00;14798;True;14798.00;0.00;14798;0.00;14798;0.01;13767;True;13767.00;0.01;13767;0.01;13767;0.01;13901;True;13901.00;0.01;13901;0.01;13901;0.00;12801;True;12801.00;0.01;12801;0.01;12801;0.01
30;50;22;14928;True;14928.00;0.00;14928;0.00;14928;0.00;19349;True;19349.00;0.00;19349;0.01;19349;0.01;14094;True;14094.00;0.01;14094;0.00;14094;0.00;13323;True;13323.00;0.01;13323;0.00;13323;0.00;13320;True;13320.00;0.01;13320;0.01;13320;0.00;12339;True;12339.00;0.01;12339;0.01;12339;0.01
30;50;23;11775;True;11775.00;0.07;11775;0.02;11775;0.02;15206;True;15206.00;0.14;15206;0.04;15206;0.04;11537;True;11537.00;0.13;11537;0.06;11537;0.04;10842;True;10842.00;0.02;10842;0.01;10842;0.02;10689;True;10689.00;0.01;10689;0.01;10689;0.01;9986;True;9986.00;0.02;9986;0.02;9986;0.02
30;50;24;11833;True;11833.00;0.12;11833;0.04;11833;0.03;16072;True;16072.00;0.10;16072;0.44;16072;0.03;11999;True;11999.00;0.02;11999;0.02;11999;0.01;11305;True;11305.00;0.03;11305;0.02;11305;0.03;10964;True;10964.00;0.02;10964;0.02;10964;0.02;10239;True;10239.00;0.03;10239;0.03;10239;0.05
30;50;25;12229;True;12229.00;0.36;12229;0.09;12229;0.59;15504;True;15504.00;0.02;15504;0.02;15504;0.02;11737;True;11737.00;0.02;11737;0.01;11737;0.02;11123;True;11123.00;0.02;11123;0.02;11123;0.02;11125;True;11125.00;0.09;11128;0.15;11125;0.05;10326;True;10326.00;0.19;10326;0.09;10326;0.05
30;50;26;14440;True;14440.00;0.07;14440;0.07;14440;0.07;18127;True;18127.00;0.25;18127;0.10;18127;0.15;13637;True;13637.00;0.00;13637;0.01;13637;0.01;12955;True;12955.00;0.01;12955;0.01;12955;0.01;13172;True;13172.00;0.05;13172;0.18;13172;0.03;12255;True;12255.00;0.02;12255;0.02;12255;0.02
30;50;27;13804;True;13804.00;0.00;13804;0.01;13804;0.01;19002;True;19002.00;0.00;19002;0.00;19002;0.01;13775;True;13775.00;0.01;13775;0.01;13775;0.00;12938;True;12938.00;0.01;12938;0.01;12938;0.01;12572;True;12572.00;0.00;12572;0.01;12572;0.00;11813;True;11813.00;0.01;11813;0.01;11813;0.01
30;50;28;11432;True;11432.00;0.14;11432;0.03;11432;0.02;15382;True;15382.00;0.01;15382;0.01;15382;0.01;11625;True;11625.00;0.01;11625;0.01;11625;0.01;11029;True;11029.00;0.01;11029;0.01;11029;0.01;10631;True;10631.00;0.07;10631;0.02;10631;0.03;10078;True;10078.00;0.02;10078;0.02;10078;0.02
30;50;29;12392;True;12392.00;0.01;12392;0.01;12392;0.01;16249;True;16249.00;0.02;16249;0.02;16249;0.02;12199;True;12199.00;0.02;12199;0.02;12199;0.02;11604;True;11604.00;0.02;11604;0.02;11604;0.02;11274;True;11274.00;0.01;11274;0.01;11274;0.01;10628;True;10628.00;0.03;10628;0.03;10628;0.03
30;50;30;13832;True;13832.00;0.15;13832;0.20;13832;0.07;18066;True;18066.00;0.01;18066;0.01;18066;0.01;13601;True;13601.00;0.01;13601;0.01;13601;0.01;12916;True;12916.00;0.01;12916;0.01;12916;0.01;12655;True;12655.00;0.18;12655;0.08;12655;0.09;11825;True;11825.00;0.14;11828;0.10;11825;0.06
30;50;31;11695;True;11695.00;4.24;11695;0.34;11695;2.31;15002;True;15002.00;0.04;15002;0.03;15002;0.04;11255;True;11255.00;0.01;11255;0.01;11255;0.01;10690;True;10690.00;0.02;10690;0.02;10690;0.02;10672;True;10672.00;1.86;10672;0.44;10672;0.58;9867;True;9867.00;0.04;9867;0.04;9867;0.04
30;50;32;14740;True;14740.00;0.01;14740;0.01;14740;0.01;18800;True;18800.00;0.01;18800;0.00;18800;0.01;14244;True;14244.00;0.01;14244;0.01;14244;0.01;13411;True;13411.00;0.01;13411;0.01;13411;0.01;13361;True;13361.00;0.01;13361;0.01;13361;0.01;12346;True;12346.00;0.01;12346;0.02;12346;0.02
30;50;33;14262;True;14262.00;0.04;14262;0.01;14262;0.02;18520;True;18520.00;0.01;18520;0.01;18520;0.02;13863;True;13863.00;0.06;13863;0.02;13863;0.05;13044;True;13044.00;0.01;13044;0.01;13044;0.01;12925;True;12925.00;0.01;12925;0.01;12925;0.01;12044;True;12044.00;0.02;12044;0.01;12044;0.01
30;50;34;14708;True;14708.00;0.00;14708;0.00;14708;0.00;18682;True;18682.00;0.00;18682;0.00;18682;0.01;14275;True;14275.00;0.01;14275;0.01;14275;0.00;13316;True;13316.00;0.01;13316;0.01;13316;0.00;13278;True;13278.00;0.00;13278;0.00;13278;0.00;12332;True;12332.00;0.01;12332;0.01;12332;0.01
30;50;35;13818;True;13818.00;0.01;13818;0.01;13818;0.01;17876;True;17876.00;0.01;17876;0.01;17876;0.01;13701;True;13701.00;0.01;13701;0.01;13701;0.01;12864;True;12864.00;0.01;12864;0.01;12864;0.01;12810;True;12810.00;0.01;12810;0.01;12810;0.01;11886;True;11886.00;0.02;11886;0.01;11886;0.02
30;50;36;10899;True;10899.00;1.34;10899;0.53;10899;0.92;14603;True;14603.00;0.23;14603;0.41;14603;0.07;10450;True;10450.00;0.03;10450;0.03;10450;0.03;9941;True;9941.00;0.16;9941;0.41;9941;0.05;10090;True;10090.00;0.61;10091;0.50;10090;0.15;9323;True;9323.00;0.04;9323;0.05;9323;0.16
30;50;37;12398;True;12398.00;0.01;12398;0.01;12398;0.01;15728;True;15728.00;0.25;15728;0.12;15728;0.09;11815;True;11815.00;0.01;11815;0.01;11815;0.01;11211;True;11211.00;0.01;11211;0.01;11211;0.01;11187;True;11187.00;0.18;11190;0.03;11187;0.11;10409;True;10409.00;0.01;10409;0.01;10409;0.01
30;50;38;14420;True;14420.00;0.00;14420;0.00;14420;0.00;18351;True;18351.00;0.00;18351;0.00;18351;0.00;13997;True;13997.00;0.01;13997;0.00;13997;0.00;13092;True;13092.00;0.01;13092;0.01;13092;0.01;12956;True;12956.00;0.00;12956;0.00;12956;0.01;11987;True;11987.00;0.01;11987;0.01;11987;0.01
30;50;39;11842;True;11842.00;0.12;11842;0.03;11842;0.02;15655;True;15655.00;0.01;15655;0.01;15655;0.01;11601;True;11601.00;0.32;11601;0.04;11601;0.05;11001;True;11001.00;0.41;11001;0.04;11001;0.08;10781;True;10781.00;0.01;10781;0.01;10781;0.01;10177;True;10177.00;0.21;10177;0.05;10177;0.11
30;60;0;15843;True;15843.00;0.01;15843;0.01;15843;0.01;20305;True;20305.00;0.01;20305;0.01;20305;0.01;15773;True;15773.00;0.01;15773;0.01;15773;0.02;14788;True;14788.00;0.01;14788;0.02;14788;0.01;14369;True;14369.00;0.01;14369;0.01;14369;0.01;13457;True;13457.00;0.02;13457;0.02;13457;0.01
30;60;1;16427;True;16427.00;0.03;16427;0.03;16427;0.03;20944;True;20944.00;0.01;20944;0.01;20944;0.01;16455;True;16455.00;0.01;16455;0.01;16455;0.01;15506;True;15506.00;0.01;15506;0.01;15506;0.01;15066;True;15066.00;0.01;15066;0.01;15066;0.01;14052;True;14052.00;0.02;14052;0.02;14052;0.02
30;60;2;18622;True;18622.00;0.02;18622;0.02;18622;0.02;23774;True;23774.00;0.01;23774;0.01;23774;0.01;17448;True;17448.00;0.01;17448;0.01;17448;0.01;16582;True;16582.00;0.01;16582;0.01;16582;0.02;16839;True;16839.00;0.01;16839;0.01;16839;0.01;15291;True;15291.00;0.02;15291;0.02;15291;0.02
30;60;3;14790;True;14790.00;0.04;14790;0.05;14790;0.05;19427;True;19427.00;0.14;19431;0.13;19427;0.05;14873;True;14873.00;0.02;14873;0.02;14873;0.02;14073;True;14073.00;0.39;14073;0.14;14073;0.12;13609;True;13609.00;0.01;13609;0.01;13609;0.02;12760;True;12760.00;0.03;12760;0.03;12760;0.03
30;60;4;17832;True;17832.00;0.00;17832;0.01;17832;0.00;22605;True;22605.00;0.01;22605;0.00;22605;0.00;16889;True;16889.00;0.01;16889;0.01;16889;0.01;16017;True;16017.00;0.01;16017;0.01;16017;0.01;15939;True;15939.00;0.01;15939;0.01;15939;0.01;14799;True;14799.00;0.02;14799;0.02;14799;0.02
30;60;5;14184;True;14184.00;0.86;14184;0.40;14184;0.50;18789;True;18789.00;0.01;18789;0.02;18789;0.01;13771;True;13771.00;0.02;13771;0.02;13771;0.02;13024;True;13024.00;0.02;13024;0.02;13024;0.02;12901;True;12901.00;0.17;12901;0.10;12901;0.08;12032;True;12032.00;0.03;12032;0.03;12032;0.03
30;60;6;18327;True;18327.00;0.00;18327;0.01;18327;0.00;23680;True;23680.00;0.00;23680;0.01;23680;0.00;17606;True;17606.00;0.01;17606;0.01;17606;0.01;16498;True;16498.00;0.00;16498;0.01;16498;0.01;16541;True;16541.00;0.01;16541;0.01;16541;0.01;15252;True;15252.00;0.02;15252;0.01;15252;0.02
30;60;7;14694;True;14694.00;0.02;14694;0.02;14694;0.09;19199;True;19199.00;0.02;19199;0.03;19199;0.03;14695;True;14695.00;0.40;14695;0.50;14695;0.14;13785;True;13785.00;0.73;13785;0.53;13785;0.18;13431;True;13431.00;0.10;13432;0.10;13431;0.05;12501;True;12501.00;0.04;12501;0.04;12501;0.10
30;60;8;14784;True;14784.00;2.85;14784;0.43;14784;44.26;19420;True;19420.00;0.32;19420;0.64;19420;0.09;14416;True;14416.00;0.09;14416;0.06;14416;0.03;13587;True;13587.00;0.03;13587;0.03;13587;0.03;13396;True;13396.00;1.04;13396;0.51;13396;0.27;12396;True;12396.00;0.54;12396;0.33;12396;0.34
30;60;9;17719;True;17719.00;0.00;17719;0.00;17719;0.00;22994;True;22994.00;0.01;22994;0.01;22994;0.01;17085;True;17085.00;0.01;17085;0.01;17085;0.01;16186;True;16186.00;0.01;16186;0.01;16186;0.01;16255;True;16255.00;0.00;16255;0.01;16255;0.00;15080;True;15080.00;0.01;15080;0.01;15080;0.02
30;60;10;14591;True;14591.00;0.64;14591;0.30;14591;1.57;18893;True;18893.00;0.02;18893;0.02;18893;0.01;14701;True;14701.00;0.02;14701;0.02;14701;0.02;13768;True;13768.00;0.02;13768;0.02;13768;0.02;13176;True;13176.00;0.02;13176;0.02;13176;0.02;12389;True;12389.00;0.03;12389;0.03;12389;0.03
30;60;11;14602;True;14602.00;0.01;14602;0.01;14602;0.01;18806;True;18806.00;0.03;18806;0.03;18806;0.03;14448;True;14448.00;0.07;14448;0.03;14448;0.03;13721;True;13721.00;0.02;13721;0.02;13721;0.02;13410;True;13410.00;0.59;13410;0.24;13410;0.24;12559;True;12559.00;0.03;12559;0.03;12559;0.03
30;60;12;16309;True;16309.00;0.00;16309;0.00;16309;0.00;21280;True;21280.00;0.01;21280;0.01;21280;0.01;15987;True;15987.00;0.01;15987;0.01;15987;0.01;15078;True;15078.00;0.01;15078;0.01;15078;0.01;15068;True;15068.00;0.01;15068;0.01;15068;0.01;13863;True;13863.00;0.01;13863;0.01;13863;0.02
30;60;13;20708;True;20708.00;0.01;20708;0.01;20708;0.01;25346;True;25346.00;0.01;25346;0.01;25346;0.01;19558;True;19558.00;0.01;19558;0.01;19558;0.01;18477;True;18477.00;0.01;18477;0.01;18477;0.01;18551;True;18551.00;0.02;18551;0.01;18551;0.02;16963;True;16963.00;0.02;16963;0.02;16963;0.02
30;60;14;15378;True;15378.00;8.34;15383;0.34;15378;41.98;20406;True;20406.00;0.01;20406;0.02;20406;0.01;14921;True;14921.00;0.10;14921;0.05;14921;0.05;14191;True;14191.00;0.02;14191;0.03;14191;0.03;13963;True;13963.00;0.02;13963;0.01;13963;0.01;13100;True;13100.00;0.04;13100;0.04;13100;0.04
30;60;15;14600;True;14600.00;0.12;14600;0.03;14600;0.04;19395;True;19395.00;0.17;19395;0.04;19395;0.04;15119;True;15119.00;0.13;15119;0.08;15119;0.04;14139;True;14139.00;0.01;14139;0.01;14139;0.01;13442;True;13442.00;0.13;13442;0.03;13442;0.04;12722;True;12722.00;0.03;12722;0.02;12722;0.03
30;60;16;16965;True;16965.00;0.00;16965;0.00;16965;0.00;21632;True;21632.00;0.01;21632;0.01;21632;0.01;16429;True;16429.00;0.01;16429;0.01;16429;0.00;15496;True;15496.00;0.01;15496;0.01;15496;0.01;15365;True;15365.00;0.01;15365;0.01;15365;0.01;14367;True;14367.00;0.02;14367;0.01;14367;0.02
30;60;17;15836;True;15836.00;0.23;15836;0.05;15836;0.89;21185;True;21185.00;0.01;21185;0.01;21185;0.01;15378;True;15378.00;0.01;15378;0.01;15378;0.01;14616;True;14616.00;0.07;14616;0.05;14616;0.03;14571;True;14571.00;0.14;14571;0.09;14571;0.07;13408;True;13408.00;0.02;13408;0.02;13408;0.02
30;60;18;14648;True;14648.00;0.01;14648;0.01;14648;0.01;18785;True;18785.00;0.01;18785;0.01;18785;0.01;14604;True;14604.00;0.01;14604;0.01;14604;0.01;13768;True;13768.00;0.01;13768;0.01;13768;0.02;13491;True;13491.00;0.01;13491;0.01;13491;0.01;12576;True;12576.00;0.02;12576;0.02;12576;0.02
30;60;19;14338;True;14338.00;1.16;14338;0.37;14338;1.22;18746;True;18746.00;0.03;18746;0.03;18746;0.03;14085;True;14085.00;0.02;14085;0.02;14085;0.03;13319;True;13319.00;0.19;13319;0.06;13319;0.10;13280;True;13280.00;0.87;13282;0.17;13280;0.35;12353;True;12353.00;0.18;12353;0.06;12353;0.07
30;60;20;16494;True;16494.00;0.00;16494;0.01;16494;0.01;21537;True;21537.00;0.01;21537;0.01;21537;0.01;16124;True;16124.00;0.01;16124;0.01;16124;0.02;15358;True;15358.00;0.01;15358;0.01;15358;0.01;15065;True;15065.00;0.01;15065;0.01;15065;0.01;13936;True;13936.00;0.02;13936;0.02;13936;0.02
30;60;21;14539;True;14539.00;0.01;14539;0.01;14539;0.01;19502;True;19502.00;0.01;19502;0.01;19502;0.01;14466;True;14466.00;0.01;14466;0.01;14466;0.01;13724;True;13724.00;0.02;13724;0.02;13724;0.02;13358;True;13358.00;0.04;13358;0.04;13358;0.05;12497;True;12497.00;0.03;12497;0.03;12497;0.03
30;60;22;16864;True;16864.00;0.00;16864;0.01;16864;0.00;21317;True;21317.00;0.01;21317;0.01;21317;0.01;16507;True;16507.00;0.01;16507;0.01;16507;0.01;15499;True;15499.00;0.01;15499;0.01;15499;0.01;15316;True;15316.00;0.00;15316;0.01;15316;0.01;14243;True;14243.00;0.01;14243;0.01;14243;0.02
30;60;23;15599;True;15599.00;0.01;15599;0.01;15599;0.01;19922;True;19922.00;0.01;19922;0.01;19922;0.00;15731;True;15731.00;0.01;15731;0.01;15731;0.01;14766;True;14766.00;0.01;14766;0.01;14766;0.01;14407;True;14407.00;0.05;14407;0.02;14407;0.02;13504;True;13504.00;0.02;13504;0.02;13504;0.02
30;60;24;16342;True;16342.00;0.01;16342;0.01;16342;0.04;20992;True;20992.00;0.01;20992;0.01;20992;0.01;16542;True;16542.00;0.01;16542;0.01;16542;0.02;15458;True;15458.00;0.01;15458;0.02;15458;0.04;15033;True;15033.00;0.00;15033;0.01;15033;0.01;14021;True;14021.00;0.02;14021;0.02;14021;0.03
30;60;25;14744;True;14744.00;0.01;14744;0.01;14744;0.01;19243;True;19243.00;0.02;19243;0.02;19243;0.02;14788;True;14788.00;0.01;14788;0.01;14788;0.02;13843;True;13843.00;0.01;13843;0.01;13843;0.01;13406;True;13406.00;0.02;13406;0.01;13406;0.02;12699;True;12699.00;0.03;12699;0.03;12699;0.02
30;60;26;14862;True;14862.00;0.19;14862;0.15;14862;0.05;19295;True;19295.00;0.01;19295;0.01;19295;0.01;15079;True;15079.00;0.03;15079;0.02;15079;0.03;14024;True;14024.00;0.02;14024;0.02;14024;0.02;13666;True;13666.00;0.01;13666;0.02;13666;0.02;12759;True;12759.00;0.03;12759;0.03;12759;0.03
30;60;27;14225;True;14225.00;0.02;14225;0.02;14225;0.05;18260;True;18260.00;0.02;18260;0.02;18260;0.02;13879;True;13879.00;0.03;13879;0.02;13879;0.03;13057;True;13057.00;0.01;13057;0.02;13057;0.07;12934;True;12934.00;0.02;12934;0.02;12934;0.05;12175;True;12175.00;0.16;12181;0.07;12175;0.11
30;60;28;19927;True;19927.00;0.00;19927;0.00;19927;0.00;25026;True;25026.00;0.00;25026;0.01;25026;0.00;18251;True;18251.00;0.01;18251;0.00;18251;0.01;17460;True;17460.00;0.01;17460;0.01;17460;0.01;17521;True;17521.00;0.00;17521;0.01;17521;0.01;16009;True;16009.00;0.01;16009;0.01;16009;0.02
30;60;29;17954;True;17954.00;0.01;17954;0.01;17954;0.01;22833;True;22833.00;0.01;22833;0.01;22833;0.01;17278;True;17278.00;0.01;17278;0.01;17278;0.01;16305;True;16305.00;0.01;16305;0.01;16305;0.01;16150;True;16150.00;0.01;16150;0.01;16150;0.01;15115;True;15115.00;0.02;15115;0.02;15115;0.02
30;60;30;19292;True;19292.00;0.00;19292;0.01;19292;0.00;24649;True;24649.00;0.01;24649;0.01;24649;0.01;18097;True;18097.00;0.00;18097;0.01;18097;0.01;17091;True;17091.00;0.01;17091;0.01;17091;0.01;17416;True;17416.00;0.01;17416;0.01;17416;0.01;16041;True;16041.00;0.02;16041;0.02;16041;0.02
30;60;31;15949;True;15949.00;0.01;15949;0.01;15949;0.01;20942;True;20942.00;0.50;20942;0.17;20942;0.11;15082;True;15082.00;0.02;15082;0.02;15082;0.02;14438;True;14438.00;0.01;14438;0.02;14438;0.02;14710;True;14710.00;5.07;14710;0.11;14710;1.66;13448;True;13448.00;0.02;13448;0.02;13448;0.02
30;60;32;15382;True;15382.00;0.01;15382;0.01;15382;0.00;19865;True;19865.00;0.01;19865;0.01;19865;0.01;15142;True;15142.00;0.01;15142;0.01;15142;0.01;14326;True;14326.00;0.01;14326;0.01;14326;0.01;13974;True;13974.00;0.01;13974;0.01;13974;0.01;13220;True;13220.00;0.02;13220;0.02;13220;0.02
30;60;33;15857;True;15857.00;0.01;15857;0.01;15857;0.01;21396;True;21396.00;0.01;21396;0.01;21396;0.01;15611;True;15611.00;0.01;15611;0.01;15611;0.01;14859;True;14859.00;0.01;14859;0.01;14859;0.02;14688;True;14688.00;0.01;14688;0.01;14688;0.01;13506;True;13506.00;0.02;13506;0.02;13506;0.01
30;60;34;17930;True;17930.00;0.00;17930;0.01;17930;0.00;22905;True;22905.00;0.00;22905;0.01;22905;0.01;17266;True;17266.00;0.00;17266;0.00;17266;0.01;16352;True;16352.00;0.01;16352;0.01;16352;0.01;16260;True;16260.00;0.00;16260;0.01;16260;0.01;15104;True;15104.00;0.02;15104;0.02;15104;0.02
30;60;35;15777;True;15777.00;0.00;15777;0.00;15777;0.00;20322;True;20322.00;0.01;20322;0.01;20322;0.01;15099;True;15099.00;0.01;15099;0.01;15099;0.01;14374;True;14374.00;0.01;14374;0.01;14374;0.01;14267;True;14267.00;0.01;14267;0.01;14267;0.01;13318;True;13318.00;0.02;13318;0.02;13318;0.01
30;60;36;16450;True;16450.00;0.00;16450;0.01;16450;0.00;21009;True;21009.00;0.01;21009;0.00;21009;0.01;16602;True;16602.00;0.01;16602;0.00;16602;0.01;15518;True;15518.00;0.01;15518;0.01;15518;0.01;14985;True;14985.00;0.01;14985;0.01;14985;0.01;14177;True;14177.00;0.02;14177;0.01;14177;0.02
30;60;37;15068;True;15068.00;0.01;15068;0.01;15068;0.02;19730;True;19730.00;0.02;19730;0.02;19730;0.01;15401;True;15401.00;0.02;15401;0.01;15401;0.02;14457;True;14457.00;0.02;14457;0.02;14457;0.02;13951;True;13951.00;0.02;13951;0.02;13951;0.07;13185;True;13185.00;0.02;13185;0.03;13185;0.02
30;60;38;13888;True;13888.00;0.79;13888;0.15;13888;0.16;17813;True;17813.00;0.03;17813;0.02;17813;0.03;13513;True;13513.00;0.02;13513;0.02;13513;0.02;12875;True;12875.00;0.02;12875;0.03;12875;0.02;12702;True;12702.00;1.52;12703;0.09;12702;1.02;11807;True;11807.00;0.04;11807;0.04;11807;0.04
30;60;39;15315;True;15315.00;0.02;15315;0.02;15315;0.02;20036;True;20036.00;0.02;20036;0.02;20036;0.02;15509;True;15509.00;0.02;15509;0.01;15509;0.02;14495;True;14495.00;0.02;14495;0.02;14495;0.02;14142;True;14142.00;0.02;14142;0.02;14142;0.04;12996;True;12996.00;0.03;12996;0.03;12996;0.06
30;70;0;16273;True;16273.00;0.37;16273;0.07;16273;77.61;20670;True;20670.00;0.13;20670;0.05;20670;0.06;15881;True;15881.00;0.29;15881;0.09;15881;0.10;14964;True;14964.00;0.04;14964;0.03;14964;0.03;14619;True;14619.00;0.03;14619;0.03;14619;0.03;13755;True;13755.00;0.30;13755;0.13;13755;0.18
30;70;1;17355;True;17355.00;0.19;17361;0.15;17355;0.13;22787;True;22787.00;0.01;22787;0.02;22787;0.02;17511;True;17511.00;0.01;17511;0.01;17511;0.01;16517;True;16517.00;0.03;16517;0.03;16517;0.03;15962;True;15962.00;0.11;15962;0.04;15962;0.03;15004;True;15004.00;0.03;15004;0.03;15004;0.03
30;70;2;18193;False;18141.30;TL;18193;0.08;18193;120.00;24188;True;24188.00;0.96;24188;0.56;24188;0.42;17933;True;17933.00;0.57;17933;0.58;17933;0.24;16910;True;16910.00;0.42;16910;0.64;16910;0.18;16626;True;16626.00;1.36;16631;0.60;16626;0.68;15560;True;15560.00;0.30;15560;0.38;15560;0.31
30;70;3;17199;True;17199.00;0.01;17199;0.02;17199;0.01;22191;True;22191.00;0.02;22191;0.02;22191;0.05;17067;True;17067.00;0.03;17067;0.03;17067;0.03;16046;True;16046.00;0.03;16046;0.03;16046;0.03;15720;True;15720.00;0.02;15720;0.03;15720;0.02;14634;True;14634.00;0.03;14634;0.03;14634;0.03
30;70;4;18803;True;18803.00;0.01;18803;0.01;18803;0.00;24410;True;24410.00;0.01;24410;0.01;24410;0.01;18672;True;18672.00;0.01;18672;0.02;18672;0.01;17600;True;17600.00;0.02;17600;0.02;17600;0.01;17192;True;17192.00;0.02;17192;0.01;17192;0.02;16186;True;16186.00;0.02;16186;0.02;16186;0.03
30;70;5;20368;True;20368.00;0.00;20368;0.01;20368;0.00;26016;True;26016.00;0.01;26016;0.01;26016;0.01;19920;True;19920.00;0.01;19920;0.01;19920;0.01;18762;True;18762.00;0.02;18762;0.02;18762;0.01;18476;True;18476.00;0.01;18476;0.01;18476;0.01;17132;True;17132.00;0.02;17132;0.02;17132;0.02
30;70;6;19524;True;19524.00;0.04;19524;0.05;19524;0.04;25502;True;25502.00;0.01;25502;0.01;25502;0.01;19064;True;19064.00;0.01;19064;0.02;19064;0.02;18073;True;18073.00;0.02;18073;0.02;18073;0.03;17657;True;17657.00;0.02;17657;0.02;17657;0.02;16664;True;16664.00;0.03;16664;0.03;16664;0.03
30;70;7;19012;True;19012.00;0.00;19012;0.00;19012;0.00;24730;True;24730.00;0.01;24730;0.01;24730;0.01;18795;True;18795.00;0.01;18795;0.01;18795;0.01;17667;True;17667.00;0.01;17667;0.01;17667;0.01;17526;True;17526.00;0.01;17526;0.01;17526;0.01;16302;True;16302.00;0.02;16302;0.02;16302;0.02
30;70;8;18417;False;18396.50;TL;18417;0.04;18435;120.00;23469;True;23469.00;0.01;23469;0.02;23469;0.01;18096;True;18096.00;0.01;18096;0.01;18096;0.02;17152;True;17152.00;0.18;17152;0.08;17152;0.22;16975;True;16975.00;0.13;16975;0.13;16975;0.12;15871;True;15871.00;0.06;15871;0.08;15871;0.09
30;70;9;18544;True;18544.00;0.01;18544;0.01;18544;0.01;23615;True;23615.00;0.01;23615;0.01;23615;0.01;17132;True;17132.00;0.01;17132;0.01;17132;0.01;16453;True;16453.00;0.02;16453;0.01;16453;0.01;16565;True;16565.00;0.01;16565;0.01;16565;0.01;15326;True;15326.00;0.02;15326;0.03;15326;0.03
30;70;10;17332;True;17332.00;0.18;17332;0.06;17332;0.06;22998;True;22998.00;0.01;22998;0.02;22998;0.01;17384;True;17384.00;0.01;17384;0.02;17384;0.02;16299;True;16299.00;0.02;16299;0.03;16299;0.03;15939;True;15939.00;0.02;15939;0.02;15939;0.02;14995;True;14995.00;0.02;14995;0.02;14995;0.03
30;70;11;18586;True;18586.00;0.00;18586;0.01;18586;0.01;24499;True;24499.00;0.01;24499;0.01;24499;0.01;18156;True;18156.00;0.01;18156;0.01;18156;0.01;17189;True;17189.00;0.02;17189;0.02;17189;0.02;16700;True;16700.00;0.01;16700;0.01;16700;0.01;15652;True;15652.00;0.02;15652;0.02;15652;0.03
30;70;12;16458;True;16458.00;0.03;16458;0.03;16458;0.06;21361;True;21361.00;0.03;21361;0.04;21361;0.04;16398;True;16398.00;0.04;16398;0.05;16398;0.05;15480;True;15480.00;0.05;15480;0.05;15480;0.04;15201;True;15201.00;0.33;15201;0.50;15201;0.17;14211;True;14211.00;0.06;14211;0.06;14211;0.07
30;70;13;20137;True;20137.00;0.00;20137;0.01;20137;0.00;26127;True;26127.00;0.01;26127;0.01;26127;0.01;19459;True;19459.00;0.01;19459;0.01;19459;0.01;18507;True;18507.00;0.01;18507;0.01;18507;0.01;18595;True;18595.00;0.01;18595;0.01;18595;0.01;17131;True;17131.00;0.02;17131;0.02;17131;0.02
30;70;14;18516;True;18516.00;0.01;18516;0.01;18516;0.01;23556;True;23556.00;0.03;23556;0.03;23556;0.03;18064;True;18064.00;0.01;18064;0.01;18064;0.02;17159;True;17159.00;0.02;17159;0.02;17159;0.02;16774;True;16774.00;0.03;16774;0.03;16774;0.02;15703;True;15703.00;0.09;15703;0.05;15703;0.07
30;70;15;21578;True;21578.00;0.01;21578;0.01;21578;0.01;26863;True;26863.00;0.01;26863;0.01;26863;0.01;21034;True;21034.00;0.01;21034;0.01;21034;0.01;19958;True;19958.00;0.01;19958;0.01;19958;0.01;19373;True;19373.00;0.01;19373;0.01;19373;0.01;18314;True;18314.00;0.02;18314;0.02;18314;0.02
30;70;16;18679;True;18679.00;0.00;18679;0.01;18679;0.01;23787;True;23787.00;0.07;23787;0.04;23787;0.04;18126;True;18126.00;0.01;18126;0.01;18126;0.01;17126;True;17126.00;0.02;17126;0.02;17126;0.01;16852;True;16852.00;0.01;16852;0.01;16852;0.01;15801;True;15801.00;0.02;15801;0.02;15801;0.03
30;70;17;18945;True;18945.00;0.01;18945;0.01;18945;0.01;23908;True;23908.00;0.02;23908;0.01;23908;0.02;18299;True;18299.00;0.02;18299;0.02;18299;0.03;17293;True;17293.00;0.02;17293;0.02;17293;0.03;17000;True;17000.00;0.71;17000;0.08;17000;0.36;15954;True;15954.00;0.03;15954;0.03;15954;0.06
30;70;18;16977;True;16977.00;0.01;16977;0.02;16977;0.02;22544;True;22544.00;0.48;22544;0.14;22544;0.10;16758;True;16758.00;1.08;16758;0.58;16758;0.41;15857;True;15857.00;0.04;15857;0.04;15857;0.09;15735;True;15735.00;0.21;15735;0.14;15735;0.07;14541;True;14541.00;0.05;14541;0.05;14541;0.14
30;70;19;15840;True;15840.00;0.03;15840;0.04;15840;0.03;21134;True;21134.00;0.22;21134;0.07;21134;0.08;16148;True;16148.00;0.18;16151;0.05;16148;0.07;15090;True;15090.00;0.22;15090;0.07;15090;0.08;14666;True;14666.00;0.02;14666;0.02;14666;0.02;13823;True;13823.00;0.04;13823;0.04;13823;0.06
30;70;20;19277;True;19277.00;0.00;19277;0.01;19277;0.01;25486;True;25486.00;0.02;25486;0.02;25486;0.02;18616;True;18616.00;0.02;18616;0.02;18616;0.02;17685;True;17685.00;0.01;17685;0.01;17685;0.02;17450;True;17450.00;0.02;17450;0.02;17450;0.01;16253;True;16253.00;0.02;16253;0.02;16253;0.03
30;70;21;16704;True;16704.00;0.66;16704;0.44;16704;0.38;21337;True;21337.00;0.02;21337;0.01;21337;0.01;16764;True;16764.00;0.04;16764;0.04;16764;0.05;15654;True;15654.00;0.21;15654;0.09;15654;0.09;15424;True;15424.00;0.02;15424;0.02;15424;0.02;14375;True;14375.00;0.05;14375;0.05;14375;0.10
30;70;22;15895;True;15895.00;0.80;15895;0.55;15895;0.78;20749;True;20749.00;0.95;20749;0.54;20749;0.32;15828;True;15828.00;0.14;15828;0.17;15828;0.09;14986;True;14986.00;0.08;14986;0.08;14986;0.09;14497;True;14497.00;0.11;14497;0.12;14497;0.09;13606;True;13606.00;0.23;13607;0.94;13606;0.20
30;70;23;20114;True;20114.00;0.01;20114;0.01;20114;0.01;26081;True;26081.00;0.01;26081;0.01;26081;0.01;19659;True;19659.00;0.01;19659;0.01;19659;0.01;18674;True;18674.00;0.01;18674;0.01;18674;0.01;18446;True;18446.00;0.01;18446;0.01;18446;0.01;17116;True;17116.00;0.02;17116;0.02;17116;0.03
30;70;24;17548;True;17548.00;0.01;17548;0.01;17548;0.01;23100;True;23100.00;0.10;23100;0.05;23100;0.05;17402;True;17402.00;0.02;17402;0.02;17402;0.02;16492;True;16492.00;0.01;16492;0.01;16492;0.02;16149;True;16149.00;0.01;16149;0.02;16149;0.01;15108;True;15108.00;0.09;15108;0.04;15108;0.05
30;70;25;16257;True;16257.00;0.01;16257;0.02;16257;0.02;21198;True;21198.00;0.04;21198;0.04;21198;0.09;16111;True;16111.00;0.03;16111;0.03;16111;0.03;15103;True;15103.00;0.03;15103;0.03;15103;0.11;14974;True;14974.00;0.02;14974;0.02;14974;0.02;13965;True;13965.00;0.15;13965;0.14;13965;0.13
30;70;26;16829;True;16829.00;1.38;16829;0.45;16829;0.46;22069;True;22069.00;0.03;22069;0.03;22069;0.03;16974;True;16974.00;0.47;16974;0.13;16974;0.27;16008;True;16008.00;0.04;16008;0.04;16008;0.05;15424;True;15424.00;0.08;15424;0.08;15424;0.08;14549;True;14549.00;0.14;14549;0.07;14549;0.09
30;70;27;17503;True;17503.00;0.02;17503;0.02;17503;0.02;22660;True;22660.00;0.02;22660;0.02;22660;0.02;16787;True;16787.00;0.01;16787;0.02;16787;0.01;16126;True;16126.00;0.02;16126;0.02;16126;0.02;16012;True;16012.00;0.11;16016;0.07;16012;0.04;14911;True;14911.00;0.03;14911;0.03;14911;0.03
30;70;28;15253;True;15253.00;0.41;15253;0.08;15253;0.41;19923;True;19923.00;0.05;19923;0.05;19923;0.05;15410;True;15410.00;0.35;15410;0.14;15410;0.16;14641;True;14641.00;0.03;14641;0.03;14641;0.20;14135;True;14135.00;0.53;14138;0.18;14135;0.26;13377;True;13377.00;0.26;13380;0.12;13377;0.31
30;70;29;19866;True;19866.00;0.00;19866;0.00;19866;0.00;25443;True;25443.00;0.01;25443;0.01;25443;0.01;19070;True;19070.00;0.02;19070;0.01;19070;0.01;18145;True;18145.00;0.01;18145;0.01;18145;0.01;18067;True;18067.00;0.04;18067;0.02;18067;0.02;16851;True;16851.00;0.02;16851;0.02;16851;0.03
30;70;30;19449;True;19449.00;0.00;19449;0.00;19449;0.00;24998;True;24998.00;0.01;24998;0.01;24998;0.01;18906;True;18906.00;0.01;18906;0.01;18906;0.01;17995;True;17995.00;0.01;17995;0.01;17995;0.01;17558;True;17558.00;0.01;17558;0.01;17558;0.01;16242;True;16242.00;0.02;16242;0.02;16242;0.03
30;70;31;16653;True;16653.00;0.10;16653;0.07;16653;0.04;21816;True;21816.00;0.04;21816;0.04;21816;0.06;16793;True;16793.00;0.10;16793;0.09;16793;0.04;15841;True;15841.00;0.04;15841;0.04;15841;0.08;15343;True;15343.00;0.02;15343;0.02;15343;0.02;14504;True;14504.00;0.28;14504;0.10;14504;0.12
30;70;32;19749;True;19749.00;0.01;19749;0.01;19749;0.01;25336;True;25336.00;0.01;25336;0.01;25336;0.01;19451;True;19451.00;0.01;19451;0.01;19451;0.01;18046;True;18046.00;0.01;18046;0.01;18046;0.01;17725;True;17725.00;0.01;17725;0.01;17725;0.01;16631;True;16631.00;0.02;16631;0.02;16631;0.03
30;70;33;16827;True;16827.00;0.14;16827;0.09;16827;0.07;21818;True;21818.00;1.91;21819;0.47;21818;0.88;16252;True;16252.00;0.13;16252;0.57;16252;0.07;15425;True;15425.00;0.06;15425;0.06;15425;0.10;15265;True;15265.00;0.20;15265;0.57;15265;0.11;14291;True;14291.00;0.06;14291;0.06;14291;0.10
30;70;34;18214;True;18214.00;0.01;18214;0.01;18214;0.01;23809;True;23809.00;0.03;23809;0.03;23809;0.07;17910;True;17910.00;0.02;17910;0.02;17910;0.03;16930;True;16930.00;0.03;16930;0.03;16930;0.06;16527;True;16527.00;0.02;16527;0.02;16527;0.04;15511;True;15511.00;0.03;15511;0.03;15511;0.04
30;70;35;20138;True;20138.00;0.01;20138;0.01;20138;0.01;25200;True;25200.00;0.01;25200;0.01;25200;0.01;19965;True;19965.00;0.01;19965;0.01;19965;0.01;18727;True;18727.00;0.02;18727;0.02;18727;0.01;18322;True;18322.00;0.01;18322;0.01;18322;0.01;17140;True;17140.00;0.03;17140;0.03;17140;0.04
30;70;36;16808;True;16808.00;0.99;16810;0.08;16808;7.98;21915;True;21915.00;0.41;21926;0.08;21915;0.08;16667;True;16667.00;0.02;16667;0.02;16667;0.02;15845;True;15845.00;0.13;15845;0.06;15845;0.07;15446;True;15446.00;0.02;15446;0.02;15446;0.02;14606;True;14606.00;0.37;14606;0.07;14606;0.28
30;70;37;18719;True;18719.00;0.05;18719;0.02;18719;0.02;24406;True;24406.00;0.07;24407;0.02;24406;0.02;18413;True;18413.00;0.01;18413;0.01;18413;0.01;17380;True;17380.00;0.01;17380;0.01;17380;0.01;16963;True;16963.00;0.08;16963;0.03;16963;0.03;15991;True;15991.00;0.02;15991;0.02;15991;0.03
30;70;38;17836;True;17836.00;0.01;17836;0.01;17836;0.01;23036;True;23036.00;0.01;23036;0.01;23036;0.01;17342;True;17342.00;0.01;17342;0.01;17342;0.02;16464;True;16464.00;0.01;16464;0.02;16464;0.01;16042;True;16042.00;0.02;16042;0.02;16042;0.02;15143;True;15143.00;0.10;15143;0.06;15143;0.09
30;70;39;18812;True;18812.00;0.01;18812;0.01;18812;0.01;25131;True;25131.00;0.01;25131;0.01;25131;0.01;18426;True;18426.00;0.01;18426;0.01;18426;0.01;17569;True;17569.00;0.02;17569;0.02;17569;0.02;17408;True;17408.00;0.01;17408;0.01;17408;0.01;16332;True;16332.00;0.02;16332;0.02;16332;0.03
30;80;0;20387;True;20387.00;0.34;20387;0.06;20387;1.24;26551;True;26551.00;0.03;26551;0.02;26551;0.04;19614;True;19614.00;0.06;19614;0.05;19614;0.05;18583;True;18583.00;0.03;18583;0.03;18583;0.03;18402;True;18402.00;0.03;18402;0.02;18402;0.02;17161;True;17161.00;0.04;17161;0.05;17161;0.04
30;80;1;18427;True;18427.00;3.45;18440;0.45;18427;1.18;24156;True;24156.00;0.02;24156;0.03;24156;0.02;18188;True;18188.00;0.02;18188;0.03;18188;0.03;17274;True;17274.00;0.20;17275;0.09;17274;0.08;17014;True;17014.00;0.16;17014;0.06;17014;0.07;15900;True;15900.00;0.30;15900;0.09;15900;0.08
30;80;2;19084;True;19084.00;0.02;19084;0.03;19084;0.03;24772;True;24772.00;0.05;24772;0.05;24772;0.05;18957;True;18957.00;0.35;18957;0.12;18957;0.15;17896;True;17896.00;0.03;17896;0.03;17896;0.03;17556;True;17556.00;0.03;17556;0.03;17556;0.03;16372;True;16372.00;0.18;16372;0.09;16372;0.08
30;80;3;21943;True;21943.00;0.01;21943;0.01;21943;0.01;28432;True;28432.00;0.01;28432;0.01;28432;0.01;21512;True;21512.00;0.01;21512;0.01;21512;0.01;20325;True;20325.00;0.02;20325;0.02;20325;0.02;19747;True;19747.00;0.01;19747;0.01;19747;0.01;18538;True;18538.00;0.03;18538;0.03;18538;0.03
30;80;4;20075;True;20072.50;TL;20075;0.06;20077;120.00;26499;True;26499.00;0.04;26499;0.05;26499;0.05;19981;True;19981.00;0.02;19981;0.03;19981;0.03;18853;True;18853.00;0.24;18853;0.14;18853;0.06;18396;True;18396.00;0.03;18396;0.03;18396;0.03;17328;True;17328.00;0.04;17328;0.05;17328;0.05
30;80;5;19252;True;19252.00;0.01;19252;0.01;19252;0.02;25320;True;25320.00;0.02;25320;0.02;25320;0.02;18729;True;18729.00;0.38;18729;0.29;18729;0.19;17835;True;17835.00;0.07;17835;0.07;17835;0.07;17591;True;17591.00;0.02;17591;0.02;17591;0.02;16508;True;16508.00;0.28;16508;0.11;16508;0.10
30;80;6;19294;True;19294.00;0.34;19294;0.33;19294;0.21;25321;True;25321.00;0.23;25321;0.24;25321;0.12;19063;True;19063.00;0.17;19063;0.13;19063;0.14;18130;True;18130.00;0.18;18130;0.15;18130;0.11;17957;True;17957.00;0.20;17957;0.85;17957;0.11;16851;True;16851.00;0.23;16851;0.71;16851;0.18
30;80;7;18782;True;18782.00;0.19;18782;0.05;18782;0.06;24783;True;24783.00;0.02;24783;0.02;24783;0.02;18825;True;18825.00;0.73;18825;0.13;18825;0.23;17775;True;17775.00;0.03;17775;0.03;17775;0.04;17283;True;17283.00;0.36;17283;0.14;17283;0.12;16316;True;16316.00;0.17;16320;0.09;16316;0.14
30;80;8;19302;True;19302.00;0.02;19302;0.02;19302;0.02;25020;True;25020.00;0.02;25020;0.02;25020;0.02;19160;True;19160.00;0.02;19160;0.02;19160;0.02;18303;True;18303.00;0.17;18303;0.07;18303;0.07;17687;True;17687.00;0.02;17687;0.02;17687;0.02;16687;True;16687.00;0.06;16687;0.06;16687;0.07
30;80;9;21593;True;21593.00;0.01;21593;0.01;21593;0.01;28354;True;28354.00;0.03;28354;0.02;28354;0.02;21275;True;21275.00;0.02;21275;0.02;21275;0.02;20045;True;20045.00;0.05;20045;0.04;20045;0.05;19907;True;19907.00;0.02;19907;0.02;19907;0.02;18503;True;18503.00;0.47;18503;0.18;18503;0.24
30;80;10;23796;True;23796.00;0.29;23796;0.10;23796;0.30;30649;True;30649.00;0.02;30649;0.02;30649;0.02;23208;True;23208.00;0.02;23208;0.02;23208;0.06;21958;True;21958.00;0.02;21958;0.02;21958;0.02;21574;True;21574.00;0.02;21574;0.02;21574;0.02;19970;True;19970.00;0.03;19970;0.03;19970;0.04
30;80;11;21669;True;21669.00;0.01;21669;0.01;21669;0.01;28121;True;28121.00;0.01;28121;0.01;28121;0.01;21045;True;21045.00;0.02;21045;0.02;21045;0.02;19891;True;19891.00;0.02;19891;0.02;19891;0.02;19754;True;19754.00;0.01;19754;0.01;19754;0.02;18451;True;18451.00;0.02;18451;0.03;18451;0.03
30;80;12;20215;True;20215.00;0.02;20215;0.02;20215;0.03;26446;True;26446.00;0.03;26446;0.02;26446;0.02;20392;True;20392.00;0.02;20392;0.03;20392;0.03;19290;True;19290.00;0.31;19290;0.33;19290;0.10;18726;True;18726.00;0.04;18726;0.04;18726;0.05;17616;True;17616.00;0.04;17616;0.04;17616;0.05
30;80;13;18704;True;18704.00;1.60;18704;0.87;18704;79.88;24595;True;24595.00;0.23;24595;0.64;24595;0.11;18771;True;18771.00;0.06;18771;0.07;18771;0.07;17700;True;17700.00;0.19;17700;0.37;17700;0.13;17284;True;17284.00;0.18;17296;0.60;17284;0.16;16132;True;16132.00;0.29;16132;0.71;16132;0.22
30;80;14;20646;True;20646.00;0.01;20646;0.02;20646;0.11;27571;True;27571.00;0.02;27571;0.02;27571;0.02;20829;True;20829.00;0.04;20829;0.04;20829;0.05;19580;True;19580.00;0.02;19580;0.02;19580;0.02;18966;True;18966.00;0.02;18966;0.02;18966;0.02;17947;True;17947.00;0.04;17947;0.04;17947;0.25
30;80;15;23223;True;23223.00;0.01;23223;0.01;23223;0.01;30182;True;30182.00;0.02;30182;0.02;30182;0.03;22731;True;22731.00;0.01;22731;0.01;22731;0.01;21537;True;21537.00;0.02;21537;0.02;21537;0.02;21363;True;21363.00;0.02;21363;0.01;21363;0.02;19769;True;19769.00;0.02;19769;0.03;19769;0.02
30;80;16;20288;True;20283.00;TL;20288;0.22;20288;120.00;26660;True;26660.00;0.04;26660;0.03;26660;0.04;19854;True;19854.00;0.03;19854;0.03;19854;0.03;18727;True;18727.00;0.03;18727;0.04;18727;0.04;18506;True;18506.00;0.02;18506;0.02;18506;0.03;17219;True;17219.00;0.04;17219;0.04;17219;0.04
30;80;17;22482;True;22482.00;0.02;22482;0.01;22482;0.02;28679;True;28679.00;0.02;28679;0.02;28679;0.02;22323;True;22323.00;0.02;22323;0.02;22323;0.02;20922;True;20922.00;0.02;20922;0.02;20922;0.03;20424;True;20424.00;0.02;20424;0.02;20424;0.02;18892;True;18892.00;0.03;18892;0.03;18892;0.03
30;80;18;21433;True;21433.00;0.01;21433;0.01;21433;0.01;27326;True;27326.00;0.01;27326;0.01;27326;0.01;20763;True;20763.00;0.01;20763;0.01;20763;0.01;19566;True;19566.00;0.02;19566;0.02;19566;0.02;19507;True;19507.00;0.01;19507;0.01;19507;0.01;18235;True;18235.00;0.03;18235;0.03;18235;0.03
30;80;19;22460;True;22460.00;0.01;22460;0.01;22460;0.00;29048;True;29048.00;0.01;29048;0.01;29048;0.01;21056;True;21056.00;0.01;21056;0.02;21056;0.02;19783;True;19783.00;0.01;19783;0.02;19783;0.02;20126;True;20126.00;0.01;20126;0.01;20126;0.01;18561;True;18561.00;0.03;18561;0.03;18561;0.03
30;80;20;21694;True;21694.00;0.52;21694;0.45;21694;0.38;27863;True;27863.00;0.27;27863;0.08;27863;0.11;21233;True;21233.00;0.02;21233;0.02;21233;0.02;19820;True;19820.00;0.02;19820;0.02;19820;0.02;19493;True;19493.00;0.02;19493;0.02;19493;0.02;18169;True;18169.00;0.03;18169;0.03;18169;0.03
30;80;21;22084;True;22084.00;0.01;22084;0.01;22084;0.01;28432;True;28432.00;0.01;28432;0.02;28432;0.01;22125;True;22125.00;0.01;22125;0.02;22125;0.01;20786;True;20786.00;0.02;20786;0.02;20786;0.02;20283;True;20283.00;0.01;20283;0.01;20283;0.01;18938;True;18938.00;0.02;18938;0.02;18938;0.02
30;80;22;20387;True;20387.00;0.01;20387;0.01;20387;0.01;26303;True;26303.00;0.02;26303;0.03;26303;0.03;20952;True;20952.00;0.04;20952;0.05;20952;0.03;19449;True;19449.00;0.04;19449;0.04;19449;0.04;18620;True;18620.00;0.03;18620;0.03;18620;0.03;17514;True;17514.00;0.04;17514;0.04;17514;0.04
30;80;23;20459;True;20459.00;0.02;20459;0.02;20459;0.01;26654;True;26654.00;0.04;26654;0.04;26654;0.04;20263;True;20263.00;0.02;20263;0.02;20263;0.02;19305;True;19305.00;0.02;19305;0.02;19305;0.04;18709;True;18709.00;0.01;18709;0.02;18709;0.02;17511;True;17511.00;0.06;17511;0.06;17511;0.06
30;80;24;20758;True;20758.00;0.20;20758;0.16;20758;0.11;27126;True;27126.00;0.07;27126;0.06;27126;0.08;20836;True;20836.00;0.02;20836;0.02;20836;0.02;19399;True;19399.00;0.02;19399;0.02;19399;0.03;19000;True;19000.00;0.86;19000;0.14;19000;0.17;17828;True;17828.00;0.03;17828;0.03;17828;0.04
30;80;25;20345;True;20345.00;0.03;20345;0.02;20345;0.04;27083;True;27083.00;0.03;27083;0.03;27083;0.03;20140;True;20140.00;0.02;20140;0.03;20140;0.03;19014;True;19014.00;0.03;19014;0.04;19014;0.04;18386;True;18386.00;0.03;18386;0.02;18386;0.03;17257;True;17257.00;0.05;17257;0.05;17257;0.05
30;80;26;21001;True;21001.00;0.02;21001;0.02;21001;0.02;27771;True;27771.00;0.02;27771;0.02;27771;0.01;20765;True;20765.00;0.02;20765;0.01;20765;0.01;19372;True;19372.00;0.05;19372;0.03;19372;0.04;19128;True;19128.00;0.01;19128;0.01;19128;0.01;17734;True;17734.00;0.02;17734;0.02;17734;0.03
30;80;27;21627;True;21627.00;0.02;21627;0.02;21627;0.02;28364;True;28364.00;0.02;28364;0.02;28364;0.03;21495;True;21495.00;0.02;21495;0.02;21495;0.02;20392;True;20392.00;0.03;20392;0.03;20392;0.04;19881;True;19881.00;0.02;19881;0.02;19881;0.02;18607;True;18607.00;0.05;18607;0.05;18607;0.05
30;80;28;19470;True;19470.00;0.02;19470;0.02;19470;0.30;26146;True;26146.00;0.56;26146;0.46;26146;0.11;19471;True;19471.00;0.04;19471;0.04;19471;0.04;18212;True;18212.00;0.03;18212;0.04;18212;0.06;17903;True;17903.00;0.03;17903;0.02;17903;0.02;16722;True;16722.00;0.05;16722;0.05;16722;0.13
30;80;29;21220;True;21220.00;0.01;21220;0.01;21220;0.01;27097;True;27097.00;0.01;27097;0.01;27097;0.01;20905;True;20905.00;0.04;20905;0.05;20905;0.05;19777;True;19777.00;0.02;19777;0.02;19777;0.02;19341;True;19341.00;0.02;19341;0.02;19341;0.02;17991;True;17991.00;0.03;17991;0.02;17991;0.02
30;80;30;22713;True;22713.00;0.01;22713;0.01;22713;0.01;29052;True;29052.00;0.01;29052;0.01;29052;0.01;22012;True;22012.00;0.01;22012;0.01;22012;0.01;20626;True;20626.00;0.02;20626;0.01;20626;0.02;20231;True;20231.00;0.01;20231;0.01;20231;0.01;18804;True;18804.00;0.03;18804;0.03;18804;0.03
30;80;31;19574;True;19574.00;0.23;19574;0.52;19574;0.32;25721;True;25721.00;0.04;25721;0.04;25721;0.03;19395;True;19395.00;0.03;19395;0.03;19395;0.03;18452;True;18452.00;0.16;18452;0.47;18452;0.11;18145;True;18145.00;0.22;18145;0.43;18145;0.12;16827;True;16827.00;0.28;16829;0.60;16827;0.29
30;80;32;20904;True;20904.00;0.02;20904;0.02;20904;0.02;27293;True;27293.00;0.01;27293;0.01;27293;0.01;20086;True;20086.00;0.02;20086;0.02;20086;0.02;19113;True;19113.00;0.02;19113;0.02;19113;0.02;19148;True;19148.00;0.01;19148;0.01;19148;0.01;17581;True;17581.00;0.03;17581;0.03;17581;0.03
30;80;33;20714;True;20714.00;0.02;20714;0.02;20714;0.02;26955;True;26955.00;0.02;26955;0.02;26955;0.03;20682;True;20682.00;0.02;20682;0.02;20682;0.02;19454;True;19454.00;0.02;19454;0.02;19454;0.03;18992;True;18992.00;0.06;18992;0.06;18992;0.07;17783;True;17783.00;0.05;17783;0.05;17783;0.05
30;80;34;19990;True;19990.00;0.02;19990;0.01;19990;0.01;26257;True;26257.00;0.02;26257;0.02;26257;0.02;20017;True;20017.00;0.03;20017;0.04;20017;0.04;18752;True;18752.00;0.02;18752;0.02;18752;0.02;18346;True;18346.00;0.19;18346;0.05;18346;0.04;17150;True;17150.00;0.03;17150;0.03;17150;0.03
30;80;35;20499;True;20499.00;0.02;20499;0.02;20499;0.02;26406;True;26406.00;0.06;26406;0.06;26406;0.08;20222;True;20222.00;0.02;20222;0.03;20222;0.04;19183;True;19183.00;0.02;19183;0.03;19183;0.03;18785;True;18785.00;0.03;18785;0.03;18785;0.03;17593;True;17593.00;0.03;17593;0.03;17593;0.03
30;80;36;20449;True;20449.00;0.02;20449;0.02;20449;0.02;26278;True;26278.00;0.02;26278;0.02;26278;0.02;19753;True;19753.00;0.02;19753;0.03;19753;0.03;18591;True;18591.00;0.02;18591;0.02;18591;0.03;18580;True;18580.00;0.07;18580;0.07;18580;0.08;17264;True;17264.00;0.07;17264;0.07;17264;0.07
30;80;37;18736;True;18736.00;0.02;18736;0.02;18736;0.10;24631;True;24631.00;0.21;24631;0.13;24631;0.17;18742;True;18742.00;0.03;18742;0.04;18742;0.17;17588;True;17588.00;0.04;17588;0.04;17588;0.11;17310;True;17310.00;0.45;17310;0.16;17310;0.19;16240;True;16240.00;0.05;16240;0.05;16240;0.06
30;80;38;20019;True;20019.00;0.93;20019;0.52;20019;0.52;26442;True;26442.00;0.14;26442;0.48;26442;0.10;19649;True;19649.00;0.03;19649;0.03;19649;0.03;18579;True;18579.00;0.03;18579;0.04;18579;0.04;18459;True;18459.00;0.03;18459;0.03;18459;0.03;17120;True;17120.00;0.05;17120;0.05;17120;0.04
30;80;39;20216;True;20216.00;0.18;20216;0.12;20216;0.07;26819;True;26819.00;0.21;26819;0.14;26819;0.14;20291;True;20291.00;0.17;20291;0.16;20291;0.08;19059;True;19059.00;0.18;19059;0.28;19059;0.15;18687;True;18687.00;0.03;18687;0.03;18687;0.03;17438;True;17438.00;0.04;17438;0.04;17438;0.04
30;90;0;21822;True;21822.00;19.51;21822;1.30;21822;77.15;28322;True;28322.00;0.34;28322;0.23;28322;0.15;21673;True;21673.00;0.07;21673;0.08;21673;0.08;20514;True;20514.00;0.31;20514;0.32;20514;0.18;20133;True;20133.00;1.89;20133;0.48;20133;2.09;18751;True;18751.00;0.23;18751;0.23;18751;0.17
30;90;1;24779;True;24779.00;0.01;24779;0.01;24779;0.01;32300;True;32300.00;0.02;32300;0.02;32300;0.02;24260;True;24260.00;0.02;24260;0.02;24260;0.02;23041;True;23041.00;0.03;23041;0.03;23041;0.03;22310;True;22310.00;0.01;22310;0.01;22310;0.02;20958;True;20958.00;0.06;20958;0.05;20958;0.06
30;90;2;24162;True;24162.00;0.01;24162;0.02;24162;0.02;32464;True;32464.00;0.02;32464;0.02;32464;0.03;23867;True;23867.00;0.02;23867;0.03;23867;0.02;22375;True;22375.00;0.03;22375;0.03;22375;0.03;22019;True;22019.00;0.02;22019;0.02;22019;0.03;20329;True;20329.00;0.05;20329;0.04;20329;0.05
30;90;3;22324;False;22302.20;TL;22324;0.31;22352;120.00;28992;True;28992.00;0.04;28992;0.04;28992;0.05;21858;True;21858.00;0.08;21858;0.08;21858;0.08;20762;True;20762.00;0.05;20762;0.05;20762;0.05;20353;True;20353.00;0.03;20353;0.04;20353;0.04;19003;True;19003.00;0.12;19003;0.10;19003;0.14
30;90;4;22038;True;22038.00;0.01;22038;0.02;22038;0.02;29218;True;29218.00;0.24;29218;0.05;29218;0.06;22061;True;22061.00;0.18;22061;0.14;22061;0.08;20870;True;20870.00;0.04;20870;0.04;20870;0.06;20492;True;20492.00;0.04;20492;0.04;20492;0.04;19117;True;19117.00;0.10;19117;0.09;19117;0.18
30;90;5;21998;True;21998.00;97.90;21998;0.84;21998;120.00;28556;True;28556.00;0.09;28556;0.09;28556;0.10;21763;True;21763.00;0.24;21763;0.23;21763;0.12;20610;True;20610.00;0.52;20610;0.40;20610;0.20;20364;True;20364.00;0.32;20364;0.19;20364;0.10;18953;True;18953.00;0.54;18953;0.73;18953;0.21
30;90;6;19208;True;19208.00;0.06;19208;0.06;19208;0.39;25293;True;25293.00;0.37;25293;1.00;25293;0.45;18991;True;18991.00;0.07;18991;0.08;18991;0.22;18000;True;18000.00;1.23;18000;1.00;18000;0.34;17655;True;17655.00;1.08;17655;1.04;17655;0.57;16568;True;16568.00;0.10;16568;0.10;16568;0.42
30;90;7;21841;True;21841.00;0.03;21841;0.03;21841;0.03;28388;True;28388.00;0.27;28388;0.09;28388;0.10;21982;True;21982.00;0.26;21982;0.19;21982;0.12;20625;True;20625.00;0.07;20625;0.08;20625;0.08;20153;True;20153.00;0.56;20153;0.33;20153;0.62;18877;True;18877.00;0.07;18877;0.07;18877;0.07
30;90;8;22621;True;22621.00;0.02;22621;0.02;22621;0.02;29914;True;29914.00;0.03;29914;0.03;29914;0.03;22053;True;22053.00;0.03;22053;0.04;22053;0.04;20899;True;20899.00;0.04;20899;0.04;20899;0.04;20835;True;20835.00;0.03;20835;0.03;20835;0.04;19299;True;19299.00;0.06;19299;0.06;19299;0.06
30;90;9;23175;True;23175.00;0.24;23175;0.28;23175;0.21;29890;True;29890.00;0.03;29890;0.02;29890;0.03;22735;True;22735.00;0.02;22735;0.02;22735;0.02;21438;True;21438.00;0.05;21438;0.05;21438;0.04;21208;True;21208.00;0.05;21208;0.05;21208;0.06;19805;True;19805.00;0.04;19805;0.05;19805;0.05
30;90;10;24302;True;24302.00;0.01;24302;0.01;24302;0.01;32035;True;32035.00;0.02;32035;0.02;32035;0.03;23805;True;23805.00;0.03;23805;0.04;23805;0.03;22559;True;22559.00;0.02;22559;0.02;22559;0.02;22271;True;22271.00;0.02;22271;0.02;22271;0.02;20690;True;20690.00;0.04;20690;0.03;20690;0.04
30;90;11;23045;True;23045.00;0.02;23045;0.03;23045;0.02;30628;True;30628.00;0.03;30628;0.03;30628;0.03;23048;True;23048.00;0.02;23048;0.02;23048;0.03;21662;True;21662.00;0.04;21662;0.05;21662;0.05;21384;True;21384.00;0.03;21384;0.03;21384;0.04;19811;True;19811.00;0.33;19812;0.49;19811;0.22
30;90;12;21514;True;21514.00;0.03;21514;0.02;21514;0.02;28241;True;28241.00;0.15;28241;0.05;28241;0.07;21731;True;21731.00;0.05;21731;0.05;21731;0.06;20396;True;20396.00;0.03;20396;0.03;20396;0.03;19757;True;19757.00;0.02;19757;0.02;19757;0.02;18718;True;18718.00;0.06;18718;0.06;18718;0.06
30;90;13;21834;True;21834.00;0.11;21834;0.06;21834;0.04;28291;True;28291.00;0.03;28291;0.02;28291;0.03;21622;True;21622.00;0.33;21622;0.17;21622;0.20;20278;True;20278.00;0.04;20278;0.04;20278;0.05;19868;True;19868.00;0.29;19868;0.11;19868;0.11;18632;True;18632.00;0.33;18632;0.14;18632;0.12
30;90;14;22130;True;22130.00;0.12;22130;0.07;22130;0.07;28483;True;28483.00;0.16;28483;0.06;28483;0.09;21795;True;21795.00;0.04;21795;0.05;21795;0.06;20612;True;20612.00;0.26;20612;0.06;20612;0.06;19973;True;19973.00;0.05;19973;0.05;19973;0.05;18742;True;18742.00;0.06;18742;0.06;18742;0.06
30;90;15;24704;True;24704.00;0.01;24704;0.01;24704;0.01;32404;True;32404.00;0.02;32404;0.01;32404;0.01;24454;True;24454.00;0.01;24454;0.01;24454;0.02;22888;True;22888.00;0.02;22888;0.02;22888;0.02;22539;True;22539.00;0.01;22539;0.02;22539;0.02;21213;True;21213.00;0.04;21213;0.03;21213;0.04
30;90;16;26044;True;26044.00;0.01;26044;0.01;26044;0.01;33484;True;33484.00;0.01;33484;0.01;33484;0.01;25300;True;25300.00;0.02;25300;0.02;25300;0.02;23815;True;23815.00;0.02;23815;0.02;23815;0.02;23266;True;23266.00;0.01;23266;0.02;23266;0.01;21761;True;21761.00;0.03;21761;0.03;21761;0.03
30;90;17;24109;True;24109.00;0.01;24109;0.01;24109;0.01;31489;True;31489.00;0.02;31489;0.03;31489;0.04;23401;True;23401.00;0.03;23401;0.03;23401;0.04;22059;True;22059.00;0.03;22059;0.04;22059;0.04;21756;True;21756.00;0.03;21756;0.03;21756;0.03;20235;True;20235.00;0.04;20235;0.04;20235;0.04
30;90;18;25048;True;25048.00;0.01;25048;0.02;25048;0.01;32022;True;32022.00;0.02;32022;0.02;32022;0.03;24385;True;24385.00;0.02;24385;0.03;24385;0.03;23094;True;23094.00;0.03;23094;0.03;23094;0.03;22649;True;22649.00;0.07;22649;0.05;22649;0.04;21085;True;21085.00;0.04;21085;0.04;21085;0.04
30;90;19;24260;True;24260.00;0.01;24260;0.01;24260;0.01;31598;True;31598.00;0.01;31598;0.01;31598;0.02;24017;True;24017.00;0.02;24017;0.02;24017;0.02;22647;True;22647.00;0.02;22647;0.02;22647;0.02;22163;True;22163.00;0.02;22163;0.02;22163;0.02;20727;True;20727.00;0.03;20727;0.04;20727;0.03
30;90;20;25454;True;25454.00;0.01;25454;0.01;25454;0.01;32544;True;32544.00;0.02;32544;0.01;32544;0.02;24799;True;24799.00;0.02;24799;0.02;24799;0.02;23344;True;23344.00;0.03;23344;0.03;23344;0.03;23200;True;23200.00;0.01;23200;0.01;23200;0.02;21366;True;21366.00;0.03;21366;0.03;21366;0.03
30;90;21;22279;False;22276.00;TL;22279;0.17;22309;120.00;28860;True;28860.00;0.03;28860;0.03;28860;0.03;22365;True;22365.00;0.03;22365;0.03;22365;0.03;21029;True;21029.00;0.26;21029;0.16;21029;0.17;20519;True;20519.00;0.16;20521;0.06;20519;0.06;19289;True;19289.00;0.05;19289;0.05;19289;0.06
30;90;22;21782;True;21782.00;0.03;21782;0.04;21782;0.03;28717;True;28717.00;0.18;28717;0.09;28717;0.09;21793;True;21793.00;0.03;21793;0.03;21793;0.03;20541;True;20541.00;0.03;20541;0.03;20541;0.03;20212;True;20212.00;0.17;20212;0.10;20212;0.08;18824;True;18824.00;0.32;18824;0.12;18824;0.12
30;90;23;23179;True;23179.00;1.00;23179;1.17;23179;0.56;29760;True;29760.00;0.03;29760;0.03;29760;0.04;22826;True;22826.00;0.18;22828;0.12;22826;0.10;21319;True;21319.00;0.40;21319;0.19;21319;0.20;21169;True;21169.00;0.16;21169;0.09;21169;0.09;19651;True;19651.00;0.06;19651;0.07;19651;0.07
30;90;24;21579;True;21579.00;0.02;21579;0.02;21579;0.02;28048;True;28048.00;0.04;28048;0.04;28048;0.04;21015;True;21015.00;0.03;21015;0.03;21015;0.03;19818;True;19818.00;0.03;19818;0.03;19818;0.03;19731;True;19731.00;0.16;19731;0.07;19731;0.07;18431;True;18431.00;0.20;18431;0.11;18431;0.09
30;90;25;21813;True;21813.00;0.64;21813;0.70;21813;0.39;27821;True;27821.00;0.49;27821;0.14;27821;0.16;21537;True;21537.00;0.04;21537;0.05;21537;0.06;20373;True;20373.00;0.04;20373;0.05;20373;0.05;19883;True;19883.00;0.06;19883;0.06;19883;0.06;18623;True;18623.00;0.09;18623;0.09;18623;0.09
30;90;26;22095;True;22095.00;0.02;22095;0.02;22095;0.02;29331;True;29331.00;0.02;29331;0.02;29331;0.02;21827;True;21827.00;0.06;21827;0.08;21827;0.08;20624;True;20624.00;0.07;20624;0.07;20624;0.05;20188;True;20188.00;0.06;20188;0.07;20188;0.06;19009;True;19009.00;0.07;19009;0.07;19009;0.07
30;90;27;20796;True;20796.00;0.06;20796;0.07;20796;0.13;27879;True;27879.00;0.50;27879;0.56;27879;0.41;20297;True;20297.00;0.10;20297;0.12;20297;0.12;19284;True;19284.00;0.83;19284;0.76;19284;0.40;19006;True;19006.00;0.26;19006;0.20;19006;0.15;17784;True;17784.00;0.11;17784;0.12;17784;0.14
30;90;28;22408;True;22408.00;0.27;22408;0.92;22408;0.15;29867;True;29867.00;0.05;29867;0.05;29867;0.04;22264;True;22264.00;0.04;22264;0.04;22264;0.05;21137;True;21137.00;0.05;21137;0.05;21137;0.06;20700;True;20700.00;0.04;20700;0.04;20700;0.04;19298;True;19298.00;0.32;19298;0.25;19298;0.13
30;90;29;23966;True;23966.00;0.04;23966;0.05;23966;0.04;30913;True;30913.00;0.17;30913;0.09;30913;0.08;23059;True;23059.00;0.04;23059;0.05;23059;0.06;21816;True;21816.00;0.02;21816;0.03;21816;0.03;21971;True;21971.00;0.03;21971;0.03;21971;0.03;20183;True;20183.00;0.08;20183;0.09;20183;0.10
30;90;30;28307;True;28307.00;0.01;28307;0.01;28307;0.01;36013;True;36013.00;0.01;36013;0.01;36013;0.01;26640;True;26640.00;0.01;26640;0.01;26640;0.02;25305;True;25305.00;0.02;25305;0.02;25305;0.02;25595;True;25595.00;0.01;25595;0.01;25595;0.01;23584;True;23584.00;0.03;23584;0.03;23584;0.03
30;90;31;23199;True;23199.00;0.32;23199;0.19;23199;0.11;30398;True;30398.00;0.02;30398;0.02;30398;0.03;22724;True;22724.00;0.02;22724;0.02;22724;0.02;21496;True;21496.00;0.03;21496;0.04;21496;0.04;21115;True;21115.00;2.68;21115;0.43;21115;12.46;19782;True;19782.00;0.22;19782;0.15;19782;0.13
30;90;32;21221;True;21221.00;2.41;21221;0.21;21221;68.08;28573;True;28573.00;0.44;28573;0.16;28573;0.16;20866;True;20866.00;0.06;20866;0.06;20866;0.07;19880;True;19880.00;0.05;19880;0.05;19880;0.05;19444;True;19444.00;0.05;19444;0.05;19444;0.06;18318;True;18318.00;0.07;18318;0.08;18318;0.08
30;90;33;24053;True;24053.00;0.01;24053;0.01;24053;0.01;31168;True;31168.00;0.01;31168;0.01;31168;0.01;23037;True;23037.00;0.02;23037;0.02;23037;0.02;21935;True;21935.00;0.02;21935;0.02;21935;0.02;21744;True;21744.00;0.01;21744;0.02;21744;0.02;20266;True;20266.00;0.04;20266;0.04;20266;0.04
30;90;34;24001;True;24001.00;0.02;24001;0.02;24001;0.03;30370;True;30370.00;0.03;30370;0.03;30370;0.04;23339;True;23339.00;0.14;23339;0.06;23339;0.09;21907;True;21907.00;0.14;21907;0.08;21907;0.07;21528;True;21528.00;0.02;21528;0.02;21528;0.03;20081;True;20081.00;0.04;20081;0.04;20081;0.04
30;90;35;23218;True;23218.00;0.01;23218;0.01;23218;0.01;29960;True;29960.00;0.02;29960;0.02;29960;0.02;22460;True;22460.00;0.01;22460;0.01;22460;0.02;21062;True;21062.00;0.02;21062;0.02;21062;0.02;20867;True;20867.00;0.02;20867;0.02;20867;0.02;19481;True;19481.00;0.03;19481;0.03;19481;0.03
30;90;36;22918;True;22918.00;0.01;22918;0.01;22918;0.01;29581;True;29581.00;0.14;29581;0.05;29581;0.08;22483;True;22483.00;0.02;22483;0.02;22483;0.03;21176;True;21176.00;0.04;21176;0.04;21176;0.04;20829;True;20829.00;0.02;20829;0.02;20829;0.02;19346;True;19346.00;0.04;19346;0.04;19346;0.04
30;90;37;23549;True;23549.00;0.02;23549;0.02;23549;0.02;31353;True;31353.00;0.04;31353;0.03;31353;0.04;23545;True;23545.00;0.05;23545;0.04;23545;0.06;22175;True;22175.00;0.03;22175;0.03;22175;0.03;21923;True;21923.00;0.02;21923;0.02;21923;0.03;20363;True;20363.00;0.04;20363;0.04;20363;0.04
30;90;38;22119;True;22119.00;0.01;22119;0.02;22119;0.02;29648;True;29648.00;0.03;29648;0.03;29648;0.10;22601;True;22601.00;0.02;22601;0.02;22601;0.02;21256;True;21256.00;0.03;21256;0.03;21256;0.03;20602;True;20602.00;0.04;20602;0.04;20602;0.04;19404;True;19404.00;0.04;19404;0.03;19404;0.04
30;90;39;22903;True;22903.00;0.01;22903;0.01;22903;0.01;30341;True;30341.00;0.02;30341;0.02;30341;0.02;22932;True;22932.00;0.02;22932;0.02;22932;0.02;21651;True;21651.00;0.03;21651;0.03;21651;0.03;20995;True;20995.00;0.02;20995;0.02;20995;0.02;19645;True;19645.00;0.03;19645;0.03;19645;0.03
30;100;0;26373;True;26373.00;0.05;26373;0.05;26373;0.06;34344;True;34344.00;0.02;34344;0.03;34344;0.02;26303;True;26303.00;0.02;26303;0.03;26303;0.02;24773;True;24773.00;0.04;24773;0.04;24773;0.03;24085;True;24085.00;0.02;24085;0.02;24085;0.03;22688;True;22688.00;0.05;22688;0.04;22688;0.05
30;100;1;22087;True;22087.00;0.83;22087;0.29;22087;0.34;29040;True;29040.00;1.80;29040;1.36;29040;1.01;21564;True;21564.00;0.48;21564;0.50;21564;0.47;20427;True;20427.00;1.30;20427;0.47;20427;0.62;19950;True;19950.00;1.12;19951;0.31;19950;0.42;18729;True;18729.00;0.79;18729;0.48;18729;0.65
30;100;2;25982;True;25982.00;0.01;25982;0.01;25982;0.01;34084;True;34084.00;0.02;34084;0.02;34084;0.02;25864;True;25864.00;0.02;25864;0.02;25864;0.02;24320;True;24320.00;0.09;24320;0.06;24320;0.08;23561;True;23561.00;0.02;23561;0.02;23561;0.02;22202;True;22202.00;0.04;22202;0.04;22202;0.04
30;100;3;24319;True;24319.00;0.27;24319;0.31;24319;120.00;31292;True;31292.00;0.02;31292;0.03;31292;0.03;23950;True;23950.00;0.22;23950;0.12;23950;0.13;22707;True;22707.00;0.24;22707;0.19;22707;0.14;22032;True;22032.00;0.05;22032;0.05;22032;0.05;20721;True;20721.00;0.08;20721;0.08;20721;0.08
30;100;4;22762;True;22762.00;0.26;22762;0.16;22762;0.24;30042;True;30042.00;0.70;30042;0.29;30042;0.27;22573;True;22573.00;0.44;22573;0.28;22573;0.33;21474;True;21474.00;0.08;21474;0.08;21474;0.09;21040;True;21040.00;0.06;21040;0.06;21040;0.06;19796;True;19796.00;0.36;19797;0.24;19796;0.19
30;100;5;28541;True;28541.00;0.01;28541;0.01;28541;0.01;37218;True;37218.00;0.02;37218;0.02;37218;0.02;27740;True;27740.00;0.02;27740;0.02;27740;0.03;26263;True;26263.00;0.02;26263;0.02;26263;0.02;26124;True;26124.00;0.02;26124;0.02;26124;0.02;24129;True;24129.00;0.03;24129;0.04;24129;0.04
30;100;6;26146;True;26146.00;0.02;26146;0.02;26146;0.03;33619;True;33619.00;0.02;33619;0.02;33619;0.02;25503;True;25503.00;0.02;25503;0.02;25503;0.02;24062;True;24062.00;0.03;24062;0.03;24062;0.04;23536;True;23536.00;0.03;23536;0.03;23536;0.03;22018;True;22018.00;0.17;22018;0.09;22018;0.08
30;100;7;24005;True;24005.00;0.34;24005;0.29;24005;0.34;31275;True;31275.00;0.29;31275;0.16;31275;0.27;23968;True;23968.00;0.07;23968;0.08;23968;0.05;22574;True;22574.00;0.05;22574;0.05;22574;0.09;22014;True;22014.00;0.62;22014;0.31;22014;0.39;20658;True;20658.00;0.77;20659;0.42;20658;0.39
30;100;8;23351;True;23351.00;0.06;23351;0.07;23351;0.07;31333;True;31333.00;0.10;31333;0.10;31333;0.09;23011;True;23011.00;0.08;23011;0.08;23011;0.06;21828;True;21828.00;0.27;21828;0.73;21828;0.14;21666;True;21666.00;0.09;21666;0.10;21666;0.10;20091;True;20091.00;0.48;20091;0.87;20091;0.21
30;100;9;25775;True;25775.00;0.42;25775;0.12;25775;0.23;33408;True;33408.00;0.05;33408;0.05;33408;0.05;25317;True;25317.00;0.03;25317;0.03;25317;0.03;23884;True;23884.00;0.03;23884;0.04;23884;0.04;23291;True;23291.00;0.51;23291;0.22;23291;0.22;22007;True;22007.00;0.10;22007;0.13;22007;0.11
30;100;10;25959;True;25959.00;0.42;25959;0.27;25959;120.00;33945;True;33945.00;0.03;33945;0.02;33945;0.02;25639;True;25639.00;0.02;25639;0.02;25639;0.02;24106;True;24106.00;0.03;24106;0.02;24106;0.02;23704;True;23704.00;0.03;23704;0.03;23704;0.03;22035;True;22035.00;0.05;22035;0.06;22035;0.05
30;100;11;28749;True;28749.00;0.01;28749;0.02;28749;0.02;36314;True;36314.00;0.03;36314;0.03;36314;0.03;27964;True;27964.00;0.02;27964;0.02;27964;0.03;26352;True;26352.00;0.03;26352;0.03;26352;0.03;26095;True;26095.00;0.03;26095;0.03;26095;0.03;24222;True;24222.00;0.05;24222;0.07;24222;0.05
30;100;12;28434;True;28434.00;0.01;28434;0.01;28434;0.01;36685;True;36685.00;0.02;36685;0.02;36685;0.02;28225;True;28225.00;0.02;28225;0.02;28225;0.02;26557;True;26557.00;0.03;26557;0.02;26557;0.02;25973;True;25973.00;0.01;25973;0.02;25973;0.02;24279;True;24279.00;0.04;24279;0.04;24279;0.04
30;100;13;25528;True;25528.00;0.03;25528;0.03;25528;0.03;33124;True;33124.00;0.02;33124;0.02;33124;0.02;25402;True;25402.00;0.03;25402;0.03;25402;0.03;23916;True;23916.00;0.03;23916;0.03;23916;0.03;23395;True;23395.00;0.03;23395;0.03;23395;0.03;22015;True;22015.00;0.05;22015;0.07;22015;0.05
30;100;14;29192;True;29192.00;0.01;29192;0.01;29192;0.01;36691;True;36691.00;0.02;36691;0.02;36691;0.02;27489;True;27489.00;0.02;27489;0.01;27489;0.01;25989;True;25989.00;0.02;25989;0.02;25989;0.03;26084;True;26084.00;0.01;26084;0.01;26084;0.02;24039;True;24039.00;0.04;24039;0.05;24039;0.04
30;100;15;28134;True;28134.00;0.01;28134;0.02;28134;0.01;36225;True;36225.00;0.02;36225;0.02;36225;0.01;26936;True;26936.00;0.03;26936;0.03;26936;0.03;25420;True;25420.00;0.02;25420;0.02;25420;0.02;25672;True;25672.00;0.02;25672;0.02;25672;0.01;23559;True;23559.00;0.04;23559;0.05;23559;0.04
30;100;16;26777;True;26777.00;0.01;26777;0.02;26777;0.02;34386;True;34386.00;0.01;34386;0.02;34386;0.01;26302;True;26302.00;0.03;26302;0.03;26302;0.03;24839;True;24839.00;0.02;24839;0.02;24839;0.03;24497;True;24497.00;0.02;24497;0.02;24497;0.02;22908;True;22908.00;0.04;22908;0.05;22908;0.04
30;100;17;24593;True;24593.00;0.02;24593;0.02;24593;0.02;32165;True;32165.00;0.06;32165;0.06;32165;0.04;25164;True;25164.00;0.04;25164;0.04;25164;0.19;23446;True;23446.00;0.07;23446;0.07;23446;0.12;22675;True;22675.00;0.38;22675;0.21;22675;0.19;21308;True;21308.00;0.09;21308;0.10;21308;0.21
30;100;18;26945;True;26945.00;0.01;26945;0.01;26945;0.01;34523;True;34523.00;0.01;34523;0.01;34523;0.02;25574;True;25574.00;0.02;25574;0.02;25574;0.02;24475;True;24475.00;0.02;24475;0.02;24475;0.03;24187;True;24187.00;0.02;24187;0.03;24187;0.02;22532;True;22532.00;0.04;22532;0.05;22532;0.04
30;100;19;22374;True;22374.00;0.05;22374;0.05;22374;0.05;29525;True;29525.00;0.83;29525;0.56;29525;0.55;22609;True;22609.00;0.52;22612;0.84;22609;0.28;21303;True;21303.00;0.45;21303;0.49;21303;0.37;20733;True;20733.00;0.58;20733;0.41;20733;0.35;19514;True;19514.00;0.19;19514;0.24;19514;0.30
30;100;20;25468;True;25468.00;0.02;25468;0.03;25468;0.03;33896;True;33896.00;0.18;33896;0.27;33896;0.07;25064;True;25064.00;0.03;25064;0.03;25064;0.03;23636;True;23636.00;0.34;23636;0.18;23636;0.14;23350;True;23350.00;0.04;23350;0.04;23350;0.03;21644;True;21644.00;0.58;21644;1.16;21644;0.29
30;100;21;26419;True;26419.00;0.54;26419;0.42;26419;0.29;34138;True;34138.00;0.06;34138;0.08;34138;0.07;25475;True;25475.00;0.03;25475;0.03;25475;0.03;24172;True;24172.00;0.03;24172;0.03;24172;0.04;23931;True;23931.00;0.03;23931;0.03;23931;0.03;22344;True;22344.00;0.06;22344;0.06;22344;0.06
30;100;22;24300;True;24300.00;0.60;24300;0.20;24300;0.15;31841;True;31841.00;0.32;31841;0.11;31841;0.24;23492;True;23492.00;0.04;23492;0.04;23492;0.05;22135;True;22135.00;0.33;22135;0.25;22135;0.22;22084;True;22084.00;0.61;22084;0.38;22084;0.33;20523;True;20523.00;0.26;20523;0.31;20523;0.17
30;100;23;24301;True;24301.00;0.02;24301;0.03;24301;0.03;32673;True;32673.00;0.27;32673;0.24;32673;0.15;24303;True;24303.00;0.32;24303;0.22;24303;0.24;22780;True;22780.00;0.27;22780;0.17;22780;0.18;22326;True;22326.00;0.04;22326;0.05;22326;0.04;20851;True;20851.00;0.53;20851;0.45;20851;0.36
30;100;24;28916;True;28916.00;0.01;28916;0.01;28916;0.01;37430;True;37430.00;0.02;37430;0.02;37430;0.02;27501;True;27501.00;0.01;27501;0.02;27501;0.02;26240;True;26240.00;0.02;26240;0.02;26240;0.02;25943;True;25943.00;0.01;25943;0.02;25943;0.02;24059;True;24059.00;0.04;24059;0.04;24059;0.04
30;100;25;31208;True;31208.00;0.01;31208;0.02;31208;0.02;40121;True;40121.00;0.02;40121;0.02;40121;0.02;30556;True;30556.00;0.02;30556;0.02;30556;0.02;28794;True;28794.00;0.03;28794;0.03;28794;0.04;28684;True;28684.00;0.03;28684;0.03;28684;0.03;26539;True;26539.00;0.06;26539;0.06;26539;0.05
30;100;26;27560;True;27560.00;0.07;27560;0.08;27560;0.10;35409;True;35409.00;0.12;35409;0.15;35409;0.11;26376;True;26376.00;0.03;26376;0.02;26376;0.03;25138;True;25138.00;0.03;25138;0.03;25138;0.04;24866;True;24866.00;0.09;24866;0.10;24866;0.09;22907;True;22907.00;0.10;22907;0.09;22907;0.09
30;100;27;26640;True;26640.00;0.01;26640;0.01;26640;0.01;34461;True;34461.00;0.02;34461;0.02;34461;0.01;26073;True;26073.00;0.02;26073;0.02;26073;0.03;24621;True;24621.00;0.02;24621;0.02;24621;0.02;24215;True;24215.00;0.02;24215;0.02;24215;0.02;22628;True;22628.00;0.04;22628;0.04;22628;0.04
30;100;28;25524;True;25524.00;0.02;25524;0.02;25524;0.02;33670;True;33670.00;0.02;33670;0.03;33670;0.02;25654;True;25654.00;0.02;25654;0.02;25654;0.02;24163;True;24163.00;0.03;24163;0.03;24163;0.03;23428;True;23428.00;0.02;23428;0.02;23428;0.02;22018;True;22018.00;0.04;22018;0.04;22018;0.04
30;100;29;23994;True;23994.00;0.04;23994;0.04;23994;0.15;31815;True;31815.00;0.13;31815;0.15;31815;0.33;24129;True;24129.00;0.05;24129;0.05;24129;0.05;22658;True;22658.00;0.07;22658;0.06;22658;0.24;21874;True;21874.00;0.42;21874;1.09;21874;0.28;20524;True;20524.00;0.11;20524;0.12;20524;0.42
30;100;30;24101;True;24101.00;0.05;24101;0.07;24101;0.07;31698;True;31698.00;0.03;31698;0.03;31698;0.03;23729;True;23729.00;0.27;23729;0.09;23729;0.09;22470;True;22470.00;0.07;22470;0.07;22470;0.08;22200;True;22200.00;0.03;22200;0.02;22200;0.03;20730;True;20730.00;0.08;20730;0.10;20730;0.09
30;100;31;24034;True;24034.00;1.72;24034;0.72;24034;21.59;31963;True;31963.00;0.04;31963;0.05;31963;0.04;23996;True;23996.00;0.04;23996;0.05;23996;0.04;22673;True;22673.00;0.19;22673;0.09;22673;0.11;22161;True;22161.00;0.54;22161;1.02;22161;0.22;20827;True;20827.00;0.22;20827;0.27;20827;0.22
30;100;32;24472;True;24472.00;0.06;24472;0.07;24472;0.67;32259;True;32259.00;0.04;32259;0.05;32259;0.11;23972;True;23972.00;0.04;23972;0.04;23972;0.04;22728;True;22728.00;0.04;22728;0.03;22728;0.04;22323;True;22323.00;0.19;22323;0.11;22323;0.09;20777;True;20777.00;0.06;20777;0.08;20777;0.06
30;100;33;24969;True;24969.00;0.05;24969;0.06;24969;0.06;33220;True;33220.00;0.04;33220;0.04;33220;0.04;24461;True;24461.00;0.03;24461;0.02;24461;0.03;23295;True;23295.00;0.05;23295;0.05;23295;0.05;22859;True;22859.00;0.04;22859;0.04;22859;0.04;21406;True;21406.00;0.07;21406;0.09;21406;0.08
30;100;34;24792;True;24792.00;0.02;24792;0.02;24792;0.02;32734;True;32734.00;0.02;32734;0.03;32734;0.03;24998;True;24998.00;0.06;24998;0.06;24998;0.06;23425;True;23425.00;0.05;23425;0.05;23425;0.06;22865;True;22865.00;0.03;22865;0.03;22865;0.02;21609;True;21609.00;0.09;21609;0.10;21609;0.08
30;100;35;26366;True;26366.00;0.26;26366;0.13;26366;0.12;34253;True;34253.00;0.02;34253;0.02;34253;0.02;25826;True;25826.00;0.02;25826;0.02;25826;0.02;24387;True;24387.00;0.03;24387;0.03;24387;0.03;23984;True;23984.00;0.02;23984;0.03;23984;0.03;22348;True;22348.00;0.05;22348;0.05;22348;0.05
30;100;36;24915;True;24915.00;0.03;24915;0.04;24915;0.03;32721;True;32721.00;0.04;32721;0.05;32721;0.04;24758;True;24758.00;0.05;24758;0.05;24758;0.05;23536;True;23536.00;0.04;23536;0.04;23536;0.05;22848;True;22848.00;0.58;22848;0.60;22848;0.16;21378;True;21378.00;0.07;21378;0.09;21378;0.07
30;100;37;25745;True;25745.00;0.33;25745;0.36;25745;0.22;33581;True;33581.00;0.04;33581;0.05;33581;0.04;25472;True;25472.00;0.02;25472;0.02;25472;0.02;23964;True;23964.00;0.17;23964;0.08;23964;0.10;23356;True;23356.00;0.41;23356;0.09;23356;0.47;21854;True;21854.00;0.05;21854;0.07;21854;0.05
30;100;38;24136;True;24136.00;0.23;24136;0.08;24136;0.31;31405;True;31405.00;0.04;31405;0.04;31405;0.13;23539;True;23539.00;0.09;23539;0.09;23539;0.09;22234;True;22234.00;0.06;22234;0.06;22234;0.07;22150;True;22150.00;0.03;22150;0.04;22150;0.04;20621;True;20621.00;0.45;20621;0.25;20621;0.19
30;100;39;26227;True;26227.00;0.05;26227;0.06;26227;0.06;33950;True;33950.00;0.02;33950;0.02;33950;0.02;25508;True;25508.00;0.02;25508;0.02;25508;0.02;24102;True;24102.00;0.02;24102;0.02;24102;0.02;23886;True;23886.00;0.02;23886;0.02;23886;0.03;22191;True;22191.00;0.05;22191;0.05;22191;0.05
45;20;0;3670;True;3670.00;0.01;3670;0.01;3670;0.02;5041;True;5041.00;0.15;5045;0.05;5041;0.04;3962;True;3962.00;0.02;3962;0.02;3962;0.02;3677;True;3677.00;0.02;3677;0.02;3677;0.02;3452;True;3452.00;0.09;3456;0.05;3452;0.03;3328;True;3328.00;0.15;3329;0.07;3328;0.05
45;20;1;3523;True;3523.00;0.05;3523;0.02;3523;0.02;5125;True;5125.00;0.08;5125;0.06;5125;0.03;3909;True;3909.00;0.10;3917;0.05;3909;0.03;3686;True;3686.00;0.15;3686;0.04;3686;0.03;3338;True;3338.00;0.01;3338;0.01;3338;0.01;3241;True;3241.00;0.20;3241;0.04;3241;0.07
45;20;2;3551;True;3551.00;0.75;3556;0.07;3551;0.33;4971;True;4971.00;1.69;4986;0.06;4971;1.24;3832;True;3832.00;0.29;3851;0.05;3832;0.09;3603;True;3603.00;0.11;3603;0.05;3603;0.05;3301;True;3301.00;0.82;3302;0.07;3301;0.32;3230;True;3230.00;1.62;3233;0.11;3230;0.53
45;20;3;3236;True;3236.00;0.01;3236;0.01;3236;0.01;4564;True;4564.00;0.11;4564;0.06;4564;0.04;3660;True;3660.00;0.15;3660;0.06;3660;0.04;3354;True;3354.00;0.01;3354;0.01;3354;0.01;3013;True;3013.00;0.01;3013;0.01;3013;0.01;2930;True;2930.00;0.02;2930;0.02;2930;0.02
45;20;4;3580;True;3580.00;0.04;3583;0.03;3580;0.03;5042;True;5042.00;0.29;5042;0.04;5042;0.11;3960;True;3960.00;0.02;3960;0.02;3960;0.02;3643;True;3643.00;0.23;3643;0.02;3643;0.07;3355;True;3355.00;0.33;3355;0.04;3355;0.10;3202;True;3202.00;0.02;3202;0.02;3202;0.02
45;20;5;3579;True;3579.00;0.52;3587;0.05;3579;0.12;4827;True;4827.00;0.09;4827;0.03;4827;0.04;3908;True;3908.00;0.01;3908;0.01;3908;0.01;3668;True;3668.00;0.02;3668;0.02;3668;0.02;3318;True;3318.00;0.07;3322;0.06;3318;0.03;3258;True;3258.00;0.14;3258;0.04;3258;0.06
45;20;6;3629;True;3629.00;0.03;3629;0.03;3629;0.04;5048;True;5048.00;0.02;5048;0.02;5048;0.02;3933;True;3933.00;0.12;3941;0.04;3933;0.05;3678;True;3678.00;0.10;3678;0.09;3678;0.04;3494;True;3494.00;0.26;3502;0.08;3494;0.07;3331;True;3331.00;0.18;3331;0.05;3331;0.08
45;20;7;3166;True;3166.00;0.01;3166;0.02;3166;0.02;4472;True;4472.00;0.01;4472;0.01;4472;0.01;3551;True;3551.00;0.01;3551;0.01;3551;0.01;3277;True;3277.00;0.01;3277;0.01;3277;0.01;2992;True;2992.00;0.01;2992;0.01;2992;0.01;2896;True;2896.00;0.01;2896;0.01;2896;0.01
45;20;8;3749;True;3749.00;0.12;3749;0.02;3749;0.03;5157;True;5157.00;0.06;5157;0.02;5157;0.01;4327;True;4327.00;0.06;4327;0.03;4327;0.02;3939;True;3939.00;0.01;3939;0.00;3939;0.00;3591;True;3591.00;0.04;3591;0.02;3591;0.02;3454;True;3454.00;0.01;3454;0.00;3454;0.01
45;20;9;3754;True;3754.00;0.00;3754;0.00;3754;0.01;5282;True;5282.00;0.01;5282;0.01;5282;0.01;4195;True;4195.00;0.10;4195;0.03;4195;0.03;3818;True;3818.00;0.00;3818;0.00;3818;0.01;3584;True;3584.00;0.01;3584;0.01;3584;0.01;3453;True;3453.00;0.01;3453;0.01;3453;0.01
45;20;10;3721;True;3721.00;0.00;3721;0.00;3721;0.01;5316;True;5316.00;0.01;5316;0.01;5316;0.01;4064;True;4064.00;0.00;4064;0.01;4064;0.00;3812;True;3812.00;0.01;3812;0.01;3812;0.01;3567;True;3567.00;0.10;3567;0.02;3567;0.02;3404;True;3404.00;0.01;3404;0.01;3404;0.01
45;20;11;4171;True;4171.00;0.07;4171;0.04;4171;0.02;5972;True;5972.00;0.12;5972;0.05;5972;0.03;4596;True;4596.00;0.07;4596;0.03;4596;0.02;4228;True;4228.00;0.00;4228;0.00;4228;0.00;3982;True;3982.00;0.08;3982;0.05;3982;0.03;3839;True;3839.00;0.01;3839;0.01;3839;0.01
45;20;12;3670;True;3670.00;0.01;3670;0.01;3670;0.01;5065;True;5065.00;0.06;5065;0.04;5065;0.03;4020;True;4020.00;0.01;4020;0.01;4020;0.01;3731;True;3731.00;0.04;3731;0.01;3731;0.01;3464;True;3464.00;0.09;3464;0.04;3464;0.03;3334;True;3334.00;0.09;3334;0.05;3334;0.04
45;20;13;3656;True;3656.00;0.01;3656;0.02;3656;0.02;5050;True;5050.00;0.01;5050;0.01;5050;0.01;4182;True;4182.00;0.06;4182;0.02;4182;0.01;3839;True;3839.00;0.00;3839;0.00;3839;0.00;3547;True;3547.00;0.07;3547;0.05;3547;0.03;3402;True;3402.00;0.00;3402;0.00;3402;0.01
45;20;14;3243;True;3243.00;0.00;3243;0.00;3243;0.00;4651;True;4651.00;0.01;4651;0.01;4651;0.02;3519;True;3519.00;0.01;3519;0.01;3519;0.01;3261;True;3261.00;0.01;3261;0.01;3261;0.01;3120;True;3120.00;0.01;3120;0.01;3120;0.01;2957;True;2957.00;0.02;2957;0.03;2957;0.05
45;20;15;3084;True;3084.00;2.00;3084;0.18;3084;1.10;4197;True;4197.00;0.21;4197;0.10;4197;0.07;3395;True;3395.00;0.04;3395;0.04;3395;0.04;3158;True;3158.00;0.16;3158;0.06;3158;0.05;2936;True;2936.00;0.22;2936;0.11;2936;0.07;2768;True;2768.00;0.21;2783;0.12;2768;0.10
45;20;16;3638;True;3638.00;0.22;3638;0.04;3638;0.17;5056;True;5056.00;0.02;5056;0.01;5056;0.01;3885;True;3885.00;0.06;3885;0.05;3885;0.03;3667;True;3667.00;0.11;3667;0.06;3667;0.04;3418;True;3418.00;0.15;3433;0.06;3418;0.05;3273;True;3273.00;0.27;3278;0.09;3273;0.07
45;20;17;3673;True;3673.00;0.00;3673;0.00;3673;0.00;5288;True;5288.00;0.00;5288;0.01;5288;0.01;4118;True;4118.00;0.00;4118;0.00;4118;0.00;3891;True;3891.00;0.04;3891;0.02;3891;0.01;3520;True;3520.00;0.00;3520;0.00;3520;0.00;3438;True;3438.00;0.00;3438;0.00;3438;0.01
45;20;18;4132;True;4132.00;0.01;4132;0.01;4132;0.01;5763;True;5763.00;0.18;5763;0.02;5763;0.02;4448;True;4448.00;0.01;4448;0.01;4448;0.01;4109;True;4109.00;0.04;4121;0.04;4109;0.01;3929;True;3929.00;0.03;3929;0.01;3929;0.01;3737;True;3737.00;0.08;3737;0.02;3737;0.03
45;20;19;3090;True;3090.00;0.35;3090;0.22;3090;0.18;4213;True;4213.00;0.05;4213;0.06;4213;0.07;3534;True;3534.00;0.25;3534;0.26;3534;0.13;3215;True;3215.00;0.40;3215;0.15;3215;0.16;2878;True;2878.00;0.12;2878;0.09;2878;0.10;2816;True;2816.00;0.05;2816;0.05;2816;0.05
45;20;20;4046;True;4046.00;0.06;4076;0.04;4046;0.03;5556;True;5556.00;0.00;5556;0.00;5556;0.00;4526;True;4526.00;0.14;4526;0.02;4526;0.02;4184;True;4184.00;0.00;4184;0.00;4184;0.01;3888;True;3888.00;0.00;3888;0.01;3888;0.00;3750;True;3750.00;0.00;3750;0.00;3750;0.00
45;20;21;4338;True;4338.00;0.10;4338;0.03;4338;0.13;5936;True;5936.00;0.07;5936;0.05;5936;0.04;4732;True;4732.00;0.01;4732;0.01;4732;0.01;4414;True;4414.00;0.02;4414;0.03;4414;0.03;4111;True;4111.00;0.07;4111;0.04;4111;0.02;3932;True;3932.00;0.06;3940;0.05;3932;0.04
45;20;22;3535;True;3535.00;0.18;3538;0.03;3535;0.09;4887;True;4887.00;0.01;4887;0.01;4887;0.01;3653;True;3653.00;0.02;3653;0.02;3653;0.02;3457;True;3457.00;0.01;3457;0.01;3457;0.01;3293;True;3293.00;0.23;3304;0.04;3293;0.04;3169;True;3169.00;1.13;3170;0.06;3169;0.32
45;20;23;4336;True;4336.00;0.02;4336;0.02;4336;0.02;6086;True;6086.00;0.10;6090;0.04;6086;0.03;4863;True;4863.00;0.02;4863;0.02;4863;0.02;4503;True;4503.00;0.01;4503;0.01;4503;0.01;4101;True;4101.00;0.03;4101;0.03;4101;0.03;3970;True;3970.00;0.02;3970;0.02;3970;0.01
45;20;24;3069;True;3069.00;0.19;3069;0.08;3069;0.12;4269;True;4269.00;0.28;4269;0.10;4269;0.08;3489;True;3489.00;0.43;3489;0.19;3489;0.17;3174;True;3174.00;0.32;3174;0.17;3174;0.15;2930;True;2930.00;0.17;2930;0.06;2930;0.05;2801;True;2801.00;0.45;2801;0.18;2801;0.15
45;20;25;4179;True;4179.00;0.00;4179;0.00;4179;0.01;5400;True;5400.00;0.28;5400;0.04;5400;0.04;4399;True;4399.00;0.11;4406;0.03;4399;0.02;4124;True;4124.00;0.00;4124;0.00;4124;0.00;3890;True;3890.00;0.33;3890;0.02;3890;0.09;3714;True;3714.00;0.06;3714;0.02;3714;0.02
45;20;26;3660;True;3660.00;0.01;3660;0.02;3660;0.02;4982;True;4982.00;0.01;4982;0.01;4982;0.01;4134;True;4134.00;0.23;4134;0.05;4134;0.07;3829;True;3829.00;0.20;3829;0.05;3829;0.04;3542;True;3542.00;0.15;3542;0.05;3542;0.04;3360;True;3360.00;0.24;3362;0.09;3360;0.07
45;20;27;3131;True;3131.00;0.01;3131;0.01;3131;0.01;4437;True;4437.00;0.01;4437;0.01;4437;0.01;3693;True;3693.00;0.02;3693;0.01;3693;0.02;3426;True;3426.00;0.02;3426;0.02;3426;0.03;2997;True;2997.00;0.06;3004;0.03;2997;0.02;2923;True;2923.00;0.01;2923;0.01;2923;0.01
45;20;28;4384;True;4384.00;0.03;4384;0.01;4384;0.06;6179;True;6179.00;0.07;6186;0.03;6179;0.01;4767;True;4767.00;0.00;4767;0.00;4767;0.00;4568;True;4568.00;0.00;4568;0.01;4568;0.00;4186;True;4186.00;0.00;4186;0.00;4186;0.00;3966;True;3966.00;0.01;3966;0.00;3966;0.01
45;20;29;4188;True;4188.00;0.10;4188;0.03;4188;0.02;5875;True;5875.00;0.01;5875;0.02;5875;0.01;4822;True;4822.00;0.01;4822;0.01;4822;0.01;4411;True;4411.00;0.10;4420;0.03;4411;0.04;4003;True;4003.00;0.10;4004;0.04;4003;0.03;3934;True;3934.00;0.06;3950;0.06;3934;0.03
45;20;30;3675;True;3675.00;0.02;3675;0.02;3675;0.03;5172;True;5172.00;0.02;5172;0.02;5172;0.02;3932;True;3932.00;0.02;3932;0.02;3932;0.02;3713;True;3713.00;0.10;3713;0.05;3713;0.04;3449;True;3449.00;0.22;3452;0.07;3449;0.08;3275;True;3275.00;0.18;3275;0.04;3275;0.06
45;20;31;3680;True;3680.00;0.12;3680;0.03;3680;0.05;5111;True;5111.00;0.00;5111;0.01;5111;0.00;4017;True;4017.00;0.00;4017;0.00;4017;0.00;3767;True;3767.00;0.00;3767;0.01;3767;0.00;3531;True;3531.00;0.04;3531;0.02;3531;0.01;3347;True;3347.00;0.29;3347;0.05;3347;0.05
45;20;32;3676;True;3676.00;0.06;3676;0.04;3676;0.06;5050;True;5050.00;0.02;5050;0.02;5050;0.02;3740;True;3740.00;0.18;3740;0.05;3740;0.04;3575;True;3575.00;0.16;3575;0.06;3575;0.05;3438;True;3438.00;0.04;3438;0.04;3438;0.04;3202;True;3202.00;0.02;3202;0.02;3202;0.02
45;20;33;3738;True;3738.00;0.13;3738;0.04;3738;0.03;5225;True;5225.00;0.01;5225;0.01;5225;0.01;3952;True;3952.00;0.00;3952;0.00;3952;0.00;3749;True;3749.00;0.00;3749;0.01;3749;0.00;3576;True;3576.00;0.13;3576;0.05;3576;0.04;3374;True;3374.00;0.04;3374;0.04;3374;0.04
45;20;34;3650;True;3650.00;0.16;3653;0.05;3650;0.07;5111;True;5111.00;0.07;5111;0.06;5111;0.03;3949;True;3949.00;0.15;3952;0.04;3949;0.05;3753;True;3753.00;0.08;3753;0.07;3753;0.03;3486;True;3486.00;0.36;3486;0.05;3486;0.06;3339;True;3339.00;0.27;3339;0.09;3339;0.10
45;20;35;3286;True;3286.00;0.10;3286;0.03;3286;0.03;4514;True;4514.00;0.01;4514;0.01;4514;0.02;3541;True;3541.00;0.01;3541;0.01;3541;0.01;3310;True;3310.00;0.02;3310;0.02;3310;0.02;3013;True;3013.00;0.01;3013;0.01;3013;0.01;2887;True;2887.00;0.01;2887;0.01;2887;0.01
45;20;36;3616;True;3616.00;0.10;3616;0.02;3616;0.04;5056;True;5056.00;0.24;5062;0.05;5056;0.09;4150;True;4150.00;0.11;4156;0.05;4150;0.03;3789;True;3789.00;0.06;3789;0.03;3789;0.03;3480;True;3480.00;0.19;3480;0.04;3480;0.06;3339;True;3339.00;0.73;3368;0.13;3339;0.19
45;20;37;3617;True;3617.00;1.53;3621;0.09;3617;0.82;4828;True;4828.00;0.09;4828;0.07;4828;0.05;3906;True;3906.00;0.23;3913;0.06;3906;0.09;3648;True;3648.00;0.16;3664;0.13;3648;0.11;3391;True;3391.00;0.18;3394;0.13;3391;0.07;3263;True;3263.00;0.05;3263;0.05;3263;0.07
45;20;38;3645;True;3645.00;0.13;3645;0.04;3645;0.03;5096;True;5096.00;0.12;5096;0.04;5096;0.03;4027;True;4027.00;0.07;4035;0.04;4027;0.03;3692;True;3692.00;0.24;3692;0.06;3692;0.07;3471;True;3471.00;0.01;3471;0.01;3471;0.01;3320;True;3320.00;0.22;3322;0.05;3320;0.08
45;20;39;3602;True;3602.00;0.01;3602;0.01;3602;0.01;4941;True;4941.00;0.18;4941;0.05;4941;0.05;3825;True;3825.00;0.01;3825;0.01;3825;0.01;3609;True;3609.00;0.12;3609;0.07;3609;0.04;3432;True;3432.00;0.01;3432;0.02;3432;0.01;3243;True;3243.00;0.15;3244;0.08;3243;0.04
45;30;0;5576;True;5576.00;0.22;5587;0.14;5576;0.15;7733;True;7733.00;0.15;7733;0.10;7733;0.04;6122;True;6122.00;0.22;6137;0.08;6122;0.06;5819;True;5819.00;1.00;5819;0.15;5819;0.33;5279;True;5279.00;0.03;5279;0.03;5279;0.03;5140;True;5140.00;0.84;5145;0.17;5140;0.35
45;30;1;5523;True;5523.00;1.14;5526;0.08;5523;0.32;7439;True;7439.00;0.64;7458;0.07;7439;0.29;6195;True;6195.00;0.01;6195;0.02;6195;0.01;5752;True;5752.00;0.42;5752;0.07;5752;0.17;5249;True;5249.00;0.14;5249;0.04;5249;0.06;5027;True;5027.00;0.20;5027;0.09;5027;0.14
45;30;2;5156;True;5156.00;1.42;5176;0.51;5156;0.78;7147;True;7147.00;0.32;7147;0.11;7147;0.16;5598;True;5598.00;0.24;5598;0.12;5598;0.14;5278;True;5278.00;0.58;5298;0.28;5278;0.18;4941;True;4941.00;0.76;4954;0.25;4941;0.24;4722;True;4722.00;1.07;4732;0.37;4722;0.31
45;30;3;5312;True;5312.00;0.53;5312;0.04;5312;0.12;7418;True;7418.00;0.01;7418;0.01;7418;0.02;6004;True;6004.00;0.09;6004;0.04;6004;0.03;5575;True;5575.00;0.16;5575;0.06;5575;0.07;5076;True;5076.00;0.02;5076;0.02;5076;0.02;4919;True;4919.00;0.09;4919;0.06;4919;0.06
45;30;4;5754;True;5754.00;1536.43;5780;0.33;5754;120.00;7942;True;7942.00;0.83;8027;0.43;7942;0.29;6187;True;6187.00;0.04;6187;0.03;6187;0.04;5859;True;5859.00;0.73;5902;0.37;5859;0.59;5353;True;5353.00;4.08;5370;0.40;5353;4.44;5154;True;5154.00;2.97;5189;0.51;5154;1.82
45;30;5;5662;True;5662.00;0.11;5671;0.11;5662;0.03;7812;True;7812.00;0.69;7813;0.07;7812;0.22;6272;True;6272.00;0.73;6295;0.12;6272;0.19;5828;True;5828.00;0.37;5851;0.14;5828;0.13;5379;True;5379.00;1.67;5383;0.11;5379;0.80;5185;True;5185.00;3.87;5197;0.19;5185;2.10
45;30;6;5413;True;5413.00;0.02;5413;0.02;5413;0.05;7618;True;7618.00;0.02;7618;0.03;7618;0.05;5897;True;5897.00;0.25;5897;0.29;5897;0.11;5497;True;5497.00;0.02;5497;0.02;5497;0.04;5164;True;5164.00;0.03;5164;0.03;5164;0.06;4894;True;4894.00;0.03;4894;0.04;4894;0.05
45;30;7;5043;True;5043.00;0.56;5069;0.27;5043;2.21;6986;True;6986.00;26.54;7005;0.21;6986;29.55;5429;True;5429.00;0.33;5429;0.06;5429;0.07;5043;True;5043.00;0.20;5043;0.09;5043;0.06;4757;True;4757.00;13.04;4779;0.53;4757;29.95;4487;True;4487.00;0.91;4516;0.35;4487;0.45
45;30;8;5444;True;5444.00;0.02;5444;0.02;5444;0.02;7568;True;7568.00;0.03;7568;0.02;7568;0.02;5835;True;5835.00;0.03;5835;0.02;5835;0.06;5542;True;5542.00;0.02;5542;0.02;5542;0.06;5114;True;5114.00;0.02;5114;0.02;5114;0.03;4884;True;4884.00;0.03;4884;0.03;4884;0.07
45;30;9;5851;True;5851.00;0.09;5851;0.02;5851;0.04;8415;True;8415.00;0.07;8415;0.04;8415;0.04;6586;True;6586.00;0.01;6586;0.01;6586;0.01;6110;True;6110.00;0.02;6110;0.02;6110;0.02;5576;True;5576.00;0.35;5576;0.04;5576;0.05;5379;True;5379.00;0.21;5379;0.06;5379;0.05
45;30;10;5391;True;5391.00;0.34;5391;0.07;5391;0.46;7550;True;7550.00;0.02;7550;0.02;7550;0.04;5927;True;5927.00;0.08;5927;0.07;5927;0.09;5487;True;5487.00;0.02;5487;0.02;5487;0.04;5078;True;5078.00;0.02;5078;0.03;5078;0.06;4903;True;4903.00;0.16;4910;0.09;4903;0.09
45;30;11;5028;True;5028.00;2.53;5028;0.13;5028;1.03;7024;True;7024.00;0.11;7024;0.09;7024;0.04;5529;True;5529.00;1.44;5535;0.08;5529;0.46;5183;True;5183.00;1.63;5189;0.15;5183;0.52;4816;True;4816.00;4.30;4816;0.16;4816;1.35;4551;True;4551.00;0.40;4559;0.15;4551;0.16
45;30;12;5278;True;5278.00;0.18;5278;0.06;5278;0.08;7281;True;7281.00;0.15;7281;0.04;7281;0.05;5771;True;5771.00;0.13;5771;0.06;5771;0.07;5353;True;5353.00;0.01;5353;0.02;5353;0.02;4960;True;4960.00;0.03;4960;0.03;4960;0.03;4811;True;4811.00;0.09;4821;0.05;4811;0.04
45;30;13;4416;True;4416.00;6.11;4416;0.17;4416;7.31;6282;True;6282.00;1.50;6282;0.15;6282;0.45;4680;True;4680.00;3.42;4706;0.16;4680;0.88;4389;True;4389.00;1.73;4397;0.14;4389;0.47;4122;True;4122.00;3.11;4125;0.12;4122;0.92;3927;True;3927.00;0.58;3927;0.10;3927;0.25
45;30;14;4699;True;4699.00;0.14;4699;0.05;4699;0.09;6509;True;6509.00;0.34;6509;0.10;6509;0.07;5168;True;5168.00;0.49;5169;0.06;5168;0.14;4800;True;4800.00;0.42;4810;0.11;4800;0.15;4375;True;4375.00;0.02;4375;0.03;4375;0.02;4182;True;4182.00;0.14;4182;0.08;4182;0.07
45;30;15;5088;True;5088.00;0.36;5088;0.09;5088;0.09;7088;True;7088.00;0.79;7093;0.13;7088;0.23;5549;True;5549.00;5.82;5558;0.24;5549;2.16;5268;True;5268.00;3.48;5290;0.47;5268;1.72;4865;True;4865.00;4.02;4865;0.25;4865;1.89;4658;True;4658.00;1.32;4659;0.11;4658;0.56
45;30;16;5636;True;5636.00;2.70;5636;0.43;5636;0.76;7941;True;7941.00;0.06;7941;0.06;7941;0.07;6070;True;6070.00;0.11;6070;0.06;6070;0.05;5757;True;5757.00;0.41;5769;0.14;5757;0.10;5293;True;5293.00;1.10;5300;0.13;5293;0.27;5136;True;5136.00;0.35;5144;0.16;5136;0.15
45;30;17;5743;True;5743.00;0.10;5743;0.10;5743;0.05;8036;True;8036.00;0.40;8036;0.10;8036;0.11;6437;True;6437.00;0.38;6440;0.08;6437;0.08;5927;True;5927.00;0.14;5927;0.10;5927;0.06;5442;True;5442.00;0.02;5442;0.02;5442;0.02;5277;True;5277.00;0.10;5277;0.08;5277;0.05
45;30;18;4989;True;4989.00;5.99;4991;0.16;4989;8.48;7001;True;7001.00;18.39;7061;0.50;7001;9.42;5492;True;5492.00;2.34;5496;0.09;5492;1.18;5130;True;5130.00;4.32;5130;0.15;5130;2.18;4657;True;4657.00;0.43;4676;0.13;4657;0.11;4512;True;4512.00;0.70;4523;0.12;4512;0.31
45;30;19;5179;True;5179.00;0.61;5179;0.13;5179;0.46;7246;True;7246.00;0.19;7246;0.10;7246;0.07;5679;True;5679.00;0.14;5704;0.15;5679;0.06;5228;True;5228.00;0.04;5228;0.05;5228;0.04;4862;True;4862.00;0.05;4862;0.06;4862;0.05;4643;True;4643.00;0.08;4643;0.08;4643;0.08
45;30;20;5193;True;5193.00;0.04;5193;0.04;5193;0.04;7108;True;7108.00;0.25;7121;0.14;7108;0.11;5761;True;5761.00;0.29;5761;0.07;5761;0.06;5381;True;5381.00;0.73;5381;0.13;5381;0.16;4956;True;4956.00;0.65;4956;0.11;4956;0.18;4784;True;4784.00;1.15;4786;0.26;4784;0.44
45;30;21;5157;True;5157.00;0.08;5157;0.03;5157;0.04;7365;True;7365.00;0.12;7377;0.05;7365;0.04;5783;True;5783.00;0.01;5783;0.01;5783;0.02;5380;True;5380.00;0.02;5380;0.03;5380;0.02;4903;True;4903.00;0.12;4912;0.08;4903;0.05;4739;True;4739.00;0.19;4739;0.06;4739;0.07
45;30;22;4532;True;4532.00;0.02;4532;0.02;4532;0.02;6388;True;6388.00;0.04;6388;0.04;6388;0.04;5092;True;5092.00;0.13;5102;0.11;5092;0.08;4708;True;4708.00;0.04;4708;0.05;4708;0.04;4344;True;4344.00;0.69;4344;0.10;4344;0.19;4187;True;4187.00;0.25;4187;0.13;4187;0.15
45;30;23;5008;True;5008.00;21.00;5018;0.32;5008;39.18;6923;True;6923.00;1.06;6923;0.10;6923;0.29;5361;True;5361.00;0.28;5361;0.07;5361;0.11;4994;True;4994.00;0.55;5009;0.12;4994;0.26;4742;True;4742.00;2.83;4742;0.12;4742;0.70;4460;True;4460.00;0.02;4460;0.03;4460;0.02
45;30;24;4485;True;4485.00;0.13;4513;0.13;4485;0.05;6422;True;6422.00;0.65;6423;0.19;6422;0.24;5041;True;5041.00;0.34;5047;0.10;5041;0.10;4704;True;4704.00;0.59;4704;0.10;4704;0.16;4315;True;4315.00;0.47;4315;0.10;4315;0.09;4147;True;4147.00;0.07;4147;0.07;4147;0.07
45;30;25;5193;True;5193.00;0.02;5193;0.02;5193;0.02;7368;True;7368.00;0.02;7368;0.03;7368;0.03;5741;True;5741.00;0.09;5741;0.05;5741;0.04;5382;True;5382.00;0.13;5387;0.11;5382;0.08;4986;True;4986.00;0.19;4990;0.07;4986;0.05;4808;True;4808.00;0.17;4808;0.07;4808;0.10
45;30;26;5133;True;5133.00;0.24;5133;0.06;5133;0.16;7370;True;7370.00;0.02;7370;0.02;7370;0.02;5575;True;5575.00;0.06;5580;0.04;5575;0.04;5295;True;5295.00;0.02;5295;0.03;5295;0.03;4850;True;4850.00;0.33;4851;0.10;4850;0.09;4649;True;4649.00;0.03;4649;0.03;4649;0.03
45;30;27;4583;True;4583.00;0.29;4583;0.10;4583;0.11;6437;True;6437.00;0.53;6437;0.16;6437;0.16;5071;True;5071.00;0.04;5071;0.05;5071;0.05;4767;True;4767.00;0.29;4773;0.13;4767;0.11;4408;True;4408.00;0.04;4408;0.05;4408;0.05;4195;True;4195.00;0.87;4195;0.21;4195;0.26
45;30;28;5276;True;5276.00;0.85;5279;0.06;5276;0.31;7233;True;7233.00;0.16;7235;0.06;7233;0.05;5859;True;5859.00;0.03;5859;0.03;5859;0.02;5444;True;5444.00;0.02;5444;0.03;5444;0.05;5038;True;5038.00;0.23;5042;0.10;5038;0.10;4801;True;4801.00;0.18;4804;0.11;4801;0.11
45;30;29;4758;True;4758.00;0.03;4758;0.04;4758;0.08;6663;True;6663.00;0.12;6663;0.07;6663;0.05;5182;True;5182.00;0.23;5182;0.11;5182;0.07;4920;True;4920.00;0.43;4920;0.13;4920;0.17;4556;True;4556.00;0.31;4556;0.10;4556;0.10;4357;True;4357.00;0.23;4368;0.12;4357;0.12
45;30;30;5047;True;5047.00;0.82;5047;0.19;5047;0.27;6907;True;6907.00;0.20;6915;0.08;6907;0.07;5571;True;5571.00;0.90;5574;0.19;5571;0.18;5113;True;5113.00;0.16;5114;0.16;5113;0.07;4741;True;4741.00;1.13;4741;0.40;4741;0.25;4522;True;4522.00;0.97;4537;0.40;4522;0.27
45;30;31;5182;True;5182.00;0.35;5182;0.34;5182;0.11;7246;True;7246.00;0.67;7246;0.14;7246;0.21;5538;True;5538.00;0.06;5538;0.07;5538;0.07;5277;True;5277.00;0.33;5277;0.16;5277;0.13;4930;True;4930.00;1.13;4940;0.16;4930;0.34;4763;True;4763.00;1.26;4763;0.27;4763;0.61
45;30;32;5815;True;5815.00;0.11;5815;0.07;5815;0.06;8377;True;8377.00;0.23;8379;0.12;8377;0.11;6467;True;6467.00;0.02;6467;0.02;6467;0.02;5967;True;5967.00;0.15;5967;0.06;5967;0.03;5605;True;5605.00;0.30;5605;0.10;5605;0.09;5337;True;5337.00;0.07;5337;0.07;5337;0.07
45;30;33;5228;True;5228.00;0.48;5228;0.08;5228;0.10;7300;True;7300.00;0.09;7314;0.08;7300;0.04;5685;True;5685.00;0.02;5685;0.02;5685;0.05;5388;True;5388.00;0.16;5390;0.09;5388;0.07;4967;True;4967.00;0.08;4979;0.05;4967;0.04;4752;True;4752.00;0.15;4752;0.08;4752;0.06
45;30;34;4960;True;4960.00;23.73;4969;0.37;4960;27.02;6852;True;6852.00;0.08;6852;0.04;6852;0.04;5165;True;5165.00;4.51;5165;0.23;5165;1.21;4900;True;4900.00;0.71;4931;0.23;4900;0.44;4614;True;4614.00;0.03;4614;0.03;4614;0.03;4413;True;4413.00;1.26;4426;0.22;4413;0.52
45;30;35;5363;True;5363.00;0.04;5363;0.03;5363;0.08;7581;True;7581.00;0.14;7581;0.25;7581;0.11;5859;True;5859.00;0.02;5859;0.02;5859;0.05;5369;True;5369.00;0.03;5369;0.03;5369;0.04;5040;True;5040.00;0.03;5040;0.03;5040;0.03;4774;True;4774.00;0.03;4774;0.04;4774;0.04
45;30;36;5177;True;5177.00;1.90;5177;0.41;5177;2.45;7034;True;7034.00;2.20;7065;0.32;7034;0.86;5755;True;5755.00;2.01;5758;0.14;5755;0.77;5317;True;5317.00;0.38;5317;0.10;5317;0.12;4937;True;4937.00;1.75;4953;0.23;4937;0.54;4695;True;4695.00;0.36;4695;0.11;4695;0.14
45;30;37;5293;True;5293.00;1.70;5295;0.10;5293;1.28;7212;True;7212.00;1.04;7220;0.19;7212;0.35;5656;True;5656.00;0.10;5656;0.04;5656;0.04;5334;True;5334.00;0.18;5334;0.05;5334;0.06;4925;True;4925.00;0.25;4926;0.12;4925;0.09;4724;True;4724.00;0.31;4736;0.13;4724;0.11
45;30;38;5009;True;5009.00;0.21;5009;0.07;5009;0.06;6984;True;6984.00;0.40;6992;0.11;6984;0.09;5608;True;5608.00;0.89;5612;0.15;5608;0.22;5231;True;5231.00;0.12;5231;0.14;5231;0.19;4827;True;4827.00;0.32;4827;0.24;4827;0.15;4637;True;4637.00;0.58;4637;0.24;4637;0.34
45;30;39;5151;True;5151.00;0.23;5151;0.06;5151;0.08;7179;True;7179.00;0.01;7179;0.02;7179;0.02;5654;True;5654.00;0.02;5654;0.02;5654;0.02;5354;True;5354.00;0.24;5363;0.10;5354;0.05;4870;True;4870.00;0.13;4870;0.05;4870;0.04;4731;True;4731.00;0.33;4731;0.07;4731;0.13
45;40;0;7876;True;7876.00;4.41;7885;0.67;7876;2.54;10783;True;10783.00;0.39;10798;0.21;10783;0.14;8644;True;8644.00;0.54;8644;0.19;8644;0.14;8028;True;8028.00;0.57;8035;0.22;8028;0.17;7384;True;7384.00;0.25;7384;0.16;7384;0.11;7109;True;7109.00;0.64;7109;0.25;7109;0.33
45;40;1;7400;True;7400.00;0.04;7400;0.03;7400;0.04;10516;True;10516.00;0.03;10516;0.04;10516;0.04;8041;True;8041.00;0.11;8041;0.05;8041;0.10;7441;True;7441.00;0.02;7441;0.02;7441;0.03;6925;True;6925.00;0.43;6932;0.11;6925;0.14;6685;True;6685.00;0.87;6689;0.16;6685;0.41
45;40;2;6737;True;6737.00;2.66;6737;0.28;6737;1.31;9391;True;9391.00;0.03;9391;0.05;9391;0.04;7384;True;7384.00;0.16;7384;0.13;7384;0.12;6881;True;6881.00;0.35;6881;0.12;6881;0.17;6427;True;6427.00;0.97;6429;0.14;6427;0.34;6105;True;6105.00;0.44;6105;0.14;6105;0.15
45;40;3;6491;True;6491.00;1.03;6491;0.12;6491;0.24;9329;True;9329.00;0.57;9329;0.21;9329;0.17;7315;True;7315.00;0.22;7315;0.08;7315;0.10;6834;True;6834.00;0.69;6834;0.16;6834;0.25;6232;True;6232.00;0.27;6249;0.13;6232;0.12;5976;True;5976.00;1.36;5976;0.15;5976;0.42
45;40;4;6866;True;6866.00;0.05;6866;0.05;6866;0.12;9688;True;9688.00;1.75;9688;0.51;9688;0.35;7681;True;7681.00;0.28;7681;0.57;7681;0.20;7120;True;7120.00;0.17;7120;0.41;7120;0.18;6554;True;6554.00;0.43;6554;0.48;6554;0.18;6308;True;6308.00;0.38;6308;0.50;6308;0.29
45;40;5;6251;True;6251.00;1.64;6257;0.18;6251;8.99;8660;True;8660.00;0.14;8660;0.09;8660;0.06;6754;True;6754.00;0.66;6754;0.23;6754;0.35;6339;True;6339.00;0.98;6345;0.16;6339;0.30;5899;True;5899.00;0.43;5899;0.09;5899;0.12;5693;True;5693.00;0.53;5709;0.23;5693;0.39
45;40;6;7221;True;7221.00;1.57;7221;0.09;7221;0.26;10161;True;10161.00;0.21;10161;0.11;10161;0.08;7792;True;7792.00;0.18;7792;0.05;7792;0.05;7245;True;7245.00;0.03;7245;0.03;7245;0.04;6874;True;6874.00;0.03;6874;0.03;6874;0.04;6586;True;6586.00;0.27;6586;0.10;6586;0.11
45;40;7;6697;True;6697.00;0.14;6708;0.13;6697;0.07;9603;True;9603.00;0.28;9603;0.13;9603;0.13;7492;True;7492.00;0.40;7492;0.17;7492;0.20;6946;True;6946.00;0.23;6946;0.11;6946;0.15;6319;True;6319.00;0.12;6319;0.06;6319;0.07;6168;True;6168.00;0.30;6168;0.13;6168;0.14
45;40;8;7819;True;7819.00;0.33;7819;0.06;7819;0.13;11094;True;11094.00;0.03;11094;0.04;11094;0.03;8585;True;8585.00;0.05;8585;0.05;8585;0.05;7903;True;7903.00;0.03;7903;0.02;7903;0.03;7364;True;7364.00;1.01;7364;0.14;7364;0.27;7004;True;7004.00;0.03;7004;0.04;7004;0.04
45;40;9;6156;True;6156.00;2.16;6156;0.19;6156;2.09;8685;True;8685.00;0.60;8685;0.18;8685;0.15;6881;True;6881.00;0.57;6881;0.17;6881;0.21;6361;True;6361.00;0.26;6361;0.13;6361;0.13;5905;True;5905.00;1.86;5905;0.17;5905;0.67;5661;True;5661.00;0.32;5663;0.25;5661;0.21
45;40;10;6943;True;6943.00;13.84;6983;0.53;6943;37.60;9638;True;9638.00;4.18;9643;0.16;9638;1.65;7555;True;7555.00;0.60;7555;0.12;7555;0.30;7177;True;7177.00;2.11;7191;0.23;7177;1.22;6585;True;6585.00;24.04;6590;0.42;6585;13.33;6357;True;6357.00;7.94;6375;0.72;6357;3.69
45;40;11;6519;True;6519.00;0.69;6519;0.12;6519;0.15;9534;True;9534.00;2.06;9538;0.28;9534;0.97;7165;True;7165.00;0.17;7165;0.05;7165;0.04;6742;True;6742.00;0.12;6765;0.12;6742;0.06;6220;True;6220.00;0.42;6226;0.16;6220;0.24;6015;True;6015.00;0.06;6015;0.07;6015;0.07
45;40;12;6864;True;6864.00;0.27;6864;0.40;6864;0.12;9459;True;9459.00;0.13;9459;0.14;9459;0.11;7475;True;7475.00;0.26;7475;0.21;7475;0.12;6942;True;6942.00;0.62;6947;0.16;6942;0.27;6471;True;6471.00;0.31;6477;0.17;6471;0.13;6230;True;6230.00;0.83;6230;0.45;6230;0.38
45;40;13;7139;True;7139.00;2.22;7139;0.37;7139;2.24;9817;True;9817.00;0.05;9817;0.08;9817;0.07;7730;True;7730.00;0.46;7730;0.08;7730;0.08;7347;True;7347.00;1.66;7349;0.14;7347;0.82;6697;True;6697.00;0.56;6697;0.16;6697;0.38;6470;True;6470.00;0.12;6470;0.13;6470;0.13
45;40;14;6880;True;6880.00;3.61;6880;0.63;6880;8.94;9353;True;9353.00;2.27;9354;0.22;9353;0.51;7589;True;7589.00;0.29;7592;0.12;7589;0.17;6971;True;6971.00;0.99;6977;0.19;6971;0.50;6433;True;6433.00;0.08;6433;0.08;6433;0.09;6227;True;6227.00;0.88;6227;0.25;6227;0.39
45;40;15;7090;True;7090.00;0.17;7090;0.37;7090;0.17;10024;True;10024.00;0.06;10024;0.08;10024;0.09;7671;True;7671.00;0.20;7671;0.60;7671;0.13;7128;True;7128.00;0.10;7128;0.11;7128;0.16;6684;True;6684.00;0.69;6684;0.39;6684;0.22;6336;True;6336.00;0.31;6336;0.51;6336;0.20
45;40;16;7296;True;7296.00;0.17;7296;0.07;7296;0.07;10115;True;10115.00;0.11;10115;0.07;10115;0.04;8117;True;8117.00;0.19;8117;0.11;8117;0.13;7531;True;7531.00;0.28;7534;0.07;7531;0.07;6902;True;6902.00;0.50;6904;0.09;6902;0.18;6655;True;6655.00;0.12;6655;0.07;6655;0.06
45;40;17;7131;True;7131.00;2.55;7140;0.41;7131;1.82;10042;True;10042.00;6.64;10084;1.41;10042;3.82;7742;True;7742.00;0.58;7742;0.16;7742;0.19;7188;True;7188.00;0.98;7199;0.23;7188;0.40;6752;True;6752.00;14.52;6752;0.16;6752;6.79;6459;True;6459.00;2.34;6459;0.62;6459;0.95
45;40;18;6591;True;6591.00;0.17;6613;0.18;6591;0.21;9405;True;9405.00;0.03;9405;0.04;9405;0.03;7419;True;7419.00;0.50;7419;0.12;7419;0.13;6889;True;6889.00;0.49;6889;0.15;6889;0.20;6317;True;6317.00;0.38;6317;0.09;6317;0.15;6068;True;6068.00;0.05;6068;0.06;6068;0.05
45;40;19;7923;True;7923.00;4.63;7928;0.60;7923;120.00;10800;True;10800.00;1.17;10800;0.71;10800;0.31;8650;True;8650.00;0.43;8650;0.12;8650;0.17;8133;True;8133.00;0.21;8145;0.46;8133;0.12;7500;True;7500.00;0.45;7501;0.38;7500;0.16;7170;True;7170.00;0.79;7170;0.21;7170;0.19
45;40;20;7021;True;7021.00;8.17;7026;0.55;7021;6.35;9676;True;9676.00;0.24;9676;0.16;9676;0.10;7942;True;7942.00;0.59;7942;0.15;7942;0.21;7288;True;7288.00;0.20;7288;0.08;7288;0.07;6660;True;6660.00;0.57;6660;0.15;6660;0.19;6401;True;6401.00;0.32;6401;0.29;6401;0.19
45;40;21;7098;True;7098.00;3.92;7102;0.42;7098;12.23;9704;True;9704.00;6.40;9719;0.82;9704;3.33;7883;True;7883.00;1.97;7883;0.20;7883;1.04;7410;True;7410.00;8.25;7415;0.70;7410;6.99;6839;True;6839.00;1.23;6847;0.39;6839;0.67;6576;True;6576.00;1.40;6576;0.51;6576;0.45
45;40;22;7369;True;7369.00;0.31;7369;0.34;7369;0.21;10188;True;10188.00;0.19;10188;0.19;10188;0.08;8175;True;8175.00;0.21;8175;0.08;8175;0.06;7552;True;7552.00;0.23;7552;0.17;7552;0.17;7050;True;7050.00;0.28;7050;0.08;7050;0.10;6712;True;6712.00;0.06;6712;0.07;6712;0.10
45;40;23;7107;True;7107.00;2.99;7107;0.31;7107;3.37;9999;True;9999.00;0.84;9999;0.36;9999;0.36;7763;True;7763.00;0.83;7763;0.19;7763;0.22;7197;True;7197.00;0.93;7215;0.19;7197;0.37;6724;True;6724.00;4.59;6728;0.21;6724;1.76;6471;True;6471.00;0.49;6471;0.24;6471;0.36
45;40;24;7432;True;7432.00;0.26;7432;0.06;7432;0.17;10400;True;10400.00;0.27;10400;0.05;10400;0.08;8069;True;8069.00;0.32;8069;0.13;8069;0.11;7528;True;7528.00;0.05;7528;0.06;7528;0.09;7003;True;7003.00;0.05;7003;0.05;7003;0.06;6697;True;6697.00;0.04;6697;0.04;6697;0.04
45;40;25;7070;True;7070.00;0.52;7078;0.23;7070;0.26;9694;True;9694.00;24.50;9716;0.46;9694;24.74;7655;True;7655.00;8.51;7655;0.19;7655;2.87;7235;True;7235.00;1.72;7235;0.10;7235;0.95;6602;True;6602.00;6.32;6602;0.12;6602;5.28;6385;True;6385.00;0.54;6388;0.17;6385;0.41
45;40;26;6786;True;6786.00;0.04;6786;0.04;6786;0.05;9564;True;9564.00;0.08;9564;0.10;9564;0.09;7389;True;7389.00;0.56;7389;0.15;7389;0.14;6878;True;6878.00;1.37;6886;0.41;6878;0.62;6397;True;6397.00;1.67;6398;0.32;6397;0.78;6130;True;6130.00;1.93;6135;0.49;6130;0.66
45;40;27;6606;True;6606.00;1.78;6606;0.24;6606;0.95;9017;True;9017.00;1.57;9021;0.26;9017;0.39;7379;True;7379.00;1.26;7379;0.21;7379;0.38;6779;True;6779.00;0.05;6779;0.06;6779;0.06;6348;True;6348.00;1.25;6361;0.33;6348;0.65;6065;True;6065.00;1.85;6072;0.51;6065;1.15
45;40;28;7108;True;7108.00;1.42;7108;0.21;7108;1.37;10060;True;10060.00;4.13;10127;0.41;10060;2.61;7653;True;7653.00;1.27;7654;0.16;7653;0.29;7120;True;7120.00;0.62;7125;0.20;7120;0.21;6716;True;6716.00;1.85;6720;0.42;6716;0.87;6416;True;6416.00;3.25;6419;0.42;6416;1.59
45;40;29;6060;True;6060.00;2.96;6067;0.99;6060;4.07;8586;True;8586.00;5.90;8610;1.00;8586;2.40;6526;True;6526.00;1.30;6539;0.56;6526;0.73;6208;True;6208.00;3.23;6217;1.61;6208;1.90;5768;True;5768.00;1.20;5784;1.04;5768;0.67;5519;True;5519.00;4.18;5526;1.15;5519;1.35
45;40;30;7234;True;7234.00;11.75;7234;0.35;7234;57.25;10116;True;10116.00;0.86;10186;0.98;10116;0.83;8103;True;8103.00;25.29;8108;0.53;8103;20.86;7546;True;7546.00;1.94;7552;0.12;7546;0.86;6822;True;6822.00;3.54;6822;0.32;6822;1.22;6548;True;6548.00;1.18;6549;0.15;6548;0.72
45;40;31;7195;True;7195.00;0.82;7195;0.24;7195;0.49;10143;True;10143.00;1.00;10147;0.22;10143;0.29;7832;True;7832.00;0.16;7858;0.20;7832;0.10;7348;True;7348.00;0.41;7348;0.21;7348;0.30;6864;True;6864.00;0.82;6864;0.15;6864;0.14;6592;True;6592.00;1.21;6592;0.25;6592;0.36
45;40;32;7391;True;7391.00;2.04;7391;0.75;7391;0.83;10283;True;10283.00;1.18;10283;0.15;10283;0.33;7919;True;7919.00;0.03;7919;0.03;7919;0.04;7343;True;7343.00;0.12;7345;0.11;7343;0.06;6955;True;6955.00;0.95;6957;0.15;6955;0.25;6695;True;6695.00;1.14;6696;0.18;6695;0.30
45;40;33;7152;True;7152.00;3.34;7152;0.49;7152;28.47;9839;True;9839.00;10.99;9861;0.68;9839;8.63;7705;True;7705.00;1.32;7757;0.52;7705;0.68;7178;True;7178.00;3.36;7178;0.24;7178;2.24;6781;True;6781.00;12.12;6822;0.47;6781;9.55;6452;True;6452.00;5.73;6459;0.18;6452;2.49
45;40;34;6077;True;6077.00;1.50;6077;0.23;6077;1.50;8757;True;8757.00;0.33;8766;0.17;8757;0.13;6662;True;6662.00;0.67;6678;0.17;6662;0.18;6257;True;6257.00;0.49;6277;0.25;6257;0.23;5726;True;5726.00;0.73;5726;0.20;5726;0.30;5535;True;5535.00;2.36;5537;0.23;5535;1.23
45;40;35;6549;True;6549.00;8.60;6569;0.68;6549;28.82;9224;True;9224.00;12.95;9244;0.51;9224;6.60;6936;True;6936.00;0.45;6936;0.08;6936;0.14;6556;True;6556.00;0.14;6556;0.09;6556;0.11;6174;True;6174.00;4.10;6176;0.18;6174;2.36;5852;True;5852.00;3.47;5865;0.19;5852;1.60
45;40;36;6409;True;6409.00;0.21;6409;0.16;6409;0.17;9108;True;9108.00;0.75;9108;0.53;9108;0.28;7108;True;7108.00;0.03;7108;0.04;7108;0.13;6622;True;6622.00;0.22;6622;0.27;6622;0.20;6127;True;6127.00;1.26;6132;0.45;6127;0.44;5857;True;5857.00;0.81;5857;0.26;5857;0.37
45;40;37;6631;True;6631.00;2.18;6631;0.53;6631;2.92;9293;True;9293.00;1.90;9294;0.27;9293;0.55;7332;True;7332.00;0.52;7334;0.08;7332;0.07;6815;True;6815.00;0.42;6815;0.18;6815;0.17;6275;True;6275.00;0.97;6282;0.26;6275;0.35;6094;True;6094.00;3.79;6096;0.33;6094;1.51
45;40;38;6617;True;6617.00;10.18;6617;0.10;6617;80.39;9432;True;9432.00;0.84;9432;0.18;9432;0.23;7072;True;7072.00;3.32;7103;0.32;7072;1.96;6655;True;6655.00;4.79;6663;0.47;6655;2.70;6226;True;6226.00;1.08;6229;0.18;6226;0.30;5936;True;5936.00;20.47;5936;0.51;5936;25.46
45;40;39;7220;True;7220.00;795.69;7220;0.50;7227;120.00;9948;True;9948.00;8.40;9957;0.54;9948;3.98;7926;True;7926.00;4.56;7944;0.32;7926;1.82;7363;True;7363.00;0.33;7363;0.13;7363;0.16;6790;True;6790.00;0.22;6792;0.06;6790;0.07;6556;True;6556.00;2.44;6560;0.57;6556;1.61
45;50;0;8549;True;8549.00;0.43;8549;0.31;8549;0.21;12196;True;12196.00;1.36;12196;0.35;12196;0.79;9429;True;9429.00;0.12;9429;0.11;9429;0.11;8782;True;8782.00;1.99;8787;0.52;8782;0.52;8078;True;8078.00;0.05;8078;0.06;8078;0.06;7792;True;7792.00;2.20;7792;0.56;7792;0.99
45;50;1;7588;True;7588.00;6.01;7588;0.77;7588;5.15;10557;True;10557.00;2.53;10558;0.29;10557;0.86;8363;True;8363.00;1.49;8364;0.43;8363;0.53;7846;True;7846.00;0.90;7863;0.58;7846;0.78;7205;True;7205.00;0.90;7213;0.20;7205;0.53;6983;True;6983.00;1.92;6984;0.64;6983;0.68
45;50;2;7620;True;7620.00;3.20;7641;1.03;7620;1.99;10803;True;10803.00;0.68;10803;0.32;10803;0.37;8553;True;8553.00;0.68;8553;0.23;8553;0.25;7785;True;7785.00;1.26;7785;0.40;7785;0.41;7230;True;7230.00;0.84;7230;0.31;7230;0.28;6950;True;6950.00;2.58;6963;1.30;6950;1.46
45;50;3;7699;True;7699.00;2.24;7699;0.51;7699;0.93;10673;True;10673.00;2.02;10674;0.23;10673;0.46;8327;True;8327.00;0.38;8327;0.13;8327;0.12;7852;True;7852.00;0.35;7852;0.18;7852;0.17;7286;True;7286.00;0.56;7286;0.28;7286;0.17;6974;True;6974.00;1.69;6975;0.40;6974;0.69
45;50;4;8047;True;8047.00;1.16;8047;1.03;8047;0.93;11383;True;11383.00;8.32;11402;1.03;11383;2.92;8784;True;8784.00;0.05;8784;0.06;8784;0.06;8287;True;8287.00;0.07;8287;0.08;8287;0.08;7654;True;7654.00;15.05;7656;0.73;7654;5.30;7301;True;7301.00;0.51;7301;0.28;7301;0.49
45;50;5;9015;True;9015.00;2.87;9015;0.16;9015;4.97;12509;True;12509.00;0.82;12523;0.10;12509;0.24;9885;True;9885.00;0.47;9885;0.62;9885;0.25;9168;True;9168.00;0.47;9168;0.21;9168;0.32;8531;True;8531.00;0.71;8531;0.28;8531;0.56;8180;True;8180.00;1.61;8185;0.47;8180;0.82
45;50;6;8658;True;8658.00;10.60;8658;0.68;8658;40.51;12018;True;12018.00;87.51;12025;0.62;12018;117.72;9421;True;9421.00;11.67;9426;0.35;9421;3.36;8842;True;8842.00;2.90;8847;0.55;8842;1.24;8138;True;8138.00;106.41;8139;0.63;8138;120.00;7862;True;7862.00;19.79;7875;1.10;7862;42.56
45;50;7;7540;True;7540.00;20.42;7540;1.73;7540;20.46;10602;True;10602.00;3.49;10602;0.50;10602;1.36;8189;True;8189.00;0.78;8199;0.21;8189;0.24;7744;True;7744.00;5.24;7757;0.61;7744;1.73;7103;True;7103.00;0.55;7106;0.38;7103;0.26;6849;True;6849.00;3.33;6852;1.09;6849;2.10
45;50;8;8279;True;8279.00;854.09;8279;1.08;8283;120.00;11415;True;11415.00;13.65;11426;0.40;11415;10.33;8952;True;8952.00;0.52;8952;0.85;8952;0.25;8375;True;8375.00;2.39;8390;0.80;8375;0.71;7739;True;7739.00;1.31;7739;1.10;7739;0.84;7428;True;7428.00;4.58;7436;1.04;7428;1.85
45;50;9;8406;True;8406.00;1.05;8410;0.97;8406;0.56;11738;True;11738.00;0.76;11738;0.59;11738;0.25;9285;True;9285.00;2.00;9285;0.84;9285;0.79;8667;True;8667.00;0.67;8667;0.20;8667;0.28;8011;True;8011.00;1.11;8011;0.79;8011;0.30;7723;True;7723.00;3.18;7724;0.79;7723;1.45
45;50;10;8241;True;8241.00;0.08;8241;0.10;8241;0.30;11638;True;11638.00;1.09;11640;0.86;11638;0.44;9139;True;9139.00;1.24;9139;0.67;9139;0.42;8541;True;8541.00;0.67;8541;0.67;8541;0.35;7914;True;7914.00;0.40;7914;0.28;7914;0.36;7663;True;7663.00;0.93;7675;0.37;7663;0.47
45;50;11;8908;True;8908.00;0.51;8908;0.15;8908;0.13;12273;True;12273.00;0.50;12273;0.13;12273;0.31;9702;True;9702.00;0.60;9702;0.13;9702;0.25;9108;True;9108.00;1.10;9108;0.13;9108;0.25;8382;True;8382.00;1.03;8382;0.13;8382;0.26;8033;True;8033.00;4.05;8035;0.29;8033;1.68
45;50;12;8767;True;8767.00;0.05;8767;0.06;8767;0.06;12288;True;12288.00;1.80;12290;0.52;12288;0.64;9990;True;9990.00;0.21;9990;0.72;9990;0.27;9332;True;9332.00;1.74;9334;0.58;9332;0.73;8451;True;8451.00;0.72;8461;0.23;8451;0.31;8160;True;8160.00;0.52;8160;0.22;8160;0.26
45;50;13;9116;True;9116.00;333.82;9116;0.62;9121;120.00;12776;True;12776.00;17.35;12789;0.83;12776;10.28;9995;True;9995.00;12.59;10004;0.52;9995;6.02;9337;True;9337.00;1.17;9349;0.35;9337;0.38;8651;True;8651.00;376.32;8663;0.74;8660;120.00;8306;True;8306.00;46.69;8322;0.61;8306;44.15
45;50;14;8606;True;8606.00;2.50;8615;0.69;8606;3.15;12211;True;12211.00;6.27;12211;0.85;12211;4.37;9318;True;9318.00;2.40;9318;0.51;9318;0.61;8803;True;8803.00;1.85;8803;0.18;8803;0.58;8186;True;8186.00;5.45;8190;0.77;8186;1.30;7807;True;7807.00;1.86;7834;0.84;7807;1.79
45;50;15;8685;True;8685.00;314.11;8697;0.95;8685;120.00;12144;True;12144.00;0.90;12172;0.80;12144;0.45;9582;True;9582.00;0.51;9587;0.35;9582;0.21;8971;True;8971.00;1.83;8971;0.46;8971;0.71;8295;True;8295.00;18.48;8315;0.70;8295;8.02;7966;True;7966.00;1.55;7969;0.64;7966;0.86
45;50;16;8255;True;8255.00;15.28;8255;1.44;8255;40.98;11552;True;11552.00;15.31;11568;1.18;11552;7.68;8925;True;8925.00;1.25;8925;0.22;8925;0.30;8294;True;8294.00;1.48;8294;0.34;8294;0.57;7797;True;7797.00;18.86;7799;1.11;7797;8.57;7438;True;7438.00;21.82;7446;2.21;7438;13.37
45;50;17;8093;True;8093.00;1.67;8095;0.29;8093;0.52;11470;True;11470.00;1.39;11480;0.23;11470;0.43;9166;True;9166.00;0.07;9166;0.09;9166;0.09;8490;True;8490.00;0.96;8510;0.40;8490;0.34;7689;True;7689.00;0.44;7696;0.19;7689;0.25;7442;True;7442.00;0.54;7442;0.33;7442;0.59
45;50;18;8201;True;8201.00;0.45;8201;0.24;8201;0.13;11526;True;11526.00;0.55;11541;0.21;11526;0.23;9091;True;9091.00;0.24;9092;0.10;9091;0.12;8323;True;8323.00;0.78;8323;0.16;8323;0.24;7674;True;7674.00;0.65;7674;0.16;7674;0.27;7426;True;7426.00;0.75;7426;0.25;7426;0.41
45;50;19;7746;True;7746.00;2.09;7746;0.38;7746;5.49;10966;True;10966.00;2.15;10966;0.36;10966;0.62;8664;True;8664.00;0.83;8664;0.35;8664;0.84;8040;True;8040.00;1.95;8040;0.43;8040;1.61;7428;True;7428.00;1.16;7434;0.76;7428;0.43;7120;True;7120.00;1.14;7129;0.40;7120;0.83
45;50;20;9530;False;9525.50;TL;9530;0.79;9530;120.00;12789;True;12789.00;0.08;12789;0.08;12789;0.10;10208;True;10208.00;0.45;10212;0.20;10208;0.27;9456;True;9456.00;0.46;9456;0.22;9456;0.23;8878;True;8878.00;0.45;8882;0.15;8878;0.19;8479;True;8479.00;0.85;8484;0.41;8479;0.41
45;50;21;8111;True;8111.00;12.45;8119;1.23;8111;27.81;11302;True;11302.00;5.27;11345;0.96;11302;2.18;9103;True;9103.00;1.48;9103;0.31;9103;0.59;8457;True;8457.00;2.42;8468;0.71;8457;0.75;7812;True;7812.00;4.85;7842;0.97;7812;1.78;7489;True;7489.00;1.17;7489;0.93;7489;0.64
45;50;22;8694;True;8694.00;627.60;8694;0.72;8694;120.00;12373;True;12373.00;23.73;12385;0.72;12373;23.44;9344;True;9344.00;0.56;9346;0.29;9344;0.32;8702;True;8702.00;0.46;8707;0.24;8702;0.18;8240;True;8240.00;2.82;8241;0.45;8240;1.97;7821;True;7821.00;3.00;7864;1.05;7821;2.36
45;50;23;8801;True;8801.00;0.42;8804;0.23;8801;0.14;12653;True;12653.00;1.10;12657;0.26;12653;0.33;9473;True;9473.00;0.62;9479;0.24;9473;0.26;8922;True;8922.00;0.64;8922;0.19;8922;0.41;8368;True;8368.00;0.69;8381;0.51;8368;0.62;7896;True;7896.00;2.28;7896;0.32;7896;0.93
45;50;24;9019;True;9019.00;0.07;9019;0.08;9019;0.24;12840;True;12840.00;1.38;12840;0.57;12840;0.60;10057;True;10057.00;0.44;10058;0.72;10057;0.21;9387;True;9387.00;0.06;9387;0.07;9387;0.15;8554;True;8554.00;0.05;8554;0.06;8554;0.10;8256;True;8256.00;0.28;8260;0.55;8256;0.29
45;50;25;8050;True;8050.00;5.09;8062;1.18;8050;14.18;11377;True;11377.00;36.68;11404;2.07;11377;27.09;8841;True;8841.00;2.26;8841;0.26;8841;1.00;8280;True;8280.00;5.89;8290;0.38;8280;2.02;7631;True;7631.00;19.96;7642;1.29;7631;13.00;7360;True;7360.00;10.02;7384;2.18;7360;9.86
45;50;26;9157;True;9157.00;3.55;9168;0.72;9157;1.94;12865;True;12865.00;24.32;12886;1.27;12865;19.15;10067;True;10067.00;0.88;10070;0.20;10067;0.34;9342;True;9342.00;0.80;9342;0.15;9342;0.23;8677;True;8677.00;42.27;8685;0.68;8677;30.27;8332;True;8332.00;7.88;8345;0.68;8332;5.32
45;50;27;7579;True;7579.00;2.02;7579;1.11;7579;1.25;10865;True;10865.00;3.59;10865;0.40;10865;0.89;8186;True;8186.00;2.20;8186;0.44;8186;0.53;7728;True;7728.00;2.29;7728;0.38;7728;0.74;7156;True;7156.00;1.65;7168;1.25;7156;1.03;6898;True;6898.00;6.42;6899;1.14;6898;3.25
45;50;28;8009;True;8009.00;5.08;8009;1.08;8009;2.28;11371;True;11371.00;1.64;11371;0.25;11371;0.78;8773;True;8773.00;5.29;8773;0.37;8773;1.33;8194;True;8194.00;0.80;8205;0.59;8194;0.51;7601;True;7601.00;3.04;7601;1.14;7601;1.74;7300;True;7300.00;10.37;7300;1.21;7300;4.57
45;50;29;8600;True;8600.00;2.65;8600;0.38;8600;5.91;12002;True;12002.00;2.29;12002;0.68;12002;0.90;9323;True;9323.00;0.58;9324;0.12;9323;0.14;8828;True;8828.00;0.57;8828;0.17;8828;0.26;8117;True;8117.00;1.32;8129;0.67;8117;0.29;7802;True;7802.00;0.98;7808;0.41;7802;0.79
45;50;30;8149;True;8149.00;475.18;8149;2.09;8150;120.00;11230;True;11230.00;2.19;11230;0.62;11230;1.02;9102;True;9102.00;3.60;9112;1.22;9102;0.97;8391;True;8391.00;6.40;8391;0.55;8391;1.60;7714;True;7714.00;56.17;7721;2.56;7714;30.76;7391;True;7391.00;4.99;7401;2.28;7391;2.25
45;50;31;8955;True;8955.00;2.25;8955;0.35;8955;0.80;12115;True;12115.00;1.14;12127;0.23;12115;0.55;9628;True;9628.00;0.78;9628;0.19;9628;0.24;9032;True;9032.00;0.94;9035;0.15;9032;0.18;8356;True;8356.00;0.73;8360;0.23;8356;0.43;8034;True;8034.00;0.96;8034;0.20;8034;0.38
45;50;32;9218;True;9218.00;25.27;9218;0.63;9218;120.00;12747;True;12747.00;14.26;12793;0.67;12747;8.63;10121;True;10121.00;12.07;10121;0.24;10121;6.23;9450;True;9450.00;4.59;9450;0.20;9450;1.06;8740;True;8740.00;5.70;8749;0.60;8740;5.80;8349;True;8349.00;5.83;8374;0.67;8349;6.84
45;50;33;7589;True;7589.00;1.20;7589;1.31;7589;1.09;10796;True;10796.00;6.56;10808;0.82;10796;2.73;8246;True;8246.00;0.07;8246;0.08;8246;0.08;7739;True;7739.00;1.04;7739;0.29;7739;0.74;7166;True;7166.00;3.99;7166;0.56;7166;1.24;6844;True;6844.00;11.54;6846;1.62;6844;7.77
45;50;34;8718;True;8718.00;16.93;8718;1.45;8718;120.00;12259;True;12259.00;3.06;12262;0.98;12259;1.12;9252;True;9252.00;0.57;9252;0.10;9252;0.25;8647;True;8647.00;0.52;8647;0.21;8647;0.19;8207;True;8207.00;1.35;8219;0.85;8207;0.38;7777;True;7777.00;5.42;7786;0.91;7777;1.93
45;50;35;8752;True;8752.00;0.29;8752;0.36;8752;0.54;12346;True;12346.00;1.27;12347;0.83;12346;0.65;9704;True;9704.00;1.82;9704;0.30;9704;0.60;8993;True;8993.00;0.42;8995;0.18;8993;0.25;8370;True;8370.00;4.01;8370;1.17;8370;1.88;8033;True;8033.00;3.24;8033;0.60;8033;1.28
45;50;36;7464;True;7464.00;0.74;7480;0.34;7464;0.51;10562;True;10562.00;2.26;10578;0.70;10562;1.00;8268;True;8268.00;0.37;8268;0.19;8268;0.30;7672;True;7672.00;0.34;7676;0.27;7672;0.19;7069;True;7069.00;10.99;7071;0.67;7069;3.87;6811;True;6811.00;0.97;6811;0.45;6811;0.51
45;50;37;8086;True;8086.00;25.28;8086;1.20;8086;60.55;11115;True;11115.00;38.45;11125;1.08;11115;17.59;8892;True;8892.00;0.40;8892;0.30;8892;0.33;8305;True;8305.00;1.75;8317;0.49;8305;0.66;7648;True;7648.00;12.74;7661;0.91;7648;9.13;7331;True;7331.00;9.48;7354;1.48;7331;4.71
45;50;38;7530;True;7530.00;16.95;7530;1.42;7530;33.35;10933;True;10933.00;4.08;10964;1.07;10933;1.53;8239;True;8239.00;1.11;8244;0.57;8239;0.63;7808;True;7808.00;2.32;7808;0.58;7808;1.00;7108;True;7108.00;9.97;7123;1.23;7108;9.42;6862;True;6862.00;5.26;6864;0.66;6862;1.93
45;50;39;8481;True;8481.00;5.81;8503;0.80;8481;11.58;11800;True;11800.00;0.51;11812;0.14;11800;0.27;9313;True;9313.00;83.94;9315;0.66;9313;61.38;8730;True;8730.00;1.17;8730;0.21;8730;0.52;7939;True;7939.00;1.90;7949;0.33;7939;0.59;7699;True;7699.00;6.40;7707;0.49;7699;3.11
45;60;0;10933;True;10933.00;1.30;10933;0.35;10933;1.17;15441;True;15441.00;0.08;15441;0.08;15441;0.08;12109;True;12109.00;2.48;12117;0.37;12109;0.89;11279;True;11279.00;0.15;11279;0.16;11279;0.38;10411;True;10411.00;1.15;10411;0.34;10411;0.55;9943;True;9943.00;1.45;9943;0.29;9943;0.74
45;60;1;9729;True;9729.00;2.40;9729;0.40;9729;0.82;13803;True;13803.00;2.38;13814;0.41;13803;0.75;10577;True;10577.00;2.21;10580;0.27;10577;0.92;9891;True;9891.00;1.02;9891;0.30;9891;0.44;9200;True;9200.00;2.65;9200;0.39;9200;0.80;8789;True;8789.00;1.80;8789;0.41;8789;0.54
45;60;2;9742;True;9742.00;94.08;9742;1.23;9742;120.00;13560;True;13560.00;2.38;13570;0.54;13560;0.73;10515;True;10515.00;2.43;10515;0.32;10515;0.96;9992;True;9992.00;1.67;9992;0.44;9992;0.64;9326;True;9326.00;14.01;9326;1.31;9326;7.15;8916;True;8916.00;36.37;8916;0.84;8916;15.01
45;60;3;8936;True;8936.00;2.38;8940;1.82;8936;0.99;12139;True;12139.00;5.15;12168;2.05;12139;1.68;9841;True;9841.00;15.59;9841;1.21;9841;10.56;9143;True;9143.00;7.27;9153;1.90;9143;1.52;8492;True;8492.00;29.42;8496;2.04;8492;19.22;8163;True;8163.00;26.81;8163;1.14;8163;10.00
45;60;4;9648;True;9648.00;2.20;9648;0.46;9648;1.33;13348;True;13348.00;1.10;13348;0.32;13348;0.44;10649;True;10649.00;2.51;10650;0.35;10649;1.46;9986;True;9986.00;4.43;9988;0.49;9986;1.71;9042;True;9042.00;2.26;9042;0.31;9042;0.91;8736;True;8736.00;2.02;8740;0.63;8736;0.98
45;60;5;9484;True;9484.00;109.32;9484;0.97;9484;120.00;13304;True;13300.90;TL;13367;8.59;13345;120.00;10243;True;10243.00;29.59;10250;1.42;10243;25.26;9698;True;9698.00;56.06;9698;1.15;9698;50.00;9005;True;9005.00;1060.91;9028;1.38;9016;120.00;8680;True;8680.00;58.26;8688;3.21;8680;42.32
45;60;6;10277;True;10277.00;2.79;10277;0.59;10277;1.31;14308;True;14308.00;221.63;14338;0.86;14321;120.00;10869;True;10869.00;4.97;10869;0.44;10869;1.77;10233;True;10233.00;11.72;10240;0.57;10233;3.39;9645;True;9645.00;12.81;9661;1.63;9645;15.00;9141;True;9141.00;7.28;9146;0.98;9141;3.08
45;60;7;9466;True;9466.00;1.22;9466;1.28;9466;0.96;13320;True;13320.00;6.46;13328;1.09;13320;2.54;10063;True;10063.00;1.61;10079;1.31;10063;1.22;9392;True;9392.00;1.70;9392;1.37;9392;1.43;8780;True;8780.00;0.15;8780;0.16;8780;0.44;8440;True;8440.00;2.47;8440;0.77;8440;4.01
45;60;8;10255;True;10255.00;1.12;10263;0.55;10255;2.78;14504;True;14504.00;6.50;14508;0.95;14504;1.92;11430;True;11430.00;2.73;11432;0.34;11430;0.74;10641;True;10641.00;0.95;10647;0.31;10641;0.37;9728;True;9728.00;7.19;9733;0.76;9728;3.00;9386;True;9386.00;0.70;9389;0.31;9386;0.23
45;60;9;10320;True;10320.00;9.33;10323;1.26;10320;3.08;14368;True;14368.00;29.74;14377;1.43;14368;8.59;11326;True;11326.00;3.43;11326;0.53;11326;0.73;10489;True;10489.00;5.33;10495;0.60;10489;1.38;9788;True;9788.00;3.43;9797;0.57;9788;2.56;9320;True;9320.00;9.07;9329;1.36;9320;4.32
45;60;10;9350;True;9350.00;74.47;9350;1.57;9350;120.00;13299;True;13299.00;57.87;13313;1.69;13299;44.75;10295;True;10295.00;19.93;10303;0.85;10295;22.32;9668;True;9668.00;50.01;9673;1.54;9668;41.99;8982;True;8982.00;8.22;8982;0.65;8982;8.53;8626;True;8626.00;236.21;8630;1.32;8631;120.00
45;60;11;10438;True;10438.00;21.64;10441;1.30;10438;8.74;14737;True;14737.00;3.01;14748;1.05;14737;0.84;11791;True;11791.00;1.17;11795;0.23;11791;0.50;10942;True;10942.00;0.12;10942;0.13;10942;0.12;9876;True;9876.00;4.97;9877;1.26;9876;2.07;9611;True;9611.00;10.79;9613;1.32;9611;5.98
45;60;12;10373;True;10373.00;4.69;10373;0.29;10373;26.14;14557;True;14557.00;1.13;14557;0.24;14557;0.27;11916;True;11916.00;0.41;11916;0.25;11916;0.28;10943;True;10943.00;0.33;10943;0.22;10943;0.25;9901;True;9901.00;1.19;9901;0.26;9901;0.40;9617;True;9617.00;1.31;9619;0.30;9617;0.56
45;60;13;11352;True;11352.00;687.71;11358;1.19;11355;120.00;15930;True;15930.00;10.66;15938;1.06;15930;4.32;12162;True;12162.00;1.55;12162;0.23;12162;0.46;11421;True;11421.00;0.11;11421;0.12;11421;0.12;10725;True;10725.00;1540.23;10735;1.16;10736;120.00;10194;True;10194.00;30.23;10202;0.92;10194;21.41
45;60;14;10285;True;10285.00;2.32;10285;0.35;10285;4.98;14762;True;14762.00;2.67;14771;0.25;14762;0.59;11296;True;11296.00;0.49;11296;0.20;11296;0.14;10586;True;10586.00;3.22;10591;0.55;10586;1.45;9842;True;9842.00;0.29;9842;0.21;9842;0.14;9389;True;9389.00;3.98;9389;0.64;9389;1.92
45;60;15;9965;True;9965.00;445.55;9970;0.97;9968;120.00;13734;True;13734.00;7.12;13746;0.48;13734;4.77;10716;True;10716.00;4.21;10722;0.50;10716;2.35;10115;True;10115.00;7.24;10115;0.87;10115;3.56;9425;True;9425.00;57.17;9425;0.88;9425;82.21;9097;True;9097.00;306.65;9097;0.96;9104;120.00
45;60;16;10042;True;10042.00;21.20;10042;1.23;10042;90.83;13752;True;13752.00;27.50;13793;0.86;13752;14.14;11097;True;11097.00;2.57;11115;0.87;11097;1.45;10381;True;10381.00;8.98;10401;1.40;10381;7.22;9621;True;9621.00;556.99;9642;1.42;9628;120.00;9209;True;9209.00;72.43;9216;1.72;9209;49.08
45;60;17;10238;True;10238.00;1.89;10238;0.24;10238;1.39;14344;True;14344.00;1.39;14344;0.23;14344;0.45;11343;True;11343.00;1.43;11343;0.33;11343;0.64;10450;True;10450.00;1.67;10455;0.27;10450;0.93;9705;True;9705.00;1.94;9706;0.39;9705;0.55;9346;True;9346.00;0.90;9346;0.34;9346;0.78
45;60;18;10146;True;10146.00;28.43;10157;2.33;10146;39.37;14002;True;14002.00;103.56;14025;2.75;14012;120.00;11166;True;11166.00;0.72;11172;0.37;11166;0.40;10407;True;10407.00;5.01;10407;1.01;10407;1.71;9637;True;9637.00;12.34;9648;1.47;9637;4.65;9198;True;9198.00;8.21;9198;0.97;9198;3.41
45;60;19;9114;True;9114.00;2.01;9114;0.43;9114;0.95;13022;True;13022.00;7.76;13022;1.46;13022;2.94;10135;True;10135.00;2.58;10144;0.51;10135;0.92;9507;True;9507.00;1.06;9507;0.40;9507;0.42;8693;True;8693.00;22.68;8706;2.23;8693;12.33;8427;True;8427.00;2.81;8435;1.02;8427;1.97
45;60;20;10274;True;10274.00;1.79;10274;0.35;10274;2.32;14629;True;14629.00;1.71;14635;0.25;14629;0.28;11376;True;11376.00;2.82;11376;0.37;11376;0.92;10734;True;10734.00;1.66;10734;0.27;10734;0.73;9802;True;9802.00;2.11;9802;0.24;9802;0.60;9416;True;9416.00;1.57;9416;0.34;9416;0.84
45;60;21;11632;True;11632.00;3.32;11634;0.81;11632;16.51;16346;True;16346.00;17.51;16354;0.58;16346;4.49;12551;True;12551.00;0.47;12551;0.14;12551;0.12;11560;True;11560.00;0.06;11560;0.05;11560;0.06;10875;True;10875.00;11.13;10877;0.78;10875;6.35;10442;True;10442.00;6.47;10442;0.39;10442;3.11
45;60;22;11235;True;11235.00;1.14;11235;0.43;11235;0.54;15818;True;15818.00;96.94;15818;0.58;15818;120.00;12301;True;12301.00;4.79;12310;0.30;12301;3.01;11476;True;11476.00;27.44;11476;0.59;11476;26.09;10732;True;10732.00;83.40;10760;1.15;10732;120.00;10252;True;10252.00;50.61;10259;1.02;10252;58.80
45;60;23;10114;True;10114.00;106.27;10114;2.14;10114;120.00;14158;True;14158.00;13.04;14163;1.42;14158;3.64;10636;True;10636.00;0.67;10636;0.29;10636;0.24;10012;True;10012.00;0.77;10012;0.41;10012;0.23;9512;True;9512.00;15.28;9512;1.39;9512;8.37;9020;True;9020.00;3.78;9020;0.60;9020;1.85
45;60;24;9542;True;9542.00;6.54;9555;1.46;9542;3.01;13267;True;13267.00;17.96;13273;1.03;13267;5.99;10332;True;10332.00;0.48;10332;0.22;10332;0.20;9539;True;9539.00;2.48;9539;0.58;9539;1.12;8930;True;8930.00;11.05;8933;2.04;8930;5.38;8537;True;8537.00;17.16;8537;2.42;8537;8.20
45;60;25;9571;True;9571.00;12.94;9571;1.52;9571;6.57;13486;True;13486.00;9.47;13486;1.00;13486;3.53;10674;True;10674.00;2.25;10675;0.32;10674;0.65;9914;True;9914.00;2.12;9914;0.35;9914;1.04;9065;True;9065.00;1.95;9070;0.95;9065;1.39;8748;True;8748.00;2.47;8748;0.92;8748;0.84
45;60;26;11385;True;11385.00;5.28;11385;0.48;11385;3.24;15627;True;15627.00;14.16;15627;0.93;15627;4.58;12503;True;12503.00;1.70;12503;0.22;12503;0.54;11624;True;11624.00;1.66;11632;0.41;11624;0.51;10705;True;10705.00;12.13;10708;1.37;10705;4.48;10297;True;10297.00;29.09;10304;1.28;10297;14.28
45;60;27;9581;True;9581.00;85.97;9581;1.92;9581;90.38;13875;True;13875.00;4.01;13876;0.44;13875;1.23;10487;True;10487.00;1.71;10487;0.33;10487;0.55;9792;True;9792.00;2.57;9796;0.37;9792;0.55;9053;True;9053.00;3.44;9053;0.58;9053;1.05;8691;True;8691.00;3.90;8691;0.80;8691;2.01
45;60;28;11252;False;11228.30;TL;11257;0.85;11254;120.00;15753;True;15753.00;184.05;15780;0.58;15763;120.00;12129;True;12129.00;70.43;12167;0.80;12129;59.96;11255;True;11255.00;11.14;11266;0.64;11255;9.53;10509;True;10505.40;TL;10534;0.88;10509;120.00;10082;True;10082.00;13.34;10094;0.91;10082;12.83
45;60;29;10041;True;10041.00;9.58;10051;1.10;10041;5.61;14325;True;14325.00;40.71;14326;0.69;14325;46.54;10923;True;10923.00;18.41;10923;0.93;10923;20.80;10302;True;10302.00;325.65;10315;1.43;10303;120.00;9544;True;9544.00;90.84;9559;1.16;9544;110.44;9155;True;9155.00;13.45;9155;0.63;9155;13.44
45;60;30;10855;True;10855.00;745.64;10883;1.21;10873;120.00;15248;True;15248.00;166.41;15269;1.01;15265;120.00;11976;True;11976.00;70.38;11977;1.39;11976;31.62;11254;True;11254.00;31.48;11257;0.65;11254;15.79;10237;True;10237.00;3475.23;10249;0.80;10237;120.00;9898;True;9898.00;48.74;9899;1.08;9898;28.61
45;60;31;9580;True;9580.00;3.41;9580;0.43;9580;2.27;13624;True;13624.00;2.03;13625;0.25;13624;0.50;10591;True;10591.00;2.29;10600;0.33;10591;0.59;9889;True;9889.00;1.46;9902;0.69;9889;0.77;9090;True;9090.00;1.05;9090;1.64;9090;0.49;8697;True;8697.00;0.63;8697;0.38;8697;0.48
45;60;32;10631;True;10631.00;5.80;10631;1.35;10631;11.31;14642;True;14642.00;3.35;14642;0.49;14642;0.65;11233;True;11233.00;0.48;11240;0.20;11233;0.21;10627;True;10627.00;0.91;10627;0.39;10627;0.72;9968;True;9968.00;3.02;9972;1.25;9968;0.81;9414;True;9414.00;5.68;9427;1.19;9414;2.63
45;60;33;9845;True;9845.00;1.81;9849;0.65;9845;3.25;13478;True;13478.00;0.74;13484;0.25;13478;0.20;10886;True;10886.00;2.11;10890;0.36;10886;0.89;10188;True;10188.00;0.87;10188;0.61;10188;0.57;9297;True;9297.00;2.46;9297;0.41;9297;0.96;8963;True;8963.00;1.40;8963;0.30;8963;0.50
45;60;34;9153;True;9153.00;7.72;9153;1.05;9153;8.32;12820;True;12820.00;2.94;12820;0.32;12820;0.72;9950;True;9950.00;2.32;9950;0.55;9950;0.97;9293;True;9293.00;1.73;9313;1.42;9293;0.88;8742;True;8742.00;4.85;8755;1.43;8742;2.36;8334;True;8334.00;0.19;8334;0.20;8334;0.19
45;60;35;9640;False;9630.40;TL;9651;3.19;9650;120.00;13556;True;13556.00;16.00;13561;1.66;13556;5.99;10525;True;10525.00;7.64;10533;1.29;10525;2.86;9836;True;9836.00;17.57;9838;1.24;9836;14.27;9081;True;9081.00;11.65;9091;1.19;9081;6.23;8650;True;8650.00;45.50;8658;2.41;8650;51.37
45;60;36;10541;True;10541.00;0.66;10541;0.83;10541;0.41;14371;True;14371.00;2.23;14386;0.92;14371;0.64;11721;True;11721.00;1.60;11735;0.98;11721;0.78;10809;True;10809.00;0.47;10809;0.88;10809;0.49;9900;True;9900.00;0.92;9901;0.28;9900;0.36;9533;True;9533.00;2.29;9533;0.47;9533;0.78
45;60;37;10080;True;10080.00;1.51;10089;0.79;10080;1.05;14203;True;14203.00;0.14;14203;0.14;14203;0.13;11195;True;11195.00;1.20;11196;0.30;11195;0.32;10427;True;10427.00;1.80;10432;0.30;10427;0.87;9593;True;9593.00;1.58;9593;0.26;9593;0.33;9223;True;9223.00;1.80;9223;0.46;9223;1.20
45;60;38;9966;True;9966.00;1.25;9966;0.33;9966;4.31;13836;True;13836.00;3.27;13841;0.67;13836;1.30;10840;True;10840.00;2.62;10845;1.09;10840;1.11;10123;True;10123.00;2.25;10123;0.90;10123;0.69;9474;True;9474.00;1.14;9476;0.30;9474;0.52;9046;True;9046.00;2.27;9056;1.22;9046;1.07
45;60;39;9896;True;9896.00;0.62;9896;1.23;9896;0.44;14054;True;14054.00;1.99;14054;1.08;14054;0.56;10932;True;10932.00;0.58;10932;0.92;10932;0.38;10223;True;10223.00;1.00;10223;1.20;10223;0.61;9412;True;9412.00;5.56;9421;1.62;9412;1.97;9049;True;9049.00;4.90;9051;1.87;9049;2.40
45;70;0;11788;True;11788.00;2.72;11788;1.08;11788;7.17;16477;True;16477.00;8.36;16477;1.02;16477;5.28;12839;True;12839.00;3.54;12851;0.58;12839;1.45;12041;True;12041.00;6.16;12043;0.77;12041;1.69;11017;True;11017.00;4.87;11018;0.66;11017;1.45;10599;True;10599.00;3.68;10607;1.03;10599;1.09
45;70;1;12142;True;12142.00;41.73;12146;1.08;12142;120.00;17330;True;17330.00;6.81;17333;1.08;17330;2.68;13364;True;13364.00;0.84;13371;0.41;13364;0.40;12547;True;12547.00;5.33;12547;0.35;12547;2.05;11675;True;11675.00;18.77;11679;1.26;11675;4.63;11139;True;11139.00;4.17;11145;0.72;11139;1.46
45;70;2;12201;False;12188.10;TL;12201;1.72;12201;120.00;17175;True;17175.00;24.50;17185;1.05;17175;15.12;13265;True;13265.00;3.72;13267;0.50;13265;1.59;12485;True;12485.00;7.84;12488;0.71;12485;3.88;11611;True;11611.00;31.74;11615;2.03;11611;12.33;11010;True;11010.00;2.08;11010;0.68;11010;1.14
45;70;3;10961;True;10961.00;24.99;10970;1.19;10961;41.80;15250;True;15250.00;46.99;15257;1.74;15250;41.80;12127;True;12127.00;10.98;12153;1.47;12127;12.60;11312;True;11312.00;91.46;11317;1.75;11319;120.00;10502;True;10502.00;1037.05;10523;3.53;10591;120.00;10108;True;10108.00;22.60;10117;2.08;10108;35.22
45;70;4;11277;True;11277.00;10.87;11277;1.23;11277;70.49;15620;True;15620.00;1.57;15620;0.93;15620;0.83;12789;True;12789.00;5.69;12794;2.29;12789;1.83;11792;True;11792.00;1.31;11799;0.62;11792;0.84;10833;True;10833.00;1.77;10847;0.87;10833;1.01;10415;True;10415.00;1.88;10423;1.02;10415;1.25
45;70;5;11987;True;11987.00;4.55;11987;0.50;11987;2.01;17000;True;17000.00;128.72;17009;1.74;17000;87.21;13318;True;13318.00;12.53;13324;0.70;13318;5.03;12470;True;12470.00;4.89;12482;0.52;12470;2.27;11509;True;11509.00;1.96;11509;1.05;11509;0.87;11056;True;11056.00;20.43;11056;2.02;11056;10.54
45;70;6;11655;True;11655.00;1.38;11667;1.50;11655;0.51;16395;True;16395.00;1.33;16395;0.31;16395;0.29;13206;True;13206.00;5.94;13219;0.54;13206;2.23;12261;True;12261.00;4.77;12261;0.48;12261;1.82;11129;True;11129.00;1.13;11145;0.84;11129;0.41;10778;True;10778.00;12.22;10778;1.11;10778;5.81
45;70;7;12658;True;12658.00;1.21;12658;0.43;12658;0.71;17898;True;17898.00;1.13;17898;0.36;17898;0.42;13723;True;13723.00;1.73;13731;1.10;13723;0.87;12794;True;12794.00;3.71;12798;1.58;12794;2.16;11952;True;11952.00;1.35;11952;1.06;11952;0.67;11342;True;11342.00;1.84;11342;1.45;11342;1.48
45;70;8;11450;True;11447.70;TL;11450;1.64;11461;120.00;15681;True;15681.00;17.68;15701;1.91;15681;9.56;12478;True;12478.00;19.45;12487;1.41;12478;15.22;11652;True;11652.00;70.75;11659;1.28;11654;120.00;10810;True;10810.00;39.38;10812;2.62;10810;35.66;10332;True;10332.00;51.06;10347;2.24;10332;86.13
45;70;9;11184;True;11184.00;0.78;11199;0.81;11184;0.57;15562;True;15562.00;5.56;15562;0.51;15562;1.84;12134;True;12134.00;1.87;12144;0.79;12134;0.87;11290;True;11290.00;0.63;11290;0.44;11290;0.62;10543;True;10543.00;7.92;10545;0.65;10543;2.65;10084;True;10084.00;3.69;10084;1.01;10084;1.75
45;70;10;11908;True;11908.00;14.71;11918;1.43;11908;120.00;16498;True;16498.00;0.97;16498;0.46;16498;0.48;12829;True;12829.00;0.80;12829;0.44;12829;1.02;12050;True;12050.00;1.49;12062;0.43;12050;1.62;11203;True;11203.00;2.93;11203;0.35;11203;1.17;10616;True;10616.00;10.20;10616;0.71;10616;6.36
45;70;11;11950;True;11950.00;0.14;11950;0.16;11950;0.44;17164;True;17164.00;3.54;17164;1.41;17164;1.26;13037;True;13037.00;2.96;13053;1.69;13037;1.46;12228;True;12228.00;3.09;12228;1.21;12228;1.34;11325;True;11325.00;0.17;11325;0.18;11325;0.34;10883;True;10883.00;8.61;10887;0.89;10883;4.71
45;70;12;11064;True;11064.00;2.54;11071;1.80;11064;19.13;15512;True;15512.00;13.70;15513;1.41;15512;3.03;12212;True;12212.00;17.08;12217;1.44;12212;6.26;11317;True;11317.00;8.85;11331;1.75;11317;3.03;10502;True;10502.00;6.26;10516;2.08;10502;2.86;10087;True;10087.00;2.91;10087;2.38;10087;1.82
45;70;13;12242;True;12242.00;101.31;12242;1.29;12242;120.00;17219;True;17219.00;3.55;17225;0.80;17219;2.00;13337;True;13337.00;0.09;13337;0.10;13337;0.10;12548;True;12548.00;4.19;12554;0.81;12548;1.19;11495;True;11495.00;2.99;11496;0.57;11495;0.54;11128;True;11128.00;5.78;11137;1.74;11128;2.90
45;70;14;11974;True;11974.00;5.21;11974;0.63;11974;98.91;16626;True;16626.00;9.55;16626;0.53;16626;3.03;13138;True;13138.00;3.00;13138;0.39;13138;1.81;12261;True;12261.00;5.14;12261;0.38;12261;2.32;11309;True;11309.00;5.84;11318;1.33;11309;1.15;10949;True;10949.00;3.52;10960;0.77;10949;3.48
45;70;15;11821;True;11821.00;42.90;11821;1.65;11821;120.00;16273;True;16273.00;11.42;16282;1.12;16273;3.85;12841;True;12841.00;0.68;12846;0.33;12841;0.45;12016;True;12016.00;3.84;12016;0.56;12016;1.99;11177;True;11177.00;6.20;11177;0.63;11177;2.37;10678;True;10678.00;7.72;10678;0.86;10678;5.63
45;70;16;12536;True;12536.00;2.57;12536;1.18;12536;4.73;17284;True;17284.00;1.90;17286;0.29;17284;0.88;14120;True;14120.00;3.34;14120;0.61;14120;1.80;12922;True;12922.00;1.65;12922;0.28;12922;0.88;11917;True;11917.00;2.93;11918;0.32;11917;0.77;11335;True;11335.00;1.42;11336;0.30;11335;0.86
45;70;17;12038;True;12038.00;0.19;12038;0.20;12038;0.35;17198;True;17198.00;7.51;17202;1.63;17198;2.95;13191;True;13191.00;1.78;13199;1.47;13191;1.23;12212;True;12212.00;2.61;12226;1.48;12212;2.48;11371;True;11371.00;10.51;11371;1.31;11371;6.12;10908;True;10908.00;3.52;10908;0.83;10908;2.71
45;70;18;10935;True;10935.00;107.41;10941;3.28;10935;120.00;15480;True;15480.00;33.85;15485;2.13;15480;18.67;12402;True;12402.00;8.28;12404;0.48;12402;4.21;11424;True;11424.00;1.88;11424;0.66;11424;0.61;10438;True;10438.00;52.50;10443;2.75;10438;75.92;10025;True;10025.00;27.66;10027;1.93;10025;23.81
45;70;19;11239;True;11239.00;7.28;11261;2.79;11239;14.26;15869;True;15869.00;1.98;15869;0.34;15869;0.31;12346;True;12346.00;1.07;12367;0.88;12346;0.79;11560;True;11560.00;7.99;11563;0.76;11560;4.28;10624;True;10624.00;3.99;10635;1.02;10624;1.13;10177;True;10177.00;10.68;10180;1.08;10177;6.30
45;70;20;11159;True;11159.00;13.35;11164;1.18;11159;24.48;15408;True;15408.00;4.66;15423;0.74;15408;1.52;12265;True;12265.00;8.69;12274;0.97;12265;4.11;11369;True;11369.00;2.67;11380;0.52;11369;2.03;10552;True;10552.00;12.31;10554;1.15;10552;5.25;10193;True;10193.00;5.52;10194;0.66;10193;3.77
45;70;21;12321;False;12310.20;TL;12321;1.85;12323;120.00;17184;True;17184.00;41.39;17188;1.18;17184;29.59;13547;True;13547.00;8.97;13558;1.20;13547;5.43;12618;True;12618.00;16.29;12631;2.21;12618;9.36;11628;True;11628.00;302.36;11634;1.54;11637;120.00;11194;True;11194.00;36.52;11195;1.93;11194;93.75
45;70;22;11761;True;11761.00;70.52;11761;1.99;11761;120.00;16314;True;16314.00;9.07;16314;1.02;16314;3.07;12765;True;12765.00;4.15;12774;1.25;12765;1.33;11886;True;11886.00;6.80;11886;0.47;11886;2.48;11106;True;11106.00;79.06;11106;1.80;11106;64.41;10621;True;10621.00;14.62;10624;1.74;10621;14.35
45;70;23;13068;True;13068.00;1.81;13070;0.41;13068;15.66;17978;True;17978.00;1.23;17978;0.39;17978;0.36;14470;True;14470.00;6.32;14481;1.50;14470;3.26;13401;True;13401.00;2.62;13401;1.06;13401;1.67;12358;True;12358.00;1.21;12358;0.28;12358;0.33;11782;True;11782.00;0.46;11782;0.30;11782;0.26
45;70;24;11652;True;11652.00;1.89;11669;0.86;11652;1.06;16723;True;16723.00;3.18;16723;0.58;16723;1.12;12754;True;12754.00;2.94;12754;0.48;12754;2.03;11992;True;11992.00;4.04;11992;0.52;11992;1.45;11149;True;11149.00;7.96;11153;0.65;11149;2.80;10653;True;10653.00;5.05;10653;0.86;10653;2.31
45;70;25;11842;True;11842.00;1.12;11842;0.41;11842;22.70;16691;True;16691.00;2.75;16697;0.57;16691;1.41;12758;True;12758.00;2.05;12762;0.63;12758;1.09;11996;True;11996.00;4.67;11998;0.87;11996;2.10;11217;True;11217.00;2.17;11217;0.42;11217;0.82;10762;True;10762.00;3.98;10762;0.44;10762;1.95
45;70;26;11186;True;11186.00;7.03;11186;1.09;11186;9.04;15493;True;15493.00;16.71;15498;1.76;15493;8.45;12329;True;12329.00;11.38;12333;1.32;12329;4.24;11506;True;11506.00;4.42;11506;0.71;11506;1.90;10670;True;10670.00;13.74;10678;1.83;10670;5.92;10290;True;10290.00;7.83;10297;1.13;10290;4.88
45;70;27;12354;True;12354.00;0.37;12354;0.27;12354;0.28;17245;True;17245.00;12.14;17245;1.60;17245;5.45;13735;True;13735.00;3.88;13735;0.47;13735;1.93;12735;True;12735.00;0.64;12735;0.25;12735;0.24;11725;True;11725.00;13.41;11731;1.02;11725;7.58;11236;True;11236.00;1.53;11245;0.71;11236;0.74
45;70;28;13177;True;13177.00;1.11;13183;0.94;13177;13.25;18535;True;18535.00;0.41;18535;0.76;18535;0.35;14425;True;14425.00;2.81;14434;0.95;14425;1.61;13346;True;13346.00;1.20;13354;1.19;13346;0.66;12433;True;12433.00;0.09;12433;0.09;12433;0.29;11930;True;11930.00;0.67;11930;1.02;11930;0.97
45;70;29;12173;True;12173.00;2.55;12173;0.45;12173;1.53;17028;True;17028.00;10.40;17032;0.68;17028;6.82;13256;True;13256.00;1.00;13259;0.30;13256;0.37;12329;True;12329.00;4.34;12334;0.36;12329;1.12;11510;True;11510.00;8.15;11510;1.41;11510;2.29;10999;True;10999.00;8.17;11011;1.74;10999;3.52
45;70;30;11618;True;11618.00;15.62;11649;2.32;11618;25.63;16409;True;16409.00;2.19;16413;0.24;16409;0.95;12575;True;12575.00;17.63;12576;0.40;12575;7.30;11819;True;11819.00;1598.47;11824;2.48;11823;120.00;10928;True;10928.00;87.98;10933;1.29;10928;120.00;10484;True;10484.00;111.88;10490;1.53;10505;120.00
45;70;31;11151;True;11151.00;23.16;11153;1.39;11151;44.79;15527;True;15527.00;23.12;15533;1.18;15527;9.13;12209;True;12209.00;1.44;12209;1.25;12209;1.18;11537;True;11537.00;20.74;11537;1.42;11537;11.20;10649;True;10649.00;6.83;10656;2.25;10649;1.80;10162;True;10162.00;58.46;10167;1.49;10162;71.61
45;70;32;12809;True;12809.00;31.67;12818;2.20;12815;120.00;17867;True;17867.00;20.77;17867;0.88;17867;12.66;14004;True;14004.00;0.65;14004;0.33;14004;0.26;13044;True;13044.00;1.86;13056;0.54;13044;1.03;12142;True;12142.00;41.74;12144;1.78;12142;25.14;11652;True;11652.00;2.06;11652;1.17;11652;0.69
45;70;33;11584;True;11584.00;121.02;11584;2.08;11592;120.00;16122;True;16122.00;38.82;16143;2.44;16122;33.96;12750;True;12750.00;2.31;12762;1.31;12750;1.02;11917;True;11917.00;6.18;11924;1.42;11917;2.15;11031;True;11031.00;6.16;11039;1.78;11031;4.21;10582;True;10582.00;447.68;10582;2.53;10582;120.00
45;70;34;12393;False;12376.00;TL;12393;1.50;12407;120.00;17141;True;17141.00;343.67;17173;3.15;17141;120.00;13241;True;13241.00;43.06;13250;1.02;13241;27.64;12399;True;12399.00;2.36;12399;0.64;12399;1.58;11642;True;11642.00;492.72;11664;2.41;11655;120.00;11131;True;11131.00;293.81;11141;2.21;11137;120.00
45;70;35;12682;True;12682.00;1.66;12682;0.54;12682;0.78;17715;True;17715.00;7.51;17715;1.07;17715;2.71;14003;True;14003.00;1.01;14005;0.25;14003;0.32;12976;True;12976.00;2.48;12976;0.44;12976;0.92;12118;True;12118.00;109.86;12122;1.32;12118;108.52;11559;True;11559.00;2.51;11560;0.52;11559;1.25
45;70;36;11126;True;11124.60;TL;11126;108.18;11143;120.00;15725;True;15725.00;75.19;15748;2.05;15725;29.95;12095;True;12095.00;477.90;12114;1.42;12101;120.00;11167;True;11167.00;88.83;11170;1.39;11167;120.00;10454;True;10454.00;614.36;10458;2.23;10454;120.00;10026;True;10026.00;19.17;10033;2.10;10026;30.94
45;70;37;12668;True;12668.00;1.02;12668;0.50;12668;1.01;17709;True;17709.00;4.28;17715;1.39;17709;1.23;14051;True;14051.00;1.30;14054;1.42;14051;1.00;13069;True;13069.00;7.93;13071;1.34;13069;4.51;12037;True;12037.00;8.47;12037;1.08;12037;3.83;11542;True;11542.00;1.48;11545;1.02;11542;1.32
45;70;38;12427;True;12427.00;16.07;12427;1.34;12427;66.69;16827;True;16827.00;3.39;16832;1.04;16827;1.77;13159;True;13159.00;3.50;13179;0.98;13159;1.78;12449;True;12449.00;2.14;12452;0.54;12449;1.14;11639;True;11639.00;7.28;11639;1.04;11639;1.87;11119;True;11119.00;2.88;11122;1.03;11119;1.20
45;70;39;9981;True;9981.00;23.40;9983;2.09;9981;55.62;13852;True;13852.00;1.44;13868;0.85;13852;0.66;10721;True;10721.00;2.24;10721;0.63;10721;1.38;10015;True;10015.00;3.74;10015;0.90;10015;1.76;9511;True;9511.00;9.06;9511;2.69;9511;2.39;9004;True;9004.00;15.57;9011;2.62;9004;24.26
45;80;0;12781;True;12781.00;173.67;12781;2.11;12781;120.00;18010;True;18010.00;48.97;18020;2.70;18010;29.92;13735;True;13735.00;6.19;13741;1.23;13735;2.99;13027;True;13027.00;12.20;13027;1.21;13027;6.58;12033;True;12033.00;33.40;12036;4.06;12033;35.49;11491;True;11491.00;11.29;11495;2.72;11491;7.40
45;80;1;13149;True;13149.00;24.43;13156;2.10;13149;24.98;18133;True;18133.00;12.07;18149;1.99;18133;6.76;14597;True;14597.00;23.97;14600;1.28;14597;14.97;13585;True;13585.00;7.62;13596;1.29;13585;3.50;12507;True;12507.00;7.85;12507;1.82;12507;3.79;12078;True;12078.00;10.75;12078;1.94;12078;7.78
45;80;2;13120;False;13111.50;TL;13120;2.47;13141;120.00;18548;False;18545.90;TL;18573;3.53;18576;120.00;14148;True;14148.00;86.01;14157;2.38;14148;60.04;13311;True;13311.00;42.38;13311;1.39;13311;23.25;12356;False;12345.00;TL;12356;2.36;12365;120.00;11821;True;11821.00;367.86;11848;2.33;11842;120.00
45;80;3;12631;True;12631.00;57.32;12631;2.74;12634;120.00;17852;True;17852.00;4.85;17852;1.90;17852;1.67;13923;True;13923.00;3.87;13926;0.88;13923;1.67;13121;True;13121.00;44.93;13123;3.61;13121;29.68;12068;True;12068.00;6.16;12068;0.65;12068;3.10;11620;True;11620.00;25.84;11621;3.94;11620;12.51
45;80;4;13900;True;13900.00;1.98;13900;0.60;13900;1.02;19491;True;19491.00;0.17;19491;0.16;19491;0.17;15129;True;15129.00;1.37;15129;1.51;15129;0.74;14126;True;14126.00;6.80;14128;1.67;14126;7.53;13150;True;13150.00;8.41;13150;0.52;13150;2.84;12676;True;12676.00;0.35;12676;0.36;12676;1.02
45;80;5;13130;True;13130.00;15.66;13130;2.07;13130;120.00;18535;True;18535.00;25.92;18543;1.03;18535;10.11;14458;True;14458.00;6.78;14458;1.78;14458;2.94;13680;True;13680.00;3.93;13680;1.83;13680;2.25;12346;True;12346.00;4.03;12349;1.52;12346;2.22;12064;True;12064.00;9.92;12070;1.96;12064;11.78
45;80;6;12697;True;12697.00;16.88;12702;2.58;12697;79.90;17475;True;17475.00;0.99;17475;0.60;17475;0.46;13584;True;13584.00;3.29;13584;0.92;13584;2.58;12807;True;12807.00;15.35;12819;2.47;12807;17.01;11904;True;11904.00;8.19;11908;1.81;11904;4.68;11393;True;11393.00;9.16;11393;1.22;11393;3.91
45;80;7;14042;True;14042.00;5.95;14042;1.62;14042;64.78;19906;True;19906.00;5.70;19906;1.58;19906;2.57;15563;True;15563.00;8.33;15569;2.03;15563;4.55;14500;True;14500.00;2.94;14506;1.44;14500;1.21;13413;True;13413.00;24.55;13413;2.56;13413;12.35;12893;True;12893.00;3.27;12893;2.11;12893;1.60
45;80;8;12531;True;12531.00;38.95;12531;1.92;12531;51.36;17685;True;17685.00;33.93;17685;1.13;17685;13.00;13462;True;13462.00;3.10;13462;0.76;13462;1.12;12699;True;12699.00;26.17;12699;2.23;12699;14.63;11934;True;11934.00;40.64;11934;2.89;11934;21.85;11422;True;11422.00;46.28;11425;5.27;11422;37.32
45;80;9;12559;True;12559.00;2016.25;12559;5.70;12571;120.00;17705;True;17705.00;21.53;17705;3.25;17705;6.43;13782;True;13782.00;3.53;13797;1.26;13782;3.13;12884;True;12884.00;10.62;12884;1.80;12884;7.40;11972;True;11972.00;46.50;11982;2.89;11972;40.65;11524;True;11524.00;2.93;11524;1.20;11524;1.76
45;80;10;12480;True;12480.00;57.10;12483;2.27;12480;120.00;17877;True;17877.00;8.63;17883;2.02;17877;2.63;13976;True;13976.00;2.46;13976;1.03;13976;1.32;12925;True;12925.00;12.75;12938;2.31;12925;8.25;11933;True;11933.00;45.66;11938;2.38;11933;10.13;11510;True;11510.00;21.10;11520;5.11;11510;10.40
45;80;11;13694;True;13691.50;TL;13701;3.24;13717;120.00;18820;True;18820.00;12.25;18853;7.38;18820;14.19;15055;True;15055.00;3.14;15064;0.82;15055;1.38;13971;True;13971.00;5.66;13971;1.03;13971;1.61;12940;True;12940.00;118.73;12942;2.13;12940;49.45;12428;True;12428.00;44.66;12428;2.38;12428;24.18
45;80;12;12517;True;12517.00;17.83;12521;1.81;12517;120.00;17658;True;17658.00;4.69;17658;0.93;17658;1.50;13777;True;13777.00;13.23;13789;2.64;13777;8.82;12905;True;12905.00;4.63;12905;0.54;12905;2.56;11965;True;11965.00;15.44;11968;1.89;11965;9.42;11420;True;11420.00;6.86;11424;1.21;11420;7.00
45;80;13;11879;True;11879.00;13.37;11879;1.21;11879;27.55;16689;True;16689.00;54.85;16690;2.14;16689;41.66;13176;True;13176.00;13.47;13181;1.75;13176;5.78;12370;True;12370.00;12.40;12381;3.43;12370;7.43;11414;True;11414.00;16.76;11416;1.44;11414;7.55;11057;True;11057.00;10.81;11070;3.42;11057;7.63
45;80;14;13274;True;13274.00;2.55;13274;0.75;13274;0.63;18895;True;18895.00;13.90;18905;2.09;18895;6.08;14680;True;14680.00;9.24;14680;2.21;14680;6.21;13621;True;13621.00;6.95;13621;1.85;13621;4.02;12546;True;12546.00;8.26;12548;0.85;12546;2.50;12051;True;12051.00;30.46;12051;3.07;12051;41.73
45;80;15;12577;False;12561.70;TL;12601;5.07;12608;120.00;17351;True;17351.00;39.95;17371;15.59;17351;60.79;14043;True;14043.00;269.04;14048;2.34;14050;120.00;13013;True;13013.00;50.82;13017;2.05;13013;51.74;12037;True;12037.00;700.11;12045;9.32;12048;120.00;11625;True;11625.00;3171.92;11639;3.38;11654;120.00
45;80;16;13755;True;13755.00;3.05;13764;0.88;13755;1.06;19240;True;19240.00;5.14;19248;0.79;19240;2.66;14931;True;14931.00;1.16;14931;0.54;14931;0.70;14190;True;14190.00;5.45;14191;0.97;14190;1.99;12996;True;12996.00;2.71;13006;1.46;12996;1.61;12530;True;12530.00;2.32;12530;0.60;12530;1.23
45;80;17;13787;True;13787.00;33.47;13795;2.49;13787;120.00;19142;True;19142.00;33.44;19154;3.10;19142;13.74;14964;True;14964.00;4.57;14971;0.37;14964;1.96;14068;True;14068.00;7.35;14069;1.24;14068;5.28;13065;True;13065.00;17.51;13071;2.37;13065;5.32;12511;True;12511.00;5.70;12511;2.01;12511;2.83
45;80;18;12748;True;12748.00;6.97;12748;1.68;12748;81.71;17730;True;17730.00;4.40;17737;1.19;17730;2.00;13762;True;13762.00;2.38;13762;0.61;13762;0.98;12963;True;12963.00;4.40;12963;0.90;12963;2.04;12067;True;12067.00;5.34;12067;1.13;12067;4.04;11475;True;11475.00;0.28;11475;0.30;11475;0.29
45;80;19;13147;False;13132.50;TL;13161;2.73;13202;120.00;18280;True;18280.00;767.80;18295;2.95;18287;120.00;14347;True;14347.00;7.40;14356;0.97;14347;4.09;13405;True;13405.00;91.56;13410;2.10;13405;63.85;12499;True;12499.00;690.77;12510;2.95;12512;120.00;11966;True;11966.00;794.48;11980;2.56;11986;120.00
45;80;20;13192;True;13192.00;1175.55;13192;4.70;13192;120.00;18016;True;18016.00;1.45;18016;0.60;18016;1.12;14314;True;14314.00;11.74;14317;0.79;14314;3.26;13422;True;13422.00;33.20;13426;2.96;13422;34.18;12343;True;12343.00;0.68;12352;0.48;12343;0.53;11880;True;11880.00;5.64;11885;1.01;11880;3.27
45;80;21;15749;True;15749.00;0.58;15756;0.28;15749;0.19;21745;True;21745.00;4.26;21751;0.68;21745;1.69;17339;True;17339.00;0.63;17339;0.69;17339;0.44;16256;True;16256.00;0.96;16256;1.76;16256;0.79;15024;True;15024.00;2.55;15024;0.49;15024;1.73;14364;True;14364.00;0.20;14364;0.21;14364;0.22
45;80;22;15168;False;15131.80;TL;15168;2.16;15168;120.00;20945;True;20945.00;212.14;20959;1.95;20945;120.00;16696;True;16696.00;0.12;16696;0.13;16696;0.14;15407;True;15407.00;12.13;15407;0.91;15407;4.23;14398;False;14389.10;TL;14408;1.38;14425;120.00;13786;True;13786.00;8.77;13797;1.62;13786;3.26
45;80;23;14115;True;14115.00;2.15;14118;1.53;14115;120.00;19609;True;19609.00;2.98;19609;1.57;19609;1.89;15839;True;15839.00;2.46;15839;1.60;15839;0.92;14552;True;14552.00;3.90;14552;1.77;14552;3.31;13321;True;13321.00;5.06;13321;1.75;13321;2.33;12817;True;12817.00;1.50;12817;0.89;12817;1.07
45;80;24;13790;True;13790.00;12.29;13796;1.65;13790;68.10;19192;True;19192.00;4.33;19192;1.13;19192;2.11;15515;True;15515.00;4.09;15515;1.95;15515;2.54;14395;True;14395.00;5.32;14395;1.46;14395;2.22;13163;True;13163.00;3.53;13163;0.79;13163;1.65;12722;True;12722.00;9.29;12722;1.98;12722;6.20
45;80;25;12855;True;12855.00;2.97;12855;0.93;12855;120.00;17895;True;17895.00;8.48;17911;3.24;17895;4.70;13972;True;13972.00;5.54;13982;1.71;13972;3.58;13165;True;13165.00;3.35;13168;1.30;13165;2.32;12164;True;12164.00;7.43;12169;2.95;12164;4.30;11630;True;11630.00;15.34;11639;3.24;11630;10.23
45;80;26;12577;False;12565.20;TL;12585;4.54;12593;120.00;17596;True;17596.00;891.33;17616;16.59;17605;120.00;13492;True;13492.00;25.73;13496;1.39;13492;10.22;12798;True;12798.00;3.14;12798;0.81;12798;1.18;11920;True;11920.00;99.98;11924;3.43;11920;91.75;11447;True;11447.00;72.09;11450;4.13;11447;73.03
45;80;27;13722;True;13722.00;1.10;13722;0.30;13722;0.62;19096;True;19096.00;0.12;19096;0.12;19096;0.14;15354;True;15354.00;1.31;15354;0.61;15354;0.67;14283;True;14283.00;1.42;14283;0.45;14283;0.66;13091;True;13091.00;4.19;13091;1.12;13091;2.52;12663;True;12663.00;3.04;12665;0.62;12663;1.44
45;80;28;12587;True;12587.00;16.36;12589;2.68;12587;120.00;17612;True;17612.00;42.66;17612;3.92;17612;11.97;13563;True;13563.00;6.67;13576;1.09;13563;3.20;12746;True;12746.00;4.38;12747;1.69;12746;3.61;11938;True;11938.00;22.61;11945;2.67;11938;20.94;11341;True;11341.00;2.91;11341;0.85;11341;3.13
45;80;29;12244;True;12244.00;22.09;12244;2.38;12244;21.02;16928;True;16928.00;27.27;16929;2.23;16928;15.83;13177;True;13177.00;18.82;13185;3.68;13177;12.42;12359;True;12359.00;11.65;12376;3.37;12359;11.61;11557;True;11557.00;18.55;11566;3.81;11557;11.03;11016;True;11016.00;24.40;11022;4.73;11016;20.89
45;80;30;13474;True;13474.00;13.10;13474;1.95;13474;19.31;19111;True;19111.00;1.64;19111;1.43;19111;1.45;14432;True;14432.00;9.26;14432;1.84;14432;5.44;13572;True;13572.00;8.45;13572;2.02;13572;6.06;12738;True;12738.00;14.68;12747;2.94;12738;11.54;12179;True;12179.00;17.14;12185;2.41;12179;12.61
45;80;31;12675;False;12663.50;TL;12675;4.75;12679;120.00;17890;True;17890.00;289.00;17922;2.93;17891;120.00;13421;True;13421.00;4.00;13421;1.24;13421;0.93;12593;True;12593.00;28.87;12600;2.10;12593;12.19;11938;True;11938.00;123.10;11939;6.41;11938;120.00;11435;True;11435.00;21.97;11435;2.89;11435;13.71
45;80;32;13920;True;13920.00;2.82;13920;0.66;13920;6.49;19347;True;19347.00;7.42;19347;0.67;19347;2.12;15118;True;15118.00;7.86;15118;1.49;15118;2.79;14055;True;14055.00;2.06;14055;0.63;14055;1.17;13070;True;13070.00;5.47;13071;1.07;13070;3.03;12533;True;12533.00;0.19;12533;0.20;12533;0.19
45;80;33;11982;True;11982.00;2.75;11991;1.10;11982;11.39;17276;True;17276.00;10.05;17276;1.80;17276;5.68;13392;True;13392.00;13.26;13401;2.51;13392;9.57;12555;True;12555.00;3.35;12558;0.84;12555;4.66;11615;True;11615.00;39.33;11620;3.04;11615;32.16;11174;True;11174.00;18.18;11186;3.61;11174;17.09
45;80;34;12728;True;12728.00;1.00;12728;1.68;12728;0.64;17800;True;17800.00;6.24;17808;0.85;17800;2.80;14156;True;14156.00;10.67;14157;2.33;14156;5.33;13037;True;13037.00;11.21;13046;1.31;13037;6.85;11992;True;11992.00;3.06;11997;1.14;11992;1.91;11670;True;11670.00;13.13;11670;1.22;11670;9.11
45;80;35;11797;True;11797.00;45.75;11808;10.49;11797;47.13;16321;True;16321.00;13.13;16325;1.48;16321;6.31;13020;True;13020.00;28.41;13020;1.33;13020;19.74;12198;True;12198.00;10.32;12203;1.40;12198;6.90;11161;True;11161.00;20.65;11162;3.30;11161;10.83;10740;True;10740.00;51.37;10747;4.23;10740;29.59
45;80;36;13449;True;13449.00;28.15;13454;2.21;13456;120.00;18845;True;18845.00;15.45;18858;2.14;18845;11.39;14761;True;14761.00;4.75;14761;0.60;14761;1.30;13705;True;13705.00;3.18;13705;0.69;13705;1.61;12677;True;12677.00;0.16;12677;0.17;12677;0.16;12275;True;12275.00;1.43;12275;0.52;12275;0.74
45;80;37;13370;True;13370.00;7.76;13378;2.77;13370;7.21;18716;True;18716.00;3.21;18716;2.16;18716;2.30;14622;True;14622.00;16.13;14643;2.21;14622;21.47;13683;True;13683.00;8.39;13684;1.89;13683;3.11;12687;True;12687.00;2.79;12687;1.70;12687;0.96;12051;True;12051.00;18.59;12051;3.18;12051;15.24
45;80;38;12596;True;12596.00;72.84;12596;5.04;12596;120.00;17917;True;17917.00;43.39;17925;1.99;17917;19.67;14118;True;14118.00;4.60;14118;0.98;14118;2.16;13064;True;13064.00;7.83;13064;2.84;13064;4.60;12120;True;12120.00;26.44;12130;2.70;12120;14.40;11680;True;11680.00;149.51;11684;5.91;11680;104.31
45;80;39;12873;True;12873.00;30.35;12873;4.01;12873;101.46;18069;True;18069.00;10.00;18075;1.12;18069;4.08;14225;True;14225.00;3.28;14225;0.59;14225;3.09;13176;True;13176.00;13.62;13188;2.35;13176;5.87;12137;True;12137.00;15.83;12139;1.25;12137;7.77;11715;True;11715.00;34.08;11718;1.83;11715;36.19
45;90;0;13262;True;13260.20;TL;13266;5.33;13271;120.00;18454;True;18454.00;35.12;18485;7.10;18454;17.29;14422;True;14422.00;246.70;14423;2.37;14423;120.00;13531;True;13531.00;22.34;13537;1.96;13531;41.29;12569;True;12569.00;881.48;12582;8.98;12578;120.00;12000;True;12000.00;557.39;12000;4.21;12065;120.00
45;90;1;13500;False;13463.60;TL;13500;8.60;13519;120.00;18863;True;18863.00;602.01;18869;3.72;18863;120.00;14600;True;14600.00;385.55;14625;23.16;14600;120.00;13797;True;13797.00;64.23;13802;2.85;13797;27.90;12842;True;12842.00;3484.47;12855;6.78;12854;120.00;12338;True;12338.00;810.85;12345;9.23;12362;120.00
45;90;2;14161;True;14161.00;31.38;14161;1.58;14161;120.00;19515;True;19515.00;29.57;19517;3.67;19515;7.87;15437;True;15437.00;20.48;15444;3.46;15437;14.90;14477;True;14477.00;10.08;14479;2.74;14477;6.75;13455;True;13455.00;33.89;13470;4.35;13455;32.98;12919;True;12919.00;28.30;12931;6.17;12919;37.21
45;90;3;14491;True;14491.00;309.75;14495;4.28;14495;120.00;20609;True;20609.00;219.96;20634;4.16;20627;120.00;15836;True;15836.00;9.46;15840;0.73;15836;9.64;14750;True;14750.00;0.89;14750;0.60;14750;0.47;13699;True;13699.00;224.83;13702;5.55;13699;120.00;13145;True;13145.00;45.05;13153;5.13;13145;31.77
45;90;4;15228;True;15228.00;2.66;15236;1.16;15228;1.62;21793;True;21793.00;4.05;21812;2.66;21793;2.12;16728;True;16728.00;14.62;16741;1.99;16728;11.43;15685;True;15685.00;7.58;15687;0.75;15685;2.50;14516;True;14516.00;12.22;14516;0.83;14516;10.16;13968;True;13968.00;8.51;13971;1.47;13968;4.37
45;90;5;14161;False;14157.30;TL;14163;7.66;14175;120.00;19703;True;19703.00;21.48;19713;1.82;19703;5.54;15702;True;15702.00;9.37;15702;2.07;15702;6.75;14656;True;14656.00;6.38;14669;1.64;14656;3.13;13423;True;13423.00;288.50;13432;4.86;13423;120.00;12969;True;12969.00;29.65;12986;3.24;12969;17.83
45;90;6;14600;False;14586.30;TL;14608;2.39;14608;120.00;20295;True;20295.00;248.96;20295;5.57;20302;120.00;15606;True;15606.00;39.35;15611;4.27;15606;24.39;14666;True;14666.00;29.35;14674;2.93;14666;16.79;13892;True;13892.00;440.81;13892;7.74;13893;120.00;13208;True;13208.00;46.69;13217;6.29;13208;23.77
45;90;7;14474;True;14474.00;14.24;14488;3.25;14474;9.56;20307;True;20307.00;95.05;20311;3.42;20307;30.47;16085;True;16085.00;7.06;16101;1.79;16085;3.90;14964;True;14964.00;22.68;14980;3.41;14964;18.42;13725;True;13725.00;35.25;13727;3.22;13725;16.95;13258;True;13258.00;90.20;13266;3.66;13258;51.65
45;90;8;13745;True;13745.00;964.58;13752;3.09;13745;120.00;19052;True;19052.00;2838.57;19083;20.71;19112;120.00;14915;True;14915.00;77.72;14939;2.11;14915;85.48;14060;True;14060.00;29.60;14075;4.98;14060;24.98;13066;True;13066.00;1059.50;13072;10.41;13081;120.00;12474;False;12469.50;TL;12498;5.16;12494;120.00
45;90;9;15082;True;15082.00;81.58;15082;4.16;15083;120.00;21338;True;21338.00;43.80;21340;1.80;21338;23.43;16928;True;16928.00;8.16;16938;2.20;16928;4.03;15674;True;15674.00;21.06;15685;3.05;15674;13.22;14401;True;14401.00;61.09;14407;2.37;14401;41.74;13835;True;13835.00;238.25;13845;2.60;13835;120.00
45;90;10;13836;True;13836.00;3.96;13836;1.04;13836;4.63;19426;True;19426.00;24.52;19446;2.24;19426;12.37;15262;True;15262.00;6.20;15264;0.91;15262;3.44;14271;True;14271.00;47.71;14271;1.56;14271;24.14;13234;True;13234.00;6.24;13247;2.80;13234;3.18;12663;True;12663.00;32.10;12664;1.84;12663;21.38
45;90;11;15350;False;15331.60;TL;15353;4.03;15366;120.00;21346;True;21346.00;151.18;21364;7.82;21354;120.00;16767;True;16767.00;17.26;16777;1.25;16767;6.82;15546;True;15546.00;36.73;15546;2.42;15546;31.61;14448;False;14442.10;TL;14454;3.18;14456;120.00;13906;True;13906.00;271.46;13919;4.45;13911;120.00
45;90;12;13260;False;13249.80;TL;13262;26.36;13266;120.00;18595;True;18595.00;114.41;18624;7.84;18603;120.00;14599;True;14599.00;30.87;14605;2.83;14599;21.81;13697;True;13697.00;32.17;13709;5.11;13697;21.92;12668;True;12668.00;70.09;12680;9.02;12668;39.70;12182;True;12182.00;36.18;12190;6.04;12182;22.43
45;90;13;15497;True;15497.00;1.13;15497;0.71;15497;0.68;21554;True;21554.00;15.98;21561;2.30;21554;8.82;16998;True;16998.00;5.11;17006;1.70;16998;2.18;15691;True;15691.00;5.46;15701;2.24;15691;3.64;14627;True;14627.00;6.65;14627;2.53;14627;5.31;13963;True;13963.00;18.35;13975;2.48;13963;15.28
45;90;14;14562;True;14562.00;106.20;14571;5.21;14562;120.00;20400;True;20400.00;204.39;20402;3.00;20400;89.48;16047;True;16047.00;16.41;16047;1.27;16047;10.02;15054;True;15054.00;17.79;15057;1.59;15054;11.01;13919;True;13919.00;15.19;13919;2.05;13919;8.33;13337;True;13337.00;8.70;13345;2.96;13337;10.78
45;90;15;16890;True;16890.00;260.21;16896;2.37;16892;120.00;24002;True;24002.00;3.33;24002;0.60;24002;1.71;18554;True;18554.00;6.17;18557;0.52;18554;1.75;17295;True;17295.00;14.28;17298;0.93;17295;10.46;15930;True;15930.00;21.12;15930;1.75;15930;9.74;15331;True;15331.00;1.93;15341;1.59;15331;0.95
45;90;16;13582;True;13582.00;334.69;13588;7.85;13582;120.00;18754;True;18754.00;22.47;18759;5.56;18754;12.05;14813;True;14813.00;24.71;14813;4.47;14813;10.62;13840;True;13840.00;75.14;13841;8.77;13840;109.93;12861;True;12861.00;61.49;12861;3.91;12861;49.19;12347;True;12347.00;6.38;12357;4.44;12347;7.53
45;90;17;15885;True;15885.00;25.96;15885;2.60;15885;120.00;22349;True;22349.00;18.27;22359;1.86;22349;8.83;17544;True;17544.00;0.78;17544;0.48;17544;0.57;16427;True;16427.00;4.64;16429;0.90;16427;2.34;15181;True;15181.00;3.72;15181;0.52;15181;2.10;14537;True;14537.00;11.08;14537;2.06;14537;9.89
45;90;18;15124;True;15124.00;232.01;15129;3.51;15124;120.00;21449;True;21449.00;1021.80;21471;3.66;21472;120.00;16496;True;16496.00;19.59;16496;1.39;16496;9.35;15567;True;15567.00;9.47;15567;0.82;15567;7.70;14481;True;14481.00;57.98;14490;2.93;14481;23.82;13969;True;13969.00;29.28;13969;2.68;13969;33.18
45;90;19;14782;True;14782.00;12.56;14782;2.36;14782;69.78;20886;True;20886.00;3.54;20909;3.49;20886;2.56;16145;True;16145.00;13.86;16151;2.58;16145;10.49;15141;True;15141.00;24.35;15142;2.99;15141;17.78;14065;True;14065.00;3.68;14080;2.68;14065;1.87;13501;True;13501.00;10.93;13504;1.49;13501;5.69
45;90;20;14365;True;14365.00;64.28;14365;2.55;14365;120.00;20283;True;20283.00;94.44;20283;2.29;20283;43.69;15796;True;15796.00;25.25;15796;2.25;15796;11.53;14711;True;14711.00;6.51;14728;1.29;14711;5.94;13603;True;13603.00;2.22;13618;1.00;13603;0.73;13131;True;13131.00;18.18;13136;2.46;13131;9.43
45;90;21;14384;True;14384.00;110.11;14384;2.57;14388;120.00;20633;True;20633.00;6.80;20653;2.27;20633;1.62;15864;True;15864.00;3.24;15878;0.91;15864;1.36;14812;True;14812.00;17.81;14813;1.31;14812;9.45;13613;True;13613.00;5.48;13626;2.91;13613;2.91;13118;True;13118.00;23.95;13118;4.21;13118;22.11
45;90;22;16410;False;16397.10;TL;16410;1.42;16435;120.00;22935;True;22935.00;2527.27;22959;2.04;22970;120.00;18201;True;18201.00;133.95;18206;1.59;18201;120.00;16866;True;16866.00;842.27;16890;2.05;16868;120.00;15623;False;15611.50;TL;15623;3.31;15660;120.00;15009;True;15009.00;119.00;15022;2.19;15017;120.00
45;90;23;15782;True;15782.00;25.29;15807;5.18;15782;50.86;22275;True;22275.00;13.25;22275;1.41;22275;7.47;17560;True;17560.00;5.22;17560;0.68;17560;3.12;16336;True;16336.00;4.90;16342;0.80;16336;1.77;15067;True;15067.00;26.61;15068;1.94;15067;25.82;14459;True;14459.00;3.14;14469;1.45;14459;1.54
45;90;24;15030;True;15030.00;3570.71;15032;4.13;15030;120.00;21020;True;21020.00;5.19;21034;3.20;21020;2.36;16949;True;16949.00;43.71;16950;4.19;16949;25.13;15736;True;15736.00;17.52;15736;3.49;15736;16.09;14249;True;14249.00;4.94;14251;3.45;14249;2.53;13837;True;13837.00;48.01;13837;3.47;13837;38.96
45;90;25;14375;True;14375.00;1177.62;14390;9.92;14375;120.00;20264;True;20264.00;308.15;20285;4.31;20266;120.00;15827;True;15827.00;24.11;15837;2.57;15827;17.43;14981;True;14981.00;48.43;14988;3.01;14981;47.38;13792;True;13792.00;437.91;13812;20.77;13819;120.00;13381;True;13381.00;541.15;13388;12.89;13383;120.00
45;90;26;16033;True;16033.00;5.53;16033;1.92;16033;20.60;22171;True;22171.00;3.87;22171;0.47;22171;2.22;17650;True;17650.00;9.81;17650;0.77;17650;5.25;16402;True;16402.00;2.57;16410;0.76;16402;1.09;15171;True;15171.00;33.10;15173;2.89;15171;27.04;14566;True;14566.00;5.67;14571;2.57;14566;7.19
45;90;27;15642;True;15642.00;1.27;15655;1.04;15642;4.25;21722;True;21722.00;0.20;21722;0.20;21722;0.21;17086;True;17086.00;6.43;17086;0.67;17086;5.17;16032;True;16032.00;12.82;16032;1.76;16032;9.64;14935;True;14935.00;24.14;14939;1.86;14935;9.92;14227;True;14227.00;6.21;14227;0.72;14227;3.53
45;90;28;16536;True;16536.00;204.71;16546;3.28;16536;120.00;23345;True;23345.00;11.98;23352;1.38;23345;3.87;18055;True;18055.00;1.37;18060;0.60;18055;0.53;16845;True;16845.00;5.13;16849;0.53;16845;3.11;15743;True;15743.00;19.68;15748;1.88;15743;13.81;15084;True;15084.00;20.70;15084;1.14;15084;10.05
45;90;29;13441;True;13441.00;15.65;13441;2.63;13441;120.00;18780;True;18780.00;17.79;18780;3.28;18780;21.24;14593;True;14593.00;94.01;14597;7.45;14593;107.30;13716;True;13716.00;62.39;13723;5.21;13716;52.06;12778;True;12778.00;17.38;12779;1.20;12778;13.63;12248;True;12248.00;33.08;12251;5.14;12248;43.84
45;90;30;14843;True;14843.00;0.27;14843;0.27;14843;0.88;20876;True;20876.00;16.53;20891;4.05;20876;14.84;16559;True;16559.00;43.72;16559;3.21;16559;30.84;15292;True;15292.00;11.55;15311;2.82;15292;6.87;14037;True;14037.00;12.16;14038;2.65;14037;8.04;13491;True;13491.00;8.20;13499;3.58;13491;11.03
45;90;31;14680;False;14669.80;TL;14684;6.72;14680;120.00;20249;True;20249.00;44.25;20249;2.40;20249;17.24;16216;True;16216.00;48.06;16218;1.57;16216;19.15;14907;True;14907.00;15.23;14909;2.99;14907;4.89;13838;True;13838.00;62.64;13841;3.81;13838;27.88;13271;True;13271.00;145.45;13271;6.02;13271;120.00
45;90;32;14103;True;14103.00;121.32;14103;2.57;14103;120.00;19683;True;19683.00;2.56;19683;2.32;19683;1.46;15346;True;15346.00;13.36;15346;3.67;15346;7.78;14411;True;14411.00;14.05;14414;2.21;14411;18.14;13375;True;13375.00;45.72;13380;4.17;13375;69.83;12826;True;12826.00;18.41;12826;2.28;12826;14.76
45;90;33;15024;True;15024.00;2.12;15024;0.76;15024;1.76;21296;True;21296.00;19.32;21301;1.12;21296;10.53;16537;True;16537.00;4.05;16537;0.66;16537;2.57;15476;True;15476.00;5.68;15476;0.70;15476;2.91;14318;True;14318.00;24.50;14322;3.29;14318;13.24;13764;True;13764.00;3.69;13764;0.88;13764;3.64
45;90;34;14571;True;14571.00;11.95;14571;2.79;14571;120.00;20586;True;20586.00;28.62;20586;2.39;20586;23.73;16597;True;16597.00;12.52;16616;3.35;16597;12.41;15277;True;15277.00;29.56;15290;3.34;15277;13.61;13967;True;13967.00;3.79;13983;3.42;13967;3.03;13504;True;13504.00;26.48;13513;3.61;13504;32.29
45;90;35;15033;False;15029.70;TL;15056;2.72;15100;120.00;21315;True;21315.00;1260.85;21360;16.59;21320;120.00;16512;True;16512.00;10.56;16518;1.15;16512;3.35;15396;True;15396.00;78.91;15415;4.10;15396;74.85;14159;True;14159.00;360.29;14166;2.71;14166;120.00;13678;True;13678.00;277.79;13683;3.00;13686;120.00
45;90;36;14163;True;14163.00;67.87;14163;4.57;14163;63.19;19714;True;19714.00;8.66;19714;1.04;19714;2.45;15592;True;15592.00;39.91;15605;4.98;15592;34.82;14556;True;14556.00;81.20;14556;5.38;14556;78.09;13419;True;13419.00;10.70;13433;4.29;13419;5.77;12896;True;12896.00;19.24;12904;3.44;12896;12.75
45;90;37;16086;True;16086.00;2.84;16086;0.95;16086;7.81;22294;True;22294.00;13.43;22294;0.69;22294;4.35;17527;True;17527.00;2.29;17527;1.42;17527;1.85;16324;True;16324.00;4.17;16326;0.55;16324;1.75;15322;True;15322.00;12.46;15325;1.22;15322;5.78;14609;True;14609.00;1.36;14609;0.62;14609;1.72
45;90;38;14227;True;14227.00;133.46;14237;6.12;14227;120.00;19905;True;19905.00;30.66;19907;3.27;19905;18.40;15625;True;15625.00;11.42;15647;3.32;15625;4.79;14670;True;14670.00;92.19;14678;5.79;14670;83.57;13601;True;13601.00;20.22;13612;3.10;13601;11.00;13054;True;13054.00;10.03;13060;3.93;13054;6.91
45;90;39;15796;True;15794.30;TL;15796;3.21;15796;120.00;22126;True;22126.00;7.44;22131;1.89;22126;3.19;17098;True;17098.00;25.10;17101;2.18;17098;19.75;15985;True;15985.00;10.90;15985;2.21;15985;6.33;14910;True;14910.00;17.10;14910;2.87;14910;18.31;14298;True;14298.00;2.10;14302;2.35;14298;2.26
45;100;0;15454;True;15454.00;178.62;15458;8.22;15454;120.00;21570;True;21570.00;225.14;21571;4.46;21570;117.58;16844;True;16844.00;32.44;16844;1.81;16844;29.76;15745;True;15745.00;33.82;15745;3.80;15745;23.93;14664;True;14664.00;91.51;14672;8.09;14664;44.79;13894;True;13894.00;11.65;13910;5.39;13894;9.56
45;100;1;15443;True;15443.00;56.28;15443;3.33;15443;120.00;21238;True;21238.00;7.68;21250;4.45;21238;2.59;17293;True;17293.00;43.08;17294;3.40;17293;55.05;15999;True;15999.00;36.06;16004;6.32;15999;27.12;14683;True;14683.00;34.09;14687;3.77;14683;22.15;14213;True;14213.00;2.38;14232;6.53;14213;2.49
45;100;2;16840;True;16840.00;12.89;16840;2.59;16840;22.69;23538;True;23538.00;10.25;23553;2.77;23538;3.28;18700;True;18700.00;340.94;18700;11.37;18702;120.00;17417;True;17417.00;70.56;17435;3.97;17417;71.71;15896;True;15896.00;14.85;15907;4.21;15896;7.24;15415;True;15415.00;20.20;15415;4.07;15415;14.06
45;100;3;16242;True;16242.00;8.95;16243;2.73;16242;26.53;22474;True;22474.00;10.29;22479;1.04;22474;5.95;17617;True;17617.00;13.64;17621;3.26;17617;5.79;16460;True;16460.00;21.71;16463;3.94;16460;14.96;15309;True;15309.00;34.51;15309;1.63;15309;21.37;14719;True;14719.00;13.28;14729;5.14;14719;20.30
45;100;4;16887;True;16887.00;16.89;16887;3.44;16887;13.17;23637;True;23637.00;4.25;23643;2.78;23637;2.30;18368;True;18368.00;50.31;18380;8.14;18368;29.24;17219;True;17219.00;1.81;17229;2.73;17219;2.77;16050;True;16050.00;39.72;16050;6.07;16050;24.33;15426;True;15426.00;27.80;15434;4.57;15426;19.03
45;100;5;16229;True;16229.00;18.49;16229;4.10;16229;120.00;22638;True;22638.00;30.40;22645;3.84;22638;28.31;17872;True;17872.00;70.42;17877;5.94;17872;46.12;16808;True;16808.00;41.58;16808;3.52;16808;37.31;15475;True;15475.00;15.09;15485;7.44;15475;11.52;14892;True;14892.00;10.73;14894;4.64;14892;9.25
45;100;6;17394;False;17383.40;TL;17404;4.67;17424;120.00;24677;True;24677.00;49.21;24679;2.21;24677;23.28;18600;True;18600.00;5.20;18600;0.76;18600;3.30;17369;True;17369.00;3.67;17383;2.51;17369;4.03;16280;True;16280.00;8.27;16280;0.66;16280;3.52;15695;True;15695.00;8.80;15695;1.67;15695;5.81
45;100;7;16834;True;16834.00;77.10;16839;4.06;16834;120.00;23614;True;23614.00;41.18;23623;3.09;23614;20.29;17990;True;17990.00;7.68;17991;0.76;17990;2.74;16883;True;16883.00;6.78;16895;2.24;16883;4.97;15694;True;15694.00;43.86;15704;6.55;15694;25.35;15053;True;15053.00;23.91;15061;3.50;15053;18.03
45;100;8;16650;True;16650.00;132.90;16656;4.23;16650;120.00;23721;True;23721.00;9.24;23725;2.36;23721;2.98;18488;True;18488.00;18.82;18488;3.31;18488;20.57;17216;True;17216.00;27.60;17220;4.24;17216;41.02;15873;True;15873.00;7.08;15877;1.01;15873;2.99;15240;True;15240.00;36.33;15245;3.96;15240;35.22
45;100;9;17533;True;17533.00;21.34;17533;2.70;17533;120.00;24493;True;24493.00;42.95;24494;3.28;24493;35.00;19138;True;19138.00;6.86;19138;2.42;19138;4.32;18035;True;18035.00;17.10;18043;3.68;18035;12.87;16770;True;16770.00;22.77;16770;3.39;16770;8.34;15932;True;15932.00;24.32;15933;3.65;15932;14.07
45;100;10;15980;True;15980.00;22.30;15982;2.47;15980;28.93;22227;True;22227.00;8.84;22227;1.00;22227;3.53;17807;True;17807.00;43.82;17821;8.73;17807;32.84;16508;True;16508.00;9.32;16516;1.20;16508;8.50;15206;True;15206.00;152.17;15211;3.94;15206;120.00;14597;True;14597.00;133.97;14601;3.76;14597;90.99
45;100;11;15907;True;15907.00;131.46;15911;3.05;15907;120.00;21926;True;21926.00;1864.08;21937;16.74;21954;120.00;17430;True;17430.00;529.08;17446;2.59;17437;120.00;16341;True;16341.00;1018.79;16358;3.34;16343;120.00;15120;True;15120.00;170.54;15137;12.20;15132;120.00;14539;True;14539.00;3502.18;14551;12.61;14560;120.00
45;100;12;16671;False;16629.50;TL;16671;3.38;16681;120.00;23280;True;23280.00;201.96;23298;2.79;23280;120.00;18214;True;18214.00;115.17;18214;3.35;18214;118.47;16963;True;16963.00;75.42;16963;7.77;16963;60.39;15667;True;15667.00;1127.20;15678;4.78;15694;120.00;15121;False;15114.80;TL;15122;28.00;15137;120.00
45;100;13;16383;True;16383.00;2.52;16383;3.39;16383;1.42;23289;True;23289.00;179.66;23289;6.22;23293;120.00;17871;True;17871.00;109.03;17871;3.48;17871;110.81;16556;True;16556.00;1.90;16565;3.14;16556;1.57;15402;True;15402.00;11.64;15405;4.51;15402;4.68;14829;True;14829.00;31.20;14839;4.84;14829;16.88
45;100;14;17184;True;17184.00;18.09;17195;3.16;17184;120.00;24626;True;24626.00;178.82;24637;4.14;24627;120.00;18729;True;18729.00;10.37;18733;2.14;18729;5.46;17596;True;17596.00;6.00;17596;1.66;17596;5.86;16416;True;16416.00;15.36;16427;2.19;16416;5.66;15723;True;15723.00;7.77;15723;2.98;15723;3.66
45;100;15;15922;True;15922.00;55.56;15934;6.33;15922;120.00;22137;True;22137.00;157.59;22167;8.02;22189;120.00;17569;True;17569.00;50.27;17592;5.28;17569;120.00;16261;True;16261.00;66.77;16269;7.54;16261;70.06;15095;True;15095.00;31.56;15104;8.62;15095;16.85;14481;True;14481.00;82.74;14492;10.86;14481;57.46
45;100;16;17164;True;17164.00;17.48;17164;2.69;17164;120.00;24514;True;24514.00;4.06;24520;0.65;24514;3.03;18501;True;18501.00;4.62;18503;0.79;18501;4.08;17446;True;17446.00;25.03;17449;1.68;17446;30.21;16283;True;16283.00;7.78;16293;1.44;16283;3.51;15544;True;15544.00;8.45;15545;1.48;15544;7.76
45;100;17;15772;True;15772.00;65.14;15774;3.85;15772;120.00;22001;True;22001.00;21.90;22012;5.19;22001;17.77;17321;True;17321.00;49.91;17321;9.31;17321;43.94;16285;True;16285.00;23.45;16292;4.36;16285;21.09;14942;True;14942.00;27.13;14946;4.32;14942;18.16;14336;True;14336.00;11.51;14336;1.50;14336;6.40
45;100;18;16206;True;16206.00;41.83;16206;4.02;16206;120.00;22550;True;22550.00;82.09;22558;5.36;22550;59.56;17902;True;17902.00;45.74;17910;4.54;17902;44.92;16731;True;16731.00;27.06;16743;10.27;16731;18.56;15212;True;15212.00;15.23;15217;3.30;15212;29.77;14680;True;14680.00;2.68;14680;1.74;14680;3.91
45;100;19;16068;True;16068.00;143.23;16068;9.34;16068;120.00;21913;False;21879.90;TL;21925;7.61;21929;120.00;17684;True;17684.00;31.20;17687;3.43;17684;20.40;16398;True;16398.00;25.12;16399;1.33;16398;9.98;15289;False;15283.70;TL;15308;7.58;15308;120.00;14667;True;14667.00;1177.56;14667;4.08;14682;120.00
45;100;20;17480;False;17425.60;TL;17490;7.65;17531;120.00;23987;False;23981.20;TL;23995;3.11;24004;120.00;18846;True;18846.00;50.60;18864;3.67;18846;53.37;17796;True;17796.00;400.23;17799;3.19;17796;120.00;16380;False;16360.90;TL;16402;11.50;16407;120.00;15694;False;15688.70;TL;15698;16.09;15725;120.00
45;100;21;17235;False;17226.10;TL;17236;4.81;17314;120.00;24362;True;24362.00;174.29;24362;3.26;24362;120.00;18474;True;18474.00;74.99;18484;3.61;18474;51.81;17414;True;17414.00;18.75;17414;2.59;17414;10.57;16310;True;16310.00;29.22;16310;5.30;16310;9.19;15576;True;15576.00;14.13;15583;4.11;15576;9.64
45;100;22;16235;True;16235.00;28.04;16240;5.72;16235;54.63;23166;True;23166.00;107.37;23171;4.49;23166;63.64;18022;True;18020.90;TL;18030;4.13;18050;120.00;16902;True;16901.10;TL;16906;5.38;16972;120.00;15514;True;15514.00;132.55;15514;5.00;15514;76.65;14888;True;14888.00;43.09;14889;7.12;14888;24.73
45;100;23;16580;False;16549.20;TL;16580;3.80;16587;120.00;23049;True;23049.00;1238.91;23064;3.96;23069;120.00;18149;True;18149.00;386.22;18162;3.03;18149;120.00;17073;False;17053.40;TL;17080;3.24;17087;120.00;15704;False;15683.00;TL;15710;3.55;15727;120.00;15103;False;15087.10;TL;15125;7.03;15163;120.00
45;100;24;16380;True;16380.00;3.88;16383;2.93;16380;4.52;22708;True;22708.00;25.90;22719;4.68;22708;15.51;17965;True;17965.00;13.04;17965;3.15;17965;5.02;16763;True;16763.00;7.00;16763;4.33;16763;3.15;15370;True;15370.00;5.48;15374;3.98;15370;3.38;14770;True;14770.00;22.91;14776;3.77;14770;14.17
45;100;25;17448;True;17448.00;1140.57;17454;5.25;17448;120.00;24403;True;24403.00;13.96;24403;1.52;24403;3.70;19075;True;19075.00;2.56;19086;1.80;19075;2.35;17911;True;17911.00;7.11;17911;2.00;17911;3.02;16445;True;16445.00;2.45;16445;0.72;16445;1.33;15893;True;15893.00;8.38;15899;2.52;15893;5.09
45;100;26;16141;False;16124.30;TL;16170;3.94;16195;120.00;22727;False;22725.50;TL;22751;6.28;22727;120.00;17455;True;17455.00;32.34;17471;5.04;17455;40.54;16484;True;16484.00;1585.14;16505;4.90;16515;120.00;15383;False;15372.60;TL;15393;5.02;15499;120.00;14738;False;14710.20;TL;14738;5.60;14785;120.00
45;100;27;16061;False;16054.50;TL;16066;4.78;16061;120.00;22382;True;22382.00;2516.48;22388;3.37;22402;120.00;17261;True;17261.00;16.69;17272;4.79;17261;14.45;16196;True;16196.00;316.49;16196;4.20;16205;120.00;15240;False;15201.90;TL;15252;6.45;15245;120.00;14537;False;14533.50;TL;14546;4.28;14565;120.00
45;100;28;16267;True;16267.00;108.33;16273;5.10;16267;120.00;22699;True;22699.00;12.48;22709;3.60;22699;4.27;17683;True;17683.00;6.41;17698;6.32;17683;5.94;16544;True;16544.00;48.32;16546;4.04;16544;29.18;15401;True;15401.00;5.86;15402;1.45;15401;3.14;14895;True;14895.00;53.24;14895;3.67;14895;52.68
45;100;29;16631;True;16629.80;TL;16631;6.03;16631;120.00;23069;True;23069.00;199.17;23079;7.91;23069;109.80;18204;True;18204.00;7.20;18204;1.41;18204;5.51;16925;True;16925.00;12.48;16946;3.33;16925;6.16;15773;True;15773.00;142.39;15785;9.79;15773;55.36;14999;True;14999.00;11.23;15008;3.24;14999;6.57
45;100;30;16096;True;16096.00;7.74;16096;1.09;16096;8.76;22874;True;22874.00;68.84;22874;5.97;22874;60.78;17604;True;17604.00;13.90;17610;3.48;17604;9.54;16559;True;16559.00;7.62;16572;4.25;16559;4.11;15278;True;15278.00;15.96;15280;1.55;15278;13.39;14698;True;14698.00;124.82;14700;5.18;14698;120.00
45;100;31;16742;True;16742.00;83.07;16742;2.06;16742;120.00;23753;True;23753.00;8.78;23753;3.20;23753;3.27;18556;True;18556.00;42.23;18567;7.00;18556;43.90;17212;True;17212.00;15.17;17212;4.40;17212;16.48;15997;True;15997.00;82.30;15997;3.17;15997;86.38;15346;True;15346.00;23.81;15355;3.98;15346;32.60
45;100;32;15698;True;15698.00;11.92;15698;6.10;15698;113.40;22146;True;22146.00;9.74;22160;5.26;22146;4.72;17310;True;17310.00;9.72;17313;6.40;17310;10.74;16270;True;16270.00;45.54;16271;3.75;16270;43.79;15045;True;15045.00;77.16;15057;13.22;15045;92.64;14478;True;14478.00;65.24;14481;6.52;14478;80.62
45;100;33;15621;True;15621.00;10.00;15621;3.32;15621;14.62;21905;True;21905.00;34.70;21905;5.72;21905;37.70;17250;True;17250.00;31.51;17253;4.37;17250;13.51;16075;True;16075.00;35.94;16086;8.86;16075;32.12;14716;True;14716.00;16.65;14716;6.80;14716;10.23;14210;True;14210.00;39.60;14210;8.23;14210;44.89
45;100;34;16736;True;16736.00;119.24;16739;5.23;16736;120.00;23478;True;23478.00;6.27;23478;3.67;23478;3.53;18400;True;18400.00;4.28;18400;3.45;18400;2.05;17150;True;17150.00;22.68;17152;3.81;17150;13.80;15883;True;15883.00;13.37;15885;3.62;15883;10.18;15264;True;15264.00;6.99;15269;4.09;15264;7.19
45;100;35;16609;False;16587.40;TL;16609;22.33;16648;120.00;22863;True;22863.00;15.18;22863;1.40;22863;5.46;18536;True;18536.00;42.30;18536;1.65;18536;24.82;17432;True;17432.00;19.30;17436;2.32;17432;7.37;15821;True;15821.00;418.96;15825;6.90;15834;120.00;15342;True;15342.00;909.08;15343;2.91;15351;120.00
45;100;36;15122;True;15122.00;54.02;15122;5.12;15125;120.00;21197;True;21197.00;70.68;21197;9.18;21197;86.24;16577;True;16577.00;35.35;16596;8.43;16577;37.31;15488;True;15488.00;46.90;15503;11.92;15488;43.98;14293;True;14293.00;164.88;14304;22.50;14293;120.00;13733;True;13733.00;94.32;13734;11.23;13733;120.00
45;100;37;15852;True;15852.00;3.95;15864;2.64;15852;6.12;22349;True;22349.00;103.00;22358;4.37;22349;72.81;17253;True;17253.00;20.39;17257;1.18;17253;14.53;16131;True;16131.00;2.12;16145;2.91;16131;1.27;15086;True;15086.00;7.51;15101;3.72;15086;2.94;14394;True;14394.00;43.83;14401;7.36;14394;32.83
45;100;38;16478;False;16463.40;TL;16478;2.98;16495;120.00;23235;False;23192.80;TL;23244;5.36;23235;120.00;17940;True;17940.00;188.86;17958;3.27;17940;120.00;16771;True;16771.00;268.80;16772;3.70;16771;120.00;15589;True;15589.00;1247.91;15597;5.11;15611;120.00;14929;True;14929.00;2520.61;14939;3.58;14961;120.00
45;100;39;15948;True;15948.00;77.25;15948;4.65;15948;120.00;22454;True;22454.00;15.90;22456;5.96;22454;10.10;17683;True;17683.00;41.97;17706;14.62;17683;27.40;16270;True;16270.00;28.58;16281;6.18;16270;23.90;14951;True;14951.00;34.00;14960;11.30;14951;20.85;14451;True;14451.00;22.42;14452;6.37;14451;19.56
60;20;0;3045;True;3045.00;0.02;3045;0.02;3045;0.02;4230;True;4230.00;0.01;4230;0.02;4230;0.02;3337;True;3337.00;0.07;3337;0.03;3337;0.04;3146;True;3146.00;0.02;3146;0.02;3146;0.01;2887;True;2887.00;0.01;2887;0.02;2887;0.03;2767;True;2767.00;0.12;2767;0.08;2767;0.06
60;20;1;2616;True;2616.00;0.61;2634;0.31;2616;0.16;3913;True;3913.00;0.53;3913;0.52;3913;0.27;3094;True;3094.00;0.10;3094;0.10;3094;0.15;2907;True;2907.00;0.07;2907;0.06;2907;0.07;2528;True;2528.00;0.07;2528;0.07;2528;0.08;2497;True;2497.00;0.27;2497;0.29;2497;0.30
60;20;2;2683;True;2683.00;0.06;2683;0.06;2683;0.07;3819;True;3819.00;0.06;3819;0.06;3819;0.08;3135;True;3135.00;0.02;3135;0.02;3135;0.02;2900;True;2900.00;0.03;2900;0.03;2900;0.03;2587;True;2587.00;0.31;2587;0.07;2587;0.11;2514;True;2514.00;0.33;2514;0.10;2514;0.10
60;20;3;2390;True;2390.00;0.23;2401;0.06;2390;0.07;3411;True;3411.00;0.04;3411;0.04;3411;0.04;2896;True;2896.00;0.29;2896;0.11;2896;0.08;2698;True;2698.00;0.58;2698;0.15;2698;0.19;2343;True;2343.00;0.77;2343;0.15;2343;0.23;2305;True;2305.00;0.87;2310;0.20;2305;0.27
60;20;4;2650;True;2650.00;29.30;2662;0.38;2650;48.29;3713;True;3713.00;0.09;3713;0.09;3713;0.15;2940;True;2940.00;0.32;2940;0.15;2940;0.14;2733;True;2733.00;0.58;2734;0.16;2733;0.35;2501;True;2501.00;0.06;2501;0.06;2501;0.07;2401;True;2401.00;0.49;2401;0.27;2401;0.37
60;20;5;2742;True;2742.00;3.41;2742;0.33;2742;5.61;3968;True;3968.00;0.08;3968;0.08;3968;0.11;3072;True;3072.00;0.09;3072;0.11;3072;0.10;2854;True;2854.00;0.07;2854;0.07;2854;0.08;2593;True;2593.00;0.51;2601;0.14;2593;0.25;2494;True;2494.00;0.13;2494;0.14;2494;0.15
60;20;6;2483;True;2483.00;0.06;2483;0.07;2483;0.06;3604;True;3604.00;0.24;3613;0.13;3604;0.12;2861;True;2861.00;0.03;2861;0.03;2861;0.03;2705;True;2705.00;0.04;2705;0.04;2705;0.05;2400;True;2400.00;0.40;2414;0.16;2400;0.12;2309;True;2309.00;0.06;2309;0.06;2309;0.07
60;20;7;2700;True;2700.00;0.03;2700;0.04;2700;0.03;3911;True;3911.00;0.56;3922;0.09;3911;0.19;3146;True;3146.00;0.06;3146;0.07;3146;0.07;2922;True;2922.00;0.09;2922;0.09;2922;0.11;2568;True;2568.00;0.09;2568;0.09;2568;0.10;2504;True;2504.00;0.82;2514;0.26;2504;0.33
60;20;8;2750;True;2750.00;0.72;2750;0.05;2750;0.47;3935;True;3935.00;0.17;3935;0.04;3935;0.04;3219;True;3219.00;0.01;3219;0.02;3219;0.02;2984;True;2984.00;0.04;2984;0.04;2984;0.05;2609;True;2609.00;0.12;2609;0.05;2609;0.05;2558;True;2558.00;0.97;2558;0.16;2558;0.26
60;20;9;3135;True;3135.00;0.47;3135;0.05;3135;0.03;4485;True;4485.00;0.08;4523;0.07;4485;0.03;3516;True;3516.00;0.09;3527;0.05;3516;0.05;3339;True;3339.00;0.81;3346;0.11;3339;0.30;2950;True;2950.00;0.96;2994;0.08;2950;0.31;2871;True;2871.00;0.84;2871;0.11;2871;0.35
60;20;10;3235;True;3235.00;0.31;3235;0.24;3235;0.15;4631;True;4631.00;0.12;4631;0.08;4631;0.08;3821;True;3821.00;0.09;3829;0.07;3821;0.04;3450;True;3450.00;0.02;3450;0.02;3450;0.02;3090;True;3090.00;0.53;3090;0.09;3090;0.14;3016;True;3016.00;0.27;3016;0.15;3016;0.12
60;20;11;3126;True;3126.00;0.11;3126;0.14;3126;0.05;4515;True;4515.00;0.31;4515;0.07;4515;0.13;3532;True;3532.00;0.56;3538;0.09;3532;0.17;3293;True;3293.00;0.18;3295;0.06;3293;0.09;2945;True;2945.00;0.26;2945;0.07;2945;0.13;2834;True;2834.00;0.45;2836;0.08;2834;0.22
60;20;12;3038;True;3038.00;0.12;3038;0.04;3038;0.04;4316;True;4316.00;0.40;4316;0.07;4316;0.14;3600;True;3600.00;0.01;3600;0.02;3600;0.02;3328;True;3328.00;0.02;3328;0.02;3328;0.03;2938;True;2938.00;0.23;2946;0.05;2938;0.21;2840;True;2840.00;0.22;2847;0.08;2840;0.07
60;20;13;3212;True;3212.00;0.12;3212;0.06;3212;0.04;4613;True;4613.00;0.02;4613;0.02;4613;0.02;3871;True;3871.00;0.06;3871;0.07;3871;0.08;3559;True;3559.00;0.05;3559;0.05;3559;0.06;3102;True;3102.00;0.32;3109;0.08;3102;0.09;3037;True;3037.00;0.11;3037;0.09;3037;0.05
60;20;14;2649;True;2649.00;1.92;2649;0.14;2649;0.51;3905;True;3905.00;0.65;3905;0.20;3905;0.24;3043;True;3043.00;0.30;3043;0.18;3043;0.21;2807;True;2807.00;1.20;2816;0.19;2807;0.35;2512;True;2512.00;0.69;2531;0.14;2512;0.18;2419;True;2419.00;0.26;2419;0.28;2419;0.27
60;20;15;2693;True;2693.00;0.79;2693;0.16;2693;0.21;3775;True;3775.00;0.02;3775;0.03;3775;0.02;3304;True;3304.00;0.03;3304;0.03;3304;0.04;3023;True;3023.00;0.03;3023;0.03;3023;0.03;2582;True;2582.00;0.05;2582;0.04;2582;0.06;2521;True;2521.00;0.02;2521;0.03;2521;0.03
60;20;16;3046;True;3046.00;0.12;3046;0.08;3046;0.04;4586;True;4586.00;0.24;4625;0.17;4586;0.08;3594;True;3594.00;0.15;3594;0.06;3594;0.03;3319;True;3319.00;0.02;3319;0.02;3319;0.02;2944;True;2944.00;0.02;2944;0.02;2944;0.02;2874;True;2874.00;0.09;2874;0.06;2874;0.04
60;20;17;2646;True;2646.00;2.70;2646;0.39;2646;1.27;3800;True;3800.00;1.06;3800;0.33;3800;0.33;2955;True;2955.00;0.08;2955;0.09;2955;0.11;2793;True;2793.00;0.76;2793;0.14;2793;0.26;2490;True;2490.00;0.10;2490;0.09;2490;0.11;2416;True;2416.00;0.18;2416;0.20;2416;0.19
60;20;18;2590;True;2590.00;0.07;2590;0.08;2590;0.07;3805;True;3805.00;0.85;3805;0.31;3805;0.34;3119;True;3119.00;0.73;3133;0.22;3119;0.26;2863;True;2863.00;1.01;2867;0.35;2863;0.47;2502;True;2502.00;0.07;2502;0.07;2502;0.08;2454;True;2454.00;0.54;2454;0.35;2454;0.28
60;20;19;2576;True;2576.00;1.20;2576;0.22;2576;0.45;3788;True;3788.00;0.05;3788;0.05;3788;0.09;3020;True;3020.00;0.07;3020;0.08;3020;0.09;2759;True;2759.00;0.07;2759;0.07;2759;0.08;2459;True;2459.00;0.33;2459;0.11;2459;0.17;2403;True;2403.00;0.17;2403;0.19;2403;0.18
60;20;20;2576;True;2576.00;18.59;2576;0.36;2576;16.29;3570;True;3570.00;0.19;3587;0.13;3570;0.11;2872;True;2872.00;0.05;2872;0.06;2872;0.09;2703;True;2703.00;0.47;2703;0.15;2703;0.28;2415;True;2415.00;0.98;2415;0.30;2415;0.32;2351;True;2351.00;1.20;2355;0.39;2351;0.24
60;20;21;2719;True;2719.00;1.01;2719;0.07;2719;0.45;4168;True;4168.00;0.24;4168;0.06;4168;0.05;3168;True;3168.00;0.02;3168;0.02;3168;0.02;2906;True;2906.00;0.02;2906;0.02;2906;0.02;2557;True;2557.00;0.19;2557;0.05;2557;0.04;2518;True;2518.00;0.27;2518;0.08;2518;0.07
60;20;22;3094;True;3094.00;1.34;3094;0.24;3094;0.47;4637;True;4637.00;0.19;4650;0.07;4637;0.04;3506;True;3506.00;0.37;3542;0.08;3506;0.12;3249;True;3249.00;0.19;3249;0.07;3249;0.05;2918;True;2918.00;0.52;2918;0.08;2918;0.21;2752;True;2752.00;0.11;2752;0.06;2752;0.05
60;20;23;2633;True;2633.00;1.49;2633;0.24;2633;0.46;3771;True;3771.00;0.38;3785;0.16;3771;0.18;3021;True;3021.00;0.49;3021;0.17;3021;0.22;2833;True;2833.00;0.67;2839;0.17;2833;0.24;2564;True;2564.00;0.24;2575;0.30;2564;0.17;2471;True;2471.00;0.40;2471;0.30;2471;0.24
60;20;24;3143;True;3143.00;0.02;3143;0.02;3143;0.02;4492;True;4492.00;0.12;4492;0.08;4492;0.05;3745;True;3745.00;0.01;3745;0.02;3745;0.02;3426;True;3426.00;0.02;3426;0.02;3426;0.03;3023;True;3023.00;0.13;3023;0.18;3023;0.09;2929;True;2929.00;0.48;2929;0.20;2929;0.23
60;20;25;2639;True;2639.00;0.03;2639;0.03;2639;0.03;3949;True;3949.00;0.41;3949;0.12;3949;0.12;3142;True;3142.00;0.16;3142;0.06;3142;0.05;2946;True;2946.00;0.64;2947;0.11;2946;0.18;2590;True;2590.00;0.27;2590;0.15;2590;0.15;2514;True;2514.00;0.18;2514;0.11;2514;0.10
60;20;26;2627;True;2627.00;1.90;2651;0.36;2627;0.70;3812;True;3812.00;0.05;3812;0.05;3812;0.08;2871;True;2871.00;0.02;2871;0.02;2871;0.02;2683;True;2683.00;0.03;2683;0.03;2683;0.03;2462;True;2462.00;0.58;2467;0.21;2462;0.20;2359;True;2359.00;0.04;2359;0.05;2359;0.04
60;20;27;2742;True;2742.00;1.14;2742;0.25;2742;0.83;3947;True;3947.00;0.07;3947;0.07;3947;0.09;3053;True;3053.00;0.04;3053;0.05;3053;0.05;2888;True;2888.00;0.32;2888;0.08;2888;0.12;2606;True;2606.00;0.56;2625;0.17;2606;0.21;2519;True;2519.00;0.38;2519;0.28;2519;0.28
60;20;28;2569;True;2569.00;0.01;2569;0.02;2569;0.02;3872;True;3872.00;0.04;3872;0.04;3872;0.06;3090;True;3090.00;0.02;3090;0.02;3090;0.02;2887;True;2887.00;0.03;2887;0.03;2887;0.04;2525;True;2525.00;0.02;2525;0.02;2525;0.02;2460;True;2460.00;0.05;2460;0.06;2460;0.06
60;20;29;2628;True;2628.00;2.13;2638;0.13;2628;0.99;3769;True;3769.00;0.08;3769;0.08;3769;0.14;2949;True;2949.00;0.56;2949;0.24;2949;0.24;2752;True;2752.00;0.08;2752;0.08;2752;0.10;2531;True;2531.00;0.31;2537;0.32;2531;0.17;2397;True;2397.00;0.53;2418;0.37;2397;0.31
60;20;30;2670;True;2670.00;0.47;2670;0.14;2670;0.09;3811;True;3811.00;0.90;3811;0.30;3811;0.28;2999;True;2999.00;0.40;2999;0.25;2999;0.26;2818;True;2818.00;0.42;2818;0.44;2818;0.37;2527;True;2527.00;0.07;2527;0.08;2527;0.14;2433;True;2433.00;0.09;2433;0.11;2433;0.10
60;20;31;2698;True;2698.00;0.01;2698;0.01;2698;0.02;4007;True;4007.00;0.31;4007;0.08;4007;0.09;3169;True;3169.00;0.33;3173;0.22;3169;0.15;2937;True;2937.00;0.03;2937;0.03;2937;0.03;2617;True;2617.00;0.18;2617;0.10;2617;0.08;2536;True;2536.00;0.04;2536;0.04;2536;0.04
60;20;32;3052;True;3052.00;0.05;3052;0.02;3052;0.02;4442;True;4442.00;1.93;4466;0.08;4442;0.61;3523;True;3523.00;0.10;3543;0.06;3523;0.03;3233;True;3233.00;0.02;3233;0.02;3233;0.02;2942;True;2942.00;0.02;2942;0.02;2942;0.02;2846;True;2846.00;0.12;2846;0.06;2846;0.05
60;20;33;2609;True;2609.00;0.04;2609;0.04;2609;0.04;3607;True;3607.00;1.01;3607;0.18;3607;0.48;2942;True;2942.00;0.18;2942;0.12;2942;0.10;2777;True;2777.00;0.76;2777;0.11;2777;0.26;2502;True;2502.00;0.37;2502;0.17;2502;0.21;2391;True;2391.00;0.40;2398;0.18;2391;0.19
60;20;34;2680;True;2680.00;17.98;2680;0.24;2680;11.78;3770;True;3770.00;0.31;3770;0.17;3770;0.19;3070;True;3070.00;0.39;3070;0.24;3070;0.23;2873;True;2873.00;0.52;2880;0.16;2873;0.19;2575;True;2575.00;0.12;2575;0.13;2575;0.15;2492;True;2492.00;1.43;2492;0.45;2492;0.40
60;20;35;2628;True;2628.00;0.31;2628;0.17;2628;0.11;3807;True;3807.00;0.09;3807;0.10;3807;0.09;3101;True;3101.00;0.27;3101;0.15;3101;0.14;2817;True;2817.00;0.40;2817;0.14;2817;0.16;2573;True;2573.00;0.75;2573;0.36;2573;0.27;2453;True;2453.00;0.09;2453;0.10;2453;0.09
60;20;36;2707;True;2707.00;0.06;2707;0.07;2707;0.06;3937;True;3937.00;0.09;3937;0.10;3937;0.14;3087;True;3087.00;1.15;3093;0.26;3087;0.33;2828;True;2828.00;0.08;2828;0.08;2828;0.09;2527;True;2527.00;0.06;2527;0.06;2527;0.07;2465;True;2465.00;0.99;2465;0.24;2465;0.44
60;20;37;2498;True;2498.00;0.04;2498;0.05;2498;0.04;3661;True;3661.00;0.15;3661;0.14;3661;0.07;2929;True;2929.00;0.07;2929;0.08;2929;0.07;2698;True;2698.00;0.06;2698;0.06;2698;0.07;2427;True;2427.00;0.75;2435;0.32;2427;0.23;2332;True;2332.00;0.53;2332;0.25;2332;0.20
60;20;38;2168;True;2168.00;1.33;2168;0.48;2168;0.44;3012;True;3012.00;0.15;3012;0.16;3012;0.18;2502;True;2502.00;0.23;2502;0.27;2502;0.21;2315;True;2315.00;0.22;2315;0.23;2315;0.27;2063;True;2063.00;1.77;2063;0.46;2063;0.62;1985;True;1985.00;1.49;1985;0.92;1985;0.90
60;20;39;2112;True;2112.00;0.08;2112;0.09;2112;0.08;3039;True;3039.00;0.20;3039;0.22;3039;0.20;2221;True;2221.00;0.07;2221;0.07;2221;0.06;2150;True;2150.00;0.12;2150;0.14;2150;0.14;1968;True;1968.00;0.05;1968;0.05;1968;0.06;1829;True;1829.00;0.06;1829;0.06;1829;0.06
60;30;0;4267;True;4267.00;14.08;4268;0.74;4267;37.49;6038;True;6038.00;0.98;6045;0.83;6038;0.50;4774;True;4774.00;0.92;4788;1.07;4774;0.38;4547;True;4547.00;4.20;4549;0.91;4547;1.82;4029;True;4029.00;1.58;4035;0.55;4029;0.77;3917;True;3917.00;1.37;3925;0.53;3917;0.73
60;30;1;4262;True;4262.00;97.97;4266;0.54;4262;120.00;6251;True;6251.00;1.19;6256;0.69;6251;0.50;4958;True;4958.00;4.40;4984;1.13;4958;1.82;4575;True;4575.00;1.13;4575;0.70;4575;0.48;4078;True;4078.00;3.66;4084;0.71;4078;0.88;3959;True;3959.00;8.31;3966;1.37;3959;6.05
60;30;2;3734;True;3734.00;0.10;3734;0.10;3734;0.09;5512;True;5512.00;1.38;5512;0.55;5512;0.89;4316;True;4316.00;0.52;4325;0.28;4316;0.32;4036;True;4036.00;0.95;4043;0.19;4036;0.34;3606;True;3606.00;0.56;3606;0.40;3606;0.43;3506;True;3506.00;0.97;3506;0.32;3506;0.39
60;30;3;3714;True;3714.00;3.07;3714;0.17;3714;1.73;5503;True;5503.00;0.06;5503;0.06;5503;0.07;4427;True;4427.00;0.48;4439;0.17;4427;0.24;4054;True;4054.00;1.14;4054;0.23;4054;0.41;3609;True;3609.00;1.64;3619;0.20;3609;0.66;3452;True;3452.00;0.31;3471;0.24;3452;0.16
60;30;4;4236;True;4236.00;0.16;4236;0.06;4236;0.06;6088;True;6088.00;0.78;6106;0.41;6088;0.33;5027;True;5027.00;1.32;5036;0.39;5027;0.53;4640;True;4640.00;0.34;4640;0.20;4640;0.19;4091;True;4091.00;0.31;4091;0.23;4091;0.20;3972;True;3972.00;0.75;3973;0.42;3972;0.46
60;30;5;4640;True;4640.00;0.27;4640;0.33;4640;0.12;6772;True;6772.00;4.85;6791;0.43;6772;2.14;5515;True;5515.00;6.30;5523;0.33;5515;2.67;5029;True;5029.00;15.63;5030;0.35;5029;10.46;4529;True;4529.00;14.07;4529;0.48;4529;11.91;4376;True;4376.00;8.00;4402;0.71;4376;8.39
60;30;6;3656;True;3656.00;2.39;3661;0.24;3656;0.92;5340;True;5340.00;3.42;5340;0.45;5340;1.06;4388;True;4388.00;2.22;4388;0.37;4388;0.59;3998;True;3998.00;1.91;3998;0.41;3998;0.63;3568;True;3568.00;2.23;3568;0.77;3568;0.91;3468;True;3468.00;2.19;3470;1.09;3468;1.20
60;30;7;4216;True;4216.00;1.57;4216;0.51;4216;0.43;6115;True;6115.00;2.90;6131;0.87;6115;1.07;4754;True;4754.00;0.32;4754;0.23;4754;0.15;4410;True;4410.00;1.19;4410;0.32;4410;0.41;4023;True;4023.00;1.71;4023;0.69;4023;0.73;3856;True;3856.00;1.02;3874;0.41;3856;0.74
60;30;8;4168;True;4166.53;TL;4171;0.49;4171;120.00;5965;True;5965.00;1.95;5989;0.88;5965;0.54;4747;True;4747.00;0.50;4747;0.22;4747;0.20;4449;True;4449.00;2.15;4449;0.35;4449;0.62;3931;True;3931.00;0.98;3935;0.35;3931;0.33;3871;True;3871.00;3.20;3878;1.04;3871;1.46
60;30;9;3756;True;3756.00;0.06;3756;0.05;3756;0.06;5545;True;5545.00;2.39;5551;0.25;5545;0.92;4319;True;4319.00;0.70;4319;0.23;4319;0.36;4043;True;4043.00;0.16;4043;0.16;4043;0.38;3622;True;3622.00;0.10;3622;0.10;3622;0.11;3509;True;3509.00;0.47;3521;0.34;3509;0.30
60;30;10;4044;True;4044.00;0.07;4044;0.06;4044;0.06;5690;True;5690.00;4.87;5709;0.31;5690;4.14;4777;True;4777.00;0.05;4777;0.05;4777;0.05;4423;True;4423.00;5.34;4440;0.39;4423;1.44;3797;True;3797.00;1.07;3799;0.14;3797;0.47;3737;True;3737.00;0.61;3777;0.53;3737;0.40
60;30;11;4240;True;4240.00;4.69;4245;0.68;4240;4.74;6102;True;6102.00;2.03;6124;1.00;6102;0.83;4960;True;4960.00;0.08;4960;0.08;4960;0.08;4513;True;4513.00;0.12;4513;0.12;4513;0.11;3996;True;3996.00;2.13;3998;0.54;3996;1.67;3916;True;3916.00;3.46;3929;1.01;3916;1.31
60;30;12;4566;True;4566.00;6.19;4575;0.41;4566;14.25;6732;True;6732.00;3.67;6732;0.25;6732;1.04;5195;True;5195.00;8.36;5227;0.40;5195;4.10;4849;True;4849.00;4.75;4870;0.32;4849;1.43;4299;True;4299.00;1.37;4302;0.12;4299;0.36;4163;True;4163.00;2.27;4165;0.19;4163;1.12
60;30;13;4186;True;4186.00;0.55;4186;0.28;4186;0.45;5991;True;5991.00;1.99;5991;0.47;5991;0.92;4890;True;4890.00;3.83;4904;1.69;4890;1.34;4543;True;4543.00;2.35;4543;0.26;4543;0.75;4045;True;4045.00;1.15;4048;0.50;4045;0.27;3912;True;3912.00;0.32;3912;0.33;3912;0.68
60;30;14;4675;True;4675.00;4.61;4675;0.10;4675;120.00;6656;True;6656.00;0.04;6656;0.04;6656;0.04;5356;True;5356.00;0.55;5377;0.10;5356;0.14;4964;True;4964.00;0.04;4964;0.04;4964;0.04;4453;True;4453.00;0.05;4453;0.05;4453;0.06;4322;True;4322.00;0.78;4322;0.11;4322;0.22
60;30;15;3784;True;3784.00;8.98;3784;0.23;3784;4.34;5501;True;5501.00;0.07;5501;0.08;5501;0.08;4380;True;4380.00;0.66;4409;0.31;4380;0.17;4078;True;4078.00;1.25;4078;0.21;4078;0.48;3607;True;3607.00;1.79;3613;0.24;3607;0.49;3518;True;3518.00;1.88;3530;0.30;3518;0.74
60;30;16;3942;True;3942.00;2.46;3944;0.23;3942;1.16;5659;True;5659.00;0.07;5659;0.07;5659;0.07;4624;True;4624.00;0.60;4624;0.17;4624;0.28;4267;True;4267.00;2.66;4285;0.23;4267;1.09;3731;True;3731.00;0.25;3731;0.16;3731;0.20;3643;True;3643.00;0.43;3645;0.16;3643;0.30
60;30;17;4063;True;4063.00;0.09;4063;0.09;4063;0.10;6047;True;6047.00;2.07;6047;1.31;6047;1.07;4671;True;4671.00;1.60;4682;0.22;4671;0.46;4380;True;4380.00;0.30;4380;0.20;4380;0.20;3916;True;3916.00;3.28;3916;0.99;3916;0.95;3779;True;3779.00;1.22;3779;0.47;3779;0.60
60;30;18;4147;True;4147.00;0.83;4147;0.48;4147;0.16;6177;True;6177.00;10.99;6177;0.85;6177;4.71;4898;True;4898.00;0.29;4898;0.29;4898;0.37;4510;True;4510.00;1.17;4523;0.99;4510;0.56;3989;True;3989.00;2.79;3989;0.25;3989;1.33;3902;True;3902.00;4.12;3905;0.89;3902;2.13
60;30;19;4248;True;4248.00;0.58;4248;0.68;4248;0.16;6113;True;6113.00;3.41;6159;1.06;6113;1.76;4798;True;4798.00;0.54;4800;0.24;4798;0.13;4460;True;4460.00;1.05;4473;0.25;4460;0.40;4029;True;4029.00;7.36;4029;0.84;4029;3.07;3885;True;3885.00;1.62;3885;0.82;3885;0.52
60;30;20;4347;True;4347.00;1.51;4349;0.18;4347;0.92;6210;True;6210.00;0.85;6210;0.14;6210;0.20;5004;True;5004.00;0.38;5004;0.09;5004;0.06;4701;True;4701.00;1.03;4703;0.16;4701;0.32;4107;True;4107.00;0.21;4107;0.10;4107;0.09;3988;True;3988.00;0.06;3988;0.06;3988;0.06
60;30;21;3651;True;3651.00;44.98;3655;0.80;3651;36.18;5223;True;5223.00;1.30;5223;0.57;5223;0.60;4399;True;4399.00;0.22;4399;0.23;4399;0.20;4064;True;4064.00;1.51;4072;0.37;4064;0.46;3549;True;3549.00;1.14;3570;0.60;3549;0.53;3427;True;3427.00;1.26;3427;0.81;3427;0.78
60;30;22;4233;True;4233.00;22.05;4236;0.16;4233;120.00;6080;True;6080.00;1.59;6094;0.72;6080;0.59;5007;True;5007.00;0.77;5017;0.47;5007;0.29;4594;True;4594.00;1.26;4594;0.53;4594;0.46;4092;True;4092.00;2.28;4092;0.71;4092;0.72;3962;True;3962.00;5.58;3963;1.43;3962;2.10
60;30;23;4200;True;4200.00;4.11;4207;0.54;4200;9.09;6158;True;6158.00;0.09;6158;0.10;6158;0.18;4762;True;4762.00;0.78;4762;0.30;4762;0.25;4505;True;4505.00;0.74;4515;0.22;4505;0.25;3954;True;3954.00;0.07;3954;0.07;3954;0.08;3870;True;3870.00;1.91;3870;0.82;3870;0.96
60;30;24;3661;True;3661.00;11.86;3666;0.65;3661;29.68;5448;True;5448.00;1.34;5464;1.11;5448;0.70;4172;True;4172.00;0.84;4174;0.29;4172;0.25;3928;True;3928.00;2.66;3929;0.78;3928;0.97;3482;True;3482.00;0.70;3482;0.78;3482;0.21;3372;True;3372.00;2.79;3393;1.63;3372;1.27
60;30;25;4241;True;4241.00;2.86;4241;0.47;4241;3.93;6043;True;6043.00;1.62;6067;0.59;6043;0.72;4947;True;4947.00;1.33;4947;0.37;4947;0.30;4474;True;4474.00;1.03;4483;0.58;4474;0.37;4044;True;4044.00;1.09;4048;0.79;4044;0.43;3929;True;3929.00;4.08;3929;0.65;3929;2.27
60;30;26;4281;True;4281.00;0.04;4281;0.04;4281;0.04;6124;True;6124.00;0.13;6124;0.08;6124;0.11;5025;True;5025.00;0.05;5025;0.05;5025;0.06;4697;True;4697.00;1.10;4708;0.43;4697;0.38;4149;True;4149.00;0.57;4149;0.19;4149;0.18;3992;True;3992.00;0.22;4007;0.17;3992;0.17
60;30;27;4360;True;4360.00;0.03;4360;0.03;4360;0.03;6419;True;6419.00;0.25;6419;0.18;6419;0.17;5318;True;5318.00;0.23;5318;0.13;5318;0.10;4868;True;4868.00;1.18;4872;0.21;4868;0.52;4205;True;4205.00;0.49;4205;0.16;4205;0.18;4083;True;4083.00;0.50;4083;0.15;4083;0.18
60;30;28;3658;True;3658.00;0.51;3662;0.40;3658;0.20;5248;True;5248.00;3.65;5268;0.55;5248;1.36;4425;True;4425.00;0.37;4425;0.18;4425;0.15;4023;True;4023.00;2.20;4027;0.27;4023;0.65;3516;True;3516.00;6.13;3520;0.69;3516;1.89;3432;True;3432.00;1.55;3437;0.37;3432;0.54
60;30;29;4164;True;4164.00;90.36;4164;0.47;4164;48.21;6044;True;6044.00;6.97;6053;0.55;6044;7.28;4842;True;4842.00;23.66;4851;0.54;4842;9.54;4449;True;4449.00;11.08;4467;0.61;4449;3.51;3955;True;3955.00;1.20;3959;0.21;3955;0.27;3821;True;3821.00;1.42;3830;0.63;3821;0.93
60;30;30;3648;True;3648.00;5.28;3649;0.36;3648;1.92;5160;True;5160.00;0.90;5172;0.30;5160;0.31;4361;True;4361.00;2.65;4361;0.58;4361;0.80;4030;True;4030.00;2.60;4030;0.66;4030;0.86;3479;True;3479.00;1.85;3491;0.35;3479;0.99;3394;True;3394.00;2.66;3394;0.81;3394;1.53
60;30;31;4199;True;4199.00;143.32;4199;0.91;4199;120.00;5945;True;5945.00;1.15;5953;0.73;5945;0.61;5022;True;5022.00;6.29;5023;0.29;5022;1.58;4525;True;4525.00;2.11;4544;0.63;4525;0.53;4036;True;4036.00;3.54;4036;0.87;4036;1.69;3871;True;3871.00;1.92;3871;0.44;3871;0.67
60;30;32;4286;True;4286.00;2.46;4286;0.22;4286;0.54;6412;True;6412.00;1.24;6416;0.32;6412;0.32;5111;True;5111.00;2.04;5111;0.22;5111;0.46;4729;True;4729.00;1.14;4733;0.19;4729;0.37;4120;True;4120.00;0.09;4120;0.10;4120;0.10;3991;True;3991.00;0.10;3991;0.11;3991;0.11
60;30;33;3728;True;3728.00;1.66;3728;0.16;3728;0.37;5355;True;5355.00;1.34;5360;0.19;5355;0.46;4333;True;4333.00;0.70;4344;0.15;4333;0.18;3966;True;3966.00;2.48;3972;0.31;3966;0.84;3521;True;3521.00;0.32;3544;0.23;3521;0.14;3466;True;3466.00;1.39;3468;0.23;3466;0.63
60;30;34;4893;True;4893.00;0.40;4893;0.09;4893;0.84;7097;True;7097.00;0.03;7097;0.03;7097;0.03;5709;True;5709.00;0.03;5709;0.03;5709;0.03;5359;True;5359.00;0.15;5360;0.07;5359;0.06;4737;True;4737.00;0.26;4737;0.09;4737;0.11;4601;True;4601.00;1.09;4601;0.18;4601;0.44
60;30;35;3643;True;3643.00;8.38;3643;2.15;3643;4.40;5185;True;5185.00;1.67;5185;1.14;5185;0.67;4117;True;4117.00;6.78;4130;2.02;4117;1.49;3830;True;3830.00;2.86;3848;0.99;3830;1.94;3464;True;3464.00;3.97;3477;1.28;3464;1.59;3358;True;3358.00;6.79;3371;2.35;3358;3.40
60;30;36;3603;True;3603.00;2.33;3615;0.87;3603;2.18;5220;True;5220.00;1.80;5220;1.03;5220;1.00;4244;True;4244.00;3.12;4244;1.27;4244;0.67;3895;True;3895.00;2.69;3909;1.45;3895;0.98;3427;True;3427.00;0.83;3427;0.44;3427;0.45;3356;True;3356.00;1.98;3359;1.09;3356;0.91
60;30;37;3678;True;3678.00;0.07;3678;0.07;3678;0.06;5440;True;5440.00;0.09;5440;0.09;5440;0.10;4218;True;4218.00;0.22;4218;0.13;4218;0.09;4005;True;4005.00;1.26;4017;0.26;4005;0.53;3529;True;3529.00;0.55;3529;0.21;3529;0.28;3421;True;3421.00;0.31;3439;0.23;3421;0.17
60;30;38;4217;True;4217.00;0.38;4217;0.69;4217;0.59;5986;True;5986.00;4.18;6020;1.21;5986;2.69;5015;True;5015.00;3.05;5023;0.59;5015;0.62;4613;True;4613.00;1.70;4613;0.28;4613;0.53;4008;True;4008.00;0.55;4020;0.78;4008;0.66;3914;True;3914.00;1.42;3914;0.66;3914;0.63
60;30;39;4095;True;4095.00;0.06;4095;0.06;4095;0.05;5949;True;5949.00;0.75;5958;0.33;5949;0.25;4714;True;4714.00;3.99;4714;0.63;4714;0.99;4441;True;4441.00;2.08;4454;0.78;4441;1.18;3927;True;3927.00;0.09;3927;0.10;3927;0.10;3821;True;3821.00;0.12;3821;0.12;3821;0.13
60;40;0;5299;True;5299.00;765.15;5299;1.28;5299;120.00;7861;True;7861.00;1.78;7861;0.85;7861;1.02;6075;True;6075.00;3.44;6075;1.18;6075;0.99;5591;True;5591.00;2.90;5591;1.22;5591;1.44;5052;True;5052.00;6.21;5052;2.35;5052;2.72;4899;True;4899.00;13.08;4900;2.60;4899;5.12
60;40;1;4571;True;4571.00;50.07;4571;1.96;4571;90.21;6793;True;6793.00;109.08;6819;11.18;6793;58.86;5319;True;5319.00;37.26;5354;9.70;5319;13.62;4968;True;4968.00;47.94;4988;6.21;4968;22.44;4384;True;4384.00;27.69;4396;5.92;4384;29.00;4281;True;4281.00;37.62;4292;8.68;4281;36.59
60;40;2;5170;True;5170.00;0.86;5170;0.79;5170;0.21;7285;True;7285.00;2.20;7285;2.03;7285;0.91;5883;True;5883.00;40.30;5917;2.05;5883;23.32;5458;True;5458.00;17.45;5464;2.07;5458;13.98;4916;True;4916.00;14.21;4932;1.52;4916;5.27;4757;True;4757.00;14.74;4757;1.71;4757;10.34
60;40;3;5206;True;5206.00;0.10;5206;0.11;5206;0.12;7584;True;7584.00;1.38;7584;0.24;7584;0.65;6345;True;6345.00;1.66;6346;0.38;6345;0.46;5821;True;5821.00;1.69;5821;0.35;5821;0.59;5058;True;5058.00;2.30;5065;0.48;5058;1.19;4962;True;4962.00;0.83;4962;0.30;4962;0.53
60;40;4;5547;True;5547.00;0.09;5547;0.09;5547;0.11;7938;True;7938.00;0.58;7938;0.27;7938;0.17;6529;True;6529.00;7.25;6546;0.49;6529;2.72;6080;True;6080.00;16.39;6092;0.67;6080;5.87;5337;True;5337.00;2.66;5338;0.47;5337;1.31;5225;True;5225.00;13.32;5226;0.53;5225;6.55
60;40;5;5245;True;5245.00;10.11;5245;1.20;5245;120.00;7460;True;7460.00;8.03;7462;2.11;7460;3.04;6122;True;6122.00;16.76;6131;4.14;6122;8.28;5591;True;5591.00;14.69;5600;10.50;5591;9.20;4967;True;4967.00;5.16;4967;1.86;4967;3.62;4869;True;4869.00;197.24;4894;8.65;4877;120.00
60;40;6;5186;True;5186.00;86.20;5186;1.96;5186;120.00;7416;True;7416.00;43.11;7436;1.49;7416;25.84;5948;True;5948.00;0.28;5948;0.35;5948;0.56;5595;True;5595.00;4.11;5595;1.78;5595;2.21;4917;True;4917.00;8.62;4918;2.04;4917;4.65;4791;True;4791.00;15.98;4792;3.48;4791;5.75
60;40;7;5731;True;5731.00;10.26;5731;0.73;5731;29.44;8286;True;8286.00;1.11;8307;1.05;8286;0.38;6701;True;6701.00;3.58;6714;1.67;6701;1.08;6224;True;6224.00;1.33;6230;1.32;6224;1.57;5529;True;5529.00;1.71;5529;1.42;5529;0.74;5376;True;5376.00;9.54;5381;2.36;5376;3.80
60;40;8;5118;True;5118.00;8.20;5122;1.96;5118;11.63;7206;True;7206.00;84.28;7210;1.83;7206;87.13;5960;True;5960.00;8.52;6000;4.62;5960;2.66;5509;True;5509.00;28.29;5538;4.57;5509;10.99;4904;True;4904.00;35.11;4904;4.14;4904;33.55;4734;True;4734.00;14.65;4759;6.32;4734;8.05
60;40;9;5270;True;5270.00;0.33;5270;0.55;5270;0.52;7704;True;7704.00;0.14;7704;0.15;7704;0.17;6192;True;6192.00;2.79;6193;0.41;6192;1.13;5793;True;5793.00;2.12;5793;0.46;5793;0.74;5045;True;5045.00;0.56;5045;0.22;5045;0.29;4884;True;4884.00;0.14;4884;0.16;4884;0.17
60;40;10;5712;False;5708.00;TL;5716;0.99;5717;120.00;8329;True;8329.00;18.73;8329;0.88;8329;8.90;6684;True;6684.00;7.46;6711;2.05;6684;1.64;6159;True;6159.00;58.87;6175;1.84;6159;37.70;5368;True;5368.00;3.00;5378;2.35;5368;1.05;5234;True;5234.00;6.11;5235;1.02;5234;2.79
60;40;11;5826;True;5826.00;1.70;5826;1.13;5826;0.92;8321;True;8321.00;0.19;8321;0.19;8321;0.31;6852;True;6852.00;0.17;6852;0.20;6852;0.17;6359;True;6359.00;1.02;6367;0.55;6359;0.48;5549;True;5549.00;22.21;5552;1.89;5549;9.70;5380;True;5380.00;2.74;5384;1.55;5380;2.54
60;40;12;5141;True;5141.00;0.21;5141;0.21;5141;0.35;7557;True;7557.00;1.50;7557;0.39;7557;0.42;6036;True;6036.00;0.89;6036;0.62;6036;0.54;5652;True;5652.00;2.54;5652;0.88;5652;1.35;4958;True;4958.00;2.85;4958;0.33;4958;1.14;4829;True;4829.00;2.44;4841;0.77;4829;1.12
60;40;13;5191;True;5191.00;1.80;5195;0.58;5191;2.59;7406;True;7406.00;3.76;7438;2.22;7406;1.70;6174;True;6174.00;2.14;6174;0.81;6174;0.78;5746;True;5746.00;5.86;5746;1.53;5746;3.27;5000;True;5000.00;12.24;5015;1.79;5000;5.10;4936;True;4936.00;8.78;4936;1.88;4936;4.02
60;40;14;4080;True;4080.00;1.77;4080;0.64;4080;1.48;5841;True;5841.00;0.30;5841;0.31;5841;0.34;4969;True;4969.00;8.19;4972;0.78;4969;3.12;4462;True;4462.00;2.29;4462;0.99;4462;1.90;3930;True;3930.00;12.77;3949;3.77;3930;4.50;3831;True;3831.00;2.06;3831;1.09;3831;1.52
60;40;15;5349;True;5349.00;13.63;5349;0.27;5349;21.38;7698;True;7698.00;0.92;7714;0.25;7698;0.40;6286;True;6286.00;3.26;6296;0.39;6286;0.90;5836;True;5836.00;0.64;5836;0.30;5836;0.37;5066;True;5066.00;1.12;5066;0.42;5066;0.45;4955;True;4955.00;3.41;4959;0.49;4955;1.48
60;40;16;4580;True;4580.00;254.62;4595;6.87;4580;120.00;6465;True;6465.00;8.53;6465;2.29;6465;6.86;5360;True;5360.00;1.83;5381;2.27;5360;1.18;4936;True;4936.00;7.83;4936;2.16;4936;3.73;4343;True;4343.00;45.96;4356;2.98;4343;74.77;4227;True;4227.00;105.10;4238;1.85;4227;93.81
60;40;17;5244;True;5244.00;2.38;5244;0.45;5244;1.10;7674;True;7674.00;2.31;7674;0.95;7674;0.93;6119;True;6119.00;4.40;6119;0.93;6119;1.78;5733;True;5733.00;2.25;5733;1.56;5733;1.42;5090;True;5090.00;9.64;5090;2.02;5090;3.04;4964;True;4964.00;26.60;4964;2.16;4964;15.38
60;40;18;5312;True;5312.00;0.52;5312;0.27;5312;0.23;7624;True;7624.00;0.08;7624;0.09;7624;0.10;6097;True;6097.00;2.45;6106;0.46;6097;0.92;5694;True;5694.00;2.28;5696;0.89;5694;0.99;5080;True;5080.00;1.33;5080;0.44;5080;0.84;4905;True;4905.00;1.53;4914;0.44;4905;0.77
60;40;19;5207;True;5207.00;15.77;5207;1.77;5207;21.53;7550;True;7550.00;5.90;7550;2.04;7550;4.60;6006;True;6006.00;9.44;6008;1.42;6006;5.09;5581;True;5581.00;18.68;5595;3.81;5581;10.79;4961;True;4961.00;52.26;4968;2.94;4961;52.36;4783;True;4783.00;49.64;4792;2.21;4783;38.66
60;40;20;5282;True;5282.00;12.18;5282;0.38;5282;24.85;7607;True;7607.00;1.67;7614;0.37;7607;0.66;6239;True;6239.00;0.59;6239;0.24;6239;0.20;5786;True;5786.00;1.95;5795;0.48;5786;0.69;5018;True;5018.00;0.56;5020;0.33;5018;0.39;4908;True;4908.00;0.85;4911;0.45;4908;0.81
60;40;21;4927;True;4927.00;12.95;4927;0.59;4927;19.11;7148;True;7148.00;1.47;7148;0.30;7148;0.60;5571;True;5571.00;6.60;5584;0.48;5571;1.89;5243;True;5243.00;81.01;5257;1.34;5243;58.76;4687;True;4687.00;0.78;4687;0.34;4687;0.38;4545;True;4545.00;11.06;4545;0.51;4545;11.51
60;40;22;5210;True;5210.00;17.11;5210;1.35;5210;11.50;7463;True;7463.00;6.31;7473;1.13;7463;2.36;6076;True;6076.00;4.74;6082;0.81;6076;1.01;5580;True;5580.00;0.20;5580;0.18;5580;0.18;4981;True;4981.00;5.32;4981;1.74;4981;1.95;4816;True;4816.00;5.94;4816;2.16;4816;2.79
60;40;23;5060;True;5060.00;104.33;5060;1.50;5060;120.00;7267;True;7267.00;5.26;7283;1.67;7267;1.71;5934;True;5934.00;9.78;5936;1.14;5934;3.46;5551;True;5551.00;25.24;5565;2.99;5551;8.50;4911;True;4911.00;62.76;4916;3.54;4911;31.85;4750;True;4750.00;3.82;4750;1.26;4750;2.25
60;40;24;5311;True;5311.00;59.94;5313;0.56;5311;120.00;7699;True;7699.00;2.07;7723;1.37;7699;0.77;6039;True;6039.00;0.82;6052;0.28;6039;0.23;5699;True;5699.00;2.19;5700;0.95;5699;1.09;5092;True;5092.00;9.68;5092;2.24;5092;5.11;4942;True;4942.00;3.73;4944;1.87;4942;3.21
60;40;25;5177;True;5177.00;76.87;5206;4.95;5177;120.00;7670;True;7670.00;3.76;7670;1.29;7670;4.09;6092;True;6092.00;5.33;6097;1.13;6092;2.96;5621;True;5621.00;1.24;5627;2.10;5621;1.53;5029;True;5029.00;17.87;5036;4.08;5029;10.73;4883;True;4883.00;22.06;4887;4.36;4883;8.94
60;40;26;4686;True;4686.00;107.29;4688;1.09;4686;120.00;6758;True;6758.00;9.46;6770;1.71;6758;4.06;5381;True;5381.00;1.05;5381;0.66;5381;0.45;4985;True;4985.00;2.89;4985;0.73;4985;1.64;4488;True;4488.00;15.30;4492;2.08;4488;10.31;4325;True;4325.00;0.92;4325;1.01;4325;1.43
60;40;27;5116;True;5116.00;4.19;5116;1.62;5116;13.84;7573;True;7573.00;32.62;7583;1.33;7573;18.80;5727;True;5727.00;2.53;5736;0.90;5727;0.83;5406;True;5406.00;2.52;5421;1.83;5406;2.41;4869;True;4869.00;23.80;4869;1.28;4869;11.90;4675;True;4675.00;5.45;4693;1.63;4675;4.35
60;40;28;5193;True;5193.00;9.88;5200;1.06;5193;4.94;7365;True;7365.00;5.12;7411;1.19;7365;2.96;5960;True;5960.00;7.09;5979;2.15;5960;2.45;5585;True;5585.00;47.19;5599;9.09;5585;36.37;4928;True;4928.00;45.61;4928;2.53;4928;27.59;4781;True;4781.00;96.68;4804;5.51;4781;120.00
60;40;29;5398;True;5398.00;2.16;5400;0.79;5398;4.79;7700;True;7700.00;1.37;7701;0.41;7700;0.51;6151;True;6151.00;0.12;6151;0.13;6151;0.13;5766;True;5766.00;2.33;5766;0.38;5766;0.88;5087;True;5087.00;0.95;5087;0.33;5087;0.51;4967;True;4967.00;0.99;4967;0.30;4967;0.34
60;40;30;5787;True;5787.00;7.07;5787;1.16;5787;37.19;8400;True;8400.00;12.21;8418;2.06;8400;6.37;6418;True;6418.00;1.97;6418;0.37;6418;0.52;5999;True;5999.00;3.88;5999;0.53;5999;1.00;5472;True;5472.00;15.87;5478;2.97;5472;16.78;5319;True;5319.00;4.83;5322;1.42;5319;4.07
60;40;31;4819;True;4819.00;8.14;4825;0.44;4819;4.63;6823;True;6823.00;2.54;6823;0.48;6823;0.79;5530;True;5530.00;0.21;5530;0.23;5530;0.22;5159;True;5159.00;2.12;5159;0.74;5159;1.00;4591;True;4591.00;3.85;4595;0.60;4591;1.70;4438;True;4438.00;5.20;4439;0.64;4438;2.44
60;40;32;5295;True;5295.00;3.02;5295;0.88;5295;120.00;7573;True;7573.00;1.24;7579;0.38;7573;0.56;6337;True;6337.00;0.80;6342;0.31;6337;0.36;5747;True;5747.00;1.43;5747;0.39;5747;0.49;5092;True;5092.00;4.25;5092;0.43;5092;2.18;4946;True;4946.00;1.87;4946;0.48;4946;0.81
60;40;33;4676;True;4676.00;1.41;4676;1.33;4676;1.24;6654;True;6654.00;0.70;6654;0.72;6654;0.82;5396;True;5396.00;2.80;5396;0.62;5396;1.95;4998;True;4998.00;3.64;4998;0.53;4998;1.71;4390;True;4390.00;3.97;4399;1.55;4390;1.76;4273;True;4273.00;12.99;4273;1.98;4273;5.54
60;40;34;5095;False;5069.49;TL;5095;0.95;5160;120.00;7339;True;7339.00;110.51;7378;1.18;7339;120.00;5858;True;5858.00;11.21;5867;0.81;5858;13.01;5462;True;5462.00;10.21;5468;1.22;5462;5.81;4806;True;4806.00;134.97;4816;1.76;4816;120.00;4678;True;4678.00;40.71;4695;1.32;4678;55.67
60;40;35;5237;True;5237.00;13.85;5237;0.69;5237;23.72;7572;True;7572.00;18.19;7590;1.99;7572;6.21;6028;True;6028.00;0.31;6028;0.33;6028;0.61;5564;True;5564.00;2.75;5572;0.73;5564;0.77;4980;True;4980.00;2.65;4987;2.47;4980;1.58;4804;True;4804.00;25.61;4805;1.83;4804;18.01
60;40;36;5231;True;5231.00;8.86;5231;1.66;5231;23.80;7547;True;7547.00;9.79;7547;0.75;7547;3.30;6118;True;6118.00;9.74;6118;2.54;6118;2.97;5717;True;5717.00;15.82;5733;2.23;5717;4.15;5101;True;5101.00;59.27;5101;1.67;5101;21.33;4959;True;4959.00;7.00;4972;2.32;4959;2.49
60;40;37;5423;True;5423.00;10.69;5423;0.19;5423;21.53;7878;True;7878.00;0.50;7878;0.33;7878;0.25;6077;True;6077.00;0.41;6077;0.29;6077;0.21;5732;True;5732.00;4.42;5732;0.31;5732;2.27;5085;True;5085.00;0.74;5085;0.33;5085;0.30;4933;True;4933.00;1.54;4937;0.69;4933;1.16
60;40;38;5170;True;5170.00;3.87;5180;0.56;5170;2.78;7457;True;7457.00;2.95;7462;0.86;7457;0.94;6017;True;6017.00;0.56;6035;0.29;6017;0.24;5598;True;5598.00;1.96;5598;0.54;5598;0.81;4931;True;4931.00;7.75;4931;1.48;4931;3.69;4792;True;4792.00;1.88;4802;0.68;4792;1.37
60;40;39;5118;True;5118.00;373.75;5129;1.78;5118;120.00;7313;True;7313.00;2.90;7313;0.67;7313;1.30;5755;True;5755.00;11.40;5759;1.45;5755;7.56;5405;True;5405.00;21.83;5407;1.62;5405;8.81;4787;True;4787.00;4.08;4787;1.51;4787;1.29;4719;True;4719.00;269.75;4725;1.49;4719;120.00
60;50;0;7029;True;7029.00;1.30;7029;1.09;7029;0.51;10255;True;10255.00;4.61;10255;1.50;10255;1.94;8243;True;8243.00;1.26;8243;1.33;8243;0.73;7631;True;7631.00;3.64;7631;1.73;7631;3.07;6792;True;6792.00;3.93;6792;2.18;6792;2.42;6596;True;6596.00;2.87;6606;1.89;6596;2.75
60;50;1;6107;True;6107.00;362.02;6107;1.92;6107;120.00;8954;True;8954.00;315.68;9005;23.04;8961;120.00;7127;True;7127.00;195.87;7159;9.65;7128;120.00;6646;True;6646.00;268.15;6650;24.95;6649;120.00;5838;True;5838.00;8.93;5842;2.68;5838;3.44;5699;True;5699.00;13.28;5710;8.44;5699;11.74
60;50;2;5699;True;5699.00;5.33;5699;2.43;5699;3.09;8103;True;8103.00;4.56;8112;1.27;8103;1.30;6696;True;6696.00;19.61;6714;4.67;6696;7.19;6251;True;6251.00;8.94;6252;1.31;6251;4.68;5444;True;5444.00;3.98;5455;2.93;5444;1.91;5296;True;5296.00;2.81;5296;1.66;5296;2.36
60;50;3;6054;True;6054.00;15.01;6060;3.56;6054;34.99;8839;True;8839.00;51.33;8841;8.30;8839;17.37;6865;True;6865.00;2.64;6865;1.57;6865;2.11;6490;True;6490.00;41.16;6495;3.57;6490;21.99;5774;True;5774.00;26.41;5789;5.08;5774;12.08;5614;True;5614.00;90.45;5627;22.41;5614;71.47
60;50;4;6609;False;6588.10;TL;6630;3.38;6633;120.00;9523;True;9523.00;71.65;9534;4.92;9523;43.05;7594;True;7594.00;18.04;7613;2.19;7594;9.83;7105;True;7105.00;21.26;7105;1.88;7105;14.15;6297;True;6297.00;40.07;6306;2.33;6297;34.40;6075;True;6075.00;12.10;6079;1.87;6075;10.90
60;50;5;6072;True;6072.00;274.16;6072;4.55;6077;120.00;8619;True;8619.00;59.21;8634;3.20;8619;29.33;6857;True;6857.00;8.93;6868;2.71;6857;7.70;6419;True;6419.00;163.77;6431;8.29;6419;114.31;5776;True;5776.00;105.30;5794;5.96;5801;120.00;5606;True;5606.00;2007.81;5606;5.47;5613;120.00
60;50;6;5756;True;5756.00;2.92;5756;2.23;5756;2.46;8418;True;8418.00;8.16;8456;5.94;8418;3.30;6832;True;6832.00;13.02;6854;3.55;6832;2.75;6317;True;6317.00;29.36;6326;2.79;6317;14.70;5535;True;5535.00;2.23;5535;1.82;5535;0.95;5371;True;5371.00;11.21;5381;3.02;5371;7.95
60;50;7;6093;True;6093.00;324.91;6100;3.38;6093;120.00;8757;True;8757.00;108.91;8757;3.36;8757;86.24;7123;True;7123.00;31.50;7129;2.39;7123;30.68;6511;True;6511.00;48.26;6522;6.57;6511;57.00;5781;True;5781.00;8.98;5790;5.25;5781;2.73;5630;True;5630.00;188.46;5634;2.04;5630;120.00
60;50;8;6660;True;6660.00;2.67;6660;2.39;6660;3.30;9674;True;9674.00;197.89;9711;2.80;9689;120.00;7622;True;7622.00;114.82;7646;12.42;7622;112.30;7112;True;7112.00;188.77;7115;3.84;7121;120.00;6432;True;6432.00;4.42;6432;1.48;6432;1.07;6195;True;6195.00;42.34;6195;3.52;6195;27.45
60;50;9;6373;True;6373.00;12.61;6377;1.64;6374;120.00;9401;True;9401.00;6.25;9414;0.95;9401;1.73;7325;True;7325.00;3.35;7325;0.60;7325;1.40;6834;True;6834.00;11.68;6847;1.52;6834;5.35;6084;True;6084.00;11.18;6085;1.15;6084;4.30;5900;True;5900.00;9.16;5900;1.72;5900;4.59
60;50;10;7061;False;7041.00;TL;7065;1.39;7065;120.00;10267;False;10261.20;TL;10297;2.59;10281;120.00;8260;True;8260.00;271.69;8285;1.16;8296;120.00;7710;True;7710.00;324.14;7733;3.64;7767;120.00;6796;False;6771.88;TL;6796;1.86;6853;120.00;6552;True;6552.00;7.47;6564;1.10;6552;9.51
60;50;11;6856;True;6856.00;9.38;6872;1.87;6856;120.00;9811;True;9811.00;0.93;9826;0.48;9811;0.27;7891;True;7891.00;2.29;7899;0.67;7891;0.68;7348;True;7348.00;7.99;7353;1.05;7348;3.01;6530;True;6530.00;5.11;6533;1.63;6530;1.76;6312;True;6312.00;1.38;6325;0.77;6312;0.83
60;50;12;6262;True;6262.00;198.45;6262;0.80;6262;120.00;9321;True;9321.00;4.86;9323;2.50;9321;1.71;7231;True;7231.00;0.25;7231;0.30;7231;0.28;6746;True;6746.00;8.66;6747;0.94;6746;4.30;5992;True;5992.00;14.96;5993;1.18;5992;4.68;5854;True;5854.00;22.18;5856;2.97;5854;16.40
60;50;13;5448;False;5439.22;TL;5476;5.44;5448;120.00;7955;True;7955.00;312.59;7995;8.32;7960;120.00;6377;True;6377.00;15.78;6404;6.60;6377;8.59;5947;True;5947.00;533.18;5985;17.12;5948;120.00;5273;True;5273.00;197.81;5299;29.06;5278;120.00;5134;True;5134.00;29.73;5148;7.90;5134;45.81
60;50;14;7188;True;7186.79;TL;7192;1.75;7192;120.00;10376;True;10376.00;4.30;10384;0.58;10376;1.59;8315;True;8315.00;9.84;8319;1.37;8315;3.99;7828;True;7828.00;5.69;7835;1.54;7828;2.77;6793;True;6793.00;0.22;6793;0.25;6793;0.25;6627;True;6627.00;2.15;6632;0.74;6627;0.99
60;50;15;6796;True;6796.00;2.61;6802;0.68;6796;4.38;9796;True;9796.00;17.13;9796;1.64;9796;4.89;7739;True;7739.00;4.40;7744;0.54;7739;1.56;7253;True;7253.00;6.98;7260;1.58;7253;3.13;6529;True;6529.00;12.41;6534;1.98;6529;5.81;6247;True;6247.00;0.57;6247;0.59;6247;0.63
60;50;16;6826;True;6826.00;5.29;6845;2.58;6826;19.33;9749;True;9749.00;3.54;9749;0.50;9749;0.61;8085;True;8085.00;7.44;8086;0.94;8085;1.95;7435;True;7435.00;7.76;7437;1.22;7435;3.44;6581;True;6581.00;17.86;6595;2.20;6581;9.07;6358;True;6358.00;6.06;6372;2.07;6358;1.86
60;50;17;6659;False;6642.95;TL;6679;1.57;6682;120.00;9593;True;9593.00;82.72;9624;5.20;9593;116.35;7717;True;7717.00;4.31;7717;0.53;7717;1.91;7186;True;7186.00;77.09;7198;4.28;7186;62.04;6353;True;6353.00;40.85;6364;2.72;6353;65.96;6227;True;6225.96;TL;6242;5.96;6231;120.00
60;50;18;6601;True;6601.00;20.92;6604;0.83;6601;59.28;9312;True;9312.00;5.43;9333;1.04;9312;2.10;7443;True;7443.00;6.46;7443;0.68;7443;1.50;6958;True;6958.00;19.61;6958;1.07;6958;8.13;6221;True;6221.00;2.72;6221;0.53;6221;1.18;6027;True;6027.00;6.11;6027;1.61;6027;3.08
60;50;19;6241;True;6241.00;6.10;6247;2.17;6241;4.85;9250;True;9250.00;17.61;9251;2.72;9250;5.94;7334;True;7334.00;10.54;7335;2.41;7334;4.31;6813;True;6813.00;3.08;6813;1.06;6813;1.95;6030;True;6030.00;12.92;6031;1.94;6030;4.14;5912;True;5912.00;38.43;5918;3.58;5912;26.07
60;50;20;6292;True;6292.00;2682.60;6292;1.56;6292;120.00;9264;True;9264.00;12.37;9267;0.75;9264;4.26;7269;True;7269.00;5.39;7269;0.69;7269;2.04;6732;True;6732.00;4.55;6738;0.69;6732;3.84;6018;True;6018.00;8.17;6022;2.07;6018;5.00;5791;True;5791.00;1.35;5794;0.79;5791;0.71
60;50;21;5978;True;5978.00;38.42;5983;1.23;5978;113.44;8621;True;8621.00;4.01;8621;0.65;8621;1.21;6883;True;6883.00;3.80;6883;0.82;6883;0.89;6419;True;6419.00;7.20;6421;2.19;6419;3.27;5719;True;5719.00;19.70;5722;0.90;5719;7.01;5574;True;5574.00;55.22;5596;3.19;5574;89.13
60;50;22;5630;True;5630.00;4.29;5630;1.36;5630;6.58;8166;True;8166.00;13.82;8177;3.20;8166;5.59;6809;True;6809.00;13.42;6822;1.60;6809;4.91;6258;True;6258.00;11.26;6279;2.11;6258;6.39;5474;True;5474.00;6.48;5474;2.22;5474;2.37;5296;True;5296.00;7.32;5311;1.12;5296;4.58
60;50;23;6592;False;6588.87;TL;6592;2.18;6602;120.00;9620;True;9620.00;4.41;9620;2.26;9620;1.49;7669;True;7669.00;2.38;7744;3.63;7669;1.22;7095;True;7095.00;8.05;7102;2.22;7095;4.32;6363;True;6363.00;36.86;6365;4.44;6363;16.40;6151;True;6151.00;45.60;6152;2.97;6151;35.41
60;50;24;6844;False;6829.80;TL;6847;2.24;6844;120.00;10053;True;10053.00;34.15;10070;6.24;10053;34.49;7929;True;7929.00;67.84;7949;5.87;7929;45.26;7302;True;7302.00;28.68;7305;3.94;7302;13.13;6489;True;6489.00;145.89;6494;5.24;6489;120.00;6307;True;6307.00;51.99;6317;3.76;6307;36.32
60;50;25;6220;True;6220.00;271.66;6220;3.40;6220;120.00;8990;True;8990.00;51.34;9005;2.63;8990;16.21;7196;True;7196.00;17.71;7200;2.61;7196;8.87;6738;True;6738.00;45.33;6744;4.04;6738;21.05;5968;True;5968.00;3.14;5968;2.85;5968;2.98;5786;True;5786.00;76.28;5804;11.00;5786;47.21
60;50;26;6747;True;6747.00;370.14;6747;2.10;6747;120.00;9844;True;9844.00;5.17;9847;1.68;9844;1.36;7880;True;7880.00;6.78;7885;0.71;7880;1.73;7360;True;7360.00;3.51;7362;0.73;7360;1.36;6555;True;6555.00;13.48;6555;1.69;6555;5.75;6393;True;6393.00;37.53;6400;1.87;6393;28.42
60;50;27;6032;True;6032.00;10.44;6035;2.84;6032;6.97;8792;True;8792.00;63.01;8818;34.14;8792;68.02;7104;True;7104.00;16.75;7104;4.02;7104;7.40;6596;True;6596.00;37.72;6603;6.38;6596;21.72;5888;True;5888.00;9.99;5899;20.61;5888;4.39;5702;True;5702.00;62.15;5702;11.68;5702;74.78
60;50;28;6361;True;6361.00;2.21;6361;1.62;6361;0.72;9335;True;9335.00;5.39;9363;2.63;9335;3.20;7364;True;7364.00;7.28;7372;2.79;7364;2.72;6842;True;6842.00;1.31;6842;2.50;6842;1.17;6023;True;6023.00;9.14;6031;4.80;6023;4.57;5884;True;5884.00;1.15;5884;1.98;5884;1.33
60;50;29;6327;True;6327.00;6.14;6328;1.06;6327;13.96;9218;True;9218.00;8.25;9219;0.67;9218;3.68;7319;True;7319.00;5.63;7326;0.62;7319;2.18;6780;True;6780.00;4.41;6780;0.73;6780;2.94;6002;True;6002.00;6.75;6002;0.67;6002;1.97;5813;True;5813.00;6.82;5823;1.11;5813;3.26
60;50;30;6841;True;6841.00;1.07;6841;0.40;6841;0.38;9872;True;9872.00;2.70;9872;0.55;9872;0.88;7898;True;7898.00;19.83;7902;1.96;7898;9.62;7376;True;7376.00;17.18;7376;1.65;7376;6.27;6602;True;6602.00;27.97;6602;2.36;6602;19.15;6416;True;6416.00;16.60;6424;2.57;6416;12.42
60;50;31;6980;True;6980.00;2733.57;6984;1.63;6980;120.00;9989;True;9989.00;4.65;9989;1.47;9989;1.55;8052;True;8052.00;2.70;8073;0.59;8052;1.05;7563;True;7563.00;9.09;7563;0.61;7563;6.08;6608;True;6608.00;2.93;6615;1.56;6608;1.36;6438;True;6438.00;2.01;6438;1.25;6438;1.55
60;50;32;6625;True;6625.00;318.21;6625;2.03;6632;120.00;9451;True;9451.00;2.38;9470;2.57;9451;1.12;7823;True;7823.00;179.16;7831;4.54;7823;120.00;7261;True;7261.00;192.05;7293;14.16;7261;120.00;6391;True;6391.00;23.40;6406;3.19;6391;23.47;6254;True;6254.00;197.00;6261;19.31;6259;120.00
60;50;33;6607;False;6596.82;TL;6607;1.39;6612;120.00;9581;True;9581.00;4.21;9592;1.06;9581;1.50;7568;True;7568.00;17.88;7584;2.56;7568;6.27;7084;True;7084.00;25.21;7102;2.25;7084;15.45;6331;True;6331.00;5.52;6335;1.98;6331;4.02;6145;True;6145.00;32.31;6152;1.95;6145;21.54
60;50;34;7227;False;7218.36;TL;7231;1.36;7227;120.00;10071;True;10071.00;2.06;10076;0.46;10071;0.63;8400;True;8400.00;9.91;8449;2.30;8400;4.94;7861;True;7861.00;132.35;7884;1.49;7861;120.00;6888;True;6888.00;34.27;6896;2.00;6888;31.78;6760;True;6760.00;10.53;6780;2.01;6760;7.68
60;50;35;6245;True;6243.03;TL;6245;3.55;6249;120.00;8885;True;8885.00;34.99;8921;5.59;8885;14.41;6949;True;6949.00;71.62;6966;6.54;6949;67.14;6594;True;6594.00;215.68;6630;26.04;6596;120.00;5936;True;5936.00;141.95;5953;10.91;5940;120.00;5721;True;5721.00;259.62;5737;10.50;5721;120.00
60;50;36;6374;True;6372.73;TL;6374;1.94;6374;120.00;9338;True;9338.00;86.90;9348;3.65;9338;33.22;7167;True;7167.00;8.04;7173;1.08;7167;2.39;6721;True;6721.00;6.37;6725;1.50;6721;5.52;6054;True;6054.00;3.61;6054;2.26;6054;1.54;5880;True;5880.00;9.95;5887;3.11;5880;5.01
60;50;37;5609;True;5609.00;3135.89;5609;4.27;5609;120.00;8181;True;8181.00;52.50;8185;11.04;8181;19.65;6395;True;6395.00;55.01;6406;4.84;6395;21.10;5975;True;5975.00;15.99;5982;6.50;5975;6.48;5382;True;5382.00;35.59;5401;7.05;5382;24.77;5237;True;5237.00;48.08;5241;10.22;5237;28.23
60;50;38;6325;True;6325.00;2.78;6329;1.55;6325;1.38;9264;True;9264.00;8.17;9281;3.02;9264;4.63;7598;True;7598.00;5.42;7598;1.69;7598;2.16;7006;True;7006.00;3.33;7006;1.43;7006;2.29;6155;True;6155.00;7.21;6155;1.54;6155;3.98;5966;True;5966.00;6.41;5966;0.71;5966;2.99
60;50;39;6861;True;6861.00;21.50;6861;1.54;6863;120.00;9997;True;9997.00;18.22;9999;2.37;9997;5.97;8015;True;8015.00;1.42;8039;0.78;8015;0.77;7439;True;7439.00;2.81;7446;0.85;7439;1.23;6577;True;6577.00;16.22;6588;2.72;6577;5.22;6369;True;6369.00;8.93;6382;2.54;6369;4.37
60;60;0;7656;True;7656.00;346.50;7656;6.50;7656;120.00;11251;True;11251.00;58.07;11253;6.12;11251;62.23;8980;True;8980.00;28.54;8993;5.50;8980;14.84;8290;True;8290.00;24.19;8305;4.71;8290;9.60;7339;True;7339.00;35.25;7339;5.02;7339;17.31;7147;True;7147.00;153.28;7147;8.17;7147;84.16
60;60;1;7518;False;7481.46;TL;7561;7.97;7546;120.00;10827;True;10827.00;19.04;10827;2.98;10827;6.52;8674;True;8674.00;1061.87;8698;25.29;8685;120.00;8049;True;8049.00;86.83;8072;10.13;8049;68.66;7237;False;7229.22;TL;7255;15.81;7324;120.00;6966;True;6966.00;439.69;6966;20.46;6966;120.00
60;60;2;7130;True;7130.00;21.42;7131;2.42;7130;17.47;10342;True;10342.00;13.35;10342;1.06;10342;11.61;8353;True;8353.00;7.88;8389;4.96;8353;7.14;7788;True;7788.00;32.91;7788;2.91;7788;26.21;6867;True;6867.00;8.84;6880;2.95;6867;8.85;6722;True;6722.00;32.21;6738;5.74;6722;24.41
60;60;3;8212;True;8208.38;TL;8216;2.84;8216;120.00;11945;True;11945.00;3196.62;11968;8.36;11950;120.00;9577;True;9577.00;50.11;9579;6.09;9577;24.40;8957;True;8957.00;867.71;8959;11.52;8959;120.00;7922;True;7922.00;159.19;7965;7.69;7922;120.00;7698;True;7698.00;322.52;7705;7.35;7698;120.00
60;60;4;7781;True;7779.43;TL;7781;5.75;7781;120.00;11210;True;11210.00;9.27;11244;8.55;11210;3.83;8788;True;8788.00;45.04;8791;3.12;8788;29.44;8224;True;8224.00;113.69;8251;25.76;8224;78.24;7396;True;7396.00;160.19;7400;33.60;7396;120.00;7117;True;7117.00;696.51;7142;78.86;7130;120.00
60;60;5;7107;True;7107.00;1880.10;7107;9.35;7109;120.00;10286;True;10286.00;15.62;10286;6.58;10286;9.06;7969;True;7969.00;53.49;7973;4.89;7969;55.20;7545;True;7545.00;32.85;7555;9.47;7545;31.36;6798;True;6798.00;249.97;6805;21.44;6798;120.00;6575;True;6575.00;31.70;6576;8.48;6575;12.27
60;60;6;7284;True;7284.00;62.72;7289;4.36;7284;120.00;10602;True;10602.00;48.87;10619;7.98;10602;34.98;8573;True;8573.00;4.38;8574;2.37;8573;2.99;7900;True;7900.00;24.27;7900;2.60;7900;16.99;6997;True;6997.00;31.45;7004;4.21;6997;21.84;6854;True;6854.00;16.13;6865;3.84;6854;22.06
60;60;7;7691;True;7691.00;1412.43;7691;4.98;7691;120.00;11092;True;11092.00;12.96;11103;5.65;11092;7.11;8836;True;8836.00;97.18;8837;5.64;8836;46.75;8171;True;8171.00;7.88;8181;6.86;8171;10.70;7420;True;7420.00;617.40;7430;24.62;7426;120.00;7186;True;7186.00;85.42;7199;8.70;7186;49.61
60;60;8;7567;False;7559.78;TL;7572;3.54;7567;120.00;10711;True;10711.00;124.91;10741;8.88;10711;78.49;8483;True;8483.00;18.65;8512;3.57;8483;23.41;7951;True;7951.00;225.54;7959;3.37;7951;120.00;7183;True;7183.00;41.16;7184;2.91;7183;23.49;6930;True;6930.00;1806.01;6941;9.90;6947;120.00
60;60;9;7114;True;7112.98;TL;7117;2.80;7114;120.00;10358;True;10358.00;113.28;10365;4.54;10358;42.63;8240;True;8240.00;86.12;8256;12.86;8240;56.76;7635;True;7635.00;29.20;7637;5.26;7635;15.08;6789;True;6789.00;112.98;6793;14.09;6789;72.25;6548;True;6548.00;36.45;6557;8.34;6548;19.43
60;60;10;8153;False;8132.55;TL;8153;6.65;8158;120.00;11827;True;11827.00;6.34;11855;9.38;11827;3.69;9391;True;9391.00;33.11;9408;3.18;9391;30.73;8795;True;8795.00;72.04;8810;5.93;8795;40.31;7839;True;7839.00;7.52;7839;4.62;7839;3.97;7543;True;7543.00;25.46;7543;6.97;7543;29.51
60;60;11;7786;True;7786.00;308.46;7791;5.67;7786;120.00;11137;True;11137.00;83.26;11166;8.15;11137;34.20;9146;True;9146.00;51.38;9153;3.80;9146;38.85;8316;True;8316.00;15.01;8326;2.74;8316;7.40;7420;True;7420.00;106.13;7420;6.10;7420;85.30;7190;True;7190.00;175.44;7191;4.61;7190;85.14
60;60;12;7163;True;7163.00;12.53;7170;2.70;7163;31.74;10507;True;10507.00;0.59;10507;0.58;10507;1.08;8401;True;8401.00;15.80;8403;4.91;8401;7.16;7769;True;7769.00;17.50;7781;4.67;7769;10.53;6934;True;6934.00;54.62;6939;4.24;6934;29.58;6680;True;6680.00;7.25;6710;5.01;6680;5.87
60;60;13;7659;True;7659.00;13.45;7659;3.96;7662;120.00;10873;True;10873.00;83.55;10878;8.95;10873;77.51;9031;True;9031.00;47.81;9036;6.77;9031;63.96;8362;True;8362.00;23.58;8368;5.88;8362;10.57;7434;True;7434.00;731.10;7450;8.35;7468;120.00;7220;True;7220.00;77.47;7244;8.48;7220;45.22
60;60;14;7100;True;7100.00;2498.73;7116;7.03;7100;120.00;9997;True;9997.00;308.84;10005;35.40;10005;120.00;8241;True;8241.00;66.53;8265;11.97;8241;24.36;7655;True;7655.00;23.99;7669;17.25;7655;15.77;6801;True;6801.00;11.49;6827;64.10;6801;6.30;6653;True;6653.00;439.73;6662;110.96;6657;120.00
60;60;15;7051;True;7032.90;TL;7074;3.89;7074;120.00;9874;True;9874.00;576.15;9917;19.32;9923;120.00;8203;True;8203.00;2016.74;8209;31.78;8255;120.00;7563;True;7563.00;690.63;7568;10.09;7571;120.00;6742;True;6742.00;694.53;6776;44.09;6840;120.00;6508;True;6508.00;150.49;6513;9.56;6508;120.00
60;60;16;7453;True;7453.00;88.63;7454;0.81;7453;120.00;10766;True;10766.00;4.03;10789;3.35;10766;4.19;8719;True;8719.00;85.04;8727;3.07;8719;58.64;8160;True;8160.00;22.90;8174;6.48;8160;19.90;7217;True;7217.00;31.72;7218;2.38;7217;16.54;7011;True;7011.00;99.81;7014;7.56;7011;97.26
60;60;17;7583;True;7583.00;26.16;7583;1.92;7583;40.00;10572;True;10572.00;18.37;10577;2.56;10572;10.36;8790;True;8790.00;50.70;8810;9.72;8790;101.67;8170;True;8170.00;24.42;8199;4.71;8170;27.18;7233;True;7233.00;7.75;7233;1.29;7233;3.99;7060;True;7060.00;4.58;7090;6.63;7060;1.99
60;60;18;8473;True;8473.00;2.53;8473;1.39;8473;120.00;12435;True;12435.00;19.52;12450;3.16;12435;10.80;9577;True;9577.00;12.77;9584;1.10;9577;5.46;8951;True;8951.00;19.89;8954;2.37;8951;16.87;8118;True;8118.00;7.24;8119;2.30;8118;3.87;7743;True;7743.00;42.80;7745;2.46;7743;16.75
60;60;19;7799;True;7799.00;751.65;7802;5.16;7800;120.00;11285;True;11285.00;30.03;11285;6.44;11285;11.87;9044;True;9044.00;26.97;9046;3.67;9044;12.93;8366;True;8366.00;18.87;8371;2.58;8366;6.38;7513;True;7513.00;121.27;7516;4.08;7513;120.00;7262;True;7262.00;46.77;7266;3.87;7262;30.26
60;60;20;6964;False;6956.11;TL;6965;14.48;6969;120.00;9933;True;9933.00;2187.59;9973;6.74;9935;120.00;8094;True;8094.00;76.44;8128;47.71;8094;47.11;7570;True;7570.00;113.38;7585;17.43;7570;109.18;6636;True;6636.00;2669.82;6649;54.70;6643;120.00;6480;True;6480.00;268.74;6495;47.52;6500;120.00
60;60;21;7768;True;7768.00;1964.39;7768;2.56;7768;120.00;11331;True;11331.00;3.41;11331;1.18;11331;2.13;8963;True;8963.00;9.10;8974;0.80;8963;3.39;8281;True;8281.00;8.44;8296;1.78;8281;4.33;7427;True;7427.00;7.20;7427;1.16;7427;2.38;7203;True;7203.00;45.32;7206;2.51;7203;32.48
60;60;22;7725;True;7725.00;1.03;7725;0.67;7725;0.65;11227;True;11227.00;27.09;11227;2.34;11227;8.34;8984;True;8984.00;26.43;8986;1.24;8984;18.03;8467;True;8467.00;23.23;8475;2.28;8467;21.70;7427;True;7427.00;44.93;7434;2.92;7427;15.75;7228;True;7228.00;18.94;7232;2.62;7228;12.39
60;60;23;8337;True;8337.00;3.97;8337;1.84;8337;6.22;11898;True;11898.00;43.60;11922;5.41;11898;14.75;9659;True;9659.00;79.77;9665;9.66;9659;109.29;8972;True;8972.00;94.62;8979;7.71;8972;36.33;7908;True;7908.00;36.33;7915;5.54;7908;12.09;7732;True;7732.00;183.52;7758;18.45;7732;120.00
60;60;24;7744;True;7744.00;1714.70;7744;3.63;7744;120.00;11173;True;11173.00;303.16;11179;14.86;11184;120.00;8968;True;8968.00;16.79;8973;3.42;8968;8.03;8299;True;8299.00;8.88;8305;4.14;8299;6.17;7406;True;7406.00;159.98;7406;10.68;7406;120.00;7214;True;7214.00;134.82;7217;11.51;7219;120.00
60;60;25;8091;True;8091.00;148.68;8095;2.82;8091;120.00;11735;True;11735.00;406.11;11779;6.71;11765;120.00;9418;True;9418.00;122.90;9455;4.44;9426;120.00;8819;True;8819.00;1352.42;8871;16.14;8859;120.00;7754;False;7746.06;TL;7767;5.66;7834;120.00;7528;True;7528.00;484.51;7528;5.76;7528;120.00
60;60;26;7786;True;7786.00;4.38;7786;0.61;7786;120.00;11284;True;11284.00;33.69;11287;3.13;11284;12.68;8899;True;8899.00;6.01;8899;0.81;8899;2.29;8408;True;8408.00;67.99;8415;4.28;8408;44.29;7442;True;7442.00;23.23;7443;2.98;7442;8.73;7218;True;7218.00;3.00;7221;1.63;7218;2.29
60;60;27;7644;True;7644.00;1583.70;7644;4.37;7644;120.00;11100;True;11100.00;119.08;11105;9.09;11100;99.73;8916;True;8916.00;71.67;8934;7.45;8916;44.48;8269;True;8269.00;28.57;8270;4.52;8269;22.35;7389;True;7389.00;27.34;7396;7.64;7389;27.13;7187;True;7187.00;24.81;7195;3.81;7187;11.06
60;60;28;6941;True;6941.00;662.65;6945;25.87;6941;120.00;10201;True;10201.00;254.56;10219;29.81;10201;120.00;8268;True;8268.00;11.20;8269;5.03;8268;5.95;7673;True;7673.00;34.90;7675;5.75;7673;24.97;6745;True;6745.00;234.15;6776;58.58;6753;120.00;6615;True;6615.00;139.23;6622;7.23;6615;109.24
60;60;29;7727;False;7704.26;TL;7732;1.97;7727;120.00;11269;True;11269.00;28.46;11272;3.70;11269;14.10;8839;True;8839.00;13.26;8846;4.27;8839;10.57;8311;True;8311.00;43.43;8318;5.03;8311;32.80;7397;True;7397.00;7.27;7416;5.70;7397;4.33;7225;True;7225.00;180.94;7230;21.12;7230;120.00
60;60;30;7144;True;7144.00;137.60;7145;6.20;7144;120.00;10313;True;10313.00;8.18;10335;2.43;10313;3.48;8342;True;8342.00;47.80;8342;2.86;8342;21.44;7790;True;7790.00;73.03;7800;17.67;7790;64.24;6926;True;6926.00;45.70;6926;6.81;6926;26.11;6742;True;6742.00;157.03;6754;15.61;6742;80.01
60;60;31;7491;True;7491.00;9.28;7492;2.27;7491;120.00;10622;True;10622.00;22.59;10641;3.67;10622;11.27;8556;True;8556.00;10.60;8556;5.99;8556;4.83;8036;True;8036.00;22.71;8038;5.03;8036;12.02;7123;True;7123.00;2.26;7123;1.26;7123;2.12;6933;True;6933.00;40.42;6946;9.85;6933;39.27
60;60;32;7779;True;7779.00;34.68;7781;2.00;7779;120.00;11254;True;11254.00;22.80;11275;3.46;11254;8.19;9215;True;9215.00;25.18;9232;3.30;9215;11.18;8517;True;8517.00;29.42;8528;3.13;8517;19.51;7500;True;7500.00;82.71;7502;6.51;7500;52.32;7311;True;7311.00;293.91;7311;8.47;7311;116.51
60;60;33;7740;False;7732.23;TL;7747;10.01;7740;120.00;10930;True;10930.00;85.96;10930;17.56;10930;59.14;8908;True;8908.00;43.83;8913;3.29;8908;21.00;8257;True;8257.00;29.54;8262;4.48;8257;14.66;7368;True;7368.00;293.30;7370;10.56;7372;120.00;7168;True;7168.00;544.96;7174;36.89;7172;120.00
60;60;34;7275;True;7275.00;8.45;7275;1.02;7275;71.21;10337;True;10337.00;6.06;10337;3.69;10337;1.74;8181;True;8181.00;20.46;8186;1.70;8181;11.04;7687;True;7687.00;23.29;7704;4.81;7687;21.66;6912;True;6912.00;255.11;6912;8.69;6920;120.00;6667;True;6667.00;56.21;6677;8.20;6667;57.85
60;60;35;7651;False;7642.27;TL;7652;3.57;7651;120.00;10981;True;10974.60;TL;11006;3.34;11024;120.00;8956;True;8954.18;TL;8977;7.69;8995;120.00;8231;True;8231.00;557.43;8260;8.89;8231;120.00;7362;True;7362.00;400.95;7373;27.04;7368;120.00;7083;True;7083.00;56.50;7088;8.87;7083;108.72
60;60;36;7570;True;7570.00;8.58;7576;5.75;7570;22.44;11132;True;11132.00;33.25;11144;4.63;11132;20.24;8747;True;8747.00;40.85;8749;4.05;8747;12.99;8213;True;8213.00;128.73;8219;8.59;8213;103.73;7349;True;7349.00;28.49;7363;9.03;7349;10.31;7112;True;7112.00;95.89;7122;11.29;7112;42.17
60;60;37;6638;True;6638.00;1645.81;6640;3.46;6638;120.00;9621;True;9621.00;31.97;9645;7.13;9621;12.51;7705;True;7705.00;27.56;7716;4.59;7705;21.04;7133;True;7133.00;24.33;7137;2.75;7133;12.09;6402;True;6402.00;36.22;6417;4.12;6402;35.58;6134;True;6134.00;62.47;6145;7.78;6134;69.07
60;60;38;7163;True;7163.00;2199.03;7164;15.05;7163;120.00;10377;True;10377.00;36.64;10395;6.71;10377;19.41;8170;True;8170.00;15.11;8184;5.79;8170;5.80;7616;True;7616.00;10.36;7635;5.13;7616;4.79;6816;True;6816.00;33.41;6824;10.39;6816;12.47;6634;True;6634.00;271.48;6653;69.20;6642;120.00
60;60;39;7249;True;7249.00;38.68;7254;2.03;7249;120.00;10342;True;10342.00;19.18;10348;4.96;10342;12.38;8468;True;8468.00;19.25;8485;6.60;8468;9.59;7912;True;7912.00;65.44;7927;7.15;7912;58.64;6989;True;6989.00;35.24;6996;3.85;6989;19.92;6824;True;6824.00;25.53;6836;14.43;6824;15.27
60;70;0;9105;False;9080.29;TL;9105;4.73;9401;120.00;12997;False;12989.80;TL;12997;13.73;13027;120.00;10427;True;10427.00;310.40;10432;4.04;10429;120.00;9671;True;9671.00;113.61;9682;6.76;9673;120.00;8635;True;8635.00;37.26;8659;14.85;8635;26.99;8442;True;8442.00;53.70;8442;6.67;8442;108.10
60;70;1;9690;True;9690.00;606.80;9691;4.15;9710;120.00;14051;True;14051.00;998.16;14103;44.18;14083;120.00;11482;True;11482.00;85.90;11518;12.48;11482;60.30;10579;True;10579.00;189.80;10604;4.20;10581;120.00;9331;False;9300.25;TL;9334;9.27;9417;120.00;9086;True;9084.79;TL;9114;10.62;9134;120.00
60;70;2;8728;False;8713.94;TL;8745;16.33;8752;120.00;12658;True;12658.00;1622.92;12666;71.70;12659;120.00;9959;True;9959.00;198.67;9966;9.82;9959;120.00;9323;True;9323.00;15.77;9344;4.47;9323;5.37;8302;True;8302.00;1092.85;8323;39.29;8328;120.00;8073;True;8073.00;1401.98;8076;34.60;8083;120.00
60;70;3;8052;True;8052.00;395.73;8067;12.85;8052;120.00;11629;True;11629.00;102.78;11630;6.95;11629;59.72;9409;True;9409.00;4.84;9409;1.48;9409;1.92;8769;True;8769.00;58.97;8790;11.00;8769;84.81;7779;True;7779.00;426.76;7785;14.28;7780;120.00;7629;True;7629.00;1157.83;7644;104.76;7642;120.00
60;70;4;8826;True;8826.00;23.30;8828;3.46;8826;120.00;12923;True;12923.00;52.55;12931;2.82;12923;29.36;10152;True;10152.00;42.96;10155;2.11;10152;20.34;9541;True;9541.00;55.19;9555;9.69;9541;41.78;8518;True;8518.00;20.79;8527;4.29;8518;7.12;8204;True;8204.00;20.21;8204;2.92;8204;15.88
60;70;5;8734;True;8734.00;353.46;8735;4.69;8734;120.00;12782;True;12782.00;40.54;12791;4.31;12782;19.87;10191;True;10191.00;33.18;10191;4.08;10191;31.64;9460;True;9460.00;67.49;9465;13.16;9460;62.01;8461;True;8461.00;58.16;8461;4.70;8461;26.47;8162;True;8162.00;37.95;8162;3.38;8162;41.59
60;70;6;9389;True;9384.11;TL;9389;3.29;9391;120.00;13567;True;13567.00;98.19;13580;6.21;13567;50.00;10964;True;10964.00;7.63;10986;3.32;10964;3.30;10081;True;10081.00;22.37;10089;3.27;10081;11.04;9034;True;9034.00;61.24;9042;7.41;9034;22.84;8788;True;8788.00;44.35;8802;6.27;8788;36.75
60;70;7;8738;True;8738.00;84.01;8752;9.22;8738;120.00;12707;True;12707.00;340.44;12729;16.61;12707;120.00;10200;True;10200.00;174.35;10218;38.58;10220;120.00;9474;True;9474.00;201.87;9481;23.92;9474;120.00;8416;True;8416.00;339.32;8437;15.06;8430;120.00;8217;True;8217.00;116.23;8231;18.30;8224;120.00
60;70;8;9150;True;9150.00;52.92;9150;3.57;9150;88.80;13081;True;13081.00;148.38;13091;6.80;13081;115.59;10755;True;10755.00;11.45;10758;1.38;10755;5.99;9995;True;9995.00;47.88;9998;3.63;9995;30.67;8872;True;8872.00;330.53;8876;14.35;8876;120.00;8597;True;8597.00;247.65;8603;8.57;8597;120.00
60;70;9;8591;True;8581.99;TL;8621;8.62;8591;120.00;12355;True;12355.00;657.49;12369;41.93;12431;120.00;9940;True;9940.00;461.06;9961;32.99;9940;120.00;9202;True;9202.00;493.65;9234;43.71;9236;120.00;8168;True;8168.00;57.86;8180;18.62;8168;40.08;7992;True;7992.00;1214.84;8008;38.43;8084;120.00
60;70;10;8783;True;8783.00;18.54;8794;2.98;8783;31.57;12665;True;12665.00;57.32;12676;6.41;12665;43.03;10162;True;10162.00;20.95;10165;4.07;10162;10.62;9524;True;9524.00;150.50;9524;7.94;9524;120.00;8383;True;8383.00;20.00;8383;4.27;8383;8.69;8205;True;8205.00;148.58;8221;8.37;8205;120.00
60;70;11;9066;True;9066.00;288.56;9069;4.61;9066;120.00;13187;True;13187.00;883.99;13211;30.20;13206;120.00;10513;True;10513.00;136.93;10524;3.61;10554;120.00;9879;True;9879.00;1025.43;9888;8.32;9947;120.00;8705;True;8705.00;249.04;8705;34.56;8705;120.00;8498;True;8498.00;1120.59;8520;92.69;8509;120.00
60;70;12;7544;False;7531.48;TL;7544;16.48;7544;120.00;10941;True;10941.00;45.74;10970;52.64;10941;25.78;8617;True;8617.00;196.44;8642;24.79;8621;120.00;8045;True;8045.00;180.63;8073;49.39;8056;120.00;7273;True;7273.00;238.76;7286;26.03;7273;120.00;7041;True;7041.00;519.84;7057;40.87;7041;120.00
60;70;13;9236;True;9236.00;9.55;9246;2.79;9236;38.44;13348;True;13348.00;34.20;13368;6.60;13348;18.66;10860;True;10860.00;14.14;10870;3.90;10860;6.91;10132;True;10132.00;89.51;10134;9.42;10132;78.44;8920;True;8920.00;58.58;8925;8.41;8920;21.16;8688;True;8688.00;75.12;8696;9.79;8688;58.17
60;70;14;8864;True;8864.00;103.60;8874;4.61;8864;120.00;12875;True;12875.00;28.07;12889;5.71;12875;10.82;10408;True;10408.00;63.72;10423;12.40;10408;35.77;9553;True;9553.00;149.08;9558;10.21;9553;120.00;8478;True;8478.00;105.10;8484;13.32;8478;78.15;8253;True;8253.00;70.09;8260;11.29;8253;55.06
60;70;15;8352;False;8345.73;TL;8352;2.77;8352;120.00;12002;True;12002.00;34.76;12030;35.02;12002;52.25;9655;True;9655.00;7.94;9676;5.31;9655;5.19;8973;True;8973.00;27.81;8973;6.40;8973;25.10;7974;True;7974.00;20.54;7982;6.31;7974;10.67;7751;True;7751.00;15.42;7760;6.32;7751;16.70
60;70;16;9830;False;9776.07;TL;9830;3.58;9884;120.00;14073;True;14073.00;95.46;14082;3.16;14073;73.15;11447;False;11422.20;TL;11488;8.05;11447;120.00;10518;False;10502.80;TL;10539;5.18;10540;120.00;9312;True;9312.00;266.64;9323;6.51;9325;120.00;9031;True;9031.00;112.04;9038;6.87;9031;120.00
60;70;17;9221;False;9158.90;TL;9221;3.95;9459;120.00;13155;True;13155.00;2826.58;13165;14.61;13193;120.00;10550;False;10506.20;TL;10558;26.30;10610;120.00;9821;False;9815.37;TL;9856;33.78;9925;120.00;8704;True;8700.17;TL;8718;14.74;8721;120.00;8507;True;8507.00;1124.60;8518;20.47;8543;120.00
60;70;18;8237;True;8237.00;711.90;8237;4.67;8237;120.00;11837;True;11837.00;43.42;11865;12.98;11837;25.91;9422;True;9422.00;47.99;9429;14.93;9422;45.60;8818;True;8818.00;60.97;8821;6.54;8818;37.94;7876;True;7876.00;149.55;7886;12.20;7876;106.07;7618;True;7618.00;384.65;7624;13.46;7618;120.00
60;70;19;8066;False;8013.85;TL;8067;9.56;8233;120.00;11723;True;11720.10;TL;11767;83.39;11806;120.00;9408;False;9350.59;TL;9441;38.18;9408;120.00;8687;False;8654.57;TL;8699;50.37;8751;120.00;7678;True;7673.00;TL;7696;55.04;7781;120.00;7479;False;7473.22;TL;7500;50.42;7559;120.00
60;70;20;9187;True;9187.00;6.03;9187;3.39;9187;8.89;13396;True;13396.00;199.69;13402;3.03;13396;120.00;10860;True;10860.00;80.74;10868;5.84;10860;97.67;10037;True;10037.00;22.28;10056;4.34;10037;15.27;8834;True;8834.00;73.27;8837;7.37;8834;41.75;8585;True;8585.00;54.05;8587;7.18;8585;41.01
60;70;21;8723;True;8723.00;49.21;8723;3.19;8723;120.00;12626;True;12626.00;35.80;12626;4.67;12626;24.88;10223;True;10223.00;9.94;10240;3.88;10223;5.98;9482;True;9482.00;32.27;9483;1.71;9482;20.94;8420;True;8420.00;56.00;8426;4.04;8420;25.48;8200;True;8200.00;96.36;8214;27.13;8200;120.00
60;70;22;9301;True;9301.00;43.49;9308;3.40;9301;120.00;13471;True;13471.00;88.32;13489;10.84;13471;39.74;10736;True;10736.00;75.54;10736;4.58;10736;44.06;9955;True;9955.00;25.48;9964;5.17;9955;12.20;8891;True;8891.00;595.38;8892;12.79;8898;120.00;8596;True;8596.00;78.36;8603;10.05;8596;62.78
60;70;23;9169;False;9148.94;TL;9181;24.29;9251;120.00;13147;True;13147.00;1255.62;13147;14.98;13155;120.00;10691;True;10691.00;35.25;10704;6.46;10691;19.65;9915;True;9915.00;76.56;9930;13.40;9915;78.81;8752;True;8752.00;693.92;8777;10.41;8815;120.00;8457;True;8457.00;1578.81;8489;19.41;8468;120.00
60;70;24;8962;False;8959.00;TL;8962;3.20;8965;120.00;13170;True;13170.00;276.19;13237;38.57;13249;120.00;10651;False;10647.40;TL;10686;87.21;10671;120.00;9795;True;9795.00;1621.37;9811;29.34;9828;120.00;8619;True;8619.00;101.13;8654;22.41;8628;120.00;8417;True;8417.00;227.88;8443;44.09;8436;120.00
60;70;25;9166;False;9157.16;TL;9166;4.21;9173;120.00;13234;True;13234.00;14.68;13234;2.19;13234;7.80;10497;True;10497.00;203.71;10500;12.71;10513;120.00;9752;True;9752.00;27.33;9790;35.65;9752;41.13;8671;True;8671.00;57.89;8671;4.42;8671;31.54;8432;True;8432.00;109.95;8432;5.48;8432;120.00
60;70;26;8202;False;8188.89;TL;8202;5.56;8213;120.00;11742;True;11742.00;37.10;11770;9.83;11742;16.11;9344;True;9344.00;58.74;9362;10.28;9344;35.03;8736;True;8736.00;186.54;8752;39.06;8736;120.00;7830;True;7830.00;118.17;7832;6.70;7830;107.03;7555;True;7555.00;49.50;7559;8.24;7555;31.42
60;70;27;8584;True;8584.00;3189.53;8601;6.52;8587;120.00;12477;True;12477.00;82.47;12512;13.45;12477;43.92;9958;True;9958.00;72.82;9969;12.20;9958;36.13;9314;True;9314.00;67.17;9314;12.98;9314;39.78;8302;True;8302.00;191.37;8313;11.04;8302;69.38;8025;True;8025.00;140.49;8032;11.17;8025;114.82
60;70;28;8483;True;8483.00;8.24;8483;3.61;8483;13.09;12127;True;12127.00;663.17;12164;15.84;12155;120.00;10008;True;10008.00;612.34;10034;10.78;10017;120.00;9254;True;9254.00;652.57;9259;9.34;9262;120.00;8114;True;8114.00;41.00;8125;4.46;8114;29.16;7919;True;7919.00;63.23;7925;20.52;7919;48.37
60;70;29;9457;False;9454.45;TL;9458;9.37;9459;120.00;13752;True;13752.00;314.87;13767;38.56;13755;120.00;10866;True;10866.00;120.64;10885;17.99;10866;101.50;10166;True;10166.00;68.33;10192;11.91;10166;30.20;8987;True;8987.00;262.42;8997;31.85;8987;120.00;8788;True;8788.00;392.36;8806;97.79;8795;120.00
60;70;30;8759;False;8746.35;TL;8761;8.86;8759;120.00;12771;True;12771.00;494.97;12782;7.48;12771;120.00;10223;True;10223.00;58.73;10242;11.93;10223;56.10;9547;True;9547.00;70.87;9559;12.09;9547;60.79;8463;True;8463.00;262.14;8471;18.10;8463;120.00;8190;True;8190.00;476.90;8204;23.08;8198;120.00
60;70;31;9386;True;9384.12;TL;9386;8.79;9388;120.00;13417;True;13417.00;93.36;13417;22.16;13417;54.00;10795;True;10795.00;18.57;10802;1.96;10795;8.43;9956;True;9956.00;39.16;9958;2.63;9956;23.58;8888;True;8888.00;11.40;8901;4.91;8888;4.30;8645;True;8645.00;40.19;8660;8.43;8645;33.47
60;70;32;8124;False;8120.44;TL;8127;39.75;8131;120.00;11852;True;11852.00;181.01;11893;120.00;11874;120.00;9282;True;9282.00;133.98;9296;17.64;9282;79.83;8629;True;8629.00;119.32;8633;7.73;8629;56.66;7737;True;7737.00;139.60;7752;49.13;7737;74.70;7524;True;7524.00;614.49;7531;71.05;7524;120.00
60;70;33;9277;False;9270.86;TL;9287;7.28;9287;120.00;13497;True;13497.00;167.55;13514;7.31;13497;120.00;10748;True;10748.00;111.46;10748;5.55;10748;94.02;9970;True;9970.00;426.32;9988;25.64;9991;120.00;8895;True;8895.00;597.47;8908;90.73;8895;120.00;8598;True;8598.00;1643.89;8600;11.99;8640;120.00
60;70;34;8633;False;8629.76;TL;8633;5.68;8640;120.00;12555;True;12555.00;1202.33;12570;85.06;12563;120.00;9935;True;9935.00;205.46;9960;38.81;9945;120.00;9308;True;9308.00;230.19;9329;10.22;9308;120.00;8349;True;8349.00;245.32;8360;17.48;8358;120.00;8056;True;8056.00;316.91;8058;30.84;8056;120.00
60;70;35;8592;True;8592.00;18.07;8592;3.92;8592;48.09;12648;True;12648.00;770.38;12692;120.00;12678;120.00;9939;True;9939.00;280.03;9959;33.90;9942;120.00;9264;True;9264.00;171.71;9276;14.09;9264;120.00;8281;True;8281.00;413.92;8298;46.78;8283;120.00;8002;True;8002.00;107.99;8002;9.86;8002;75.69
60;70;36;8744;True;8744.00;238.79;8744;8.41;8744;120.00;12582;True;12582.00;626.92;12608;68.39;12596;120.00;10005;True;10005.00;15.28;10020;6.71;10005;13.76;9270;True;9270.00;68.62;9297;11.49;9270;60.40;8266;True;8266.00;96.35;8278;11.83;8266;55.15;8050;True;8050.00;33.88;8058;5.99;8050;15.23
60;70;37;9232;False;9213.02;TL;9234;7.95;9235;120.00;13406;False;13380.50;TL;13427;11.19;13432;120.00;10689;True;10689.00;3320.94;10713;11.17;10715;120.00;9941;True;9941.00;398.19;9941;4.60;9942;120.00;8770;True;8770.00;2992.76;8781;34.86;8809;120.00;8576;False;8539.66;TL;8578;41.22;8588;120.00
60;70;38;8651;False;8641.74;TL;8661;15.34;8671;120.00;12257;True;12257.00;53.94;12259;9.10;12257;44.24;9762;True;9762.00;632.29;9777;36.39;9764;120.00;9146;True;9146.00;136.31;9154;30.81;9146;82.44;8222;True;8222.00;396.64;8222;33.50;8226;120.00;7938;True;7938.00;748.06;7951;53.75;7953;120.00
60;70;39;8770;False;8761.97;TL;8770;3.59;8770;120.00;12427;True;12427.00;216.51;12461;64.70;12438;120.00;9890;True;9890.00;150.69;9930;33.76;9890;120.00;9324;True;9324.00;1117.19;9347;72.22;9341;120.00;8308;False;8305.16;TL;8309;38.51;8350;120.00;8078;False;8075.94;TL;8097;36.93;8084;120.00
60;80;0;10308;False;10297.90;TL;10308;6.58;10308;120.00;14979;True;14979.00;354.56;14986;25.15;14979;120.00;11945;True;11945.00;110.03;11946;7.80;11945;120.00;10981;True;10981.00;197.45;10982;4.37;10981;120.00;9847;True;9847.00;119.60;9870;69.98;9847;96.56;9553;True;9553.00;1149.52;9567;78.08;9572;120.00
60;80;1;9839;False;9830.38;TL;9839;4.83;9839;120.00;14118;True;14118.00;295.19;14124;58.96;14121;120.00;11504;True;11504.00;168.04;11514;7.22;11504;120.00;10593;True;10593.00;33.52;10593;4.79;10593;45.49;9467;True;9467.00;68.54;9483;18.97;9467;38.06;9191;True;9191.00;43.28;9205;18.67;9191;20.90
60;80;2;10908;False;10901.30;TL;10908;5.54;10908;120.00;15523;True;15523.00;141.61;15527;12.00;15523;73.74;12814;True;12814.00;15.91;12815;1.53;12814;5.13;11834;True;11834.00;357.03;11837;12.27;11841;120.00;10516;True;10516.00;72.17;10529;8.08;10516;60.87;10197;True;10197.00;504.35;10202;30.47;10198;120.00
60;80;3;9673;True;9672.30;TL;9689;56.48;9683;120.00;14006;True;14006.00;1831.99;14070;113.37;14069;120.00;10977;True;10977.00;186.50;10995;9.06;10977;120.00;10338;True;10338.00;109.83;10370;30.45;10356;120.00;9305;False;9282.52;TL;9330;120.00;9326;120.00;8998;False;8994.09;TL;9051;120.00;9032;120.00
60;80;4;9659;False;9654.08;TL;9659;15.44;9659;120.00;14157;True;14157.00;165.34;14183;76.61;14157;120.00;11127;True;11127.00;81.88;11135;29.95;11127;54.03;10339;True;10339.00;415.53;10360;23.47;10353;120.00;9282;True;9282.00;86.78;9282;37.84;9282;96.05;8985;True;8985.00;402.33;8998;47.76;9001;120.00
60;80;5;10741;False;10707.20;TL;10741;7.43;10857;120.00;15567;False;15512.70;TL;15578;11.90;15673;120.00;12497;True;12497.00;1410.04;12524;5.69;12513;120.00;11633;False;11627.60;TL;11645;8.97;11684;120.00;10294;False;10262.40;TL;10311;25.26;10425;120.00;9929;True;9927.19;TL;9955;20.48;9959;120.00
60;80;6;10215;True;10215.00;51.99;10218;8.41;10218;120.00;14583;True;14583.00;1209.67;14602;85.23;14617;120.00;11727;True;11727.00;455.58;11750;36.68;11739;120.00;10946;True;10946.00;1449.65;10954;33.62;10980;120.00;9762;False;9755.16;TL;9762;12.97;9829;120.00;9429;True;9427.85;TL;9449;91.46;9497;120.00
60;80;7;10768;False;10764.90;TL;10771;9.90;10768;120.00;15592;False;15589.20;TL;15637;17.92;15689;120.00;12579;False;12575.30;TL;12588;35.03;12596;120.00;11707;True;11707.00;1004.27;11727;28.98;11709;120.00;10345;True;10345.00;245.96;10346;10.20;10345;120.00;10030;True;10027.20;TL;10071;116.61;10118;120.00
60;80;8;11350;False;11314.70;TL;11350;5.27;11366;120.00;16313;True;16313.00;268.55;16351;7.92;16371;120.00;13336;True;13336.00;1693.43;13358;6.25;13423;120.00;12438;False;12409.00;TL;12438;14.79;12520;120.00;10896;True;10896.00;222.89;10906;3.73;10907;120.00;10581;False;10569.20;TL;10581;16.03;10645;120.00
60;80;9;10048;False;10011.50;TL;10062;12.46;10083;120.00;14528;False;14474.50;TL;14536;47.94;14622;120.00;11852;False;11843.30;TL;11877;17.46;11893;120.00;10855;False;10846.10;TL;10903;58.03;10935;120.00;9564;True;9564.00;858.56;9573;25.40;9566;120.00;9361;True;9359.26;TL;9379;56.49;9468;120.00
60;80;10;12055;False;11999.60;TL;12055;3.59;12098;120.00;17160;True;17160.00;1049.53;17185;6.19;17181;120.00;14030;True;14030.00;77.53;14030;6.91;14030;85.49;13013;True;13011.60;TL;13027;34.04;13056;120.00;11510;True;11508.80;TL;11517;32.05;11510;120.00;11241;False;11239.20;TL;11277;13.31;11308;120.00
60;80;11;10290;False;10256.20;TL;10299;19.21;10310;120.00;14469;True;14469.00;474.18;14494;12.43;14469;120.00;11667;False;11651.00;TL;11684;73.73;11672;120.00;10808;True;10805.10;TL;10847;23.71;10850;120.00;9820;True;9820.00;184.67;9820;21.13;9826;120.00;9501;False;9461.14;TL;9505;56.72;9549;120.00
60;80;12;10988;True;10987.50;TL;10990;3.66;10991;120.00;15867;True;15867.00;79.78;15878;6.69;15867;60.56;12857;True;12857.00;22.15;12869;4.37;12857;10.13;11872;True;11872.00;76.03;11872;4.06;11872;37.55;10569;True;10569.00;9.44;10584;4.23;10569;4.03;10186;True;10186.00;58.25;10199;6.28;10186;31.70
60;80;13;8901;True;8901.00;1373.28;8912;13.13;8901;120.00;12983;True;12983.00;614.04;13030;33.19;12994;120.00;10245;True;10245.00;328.73;10281;55.96;10260;120.00;9614;True;9614.00;2234.58;9683;120.00;9747;120.00;8608;False;8572.57;TL;8690;120.00;8773;120.00;8374;False;8370.36;TL;8389;67.91;8449;120.00
60;80;14;10293;False;10283.50;TL;10298;10.68;10294;120.00;14688;False;14682.40;TL;14692;20.20;14700;120.00;11883;True;11883.00;108.39;11886;10.50;11883;68.55;11001;True;11001.00;563.15;11021;26.91;11024;120.00;9808;True;9808.00;361.99;9830;20.66;9808;120.00;9573;True;9573.00;2947.58;9606;120.00;9588;120.00
60;80;15;10659;False;10657.70;TL;10659;7.33;10659;120.00;15458;True;15458.00;564.93;15490;47.99;15488;120.00;12489;True;12489.00;169.47;12495;16.59;12489;102.19;11646;True;11646.00;436.73;11658;40.83;11646;120.00;10339;True;10339.00;385.94;10364;120.00;10366;120.00;10050;True;10050.00;1063.98;10054;71.85;10054;120.00
60;80;16;9640;False;9635.69;TL;9640;37.72;9642;120.00;14037;True;14037.00;775.22;14095;120.00;14061;120.00;11213;True;11213.00;378.83;11218;18.02;11215;120.00;10486;True;10486.00;226.24;10499;16.18;10491;120.00;9229;True;9229.00;822.31;9239;105.82;9231;120.00;8926;True;8926.00;181.46;8950;54.08;8926;120.00
60;80;17;10522;False;10513.20;TL;10522;7.86;10523;120.00;15300;True;15300.00;37.35;15327;13.27;15300;15.02;12214;True;12214.00;36.82;12214;2.30;12214;30.19;11332;True;11332.00;53.10;11346;9.63;11332;36.65;10077;True;10077.00;420.62;10084;12.64;10077;120.00;9775;True;9775.00;130.94;9778;6.78;9775;85.09
60;80;18;10004;False;9978.17;TL;10004;12.07;10039;120.00;14577;True;14577.00;371.10;14577;32.65;14605;120.00;11641;True;11641.00;548.21;11678;14.68;11705;120.00;10806;False;10779.90;TL;10819;30.13;10855;120.00;9532;False;9523.14;TL;9545;26.93;9694;120.00;9250;True;9247.54;TL;9276;18.21;9361;120.00
60;80;19;10726;False;10697.10;TL;10726;11.31;10728;120.00;15321;False;15293.40;TL;15321;37.50;15430;120.00;12385;False;12360.50;TL;12400;119.11;12422;120.00;11449;True;11449.00;531.15;11475;37.73;11500;120.00;10270;False;10238.70;TL;10289;30.25;10352;120.00;9947;True;9947.00;1860.11;9980;120.00;10007;120.00
60;80;20;10388;False;10385.00;TL;10399;8.98;10388;120.00;14874;True;14874.00;20.63;14874;1.81;14874;8.66;11988;True;11988.00;5.63;11988;1.89;11988;2.61;11214;True;11214.00;23.23;11214;2.42;11214;12.11;9913;True;9913.00;28.75;9920;4.78;9913;8.28;9675;True;9675.00;4.55;9690;13.75;9675;4.69
60;80;21;10360;True;10360.00;52.82;10371;6.38;10360;120.00;14804;True;14804.00;18.75;14804;5.03;14804;20.19;11994;True;11994.00;27.79;12006;7.53;11994;20.92;11165;True;11165.00;83.93;11171;10.42;11165;62.25;9937;True;9937.00;297.16;9943;7.93;9937;120.00;9666;True;9666.00;388.46;9682;46.44;9666;120.00
60;80;22;9687;True;9687.00;350.87;9698;5.31;9688;120.00;13863;True;13863.00;82.82;13878;10.87;13863;65.74;11083;True;11083.00;94.81;11100;35.53;11083;113.18;10412;True;10412.00;109.57;10414;10.44;10412;73.06;9231;True;9231.00;19.40;9243;11.61;9231;11.17;8996;True;8996.00;935.83;8998;42.92;9012;120.00
60;80;23;10260;False;10252.90;TL;10262;15.13;10260;120.00;14704;True;14704.00;384.58;14719;13.20;14714;120.00;11733;True;11733.00;207.24;11741;11.39;11740;120.00;10894;True;10894.00;431.02;10900;15.21;10897;120.00;9807;True;9807.00;633.91;9807;12.26;9807;120.00;9532;True;9532.00;1092.07;9546;120.00;9552;120.00
60;80;24;9221;True;9221.00;214.23;9221;4.24;9221;120.00;13360;True;13360.00;171.06;13363;31.67;13360;120.00;10775;True;10775.00;161.93;10797;61.91;10775;120.00;10036;True;10036.00;290.16;10037;49.41;10036;120.00;8886;True;8886.00;79.92;8903;18.58;8886;69.03;8701;True;8701.00;555.48;8706;32.12;8704;120.00
60;80;25;9940;False;9936.33;TL;9940;8.70;9942;120.00;14348;True;14348.00;103.12;14370;14.68;14348;90.29;11331;True;11331.00;41.16;11361;65.91;11331;51.79;10599;True;10599.00;201.77;10600;13.08;10599;120.00;9418;True;9418.00;69.10;9431;50.34;9418;118.48;9188;True;9188.00;187.14;9202;42.11;9189;120.00
60;80;26;9670;True;9670.00;4.16;9670;1.87;9670;2.99;14102;True;14102.00;68.34;14130;44.51;14102;93.17;11295;True;11295.00;45.27;11295;10.51;11295;48.73;10432;True;10432.00;63.32;10456;18.77;10432;60.78;9328;True;9328.00;79.79;9328;7.03;9328;36.78;9029;True;9029.00;87.67;9045;36.37;9029;88.03
60;80;27;9642;True;9642.00;17.51;9647;6.39;9642;120.00;13967;True;13967.00;81.46;13988;16.48;13967;47.60;11482;True;11482.00;45.11;11514;87.09;11482;44.81;10627;True;10627.00;53.73;10638;5.20;10627;49.06;9308;True;9308.00;65.56;9323;8.98;9308;80.73;9067;True;9067.00;53.80;9079;11.03;9067;65.19
60;80;28;10221;True;10221.00;7.24;10221;1.15;10221;6.70;14825;True;14825.00;46.40;14835;2.66;14825;48.78;12109;True;12109.00;35.54;12129;8.78;12109;16.33;11346;True;11346.00;99.76;11357;7.03;11346;79.36;9860;True;9860.00;7.31;9860;3.50;9860;2.12;9708;True;9708.00;47.10;9716;12.05;9708;37.63
60;80;29;9480;False;9431.52;TL;9487;9.57;9623;120.00;13750;True;13750.00;56.02;13780;51.65;13750;26.82;10878;True;10878.00;389.44;10927;88.69;10933;120.00;10194;True;10194.00;590.14;10214;46.90;10207;120.00;9091;True;9091.00;707.12;9110;63.61;9156;120.00;8789;True;8789.00;2113.19;8819;19.56;8907;120.00
60;80;30;10933;True;10933.00;15.07;10933;5.30;10933;120.00;16079;True;16079.00;77.02;16100;5.54;16079;64.15;12593;True;12593.00;70.95;12593;17.48;12593;42.95;11828;True;11828.00;80.09;11828;9.48;11828;58.49;10464;True;10464.00;42.50;10469;12.38;10464;18.54;10187;True;10187.00;107.84;10188;11.21;10187;120.00
60;80;31;11943;False;11930.60;TL;11951;4.61;11971;120.00;17164;False;17102.30;TL;17195;6.72;17215;120.00;13731;True;13731.00;355.19;13734;5.30;13743;120.00;12948;False;12931.30;TL;12948;27.32;12969;120.00;11422;True;11422.00;1204.00;11441;8.96;11460;120.00;11100;False;11096.90;TL;11141;13.83;11238;120.00
60;80;32;10361;False;10349.10;TL;10362;9.07;10362;120.00;14988;True;14988.00;97.20;15014;39.65;14988;77.93;11857;True;11857.00;99.89;11857;5.09;11857;54.73;11115;True;11115.00;262.54;11128;18.47;11115;120.00;9916;True;9916.00;338.81;9930;37.42;9916;120.00;9666;True;9666.00;537.10;9672;27.26;9667;120.00
60;80;33;9706;False;9683.87;TL;9711;88.51;9706;120.00;13763;False;13757.10;TL;13813;120.00;13797;120.00;11240;True;11240.00;385.74;11251;58.82;11245;120.00;10365;True;10365.00;295.63;10374;38.46;10365;120.00;9257;True;9257.00;171.92;9277;114.23;9269;120.00;9032;True;9032.00;389.41;9055;120.00;9047;120.00
60;80;34;10875;True;10875.00;148.05;10878;3.79;10875;120.00;15872;True;15872.00;31.95;15877;4.11;15872;11.96;12776;True;12776.00;32.50;12777;1.68;12776;26.27;11748;True;11748.00;30.01;11752;5.98;11748;21.05;10474;True;10474.00;385.28;10478;19.69;10475;120.00;10118;True;10118.00;109.30;10119;4.59;10118;120.00
60;80;35;9255;False;9252.03;TL;9255;30.59;9255;120.00;13306;True;13306.00;121.33;13317;14.26;13306;27.86;10722;True;10722.00;459.52;10722;11.15;10726;120.00;9942;True;9942.00;81.85;9957;11.96;9942;39.66;8863;True;8863.00;14.24;8873;17.32;8863;2.55;8624;True;8624.00;16.48;8630;4.64;8624;5.33
60;80;36;9033;False;8997.46;TL;9033;44.41;9090;120.00;13043;True;13043.00;793.81;13090;120.00;13067;120.00;10449;True;10449.00;231.55;10468;18.83;10460;120.00;9686;True;9686.00;2835.63;9754;120.00;9709;120.00;8664;True;8664.00;1205.70;8691;120.00;8671;120.00;8427;True;8427.00;3204.07;8435;84.82;8447;120.00
60;80;37;10426;True;10426.00;779.89;10426;10.71;10426;120.00;15203;True;15203.00;33.14;15205;2.01;15203;13.15;12318;True;12318.00;43.65;12341;15.17;12318;19.95;11379;True;11379.00;110.07;11384;16.15;11384;120.00;10050;True;10050.00;46.64;10059;6.32;10050;31.29;9812;True;9812.00;112.91;9814;12.13;9812;120.00
60;80;38;9214;True;9214.00;27.01;9227;18.54;9214;120.00;13364;True;13364.00;50.75;13388;19.79;13364;55.29;10883;True;10883.00;248.70;10885;6.38;10889;120.00;10061;True;10061.00;302.93;10081;120.00;10086;120.00;8883;True;8883.00;240.88;8899;24.55;8885;120.00;8670;True;8670.00;150.29;8690;64.18;8670;120.00
60;80;39;10186;True;10186.00;49.19;10201;9.08;10186;120.00;14767;True;14767.00;18.72;14767;39.41;14767;25.35;11746;False;11743.50;TL;11777;44.64;11787;120.00;10866;False;10828.30;TL;10881;43.10;10954;120.00;9740;True;9740.00;199.56;9751;17.80;9740;120.00;9431;False;9428.41;TL;9445;90.85;9481;120.00
60;90;0;10643;True;10643.00;695.47;10643;6.05;10643;120.00;15374;True;15374.00;61.18;15407;55.95;15374;38.18;12463;True;12463.00;25.12;12474;22.60;12463;17.36;11608;True;11608.00;336.81;11618;30.17;11626;120.00;10186;True;10186.00;46.94;10189;10.25;10186;26.41;9920;True;9920.00;547.85;9943;120.00;9922;120.00
60;90;1;10699;False;10688.00;TL;10704;56.96;10704;120.00;15411;True;15411.00;2122.94;15537;120.00;15450;120.00;12386;True;12386.00;76.87;12393;22.55;12386;86.71;11519;True;11519.00;205.59;11532;28.71;11533;120.00;10224;True;10223.00;TL;10242;108.71;10247;120.00;9917;True;9917.00;2332.67;9933;73.32;9937;120.00
60;90;2;11460;False;11454.10;TL;11460;7.06;11462;120.00;16170;True;16170.00;179.76;16183;23.93;16170;115.99;13321;True;13321.00;185.86;13353;83.90;13337;120.00;12371;True;12371.00;342.48;12372;31.64;12381;120.00;10953;True;10953.00;82.50;10966;57.09;10953;98.57;10678;True;10678.00;406.70;10690;85.90;10682;120.00
60;90;3;12498;False;12486.60;TL;12506;18.17;12498;120.00;18044;True;18044.00;14.16;18044;3.10;18044;8.66;14473;True;14473.00;28.28;14504;11.37;14473;17.92;13539;True;13539.00;99.54;13539;2.79;13543;120.00;11998;True;11998.00;84.08;12006;9.45;11998;41.16;11687;True;11687.00;78.09;11690;10.54;11687;56.46
60;90;4;11442;True;11442.00;12.15;11442;6.77;11442;120.00;16562;True;16562.00;110.12;16590;30.05;16562;101.60;13328;True;13328.00;483.06;13339;26.42;13330;120.00;12322;True;12322.00;330.94;12405;120.00;12328;120.00;10993;True;10993.00;534.67;11096;120.00;10999;120.00;10620;True;10620.00;42.63;10637;26.33;10620;31.19
60;90;5;11323;False;11306.70;TL;11323;29.50;11323;120.00;16308;True;16308.00;3462.80;16337;95.37;16354;120.00;13257;True;13257.00;328.92;13272;61.69;13257;120.00;12285;True;12285.00;603.43;12296;90.80;12311;120.00;10918;True;10918.00;681.13;10925;93.62;10923;120.00;10643;True;10643.00;2015.01;10707;120.00;10672;120.00
60;90;6;11859;False;11846.70;TL;11871;27.33;11964;120.00;17103;True;17103.00;1159.22;17129;60.83;17158;120.00;13831;True;13831.00;555.28;13863;64.52;13856;120.00;12793;False;12777.10;TL;12851;120.00;12807;120.00;11422;False;11389.30;TL;11422;76.94;11469;120.00;11039;True;11039.00;1272.65;11063;105.13;11058;120.00
60;90;7;11947;False;11944.20;TL;11953;10.82;11947;120.00;17406;True;17406.00;193.55;17424;47.57;17406;120.00;14074;True;14074.00;46.62;14081;12.40;14074;37.75;13058;True;13058.00;92.29;13067;32.90;13058;107.29;11577;True;11577.00;343.48;11587;120.00;11580;120.00;11322;True;11322.00;321.46;11326;51.31;11336;120.00
60;90;8;11284;False;11261.20;TL;11284;38.98;11290;120.00;16341;False;16336.40;TL;16369;120.00;16380;120.00;12941;True;12941.00;360.92;12964;75.76;12965;120.00;12027;True;12027.00;310.75;12043;33.34;12042;120.00;10784;True;10784.00;3275.58;10854;120.00;10810;120.00;10450;True;10450.00;2826.68;10480;120.00;10457;120.00
60;90;9;11756;True;11756.00;2053.29;11764;9.03;11756;120.00;17346;True;17346.00;354.54;17373;58.13;17346;120.00;13823;True;13823.00;20.52;13838;5.82;13823;7.68;12933;True;12933.00;104.09;12943;40.47;12933;99.02;11404;True;11404.00;790.09;11413;16.06;11407;120.00;11063;True;11063.00;354.02;11063;7.26;11064;120.00
60;90;10;10577;True;10577.00;86.74;10588;35.38;10577;120.00;15466;True;15466.00;294.24;15474;11.05;15466;120.00;12313;True;12313.00;319.48;12381;120.00;12327;120.00;11500;True;11500.00;940.12;11512;39.22;11507;120.00;10187;True;10187.00;200.14;10201;26.17;10187;120.00;9900;True;9900.00;105.33;9914;109.85;9914;120.00
60;90;11;10879;True;10876.20;TL;10891;9.87;10879;120.00;15938;True;15938.00;234.51;15955;9.40;15951;120.00;12680;True;12680.00;88.72;12695;19.64;12680;69.26;11748;True;11748.00;34.49;11748;10.35;11748;36.73;10448;True;10448.00;292.64;10460;84.42;10448;120.00;10073;True;10073.00;131.75;10075;24.17;10073;120.00
60;90;12;9994;True;9994.00;160.15;10006;80.29;9994;120.00;14576;True;14576.00;333.25;14609;106.71;14576;120.00;11827;True;11827.00;536.46;11827;28.40;11827;120.00;11053;True;11053.00;119.31;11065;26.38;11053;120.00;9665;True;9665.00;399.38;9681;68.38;9668;120.00;9469;True;9469.00;64.32;9502;120.00;9484;120.00
60;90;13;11937;False;11931.50;TL;11940;9.80;11940;120.00;16965;True;16965.00;311.23;16969;17.25;16965;120.00;14062;True;14062.00;38.83;14093;56.29;14062;23.91;13050;True;13050.00;177.08;13053;24.32;13050;120.00;11542;True;11542.00;477.24;11545;27.07;11543;120.00;11218;True;11218.00;350.94;11225;63.42;11219;120.00
60;90;14;10577;False;10560.70;TL;10577;10.97;10636;120.00;15179;True;15179.00;3033.39;15193;104.12;15193;120.00;12306;True;12306.00;123.42;12332;16.98;12306;110.80;11536;True;11536.00;485.53;11560;22.46;11553;120.00;10220;True;10220.00;336.99;10246;43.22;10220;120.00;9957;True;9957.00;420.93;9972;87.25;9962;120.00
60;90;15;11274;False;11247.70;TL;11275;66.69;11277;120.00;15890;False;15847.70;TL;16117;120.00;15939;120.00;12886;True;12886.00;2722.07;12928;120.00;12911;120.00;11906;True;11906.00;1670.60;11915;43.65;11934;120.00;10691;False;10664.90;TL;10691;26.83;10785;120.00;10391;True;10391.00;596.50;10416;51.74;10498;120.00
60;90;16;10455;False;10444.10;TL;10566;82.99;10603;120.00;15278;False;15214.80;TL;15343;120.00;15414;120.00;12068;True;12068.00;632.26;12081;59.63;12129;120.00;11357;False;11353.70;TL;11410;120.00;11464;120.00;10162;False;10112.30;TL;10210;120.00;10255;120.00;9817;True;9817.00;2584.51;9955;119.46;9916;120.00
60;90;17;11608;True;11605.80;TL;11608;14.51;11630;120.00;16875;True;16873.80;TL;17007;120.00;16938;120.00;13313;True;13313.00;83.50;13313;15.99;13313;120.00;12479;True;12479.00;369.30;12501;25.03;12530;120.00;11092;True;11092.00;3057.95;11103;62.64;11113;120.00;10816;True;10816.00;347.41;10816;16.78;10844;120.00
60;90;18;11443;False;11413.70;TL;11443;10.97;11790;120.00;16791;True;16773.60;TL;16834;65.80;17180;120.00;13499;False;13400.10;TL;13499;57.93;13611;120.00;12495;False;12440.80;TL;12495;55.43;12658;120.00;11050;True;11050.00;781.90;11062;16.94;11272;120.00;10683;True;10683.00;544.95;10752;54.48;10703;120.00
60;90;19;11256;False;11221.30;TL;11256;31.36;11260;120.00;15899;True;15899.00;497.91;15908;43.11;15903;120.00;12678;True;12678.00;280.35;12700;16.67;12682;120.00;11845;True;11845.00;1151.77;11850;59.86;11846;120.00;10619;True;10619.00;397.66;10623;54.10;10632;120.00;10324;False;10322.80;TL;10328;109.99;10333;120.00
60;90;20;12442;False;12430.70;TL;12443;7.72;12443;120.00;18024;True;18024.00;42.07;18044;16.55;18024;29.09;14456;True;14456.00;41.45;14467;3.78;14456;17.32;13394;True;13394.00;436.02;13405;10.02;13396;120.00;11929;True;11929.00;219.73;11932;15.95;11929;101.72;11560;True;11560.00;80.10;11574;42.76;11560;50.99
60;90;21;12317;True;12315.60;TL;12319;5.66;12319;120.00;17632;True;17632.00;183.58;17638;7.87;17650;120.00;14267;True;14267.00;24.24;14277;2.04;14267;14.13;13201;True;13201.00;71.32;13224;20.09;13205;120.00;11792;True;11792.00;90.63;11802;13.37;11792;71.96;11474;True;11474.00;150.81;11475;11.68;11475;120.00
60;90;22;10702;False;10686.70;TL;10709;110.43;10702;120.00;15267;True;15267.00;174.72;15432;120.00;15271;120.00;12094;True;12094.00;1237.50;12125;110.24;12144;120.00;11380;True;11380.00;553.86;11414;120.00;11380;120.00;10113;True;10113.00;386.66;10125;120.00;10128;120.00;9853;True;9852.14;TL;9869;120.00;9875;120.00
60;90;23;11310;True;11310.00;30.66;11321;15.32;11310;98.80;16670;True;16670.00;147.99;16693;13.84;16670;115.64;13185;True;13185.00;650.85;13209;61.31;13190;120.00;12346;True;12346.00;69.44;12372;87.04;12349;120.00;10879;True;10879.00;147.03;10889;57.38;10879;100.03;10597;True;10597.00;61.51;10606;11.93;10597;89.62
60;90;24;10699;False;10683.30;TL;10704;120.00;10738;120.00;15275;True;15275.00;602.64;15298;40.05;15284;120.00;12199;True;12199.00;659.23;12219;61.18;12202;120.00;11404;True;11404.00;1058.82;11414;85.57;11423;120.00;10167;False;10164.60;TL;10180;93.54;10179;120.00;9889;False;9878.63;TL;9889;120.00;9899;120.00
60;90;25;10494;False;10491.80;TL;10511;50.15;10585;120.00;15322;True;15322.00;1936.81;15370;120.00;15330;120.00;12301;True;12301.00;1009.53;12329;120.00;12324;120.00;11342;True;11342.00;1228.58;11366;112.84;11365;120.00;10133;False;10111.70;TL;10133;120.00;10169;120.00;9894;False;9863.33;TL;9933;120.00;9927;120.00
60;90;26;11572;False;11564.70;TL;11575;17.02;11575;120.00;16919;True;16919.00;66.06;16948;108.09;16919;120.00;13398;True;13398.00;242.36;13422;49.99;13398;120.00;12537;True;12537.00;554.88;12540;59.73;12542;120.00;11065;True;11065.00;180.32;11069;98.68;11065;120.00;10714;True;10714.00;101.20;10714;25.44;10721;120.00
60;90;27;11646;True;11646.00;55.13;11646;10.38;11646;120.00;16869;True;16869.00;336.80;16871;21.08;16874;120.00;13692;True;13692.00;65.86;13699;8.29;13692;37.28;12736;True;12736.00;168.28;12751;23.97;12740;120.00;11241;True;11241.00;149.03;11255;24.19;11244;120.00;10968;True;10968.00;55.41;10972;10.35;10968;41.45
60;90;28;11123;False;11115.20;TL;11125;63.28;11123;120.00;16076;False;15985.30;TL;16140;120.00;16143;120.00;12953;True;12953.00;493.03;12992;120.00;12979;120.00;12092;True;12092.00;3182.24;12106;120.00;12106;120.00;10698;False;10680.80;TL;10737;120.00;10824;120.00;10413;True;10413.00;2842.98;10430;120.00;10447;120.00
60;90;29;11369;False;11356.20;TL;11369;15.54;11369;120.00;16390;True;16390.00;510.80;16391;18.40;16390;120.00;13532;True;13532.00;193.52;13557;57.16;13546;120.00;12525;True;12525.00;533.71;12538;103.04;12529;120.00;10943;True;10943.00;318.56;10953;18.25;10948;120.00;10780;True;10780.00;622.96;10784;81.82;10780;120.00
60;90;30;11141;False;11067.20;TL;11151;28.09;11258;120.00;15968;True;15968.00;1041.04;15987;43.50;15972;120.00;12791;True;12791.00;680.35;12825;18.13;12900;120.00;12024;False;11998.60;TL;12032;59.84;12084;120.00;10593;True;10593.00;29.84;10606;15.02;10593;33.28;10333;True;10333.00;480.93;10351;120.00;10346;120.00
60;90;31;12134;False;12110.00;TL;12144;13.77;12134;120.00;17491;False;17438.40;TL;17516;86.00;17548;120.00;14077;True;14077.00;153.97;14094;12.68;14099;120.00;13180;True;13180.00;1055.15;13196;54.16;13206;120.00;11660;False;11607.20;TL;11660;38.81;11741;120.00;11431;False;11405.00;TL;11431;23.85;11528;120.00
60;90;32;11868;False;11857.10;TL;11875;7.94;11879;120.00;17546;True;17546.00;119.50;17552;19.08;17546;120.00;13851;True;13851.00;210.83;13854;17.12;13854;120.00;12836;True;12836.00;95.87;12846;16.63;12836;120.00;11390;True;11390.00;24.36;11406;18.62;11390;8.39;11031;True;11031.00;180.73;11039;9.69;11036;120.00
60;90;33;10596;False;10591.50;TL;10604;26.55;10603;120.00;15320;False;15296.30;TL;15320;95.60;15324;120.00;12263;False;12249.90;TL;12307;120.00;12281;120.00;11418;True;11418.00;1841.95;11478;120.00;11482;120.00;10165;True;10165.00;1577.50;10186;83.85;10299;120.00;9879;False;9863.12;TL;9896;120.00;9915;120.00
60;90;34;11533;False;11502.30;TL;11538;13.33;11551;120.00;16666;False;16632.90;TL;16666;54.31;16802;120.00;13354;True;13354.00;1035.59;13376;80.08;13361;120.00;12433;True;12433.00;1303.19;12443;39.60;12433;120.00;11092;False;11080.10;TL;11092;36.76;11175;120.00;10752;True;10752.00;749.83;10757;22.43;10754;120.00
60;90;35;10913;False;10874.70;TL;10913;38.42;11064;120.00;15764;False;15729.60;TL;15782;23.93;15953;120.00;12863;False;12856.40;TL;12884;49.80;12875;120.00;11871;True;11871.00;3242.25;11880;18.06;11937;120.00;10495;False;10465.40;TL;10495;120.00;10675;120.00;10203;False;10166.60;TL;10203;113.26;10307;120.00
60;90;36;11575;False;11558.90;TL;11575;20.22;11598;120.00;16712;True;16712.00;966.21;16765;49.56;16724;120.00;13418;True;13418.00;947.26;13436;44.03;13442;120.00;12530;True;12530.00;1987.20;12534;98.82;12536;120.00;11075;True;11075.00;172.66;11096;28.56;11075;94.18;10777;False;10762.20;TL;10797;119.44;10797;120.00
60;90;37;10740;True;10738.70;TL;10740;9.70;10740;120.00;15445;True;15445.00;244.18;15461;61.52;15455;120.00;12423;True;12423.00;169.50;12424;9.54;12424;120.00;11503;True;11503.00;257.02;11524;63.73;11518;120.00;10331;True;10331.00;563.77;10343;115.15;10332;120.00;10012;True;10012.00;1223.44;10043;120.00;10026;120.00
60;90;38;11154;False;11147.50;TL;11169;16.48;11169;120.00;16384;True;16384.00;119.73;16401;41.53;16388;120.00;12850;True;12850.00;21.95;12870;19.56;12850;14.92;12130;True;12130.00;18.84;12147;17.56;12130;19.57;10727;True;10727.00;1257.35;10740;120.00;10747;120.00;10413;True;10413.00;2343.20;10426;69.01;10430;120.00
60;90;39;10598;False;10589.70;TL;10599;65.20;10612;120.00;15463;True;15463.00;537.21;15473;120.00;15466;120.00;12257;True;12257.00;45.66;12283;11.35;12257;48.60;11583;True;11583.00;611.37;11607;111.10;11604;120.00;10247;True;10247.00;2555.46;10266;113.14;10262;120.00;9990;True;9990.00;1546.09;10003;120.00;9996;120.00
60;100;0;13940;False;13910.10;TL;13941;29.87;13948;120.00;20086;True;20086.00;997.41;20113;117.18;20094;120.00;15871;True;15871.00;297.10;15875;19.73;15885;120.00;14861;True;14861.00;257.91;14874;16.81;14871;120.00;13271;True;13271.00;296.27;13274;62.73;13276;120.00;12845;True;12845.00;296.33;12883;117.19;12864;120.00
60;100;1;12559;False;12545.90;TL;12572;29.56;12574;120.00;18373;True;18373.00;466.60;18373;31.83;18382;120.00;14589;True;14589.00;443.46;14607;26.04;14589;120.00;13591;True;13591.00;397.52;13605;90.27;13613;120.00;12113;True;12113.00;259.56;12116;25.30;12115;120.00;11765;True;11765.00;932.31;11773;37.47;11767;120.00
60;100;2;12489;True;12489.00;136.32;12489;19.89;12493;120.00;18093;True;18093.00;424.98;18186;120.00;18102;120.00;14699;True;14699.00;127.76;14923;120.00;14754;120.00;13619;True;13619.00;273.10;13718;116.64;13662;120.00;11953;True;11953.00;765.38;12079;120.00;11954;120.00;11687;True;11687.00;760.89;11724;117.45;11698;120.00
60;100;3;13246;False;13237.60;TL;13249;12.98;13249;120.00;19267;False;19238.90;TL;19270;120.00;19285;120.00;15108;True;15108.00;582.09;15115;48.84;15115;120.00;14126;False;14123.50;TL;14133;75.97;14137;120.00;12680;False;12664.80;TL;12683;21.90;12710;120.00;12258;False;12256.90;TL;12260;36.36;12295;120.00
60;100;4;12641;False;12609.50;TL;12641;29.66;12709;120.00;18401;False;18367.00;TL;18474;120.00;18517;120.00;14802;True;14802.00;1078.63;14804;58.09;14854;120.00;13710;False;13691.20;TL;13738;116.91;13743;120.00;12162;False;12143.30;TL;12184;119.45;12276;120.00;11904;False;11873.30;TL;11968;116.55;12042;120.00
60;100;5;12149;False;12131.30;TL;12149;45.33;12161;120.00;17917;True;17917.00;986.97;17930;58.98;17926;120.00;14134;True;14134.00;246.26;14150;27.11;14134;120.00;13186;True;13186.00;1147.07;13198;39.77;13195;120.00;11754;True;11754.00;251.54;11766;41.83;11760;120.00;11410;True;11410.00;1790.03;11412;69.33;11437;120.00
60;100;6;11704;False;11678.20;TL;11704;43.66;11705;120.00;16754;True;16754.00;2138.63;16754;49.08;16797;120.00;13380;True;13380.00;1158.96;13409;120.00;13414;120.00;12579;True;12579.00;2501.21;12613;117.07;12604;120.00;11135;False;11130.80;TL;11149;120.00;11157;120.00;10808;False;10791.70;TL;10809;116.95;10831;120.00
60;100;7;12277;False;12264.90;TL;12277;21.03;12289;120.00;17622;True;17622.00;698.52;17639;93.68;17635;120.00;13985;True;13985.00;160.68;14020;95.90;13985;120.00;12992;True;12992.00;241.43;13020;104.54;12992;120.00;11748;True;11748.00;242.54;11753;33.60;11748;120.00;11366;True;11366.00;1643.05;11366;67.03;11374;120.00
60;100;8;12008;False;12002.10;TL;12008;58.75;12022;120.00;17204;False;17202.00;TL;17266;120.00;17278;120.00;13618;True;13618.00;1071.38;13656;120.00;13636;120.00;12755;True;12755.00;1654.18;12778;86.85;12769;120.00;11488;True;11488.00;2221.79;11494;90.63;11514;120.00;11119;False;11117.70;TL;11127;117.66;11132;120.00
60;100;9;12092;False;12058.10;TL;12094;29.77;12341;120.00;17320;True;17320.00;1477.11;17430;120.00;17373;120.00;13864;False;13862.40;TL;13975;120.00;14091;120.00;13005;False;12973.50;TL;13005;116.59;13009;120.00;11499;True;11499.00;664.12;11503;97.54;11527;120.00;11197;True;11197.00;217.89;11197;18.99;11197;120.00
60;100;10;12328;True;12326.20;TL;12329;18.82;12329;120.00;17903;True;17903.00;1307.48;18122;120.00;17941;120.00;14362;True;14362.00;298.06;14450;120.00;14393;120.00;13419;True;13419.00;1730.02;13461;116.59;13434;120.00;11887;True;11887.00;245.22;11902;120.00;11887;120.00;11564;True;11564.00;2598.66;11687;117.41;11579;120.00
60;100;11;12192;False;12173.70;TL;12197;51.58;12197;120.00;17678;True;17678.00;432.58;17690;35.03;17686;120.00;14033;True;14033.00;39.40;14035;9.74;14033;39.04;13179;True;13179.00;167.28;13202;86.41;13220;120.00;11711;True;11711.00;55.21;11730;94.53;11736;120.00;11340;True;11340.00;1296.33;11425;117.11;11357;120.00
60;100;12;12685;True;12683.90;TL;12702;92.74;12704;120.00;18652;True;18652.00;401.75;18672;58.07;18658;120.00;14729;True;14729.00;626.13;14819;120.00;14762;120.00;13740;True;13740.00;414.52;13749;17.14;13747;120.00;12240;False;12230.40;TL;12259;120.00;12264;120.00;11966;True;11966.00;2521.50;12017;117.55;11982;120.00
60;100;13;12816;True;12815.00;TL;12828;27.89;12816;120.00;18601;True;18601.00;190.89;18624;91.89;18601;120.00;14971;True;14971.00;447.06;15056;120.00;14982;120.00;13970;True;13970.00;412.30;14014;116.59;13983;120.00;12341;True;12341.00;1293.31;12413;120.00;12347;120.00;12014;True;12014.00;131.32;12033;57.11;12014;120.00
60;100;14;12911;True;12911.00;59.72;12915;15.44;12916;120.00;18665;True;18665.00;109.04;18684;40.70;18665;79.36;14849;True;14849.00;326.58;14854;77.42;14849;120.00;13936;True;13936.00;98.63;13936;9.86;13940;120.00;12371;True;12371.00;389.85;12379;120.00;12373;120.00;11959;True;11959.00;111.92;11969;83.65;11963;120.00
60;100;15;12132;True;12130.40;TL;12132;17.99;12132;120.00;17357;True;17357.00;668.53;17367;74.35;17372;120.00;14008;True;14008.00;82.14;14024;24.24;14008;98.47;13101;True;13101.00;422.71;13126;105.74;13101;120.00;11719;True;11719.00;872.83;11721;20.90;11725;120.00;11433;True;11433.00;1579.25;11440;117.33;11470;120.00
60;100;16;13016;True;13016.00;1943.87;13023;19.20;13029;120.00;18707;True;18707.00;491.28;18724;38.14;18710;120.00;15200;True;15200.00;704.12;15208;80.44;15203;120.00;14046;True;14046.00;952.43;14195;117.49;14089;120.00;12408;True;12408.00;792.46;12410;94.17;12410;120.00;12070;True;12070.00;848.84;12180;116.81;12076;120.00
60;100;17;12220;True;12220.00;190.19;12243;80.56;12253;120.00;17863;True;17863.00;157.46;17888;26.24;17863;120.00;14331;True;14331.00;251.27;14354;109.65;14345;120.00;13248;True;13248.00;899.42;13292;117.53;13278;120.00;11748;True;11748.00;1203.57;11769;120.00;11764;120.00;11372;True;11372.00;484.56;11434;117.73;11372;120.00
60;100;18;12607;False;12540.90;TL;12619;28.24;12607;120.00;18159;False;18065.20;TL;18301;120.00;18460;120.00;14554;False;14549.90;TL;14724;120.00;14592;120.00;13630;True;13630.00;3455.31;13641;116.58;13655;120.00;12098;False;12051.70;TL;12176;120.00;12257;120.00;11735;False;11706.90;TL;11924;117.42;11781;120.00
60;100;19;11561;False;11557.00;TL;11565;17.18;11561;120.00;16919;True;16919.00;392.77;17060;120.00;16923;120.00;13442;True;13442.00;116.52;13527;120.00;13481;120.00;12514;True;12514.00;218.35;12658;117.63;12545;120.00;11249;True;11249.00;714.84;11256;76.71;11249;120.00;10870;True;10870.00;2294.95;10900;117.08;10878;120.00
60;100;20;12976;True;12976.00;24.35;12993;34.00;12976;120.00;18703;True;18703.00;30.53;18736;36.73;18703;34.46;14982;True;14982.00;454.94;15023;120.00;14993;120.00;13873;True;13873.00;197.57;13894;116.66;13873;120.00;12443;True;12443.00;239.99;12456;88.55;12443;120.00;11992;True;11992.00;336.45;12003;21.47;12010;120.00
60;100;21;11544;False;11535.20;TL;11544;13.49;11546;120.00;16671;False;16582.50;TL;16935;120.00;16823;120.00;13217;False;13171.40;TL;13327;120.00;13303;120.00;12399;False;12392.30;TL;12501;117.39;12494;120.00;10951;True;10948.00;TL;10977;119.46;11279;120.00;10658;True;10658.00;972.87;10742;117.64;10664;120.00
60;100;22;12821;False;12812.60;TL;12821;8.22;12821;120.00;18629;True;18629.00;228.80;18644;87.26;18638;120.00;14882;True;14882.00;219.07;14889;25.84;14908;120.00;13876;True;13876.00;753.95;13931;117.12;13880;120.00;12307;True;12307.00;832.90;12316;60.44;12308;120.00;11923;True;11923.00;811.02;11932;51.42;11924;120.00
60;100;23;13519;False;13505.60;TL;13519;19.76;13529;120.00;19465;True;19465.00;970.18;19481;120.00;19495;120.00;15218;True;15218.00;420.06;15248;97.16;15245;120.00;14319;True;14319.00;371.50;14341;68.48;14334;120.00;12867;True;12867.00;957.35;12886;49.19;12869;120.00;12418;True;12418.00;2461.26;12421;117.09;12434;120.00
60;100;24;11697;True;11695.80;TL;11709;28.18;11697;120.00;16943;True;16943.00;128.20;17108;119.35;16943;109.73;13589;True;13589.00;3329.98;13786;120.00;13601;120.00;12770;True;12770.00;789.85;12839;116.76;12793;120.00;11252;True;11252.00;325.54;11359;119.49;11263;120.00;10943;True;10943.00;692.50;11150;117.30;10943;120.00
60;100;25;12445;False;12433.60;TL;12445;11.18;12445;120.00;18234;True;18234.00;2045.16;18340;120.00;18479;120.00;14659;False;14630.20;TL;14981;120.00;14857;120.00;13591;True;13591.00;3215.46;13854;116.77;13761;120.00;12077;False;12060.30;TL;12125;120.00;12127;120.00;11675;True;11675.00;686.73;11709;116.98;11675;120.00
60;100;26;12350;False;12344.30;TL;12363;44.67;12363;120.00;17674;True;17674.00;348.13;17684;49.92;17684;120.00;14445;True;14445.00;910.75;14448;65.86;14456;120.00;13337;True;13337.00;1578.45;13337;105.74;13339;120.00;11873;True;11873.00;250.09;11890;84.99;11873;120.00;11493;True;11493.00;1373.82;11501;37.93;11533;120.00
60;100;27;11933;False;11887.50;TL;11933;120.00;11952;120.00;17433;False;17403.30;TL;17508;120.00;17487;120.00;14078;True;14078.00;961.60;14090;43.77;14090;120.00;13068;False;13051.80;TL;13068;48.56;13086;120.00;11499;False;11478.30;TL;11499;82.42;11533;120.00;11238;False;11223.50;TL;11376;117.20;11265;120.00
60;100;28;12720;False;12679.60;TL;12720;25.32;12847;120.00;18220;False;18185.40;TL;18248;95.84;18539;120.00;14709;False;14661.40;TL;14737;43.39;14724;120.00;13745;False;13699.80;TL;13866;117.31;13817;120.00;12211;False;12189.10;TL;12225;120.00;12459;120.00;11861;True;11861.00;1203.48;11927;116.81;12040;120.00
60;100;29;11154;True;11154.00;2611.09;11156;20.75;11159;120.00;16095;True;16095.00;757.57;16187;120.00;16117;120.00;12849;True;12849.00;792.81;12938;120.00;12906;120.00;11926;True;11926.00;869.07;12085;116.75;11928;120.00;10694;True;10694.00;3112.18;10724;119.45;10717;120.00;10383;True;10383.00;152.79;10477;117.52;10392;120.00
60;100;30;12215;True;12215.00;46.14;12233;57.29;12215;94.42;17735;True;17735.00;205.15;17788;119.45;17756;120.00;14139;True;14139.00;863.93;14165;120.00;14151;120.00;13194;True;13194.00;572.11;13223;117.49;13200;120.00;11726;True;11726.00;189.62;11739;68.59;11731;120.00;11377;True;11377.00;489.45;11387;110.35;11393;120.00
60;100;31;12182;False;12157.90;TL;12182;34.67;12182;120.00;17375;True;17375.00;285.90;17387;76.21;17397;120.00;13960;True;13960.00;255.57;13970;69.47;13963;120.00;13106;True;13106.00;751.80;13161;116.75;13109;120.00;11539;True;11539.00;126.49;11557;59.93;11539;73.61;11318;True;11318.00;2881.46;11334;76.24;11320;120.00
60;100;32;12373;False;12367.00;TL;12382;34.08;12373;120.00;17906;True;17906.00;884.59;17917;74.01;17930;120.00;14282;True;14282.00;58.04;14311;40.61;14282;57.98;13368;True;13368.00;1057.46;13380;92.21;13381;120.00;11838;True;11838.00;287.03;11949;119.37;11842;120.00;11575;True;11575.00;2858.06;11702;117.55;11594;120.00
60;100;33;12427;False;12421.30;TL;12453;38.70;12427;120.00;18285;False;18193.50;TL;18372;120.00;18348;120.00;14374;True;14374.00;1485.97;14381;45.90;14393;120.00;13489;True;13489.00;1084.08;13539;117.01;13567;120.00;12037;False;12008.30;TL;12071;120.00;12098;120.00;11732;False;11689.70;TL;11776;117.12;11830;120.00
60;100;34;12253;False;12234.70;TL;12253;33.65;12259;120.00;17749;True;17749.00;408.71;17816;120.00;17792;120.00;14151;True;14151.00;2218.15;14178;120.00;14169;120.00;13201;True;13201.00;2237.40;13216;116.70;13205;120.00;11728;False;11724.10;TL;11761;120.00;11749;120.00;11361;False;11341.90;TL;11361;114.81;11402;120.00
60;100;35;12829;True;12828.40;TL;12842;39.45;12841;120.00;18441;True;18441.00;149.30;18453;69.01;18441;100.46;15069;True;15069.00;117.74;15092;53.32;15069;120.00;14005;True;14005.00;1167.39;14013;21.41;14015;120.00;12369;True;12369.00;2937.75;12377;119.43;12387;120.00;12035;True;12035.00;1096.03;12075;117.53;12035;120.00
60;100;36;12247;False;12227.90;TL;12259;72.15;12264;120.00;17623;True;17623.00;583.75;17695;120.00;17705;120.00;14145;True;14145.00;1298.07;14160;87.34;14149;120.00;13149;True;13149.00;204.73;13171;83.15;13161;120.00;11671;True;11671.00;782.73;11684;49.99;11671;120.00;11358;True;11358.00;185.57;11358;23.52;11363;120.00
60;100;37;12237;True;12237.00;805.57;12240;15.60;12237;120.00;17901;True;17901.00;462.39;17921;81.07;17918;120.00;14299;True;14299.00;1159.91;14360;120.00;14314;120.00;13239;True;13239.00;532.75;13263;91.30;13258;120.00;11635;True;11635.00;476.52;11641;29.54;11651;120.00;11405;True;11405.00;2231.49;11426;116.85;11414;120.00
60;100;38;12032;False;12024.10;TL;12032;84.70;12032;120.00;17343;True;17343.00;1094.05;17368;120.00;17379;120.00;14148;True;14148.00;116.84;14165;28.38;14148;85.67;13122;True;13122.00;1136.39;13142;81.22;13132;120.00;11565;True;11565.00;1571.94;11572;105.89;11572;120.00;11235;True;11235.00;2598.94;11293;117.09;11251;120.00
60;100;39;11885;False;11882.50;TL;11885;27.91;11886;120.00;17144;False;17077.50;TL;17388;119.47;17352;120.00;14142;False;14096.00;TL;14214;120.00;14234;120.00;13031;True;13031.00;2296.86;13092;117.45;13106;120.00;11403;True;11403.00;286.97;11431;120.00;11726;120.00;11157;True;11157.00;437.82;11341;117.56;11314;120.00
75;20;0;2137;True;2137.00;0.27;2137;0.11;2137;0.11;3297;True;3297.00;0.80;3317;0.30;3297;0.35;2607;True;2607.00;0.20;2607;0.21;2607;0.31;2434;True;2434.00;1.35;2443;0.62;2434;0.65;2097;True;2097.00;1.74;2105;0.37;2097;0.93;2044;True;2044.00;0.68;2044;0.69;2044;0.66
75;20;1;2748;True;2748.00;0.73;2748;0.21;2748;0.59;4060;True;4060.00;0.32;4066;0.10;4060;0.12;3345;True;3345.00;0.28;3345;0.09;3345;0.07;3065;True;3065.00;0.18;3066;0.13;3065;0.10;2613;True;2613.00;0.18;2613;0.09;2613;0.07;2579;True;2579.00;0.08;2579;0.09;2579;0.10
75;20;2;2201;True;2201.00;0.04;2201;0.05;2201;0.03;3277;True;3277.00;0.04;3277;0.04;3277;0.10;2805;True;2805.00;0.04;2805;0.03;2805;0.04;2612;True;2612.00;0.27;2612;0.15;2612;0.13;2163;True;2163.00;0.29;2163;0.16;2163;0.16;2130;True;2130.00;0.07;2130;0.07;2130;0.09
75;20;3;2119;True;2119.00;6.27;2119;0.61;2119;14.33;3057;True;3057.00;0.17;3057;0.17;3057;0.25;2522;True;2522.00;2.82;2525;1.15;2522;1.61;2346;True;2346.00;0.81;2346;0.92;2346;0.92;2015;True;2015.00;0.19;2015;0.21;2015;0.21;1967;True;1967.00;0.64;1967;0.65;1967;0.70
75;20;4;1665;True;1665.00;0.82;1665;1.06;1665;1.19;2444;True;2444.00;0.18;2444;0.17;2444;0.17;1980;True;1980.00;1.39;1980;1.47;1980;1.25;1845;True;1845.00;0.28;1845;0.32;1845;0.31;1612;True;1612.00;0.45;1612;0.51;1612;0.53;1570;True;1570.00;14.19;1570;3.48;1570;4.94
75;20;5;2461;True;2461.00;0.46;2461;0.05;2461;0.18;3642;True;3642.00;0.02;3642;0.03;3642;0.03;2914;True;2914.00;0.32;2915;0.10;2914;0.10;2752;True;2752.00;0.04;2752;0.04;2752;0.04;2378;True;2378.00;0.38;2378;0.08;2378;0.10;2294;True;2294.00;0.15;2294;0.08;2294;0.09
75;20;6;2068;True;2068.00;10.27;2078;1.02;2068;13.19;2984;True;2984.00;1.77;2984;0.45;2984;0.52;2389;True;2389.00;0.10;2389;0.11;2389;0.12;2205;True;2205.00;1.13;2205;0.31;2205;0.72;1969;True;1969.00;1.64;1969;0.35;1969;0.51;1874;True;1874.00;0.17;1874;0.19;1874;0.19
75;20;7;2671;True;2671.00;3.87;2671;0.27;2671;4.80;3986;True;3986.00;0.72;4001;0.22;3986;0.24;3109;True;3109.00;0.03;3109;0.03;3109;0.03;2888;True;2888.00;0.40;2888;0.12;2888;0.10;2549;True;2549.00;0.41;2549;0.44;2549;0.20;2459;True;2459.00;0.07;2459;0.07;2459;0.07
75;20;8;2052;True;2052.00;1195.45;2052;0.69;2052;120.00;2857;True;2857.00;0.08;2857;0.10;2857;0.10;2400;True;2400.00;0.13;2400;0.14;2400;0.15;2183;True;2183.00;0.13;2183;0.13;2183;0.13;1935;True;1935.00;0.09;1935;0.10;1935;0.10;1893;True;1893.00;1.61;1893;0.31;1893;0.70
75;20;9;2093;True;2093.00;5.08;2093;0.34;2093;2.22;2915;True;2915.00;0.60;2915;0.35;2915;0.31;2454;True;2454.00;0.18;2454;0.19;2454;0.30;2319;True;2319.00;2.61;2353;0.42;2319;0.79;1989;True;1989.00;0.89;1989;0.66;1989;0.56;1957;True;1957.00;0.89;1957;0.34;1957;0.39
75;20;10;2109;True;2109.00;1.48;2109;0.26;2109;0.36;3180;True;3180.00;0.09;3180;0.11;3180;0.11;2567;True;2567.00;0.80;2583;0.46;2567;0.43;2359;True;2359.00;0.31;2359;0.34;2359;0.35;2056;True;2056.00;1.26;2056;0.57;2056;0.62;2007;True;2007.00;1.16;2013;0.71;2007;0.97
75;20;11;2667;True;2667.00;71.95;2691;0.35;2667;97.30;3891;True;3891.00;0.05;3891;0.05;3891;0.05;3271;True;3271.00;0.84;3279;0.17;3271;0.36;3016;True;3016.00;0.06;3016;0.06;3016;0.07;2567;True;2567.00;1.21;2572;0.29;2567;0.54;2531;True;2531.00;0.64;2549;0.23;2531;0.28
75;20;12;2701;True;2701.00;39.53;2701;0.23;2701;75.39;3907;True;3907.00;0.11;3907;0.12;3907;0.13;3171;True;3171.00;0.34;3173;0.16;3171;0.22;2924;True;2924.00;0.21;2924;0.12;2924;0.12;2595;True;2595.00;0.23;2595;0.15;2595;0.11;2495;True;2495.00;0.13;2495;0.13;2495;0.14
75;20;13;2178;True;2178.00;0.06;2178;0.06;2178;0.06;3241;True;3241.00;0.11;3241;0.11;3241;0.12;2662;True;2662.00;0.03;2662;0.04;2662;0.04;2467;True;2467.00;0.15;2467;0.16;2467;0.16;2084;True;2084.00;0.12;2084;0.13;2084;0.13;2058;True;2058.00;0.70;2063;0.41;2058;0.47
75;20;14;2115;True;2115.00;2.49;2115;0.61;2115;1.21;3212;True;3212.00;0.14;3212;0.15;3212;0.28;2408;True;2408.00;0.13;2408;0.13;2408;0.15;2232;True;2232.00;0.13;2232;0.15;2232;0.15;2046;True;2046.00;2.25;2046;0.54;2046;1.09;1938;True;1938.00;0.23;1938;0.26;1938;0.27
75;20;15;1958;True;1958.00;0.07;1958;0.08;1958;0.08;2900;True;2900.00;0.12;2900;0.13;2900;0.15;2426;True;2426.00;0.08;2426;0.09;2426;0.10;2238;True;2238.00;0.10;2238;0.11;2238;0.11;1889;True;1889.00;0.07;1889;0.08;1889;0.07;1868;True;1868.00;0.16;1868;0.17;1868;0.18
75;20;16;2146;True;2146.00;0.03;2146;0.04;2146;0.04;3317;True;3317.00;0.81;3360;0.60;3317;0.49;2630;True;2630.00;0.17;2630;0.17;2630;0.19;2434;True;2434.00;1.38;2435;0.78;2434;0.85;2109;True;2109.00;1.39;2119;0.53;2109;0.56;2065;True;2065.00;9.12;2073;3.02;2065;4.69
75;20;17;2192;True;2192.00;0.20;2192;0.23;2192;0.23;3192;True;3192.00;0.23;3192;0.24;3192;0.24;2557;True;2557.00;0.31;2557;0.33;2557;0.34;2415;True;2415.00;1.01;2427;0.65;2415;0.64;2082;True;2082.00;2.14;2082;1.08;2082;0.89;2031;True;2031.00;3.28;2031;1.66;2031;2.28
75;20;18;2227;True;2227.00;3.46;2235;0.25;2227;1.51;3268;True;3268.00;0.05;3268;0.06;3268;0.05;2690;True;2690.00;0.05;2690;0.05;2690;0.06;2472;True;2472.00;0.12;2472;0.13;2472;0.12;2122;True;2122.00;1.24;2122;0.21;2122;0.37;2073;True;2073.00;0.17;2073;0.19;2073;0.20
75;20;19;2215;True;2215.00;5.40;2215;0.06;2215;3.02;3343;True;3343.00;0.04;3343;0.05;3343;0.05;2706;True;2706.00;0.32;2706;0.09;2706;0.08;2508;True;2508.00;0.26;2513;0.13;2508;0.13;2142;True;2142.00;0.52;2152;0.14;2142;0.17;2068;True;2068.00;0.06;2068;0.06;2068;0.06
75;20;20;2578;True;2578.00;9.52;2578;0.12;2578;11.13;3674;True;3674.00;0.15;3676;0.09;3674;0.07;3160;True;3160.00;0.04;3160;0.04;3160;0.04;2838;True;2838.00;0.05;2838;0.05;2838;0.05;2517;True;2517.00;9.99;2531;0.31;2517;7.05;2424;True;2424.00;0.62;2429;0.15;2424;0.24
75;20;21;2198;True;2198.00;0.33;2198;0.37;2198;0.29;3206;True;3206.00;1.41;3212;0.36;3206;0.48;2697;True;2697.00;0.13;2697;0.13;2697;0.15;2443;True;2443.00;0.15;2443;0.17;2443;0.16;2125;True;2125.00;0.32;2125;0.38;2125;0.40;2072;True;2072.00;0.52;2072;0.55;2072;0.64
75;20;22;2149;True;2149.00;46.24;2149;0.18;2149;56.87;3142;True;3142.00;1.38;3142;0.69;3142;0.54;2574;True;2574.00;0.68;2574;0.22;2574;0.34;2366;True;2366.00;1.00;2374;0.23;2366;0.37;2053;True;2053.00;1.17;2060;0.59;2053;0.58;1978;True;1978.00;2.31;2000;0.55;1978;0.77
75;20;23;2485;True;2485.00;0.98;2485;0.08;2485;4.28;3570;True;3570.00;0.05;3570;0.05;3570;0.05;2993;True;2993.00;0.25;2993;0.06;2993;0.07;2775;True;2775.00;0.05;2775;0.06;2775;0.06;2389;True;2389.00;0.63;2393;0.09;2389;0.23;2329;True;2329.00;0.09;2329;0.09;2329;0.09
75;20;24;2222;True;2222.00;21.71;2225;0.09;2222;28.56;3293;True;3293.00;0.04;3293;0.05;3293;0.05;2798;True;2798.00;0.37;2798;0.11;2798;0.17;2571;True;2571.00;0.60;2573;0.11;2571;0.17;2136;True;2136.00;0.39;2136;0.10;2136;0.13;2091;True;2091.00;0.09;2091;0.10;2091;0.10
75;20;25;2426;True;2426.00;22.46;2426;0.04;2426;38.99;3494;True;3494.00;0.03;3494;0.04;3494;0.04;2933;True;2933.00;0.37;2998;0.08;2933;0.16;2707;True;2707.00;1.28;2707;0.11;2707;0.42;2324;True;2324.00;0.05;2324;0.06;2324;0.05;2284;True;2284.00;0.05;2284;0.06;2284;0.06
75;20;26;2186;True;2186.00;3.17;2188;0.46;2186;4.01;3185;True;3185.00;0.16;3185;0.17;3185;0.27;2671;True;2671.00;0.43;2671;0.48;2671;0.54;2384;True;2384.00;0.16;2384;0.19;2384;0.17;2123;True;2123.00;18.02;2124;1.19;2123;4.75;2077;True;2077.00;2.93;2077;0.97;2077;1.06
75;20;27;2470;True;2470.00;0.29;2481;0.06;2470;0.31;3671;True;3671.00;0.03;3671;0.03;3671;0.03;2858;True;2858.00;0.03;2858;0.03;2858;0.04;2676;True;2676.00;0.05;2676;0.05;2676;0.05;2331;True;2331.00;0.03;2331;0.03;2331;0.03;2288;True;2288.00;0.08;2288;0.08;2288;0.08
75;20;28;2198;True;2198.00;4.71;2198;0.30;2198;1.68;3202;True;3202.00;0.34;3202;0.34;3202;0.29;2673;True;2673.00;0.24;2673;0.25;2673;0.27;2506;True;2506.00;0.14;2506;0.17;2506;0.16;2125;True;2125.00;1.40;2125;0.85;2125;0.60;2094;True;2094.00;0.41;2094;0.43;2094;0.46
75;20;29;2186;True;2186.00;0.77;2191;0.21;2186;0.17;3218;True;3218.00;0.08;3218;0.07;3218;0.09;2684;True;2684.00;0.54;2684;0.28;2684;0.26;2504;True;2504.00;0.25;2504;0.29;2504;0.27;2085;True;2085.00;0.07;2085;0.09;2085;0.09;2035;True;2035.00;0.25;2035;0.26;2035;0.29
75;20;30;2136;True;2136.00;1.16;2136;0.30;2136;0.44;3174;True;3174.00;1.18;3174;0.48;3174;0.49;2583;True;2583.00;2.41;2583;0.36;2583;0.65;2411;True;2411.00;1.47;2412;0.76;2411;0.82;2062;True;2062.00;0.09;2062;0.13;2062;0.11;2041;True;2041.00;0.48;2041;0.50;2041;0.65
75;20;31;2188;True;2188.00;9.39;2188;0.84;2188;3.73;3234;True;3234.00;0.34;3234;0.36;3234;0.19;2655;True;2655.00;0.30;2655;0.32;2655;0.29;2445;True;2445.00;0.22;2445;0.24;2445;0.24;2129;True;2129.00;3.87;2132;0.87;2129;1.07;2076;True;2076.00;3.26;2076;0.67;2076;0.86
75;20;32;1635;True;1635.00;0.63;1635;0.72;1635;0.72;2428;True;2428.00;0.17;2428;0.18;2428;0.19;2120;True;2120.00;0.90;2122;0.34;2120;0.39;1887;True;1887.00;0.23;1887;0.27;1887;0.24;1589;True;1589.00;1.52;1589;0.40;1589;0.62;1573;True;1573.00;0.91;1573;0.45;1573;0.64
75;20;33;2192;True;2192.00;1.02;2192;0.21;2192;0.22;3256;True;3256.00;2.10;3256;0.68;3256;0.60;2652;True;2652.00;0.09;2652;0.10;2652;0.11;2514;True;2514.00;0.38;2514;0.46;2514;0.41;2119;True;2119.00;0.22;2119;0.31;2119;0.24;2098;True;2098.00;2.56;2111;0.68;2098;1.28
75;20;34;2414;True;2414.00;0.02;2414;0.02;2414;0.03;3567;True;3567.00;0.33;3584;0.08;3567;0.13;2890;True;2890.00;0.04;2890;0.04;2890;0.04;2674;True;2674.00;0.05;2674;0.06;2674;0.06;2313;True;2313.00;0.04;2313;0.06;2313;0.05;2246;True;2246.00;0.03;2246;0.04;2246;0.04
75;20;35;2052;True;2052.00;495.83;2052;0.18;2052;120.00;2817;True;2817.00;0.08;2817;0.09;2817;0.09;2446;True;2446.00;0.08;2446;0.08;2446;0.09;2231;True;2231.00;0.14;2231;0.16;2231;0.15;1961;True;1961.00;0.13;1961;0.16;1961;0.15;1898;True;1898.00;0.12;1898;0.13;1898;0.14
75;20;36;2081;True;2081.00;21.01;2089;0.35;2081;32.40;3041;True;3041.00;0.29;3041;0.31;3041;0.31;2547;True;2547.00;0.29;2547;0.30;2547;0.38;2319;True;2319.00;4.83;2319;1.26;2319;1.24;2004;True;2004.00;0.90;2004;0.99;2004;0.56;1928;True;1928.00;0.32;1928;0.35;1928;0.39
75;20;37;2488;True;2488.00;4.25;2488;0.10;2488;9.84;3653;True;3653.00;0.34;3658;0.09;3653;0.07;2919;True;2919.00;0.12;2919;0.04;2919;0.06;2712;True;2712.00;0.38;2712;0.13;2712;0.14;2391;True;2391.00;1.53;2391;0.14;2391;0.57;2312;True;2312.00;0.04;2312;0.05;2312;0.05
75;20;38;2174;True;2174.00;2.60;2174;0.82;2174;0.84;3199;True;3199.00;0.08;3199;0.09;3199;0.09;2602;True;2602.00;0.30;2602;0.32;2602;0.39;2451;True;2451.00;1.84;2461;0.41;2451;0.64;2076;True;2076.00;0.28;2076;0.34;2076;0.29;2039;True;2039.00;1.68;2041;0.84;2039;1.06
75;20;39;2115;True;2115.00;192.68;2136;0.19;2115;120.00;3225;True;3225.00;0.64;3227;0.28;3225;0.29;2616;True;2616.00;0.37;2616;0.37;2616;0.38;2403;True;2403.00;1.87;2426;1.24;2403;1.20;2041;True;2041.00;0.12;2041;0.16;2041;0.15;2028;True;2028.00;2.34;2028;1.13;2028;1.05
75;30;0;3219;True;3219.00;1.28;3219;0.58;3219;0.91;4679;True;4679.00;3.75;4679;2.32;4679;1.55;3935;True;3935.00;3.73;3960;1.76;3935;2.43;3632;True;3632.00;8.79;3647;3.47;3632;6.29;3101;True;3101.00;5.11;3103;2.03;3101;1.34;3022;True;3022.00;10.86;3022;3.50;3022;6.42
75;30;1;2655;True;2655.00;2.59;2657;0.61;2655;1.61;4081;True;4081.00;52.10;4083;3.25;4081;9.08;3272;True;3272.00;2.74;3272;1.51;3272;1.70;3036;True;3036.00;3.43;3038;1.43;3036;2.63;2590;True;2590.00;13.91;2599;2.05;2590;5.91;2539;True;2539.00;39.06;2548;9.35;2539;48.20
75;30;2;3152;True;3152.00;0.82;3152;0.22;3152;0.62;4655;True;4655.00;2.11;4655;1.05;4655;1.01;3938;True;3938.00;1.60;3938;0.99;3938;1.12;3713;True;3713.00;3.72;3731;1.46;3713;1.76;3071;True;3071.00;1.35;3078;1.21;3071;0.74;3043;True;3043.00;5.37;3048;1.97;3043;2.29
75;30;3;3154;True;3154.00;1.04;3176;0.74;3154;0.95;4790;True;4790.00;6.34;4808;3.00;4790;2.50;3849;True;3849.00;2.02;3862;0.41;3849;0.66;3597;True;3597.00;2.27;3601;1.68;3597;1.37;3081;True;3081.00;18.41;3081;2.42;3081;3.51;3036;True;3036.00;23.30;3045;5.92;3036;8.68
75;30;4;3284;True;3284.00;0.90;3284;0.34;3284;0.53;4921;True;4921.00;0.13;4921;0.18;4921;0.15;3912;True;3912.00;1.08;3912;0.39;3912;0.52;3704;True;3704.00;2.98;3711;0.97;3704;0.92;3133;True;3133.00;0.69;3133;0.41;3133;0.39;3081;True;3081.00;3.77;3081;0.94;3081;1.17
75;30;5;3487;True;3487.00;1.82;3488;0.34;3487;0.41;4955;True;4955.00;0.75;4959;0.39;4955;0.24;4234;True;4234.00;4.27;4257;0.37;4234;2.97;3897;True;3897.00;6.68;3903;0.56;3897;4.80;3366;True;3366.00;17.99;3366;1.17;3366;10.73;3254;True;3254.00;0.96;3254;0.31;3254;0.55
75;30;6;3212;True;3212.00;19.22;3229;0.56;3212;17.88;4837;True;4837.00;1.79;4867;1.06;4837;0.78;3899;True;3899.00;1.51;3918;0.37;3899;0.50;3605;True;3605.00;1.10;3613;0.42;3605;0.42;3083;True;3083.00;4.35;3083;0.54;3083;1.20;3012;True;3012.00;0.73;3012;0.82;3012;1.03
75;30;7;3092;True;3092.00;3.79;3097;1.56;3092;111.74;4542;True;4542.00;4.67;4574;3.27;4542;2.76;3791;True;3791.00;1.36;3791;2.00;3791;0.89;3453;True;3453.00;4.58;3453;2.16;3453;2.79;2963;True;2963.00;3.20;2963;1.90;2963;1.05;2909;True;2909.00;2.80;2909;1.31;2909;2.17
75;30;8;3074;True;3074.00;177.35;3074;1.28;3074;120.00;4504;True;4504.00;0.35;4504;0.46;4504;0.60;3686;True;3686.00;9.22;3711;2.37;3686;4.16;3432;True;3432.00;7.97;3432;3.10;3432;5.39;2964;True;2964.00;7.92;2974;2.22;2964;3.14;2861;True;2861.00;1.02;2861;1.13;2861;1.46
75;30;9;3108;True;3108.00;2.52;3108;0.80;3108;2.37;4590;True;4590.00;19.01;4590;1.45;4590;12.26;3586;True;3586.00;0.89;3586;0.92;3586;0.42;3340;True;3340.00;11.53;3361;2.81;3340;5.36;2959;True;2959.00;4.35;2959;1.80;2959;1.04;2841;True;2841.00;0.49;2841;0.56;2841;0.95
75;30;10;3287;True;3287.00;2455.13;3287;0.21;3287;120.00;4856;True;4856.00;1.07;4890;1.16;4856;0.57;4042;True;4042.00;1.66;4043;0.82;4042;0.82;3699;True;3699.00;0.66;3699;0.46;3699;0.53;3159;True;3159.00;3.69;3165;0.35;3159;0.70;3103;True;3103.00;1.00;3103;0.50;3103;0.60
75;30;11;3707;True;3707.00;0.75;3707;0.45;3707;0.21;5537;True;5537.00;4.11;5557;1.62;5537;1.02;4580;True;4580.00;1.30;4580;0.75;4580;0.72;4211;True;4211.00;5.79;4211;1.62;4211;1.77;3582;True;3582.00;4.22;3582;1.54;3582;1.16;3511;True;3511.00;4.33;3511;1.34;3511;2.32
75;30;12;3321;True;3321.00;116.75;3321;0.13;3321;120.00;4997;True;4997.00;2.73;5000;0.44;4997;0.76;3982;True;3982.00;0.16;3982;0.16;3982;0.18;3720;True;3720.00;1.13;3720;0.40;3720;0.59;3178;True;3178.00;1.57;3179;0.31;3178;0.60;3097;True;3097.00;3.20;3097;0.50;3097;1.23
75;30;13;3090;True;3090.00;3.70;3104;1.45;3090;4.26;4563;True;4563.00;7.52;4568;2.27;4563;2.80;3707;True;3707.00;0.43;3707;0.44;3707;0.76;3435;True;3435.00;0.86;3435;1.01;3435;1.52;3013;True;3013.00;29.03;3029;4.74;3013;12.07;2917;True;2917.00;24.29;2917;3.62;2917;11.48
75;30;14;3741;False;3733.72;TL;3744;0.74;3744;120.00;5561;True;5561.00;1.52;5576;1.14;5561;0.66;4529;True;4529.00;8.54;4529;1.02;4529;2.20;4114;True;4114.00;2.02;4114;1.17;4114;1.74;3566;True;3566.00;5.48;3566;1.55;3566;2.62;3495;True;3495.00;5.17;3495;2.37;3495;2.49
75;30;15;3279;True;3279.00;26.23;3279;0.24;3279;23.68;4750;True;4750.00;0.57;4786;0.43;4750;0.28;3904;True;3904.00;1.08;3904;0.23;3904;0.30;3628;True;3628.00;1.04;3628;0.45;3628;0.44;3184;True;3184.00;2.06;3192;0.47;3184;0.84;3079;True;3079.00;0.27;3079;0.29;3079;0.32
75;30;16;3677;False;3668.50;TL;3680;0.40;3683;120.00;5237;True;5237.00;2.96;5237;1.07;5237;1.50;4390;True;4390.00;5.96;4426;0.88;4390;2.09;4048;True;4048.00;0.28;4048;0.32;4048;0.30;3475;True;3475.00;0.92;3475;0.76;3475;0.40;3415;True;3415.00;1.35;3432;0.86;3415;0.86
75;30;17;3274;True;3265.59;TL;3287;0.55;3281;120.00;4899;True;4899.00;26.09;4901;1.88;4899;11.92;3882;True;3882.00;2.49;3900;1.38;3882;1.12;3623;True;3623.00;2.51;3623;1.36;3623;1.15;3136;True;3136.00;3.47;3145;0.84;3136;1.04;3056;True;3056.00;11.25;3057;2.26;3056;3.15
75;30;18;3128;True;3128.00;241.70;3128;0.99;3128;120.00;4481;True;4481.00;4.11;4491;1.94;4481;1.10;3516;True;3516.00;1.51;3516;0.54;3516;0.87;3321;True;3321.00;0.73;3321;0.82;3321;0.83;2919;True;2919.00;0.29;2919;0.33;2919;0.30;2841;True;2841.00;2.93;2852;1.19;2841;2.12
75;30;19;3166;True;3166.00;1094.51;3166;0.55;3166;120.00;4764;True;4764.00;7.61;4764;1.69;4764;3.41;3894;True;3894.00;55.82;3906;3.73;3894;17.90;3561;True;3561.00;14.06;3589;2.97;3561;6.57;3049;True;3049.00;11.41;3060;2.29;3049;3.27;2973;True;2973.00;2.74;2973;2.92;2973;3.79
75;30;20;3244;True;3244.00;10.57;3244;1.30;3244;3.41;4801;True;4801.00;5.34;4803;1.49;4801;1.23;3965;True;3965.00;5.24;3974;1.08;3965;2.43;3631;True;3631.00;0.89;3653;0.71;3631;0.59;3127;True;3127.00;2.19;3127;1.11;3127;1.25;3033;True;3033.00;20.24;3039;2.22;3033;5.10
75;30;21;3513;True;3513.00;2.16;3515;0.25;3513;24.93;5146;True;5146.00;0.85;5146;0.31;5146;0.34;4347;True;4347.00;9.38;4356;0.38;4347;5.34;4005;True;4005.00;21.41;4035;0.82;4005;14.42;3337;True;3337.00;0.62;3337;0.23;3337;0.67;3298;True;3298.00;5.94;3313;0.76;3298;3.46
75;30;22;3093;False;3073.40;TL;3108;1.43;3098;120.00;4465;True;4465.00;0.26;4465;0.34;4465;0.30;3663;True;3663.00;17.94;3679;1.99;3663;6.73;3431;True;3431.00;7.41;3445;1.83;3431;4.75;2911;True;2911.00;0.29;2911;0.33;2911;0.31;2822;True;2822.00;1.32;2822;1.96;2822;0.80
75;30;23;3228;True;3228.00;464.35;3228;0.66;3228;120.00;4792;True;4792.00;1.99;4805;1.63;4792;0.94;3997;True;3997.00;3.41;3997;0.90;3997;1.49;3696;True;3696.00;2.21;3722;1.11;3696;1.50;3142;True;3142.00;4.42;3142;0.70;3142;1.58;3071;True;3071.00;4.50;3071;2.74;3071;2.59
75;30;24;3211;True;3211.00;2399.51;3211;0.47;3215;120.00;4827;True;4827.00;4.49;4835;2.16;4827;1.67;3874;True;3874.00;2.84;3877;0.95;3874;1.47;3658;True;3658.00;4.17;3668;1.32;3658;2.11;3126;True;3126.00;3.95;3135;1.60;3126;1.70;3046;True;3046.00;3.76;3065;2.84;3046;2.16
75;30;25;3796;True;3796.00;22.17;3796;0.26;3796;27.55;5560;True;5560.00;0.87;5560;1.13;5560;0.57;4674;True;4674.00;0.43;4692;0.30;4674;0.22;4266;True;4266.00;2.42;4266;0.85;4266;1.35;3591;True;3591.00;0.60;3597;0.38;3591;0.26;3586;True;3586.00;3.95;3586;0.77;3586;1.65
75;30;26;3097;False;3074.89;TL;3097;0.98;3108;120.00;4472;True;4472.00;28.28;4497;3.66;4472;11.82;3638;True;3638.00;2.86;3686;2.30;3638;2.16;3390;True;3390.00;25.49;3390;2.21;3390;15.72;2893;True;2893.00;0.24;2893;0.27;2893;0.64;2842;True;2842.00;24.39;2850;2.72;2842;18.70
75;30;27;3302;True;3302.00;15.57;3305;0.24;3302;14.78;4908;True;4908.00;0.68;4950;0.43;4908;0.32;3974;True;3974.00;2.62;3975;0.32;3974;0.86;3678;True;3678.00;1.38;3678;0.58;3678;0.77;3128;True;3128.00;0.56;3128;0.28;3128;0.25;3061;True;3061.00;0.34;3061;0.38;3061;0.36
75;30;28;3236;False;3227.51;TL;3236;0.20;3236;120.00;4760;True;4760.00;8.94;4760;2.20;4760;2.04;4093;True;4093.00;2.48;4101;1.33;4093;0.84;3656;True;3656.00;3.03;3656;1.37;3656;1.94;3152;True;3152.00;13.27;3152;1.29;3152;5.17;3070;True;3070.00;3.08;3070;1.66;3070;1.31
75;30;29;3117;True;3117.00;15.25;3117;1.24;3117;57.36;4569;True;4569.00;2.28;4582;1.48;4569;1.29;3684;True;3684.00;0.42;3684;0.43;3684;0.66;3419;True;3419.00;0.54;3419;0.61;3419;0.89;3004;True;3004.00;16.92;3026;5.36;3004;7.64;2930;True;2930.00;19.73;2934;6.21;2930;10.45
75;30;30;3152;False;3148.07;TL;3157;1.84;3152;120.00;4541;True;4541.00;9.42;4541;2.11;4541;3.56;3688;True;3688.00;0.85;3695;0.60;3688;0.52;3419;True;3419.00;6.08;3438;1.71;3419;5.64;3009;True;3009.00;38.94;3011;3.16;3009;44.29;2903;True;2903.00;33.79;2921;16.13;2903;16.98
75;30;31;3214;False;3198.03;TL;3220;1.53;3214;120.00;4517;True;4517.00;1.66;4517;1.30;4517;1.02;3641;True;3641.00;4.09;3641;1.65;3641;2.59;3401;True;3401.00;31.13;3407;2.75;3401;16.83;2976;True;2976.00;3.49;2980;2.15;2976;1.47;2917;True;2917.00;4.03;2929;2.80;2917;3.10
75;30;32;3572;True;3572.00;0.05;3572;0.06;3572;0.06;5230;True;5230.00;1.13;5230;0.66;5230;0.48;4391;True;4391.00;0.36;4417;0.40;4391;0.21;4051;True;4051.00;2.47;4062;0.86;4051;0.94;3452;True;3452.00;13.67;3455;0.71;3452;10.99;3354;True;3354.00;7.66;3355;0.97;3354;5.85
75;30;33;3773;True;3773.00;0.32;3773;0.36;3773;0.14;5380;True;5380.00;2.46;5380;0.37;5380;0.61;4474;True;4474.00;10.61;4483;1.38;4474;2.86;4230;True;4230.00;6.22;4242;2.22;4230;2.57;3661;True;3661.00;8.18;3661;1.69;3661;1.26;3594;True;3594.00;15.93;3596;1.92;3594;7.39
75;30;34;3319;True;3319.00;0.06;3319;0.06;3319;0.06;4928;True;4928.00;1.48;4928;0.46;4928;0.55;3929;True;3929.00;2.21;3931;0.71;3929;0.94;3696;True;3696.00;2.26;3711;0.74;3696;0.97;3134;True;3134.00;0.67;3136;0.38;3134;0.37;3078;True;3078.00;0.19;3078;0.22;3078;0.24
75;30;35;3545;True;3545.00;0.08;3545;0.08;3545;0.09;5187;True;5187.00;3.03;5235;1.23;5187;1.72;4285;True;4285.00;24.81;4297;0.55;4285;15.62;3907;True;3907.00;0.63;3907;0.49;3907;0.64;3424;True;3424.00;1.45;3429;0.67;3424;1.19;3286;True;3286.00;4.67;3295;0.73;3286;2.35
75;30;36;3181;False;3162.75;TL;3181;1.35;3185;120.00;4621;True;4621.00;25.50;4652;2.54;4621;7.12;3825;True;3825.00;2.26;3831;1.44;3825;1.04;3468;True;3468.00;5.39;3474;2.42;3468;2.55;3018;True;3018.00;0.39;3018;0.42;3018;0.67;2943;True;2943.00;1.00;2943;1.10;2943;1.47
75;30;37;3749;False;3747.05;TL;3754;0.59;3749;120.00;5421;True;5421.00;6.26;5427;0.91;5421;1.88;4557;True;4557.00;1.13;4565;1.25;4557;0.68;4149;True;4149.00;5.06;4162;2.13;4149;2.82;3600;True;3600.00;15.69;3604;1.05;3600;7.81;3484;True;3484.00;3.48;3506;1.35;3484;1.21
75;30;38;3818;True;3818.00;0.61;3818;0.15;3818;0.15;5746;True;5746.00;0.68;5746;0.25;5746;0.16;4798;True;4798.00;0.08;4798;0.08;4798;0.15;4461;True;4461.00;1.05;4473;0.25;4461;0.43;3726;True;3726.00;1.75;3726;0.27;3726;0.81;3630;True;3630.00;1.16;3630;0.28;3630;0.42
75;30;39;3193;False;3191.87;TL;3193;0.48;3193;120.00;4796;True;4796.00;14.20;4804;3.78;4796;3.47;3815;True;3815.00;4.71;3819;1.19;3815;2.48;3510;True;3510.00;1.11;3510;1.56;3510;0.74;3044;True;3044.00;3.54;3044;1.62;3044;1.98;2980;True;2980.00;3.47;3004;2.80;2980;3.06
75;40;0;4226;True;4226.00;65.74;4230;2.08;4226;120.00;6193;True;6193.00;21.79;6200;3.93;6193;4.59;5116;True;5116.00;3.51;5125;2.66;5116;2.23;4773;True;4773.00;21.81;4788;4.83;4773;11.83;4040;True;4040.00;30.21;4048;4.36;4040;13.59;3982;True;3982.00;45.14;3984;4.51;3982;20.49
75;40;1;4266;True;4266.00;5.24;4266;0.71;4266;10.92;6243;True;6243.00;15.86;6249;4.21;6243;6.51;5192;True;5192.00;20.61;5202;4.36;5192;7.38;4746;True;4746.00;6.05;4748;3.05;4746;2.41;4096;True;4096.00;44.70;4096;4.27;4096;12.83;4030;True;4030.00;37.36;4038;5.89;4030;10.59
75;40;2;4238;True;4233.53;TL;4240;1.07;4240;120.00;6280;True;6280.00;76.83;6292;4.09;6280;15.27;5221;True;5221.00;0.55;5221;0.59;5221;1.42;4816;True;4816.00;1.63;4816;1.84;4816;2.27;4118;True;4118.00;17.39;4118;4.89;4118;4.79;4037;True;4037.00;24.25;4037;5.07;4037;7.63
75;40;3;4054;True;4054.00;40.96;4064;3.48;4054;120.00;5939;True;5939.00;6.72;5968;2.79;5939;3.20;4792;True;4792.00;23.39;4797;3.97;4792;14.92;4483;True;4483.00;141.10;4491;4.05;4504;120.00;3898;True;3898.00;2.80;3898;1.82;3898;2.11;3783;True;3783.00;77.95;3783;3.38;3783;116.32
75;40;4;4231;True;4231.00;51.59;4231;1.93;4231;120.00;6105;True;6105.00;9.91;6120;4.02;6105;5.53;5015;True;5015.00;26.89;5032;4.72;5015;10.53;4584;True;4584.00;87.66;4603;8.67;4584;37.20;4044;True;4044.00;221.57;4055;7.67;4045;120.00;3952;True;3952.00;76.59;3956;8.25;3952;59.61
75;40;5;4786;False;4771.94;TL;4790;1.08;4792;120.00;7000;True;7000.00;4.22;7016;2.16;7000;2.01;5640;True;5640.00;7.22;5668;3.62;5640;3.48;5231;True;5231.00;5.11;5263;4.54;5231;1.61;4554;True;4554.00;39.19;4560;2.95;4554;26.94;4418;True;4418.00;1.93;4437;2.63;4418;1.54
75;40;6;3545;True;3545.00;470.23;3545;9.89;3545;120.00;5287;True;5287.00;89.32;5298;7.54;5287;43.96;4314;True;4314.00;19.70;4355;39.75;4314;11.19;4031;True;4031.00;160.29;4072;64.95;4031;114.87;3412;True;3412.00;95.48;3423;9.93;3412;37.68;3358;True;3358.00;125.23;3364;28.66;3358;72.24
75;40;7;4293;True;4293.00;576.78;4298;1.92;4293;120.00;6318;True;6318.00;37.98;6335;4.45;6318;19.38;5038;True;5038.00;1.17;5038;1.28;5038;2.03;4706;True;4706.00;14.52;4715;6.03;4706;6.70;4054;True;4054.00;11.32;4078;7.31;4054;6.86;3986;True;3986.00;7.76;3986;4.72;3986;4.51
75;40;8;4659;False;4654.49;TL;4662;0.84;4662;120.00;6733;True;6733.00;8.53;6733;0.70;6733;3.26;5418;True;5418.00;9.49;5451;3.09;5418;6.69;5095;True;5095.00;13.44;5118;2.49;5095;17.96;4400;True;4400.00;8.04;4400;1.26;4400;3.01;4313;True;4313.00;20.09;4323;1.19;4313;16.91
75;40;9;4134;True;4134.00;201.30;4134;2.28;4134;120.00;6155;True;6155.00;11.93;6155;2.90;6155;5.42;5071;True;5071.00;73.87;5071;5.74;5071;33.10;4666;True;4666.00;18.43;4685;7.47;4666;12.63;4039;True;4039.00;142.45;4047;9.96;4039;54.33;3906;True;3906.00;19.51;3926;22.53;3906;10.66
75;40;10;4225;True;4223.24;TL;4229;2.71;4225;120.00;6342;True;6342.00;101.52;6359;33.86;6342;40.84;4946;True;4946.00;18.15;4948;15.95;4946;7.26;4651;True;4651.00;20.41;4681;9.07;4651;7.56;4101;True;4101.00;469.78;4114;8.55;4101;120.00;4007;True;4007.00;338.69;4018;15.92;4007;120.00
75;40;11;3987;True;3975.76;TL;4015;2.75;4016;120.00;5785;True;5785.00;21.09;5825;2.98;5785;23.44;4886;True;4886.00;86.54;4886;5.68;4886;61.74;4507;True;4507.00;24.17;4507;4.66;4507;22.39;3878;True;3878.00;31.32;3916;4.85;3878;23.03;3781;True;3781.00;43.16;3801;8.65;3781;41.13
75;40;12;4738;False;4733.31;TL;4738;1.80;4738;120.00;7010;True;7010.00;37.80;7010;6.92;7010;27.96;5729;True;5729.00;19.03;5747;3.69;5729;11.89;5255;True;5255.00;4.88;5255;1.69;5255;2.29;4566;True;4566.00;16.07;4566;3.19;4566;7.22;4430;True;4430.00;25.08;4437;4.52;4430;9.81
75;40;13;4154;True;4154.00;59.42;4158;4.05;4154;63.92;6259;True;6259.00;70.65;6265;14.00;6259;43.78;4997;True;4997.00;98.52;5006;14.08;4997;62.71;4706;True;4706.00;309.36;4723;52.32;4706;120.00;4025;True;4025.00;95.26;4029;6.41;4025;73.91;3941;True;3941.00;524.51;3976;42.05;3945;120.00
75;40;14;4275;True;4275.00;1535.69;4275;0.84;4275;120.00;6301;True;6301.00;3.45;6329;1.93;6301;0.91;5237;True;5237.00;3.58;5263;2.98;5237;1.32;4873;True;4873.00;7.70;4880;2.24;4873;5.09;4140;True;4140.00;5.10;4144;0.73;4140;1.67;4046;True;4046.00;18.19;4061;4.59;4046;8.16
75;40;15;4281;True;4281.00;73.26;4292;4.48;4281;120.00;6308;True;6308.00;201.40;6322;10.58;6308;33.67;5069;True;5069.00;54.64;5069;5.03;5069;15.70;4697;True;4697.00;30.65;4709;7.45;4697;11.14;4126;True;4126.00;199.33;4146;4.70;4126;63.18;4016;True;4016.00;135.54;4021;14.11;4016;39.30
75;40;16;4293;False;4288.57;TL;4310;14.08;4293;120.00;6270;True;6270.00;19.87;6282;2.89;6270;6.96;5144;True;5144.00;16.04;5158;3.64;5144;4.14;4768;True;4768.00;5.01;4787;4.52;4768;5.25;4095;True;4095.00;9.65;4102;3.03;4095;3.65;4018;True;4018.00;91.68;4025;5.88;4018;22.92
75;40;17;4311;True;4311.00;1.20;4311;0.37;4311;3.69;6354;True;6354.00;2.91;6369;1.47;6354;1.58;5245;True;5245.00;5.07;5273;3.13;5245;2.21;4841;True;4841.00;2.92;4864;1.35;4841;1.34;4142;True;4142.00;16.50;4147;2.94;4142;4.89;4048;True;4048.00;30.14;4050;4.22;4048;11.95
75;40;18;4208;False;4201.62;TL;4208;2.08;4215;120.00;6141;True;6141.00;27.90;6159;4.00;6141;8.38;5075;True;5075.00;5.34;5080;3.25;5075;2.47;4699;True;4699.00;20.47;4731;15.14;4699;11.90;4048;True;4048.00;63.52;4060;3.55;4048;34.61;3971;True;3971.00;169.66;3971;6.25;3971;65.93
75;40;19;4208;True;4204.49;TL;4208;1.58;4210;120.00;6291;True;6291.00;15.68;6308;4.87;6291;7.15;5005;True;5005.00;89.21;5025;20.13;5005;60.35;4632;True;4632.00;55.17;4643;4.65;4632;40.00;4052;True;4052.00;17.75;4071;18.70;4052;12.74;3922;True;3922.00;12.19;3922;3.15;3922;7.01
75;40;20;4170;True;4170.00;121.08;4170;0.42;4170;120.00;6314;True;6314.00;24.48;6339;4.15;6314;11.45;5193;True;5193.00;34.62;5198;3.73;5193;11.01;4735;True;4735.00;4.89;4739;2.41;4735;3.00;4057;True;4057.00;45.60;4057;4.63;4057;23.13;4001;True;4001.00;15.20;4020;5.82;4001;10.47
75;40;21;4282;False;4279.31;TL;4290;2.01;4283;120.00;6371;True;6371.00;7.27;6394;3.71;6371;4.38;4943;True;4943.00;14.28;4943;3.60;4943;8.04;4685;True;4685.00;17.19;4702;6.21;4685;11.36;4065;True;4065.00;53.05;4072;5.37;4065;23.44;3952;True;3952.00;25.71;3955;6.71;3952;11.99
75;40;22;4764;True;4764.00;53.65;4780;2.62;4764;120.00;7027;True;7027.00;188.02;7042;7.66;7027;104.81;5688;True;5688.00;4.85;5708;2.44;5688;2.51;5308;True;5308.00;64.45;5332;12.59;5308;27.68;4603;True;4603.00;135.43;4607;7.14;4603;97.95;4472;True;4472.00;19.60;4497;14.77;4472;14.65
75;40;23;4167;True;4167.00;2139.38;4167;2.21;4167;120.00;6170;True;6170.00;45.30;6220;13.08;6170;15.49;5099;True;5099.00;15.14;5113;2.62;5099;9.62;4729;True;4729.00;50.45;4733;3.60;4729;20.76;4044;True;4044.00;5.17;4044;3.68;4044;3.13;3957;True;3957.00;70.58;3976;10.62;3957;59.89
75;40;24;4299;False;4293.97;TL;4327;1.93;4302;120.00;6467;True;6467.00;8.77;6476;0.76;6467;2.83;5217;True;5217.00;0.33;5217;0.37;5217;0.36;4776;True;4776.00;0.45;4776;0.49;4776;0.44;4161;True;4161.00;1.11;4184;1.18;4161;0.74;4088;True;4088.00;6.73;4093;1.07;4088;4.81
75;40;25;4160;True;4156.86;TL;4175;4.39;4160;120.00;5891;True;5891.00;27.41;5915;6.88;5891;17.49;5041;True;5041.00;15.06;5048;10.48;5041;6.08;4655;True;4655.00;38.92;4666;13.78;4655;26.75;3948;True;3948.00;38.45;3948;1.97;3948;25.64;3884;True;3884.00;22.89;3909;5.91;3884;12.10
75;40;26;4661;True;4659.14;TL;4666;1.21;4661;120.00;6706;True;6706.00;9.88;6724;1.07;6706;4.87;5573;True;5573.00;6.80;5590;0.71;5573;3.95;5136;True;5136.00;6.73;5146;1.20;5136;2.85;4418;True;4418.00;10.41;4429;2.23;4418;9.38;4304;True;4304.00;4.57;4312;0.84;4304;2.14
75;40;27;4207;False;4201.50;TL;4207;0.82;4207;120.00;6154;True;6154.00;29.46;6162;5.42;6154;10.62;5176;True;5176.00;195.27;5194;10.88;5178;120.00;4759;True;4759.00;141.67;4796;21.04;4759;96.47;4044;True;4044.00;20.08;4044;3.52;4044;6.88;3988;True;3988.00;133.01;4007;32.58;3988;46.08
75;40;28;4282;True;4282.00;76.24;4282;2.43;4282;120.00;6275;True;6275.00;3.14;6285;1.47;6275;1.93;5015;True;5015.00;13.96;5025;2.21;5015;4.50;4712;True;4712.00;2.39;4712;1.14;4712;1.29;4137;True;4137.00;24.88;4141;1.59;4137;6.79;4020;True;4020.00;4.88;4027;2.40;4020;2.94
75;40;29;4177;False;4174.09;TL;4179;4.01;4179;120.00;5948;True;5948.00;67.24;5949;3.76;5948;26.92;5021;True;5021.00;12.21;5049;4.00;5021;10.36;4640;True;4640.00;60.16;4648;7.48;4640;34.09;3995;True;3995.00;65.01;4006;4.90;3995;36.99;3899;True;3899.00;42.86;3935;24.35;3899;60.00
75;40;30;4283;False;4274.56;TL;4290;1.79;4283;120.00;6294;True;6294.00;41.58;6314;4.38;6294;13.45;5346;True;5346.00;21.58;5357;3.56;5346;5.08;4939;True;4939.00;52.92;4953;6.76;4939;18.62;4122;True;4122.00;91.85;4127;4.01;4122;39.78;4042;True;4042.00;75.61;4053;6.72;4042;24.01
75;40;31;4707;True;4707.00;60.00;4725;2.65;4707;120.00;6750;True;6750.00;6.16;6766;1.41;6750;2.20;5583;True;5583.00;32.21;5608;4.04;5583;17.71;5145;True;5145.00;4.04;5172;1.86;5145;2.13;4465;True;4465.00;120.62;4490;1.75;4465;101.41;4331;True;4331.00;6.17;4346;2.50;4331;3.58
75;40;32;4121;True;4121.00;364.79;4121;2.31;4121;120.00;5963;True;5963.00;19.41;5994;21.19;5963;5.52;5039;True;5039.00;186.86;5063;30.76;5039;120.00;4667;True;4667.00;162.73;4696;19.55;4667;104.22;3947;True;3947.00;75.13;3953;3.91;3947;58.40;3875;True;3875.00;154.30;3879;14.49;3875;45.37
75;40;33;4736;True;4736.00;124.42;4753;1.74;4736;120.00;7113;True;7113.00;112.22;7140;4.96;7113;54.33;5709;True;5709.00;81.75;5725;4.80;5709;56.58;5280;True;5280.00;3.39;5290;2.22;5280;2.23;4577;True;4577.00;51.11;4580;4.55;4577;21.12;4455;True;4455.00;5.10;4465;6.10;4455;2.92
75;40;34;4689;True;4689.00;1189.57;4692;3.30;4692;120.00;6931;True;6931.00;12.63;6931;2.21;6931;3.79;5677;True;5677.00;6.53;5681;2.60;5677;2.24;5269;True;5269.00;18.74;5276;3.57;5269;9.17;4480;True;4480.00;90.15;4480;3.66;4480;91.57;4409;True;4409.00;8.69;4424;3.52;4409;5.22
75;40;35;4463;False;4436.02;TL;4486;1.75;4480;120.00;6565;True;6565.00;3.41;6589;1.40;6565;3.20;5621;True;5621.00;359.51;5646;2.42;5621;120.00;5184;True;5184.00;412.98;5241;2.47;5194;120.00;4259;True;4259.00;0.30;4259;0.34;4259;0.29;4205;True;4205.00;24.20;4218;2.12;4205;17.94
75;40;36;4287;True;4287.00;60.73;4287;0.69;4287;120.00;6369;True;6369.00;25.66;6376;6.27;6369;5.88;5215;True;5215.00;36.97;5245;7.61;5215;12.85;4819;True;4819.00;26.66;4837;8.52;4819;11.07;4136;True;4136.00;56.71;4141;3.96;4136;30.21;4021;True;4021.00;74.62;4026;16.01;4021;29.58
75;40;37;4015;True;4015.00;1.10;4015;2.30;4015;0.58;6061;True;6061.00;18.79;6062;4.02;6061;7.67;4901;True;4901.00;7.78;4931;13.94;4901;4.36;4563;True;4563.00;7.00;4563;3.65;4563;4.71;3935;True;3935.00;5.90;3958;6.25;3935;4.74;3834;True;3834.00;13.16;3834;6.64;3834;12.02
75;40;38;4200;True;4200.00;206.88;4202;2.57;4200;120.00;6240;True;6240.00;2.20;6240;2.32;6240;3.11;5103;True;5103.00;30.88;5103;3.53;5103;12.96;4737;True;4737.00;3.77;4744;2.98;4737;2.71;4032;True;4032.00;5.08;4048;4.14;4032;3.93;3943;True;3943.00;47.95;3958;6.75;3943;25.33
75;40;39;4116;True;4116.00;2561.09;4116;3.30;4116;120.00;5899;True;5899.00;471.98;5899;6.23;5899;120.00;4983;True;4983.00;8.94;4992;4.79;4983;7.12;4590;True;4590.00;41.12;4607;22.73;4590;35.62;3918;True;3918.00;9.20;3918;5.14;3918;4.64;3862;True;3862.00;36.41;3882;19.18;3862;25.48
75;50;0;5207;False;5192.07;TL;5207;8.84;5208;120.00;7560;True;7560.00;71.65;7584;10.15;7560;62.73;6102;True;6102.00;382.70;6147;119.49;6118;120.00;5706;True;5706.00;375.30;5743;38.14;5706;120.00;4908;True;4908.00;33.81;4908;10.98;4908;41.13;4802;True;4802.00;30.63;4814;22.95;4802;24.20
75;50;1;5381;False;5373.71;TL;5383;3.90;5381;120.00;7835;True;7835.00;3.84;7847;1.48;7835;3.08;6497;True;6497.00;11.96;6514;2.74;6497;5.02;6032;True;6032.00;16.77;6062;6.64;6032;19.03;5141;True;5141.00;1.44;5152;2.25;5141;0.82;5051;True;5051.00;16.33;5058;5.72;5051;17.62
75;50;2;5115;True;5115.00;552.33;5115;80.56;5115;120.00;7576;True;7576.00;409.18;7576;39.98;7594;120.00;6229;True;6229.00;76.35;6229;11.48;6229;16.23;5836;True;5836.00;301.44;5926;80.05;5856;120.00;4965;False;4961.11;TL;4979;97.49;4994;120.00;4852;True;4852.00;949.69;4872;66.12;4871;120.00
75;50;3;5114;True;5114.00;16.76;5114;5.25;5114;9.63;7676;True;7676.00;388.32;7726;97.23;7676;120.00;6261;True;6261.00;393.55;6282;27.53;6261;120.00;5813;True;5813.00;133.78;5823;13.27;5813;43.80;4993;True;4993.00;125.85;5004;14.32;4996;120.00;4882;True;4882.00;217.97;4890;16.85;4890;120.00
75;50;4;5122;False;5104.90;TL;5132;5.06;5140;120.00;7475;True;7475.00;64.82;7484;10.11;7475;27.83;6196;True;6196.00;333.16;6235;74.06;6196;120.00;5773;True;5773.00;78.04;5789;21.71;5773;56.28;4886;True;4886.00;202.29;4896;9.53;4894;120.00;4801;True;4801.00;19.48;4801;7.84;4801;8.17
75;50;5;4655;True;4653.17;TL;4655;6.57;4655;120.00;6981;True;6981.00;346.42;6981;30.01;6986;120.00;5467;True;5467.00;418.60;5507;91.53;5470;120.00;5083;True;5083.00;118.55;5097;23.82;5083;107.42;4394;True;4394.00;131.86;4395;9.38;4394;104.58;4316;True;4316.00;176.45;4321;34.85;4316;111.87
75;50;6;5665;False;5640.82;TL;5665;2.26;5703;120.00;8362;True;8362.00;71.94;8372;8.37;8362;65.08;6835;True;6835.00;86.55;6853;4.05;6835;94.92;6299;True;6299.00;24.67;6313;4.99;6299;20.72;5446;True;5446.00;166.52;5454;4.33;5478;120.00;5328;True;5328.00;57.82;5328;3.65;5328;90.56
75;50;7;5209;False;5190.50;TL;5209;4.00;5213;120.00;7624;True;7624.00;344.74;7636;15.85;7629;120.00;6305;True;6305.00;202.20;6327;42.46;6305;96.40;5893;True;5893.00;479.74;5908;73.75;5895;120.00;5046;True;5046.00;211.18;5050;9.29;5046;120.00;4940;True;4940.00;227.23;4953;16.24;4940;120.00
75;50;8;5423;True;5423.00;4.30;5423;3.60;5423;26.55;7935;True;7935.00;36.21;7963;5.49;7935;17.57;6580;True;6580.00;25.84;6588;2.99;6580;15.06;6110;True;6110.00;37.45;6126;10.11;6110;30.88;5169;True;5169.00;8.57;5173;2.45;5169;4.66;5094;True;5094.00;11.35;5104;2.65;5094;10.03
75;50;9;5766;False;5733.71;TL;5776;3.33;5805;120.00;8431;True;8431.00;11.58;8441;4.19;8431;5.21;6753;True;6753.00;1834.49;6777;19.66;6772;120.00;6309;False;6303.82;TL;6352;18.14;6420;120.00;5425;True;5425.00;6.59;5433;3.23;5425;3.08;5319;True;5319.00;61.53;5319;5.38;5319;120.00
75;50;10;5168;False;5161.11;TL;5168;3.90;5168;120.00;7799;True;7799.00;328.20;7842;27.09;7821;120.00;6216;True;6216.00;397.07;6217;24.14;6234;120.00;5772;True;5772.00;99.31;5781;31.15;5772;69.76;4971;True;4971.00;646.13;4971;25.65;4974;120.00;4823;True;4823.00;70.77;4823;9.66;4847;120.00
75;50;11;5811;False;5806.57;TL;5811;3.30;5811;120.00;8737;True;8737.00;66.57;8755;6.81;8737;29.25;6950;True;6950.00;54.01;6966;11.89;6950;16.59;6545;True;6545.00;28.90;6548;6.88;6545;16.19;5557;True;5557.00;53.10;5570;4.82;5557;29.90;5464;True;5464.00;144.11;5475;28.61;5464;83.42
75;50;12;5804;False;5786.70;TL;5812;4.41;5804;120.00;8442;True;8442.00;27.89;8445;4.45;8442;11.90;7005;True;7005.00;21.25;7014;4.48;7005;7.82;6484;True;6484.00;38.99;6494;5.67;6484;12.40;5539;True;5539.00;69.28;5543;4.06;5539;47.13;5443;True;5443.00;18.45;5456;5.41;5443;9.65
75;50;13;5343;True;5341.46;TL;5343;4.23;5343;120.00;7832;True;7832.00;21.55;7832;6.04;7832;7.93;6300;True;6300.00;23.53;6310;3.94;6300;8.55;5848;True;5848.00;27.88;5871;12.83;5848;10.74;5100;True;5100.00;76.83;5106;10.48;5100;47.41;4972;True;4972.00;175.02;4976;6.46;4972;115.16
75;50;14;5218;False;5206.69;TL;5236;3.97;5218;120.00;7495;True;7495.00;14.48;7580;120.00;7495;16.52;6117;True;6117.00;80.39;6158;39.44;6117;46.04;5738;True;5738.00;21.05;5747;14.42;5738;13.14;5020;True;5020.00;490.10;5030;15.91;5033;120.00;4863;True;4863.00;613.86;4874;13.77;4874;120.00
75;50;15;5336;False;5326.23;TL;5338;2.30;5336;120.00;7758;True;7758.00;16.18;7773;5.86;7758;6.09;6291;True;6291.00;17.62;6308;6.66;6291;5.44;5901;True;5901.00;22.24;5922;7.77;5901;12.35;5119;True;5119.00;20.71;5129;3.30;5119;15.09;4986;True;4986.00;106.16;4994;22.56;4986;91.41
75;50;16;5715;False;5709.74;TL;5715;6.94;5723;120.00;8544;True;8544.00;73.24;8566;31.76;8544;42.31;6843;True;6843.00;19.15;6857;3.65;6843;7.20;6295;True;6295.00;49.97;6304;4.76;6295;29.41;5507;True;5507.00;387.50;5526;10.94;5517;120.00;5334;True;5334.00;104.99;5369;60.55;5334;67.25
75;50;17;5306;False;5295.86;TL;5312;3.75;5306;120.00;7802;True;7802.00;16.40;7821;2.88;7802;5.40;6518;True;6518.00;6.50;6561;8.19;6518;4.44;6036;True;6036.00;81.27;6037;4.61;6036;74.72;5099;True;5099.00;9.43;5099;3.60;5099;3.42;5008;True;5008.00;56.05;5019;7.54;5008;36.12
75;50;18;5843;True;5843.00;0.57;5843;0.56;5843;1.25;8391;True;8391.00;155.89;8404;5.54;8391;96.09;7000;True;7000.00;29.54;7029;7.96;7000;8.27;6523;True;6523.00;18.77;6535;6.19;6523;7.11;5636;True;5636.00;91.23;5646;5.06;5636;69.25;5494;True;5494.00;54.63;5505;10.06;5494;46.08
75;50;19;4653;True;4653.00;1425.50;4664;10.13;4654;120.00;6796;True;6796.00;182.31;6829;66.45;6796;118.23;5707;True;5707.00;373.38;5752;120.00;5723;120.00;5249;True;5249.00;1263.19;5314;119.44;5281;120.00;4501;True;4501.00;50.54;4542;103.40;4501;31.28;4441;True;4441.00;719.75;4453;35.50;4453;120.00
75;50;20;5098;True;5098.00;532.72;5109;26.63;5098;120.00;7383;True;7383.00;139.59;7394;8.01;7383;60.37;6195;True;6195.00;18.79;6209;12.92;6195;10.13;5764;True;5764.00;69.55;5785;37.20;5764;86.05;4912;True;4912.00;45.23;4938;23.28;4912;14.20;4838;True;4838.00;1260.99;4853;49.87;4843;120.00
75;50;21;5206;True;5206.00;2541.68;5211;5.24;5206;120.00;8017;True;8017.00;376.34;8033;17.48;8018;120.00;6258;True;6258.00;18.69;6304;12.93;6258;14.21;5827;True;5827.00;549.46;5850;42.40;5827;120.00;5016;True;5016.00;117.63;5027;29.32;5016;120.00;4939;True;4939.00;202.10;4953;8.29;4942;120.00
75;50;22;5289;True;5289.00;1879.33;5291;4.01;5292;120.00;7596;True;7596.00;180.32;7622;17.01;7609;120.00;6205;True;6205.00;78.55;6211;20.99;6205;30.35;5791;True;5791.00;171.57;5800;14.47;5791;84.16;5058;True;5058.00;136.12;5078;34.98;5058;120.00;4901;True;4901.00;95.18;4922;29.60;4901;43.05
75;50;23;5090;False;5077.00;TL;5090;5.56;5100;120.00;7456;True;7456.00;13.11;7477;13.68;7456;7.07;6061;True;6061.00;23.72;6061;4.48;6061;13.34;5694;True;5694.00;51.86;5709;4.87;5694;54.74;4925;True;4925.00;21.15;4925;23.07;4925;13.04;4811;True;4811.00;92.21;4811;14.29;4811;87.69
75;50;24;5415;True;5415.00;5.11;5415;0.72;5415;0.40;8169;True;8169.00;14.69;8170;2.73;8169;7.60;6341;True;6341.00;0.77;6341;0.80;6341;1.31;5905;True;5905.00;6.52;5916;2.26;5905;5.18;5157;True;5157.00;23.40;5165;2.12;5157;10.21;5042;True;5042.00;26.17;5051;3.14;5042;17.77
75;50;25;5172;True;5172.00;395.85;5172;2.77;5190;120.00;7645;True;7645.00;97.37;7657;10.81;7645;54.01;6279;True;6279.00;40.70;6307;19.81;6279;38.29;5855;True;5855.00;17.29;5894;9.84;5855;16.99;5014;True;5014.00;255.27;5023;7.36;5014;120.00;4917;True;4917.00;192.91;4935;37.41;4923;120.00
75;50;26;4608;False;4600.00;TL;4608;6.75;4611;120.00;6944;True;6944.00;991.97;6972;92.18;6944;120.00;5552;True;5552.00;95.88;5555;18.75;5552;51.47;5143;True;5143.00;96.00;5145;13.60;5143;79.35;4474;True;4474.00;135.51;4481;8.99;4474;92.38;4378;True;4378.00;305.57;4389;39.95;4378;120.00
75;50;27;5705;True;5703.17;TL;5705;3.65;5706;120.00;8211;True;8211.00;159.35;8211;11.32;8211;99.08;6787;True;6787.00;15.37;6787;2.41;6787;9.37;6353;True;6353.00;149.94;6372;24.55;6353;120.00;5495;True;5495.00;45.21;5495;9.70;5495;98.19;5373;True;5373.00;272.84;5381;23.70;5376;120.00
75;50;28;5259;True;5259.00;197.13;5259;6.22;5259;120.00;7846;True;7846.00;312.17;7867;34.11;7846;120.00;6149;True;6149.00;42.25;6150;5.14;6149;20.62;5743;True;5743.00;255.89;5759;12.16;5748;120.00;5040;True;5040.00;1284.77;5045;19.46;5040;120.00;4934;True;4934.00;46.46;4936;10.33;4934;34.02
75;50;29;5263;False;5248.68;TL;5266;13.53;5268;120.00;7618;True;7618.00;1253.30;7636;36.64;7618;120.00;6411;True;6411.00;92.57;6428;20.15;6411;51.48;5925;True;5925.00;466.87;5931;17.16;5929;120.00;5024;True;5024.00;904.74;5030;25.54;5034;120.00;4924;True;4924.00;65.12;4935;53.64;4924;43.36
75;50;30;5322;False;5317.24;TL;5322;1.44;5323;120.00;8022;True;8022.00;50.87;8022;7.74;8022;17.47;6421;True;6421.00;46.50;6430;6.27;6421;12.31;6003;True;6003.00;78.62;6029;7.47;6003;66.15;5187;True;5187.00;440.55;5188;11.74;5187;120.00;5044;True;5044.00;137.35;5055;10.27;5044;69.75
75;50;31;5248;False;5244.78;TL;5261;7.76;5259;120.00;7707;True;7707.00;27.09;7712;5.96;7707;12.96;6279;True;6279.00;52.69;6312;12.63;6279;10.89;5857;True;5857.00;130.89;5874;12.74;5857;95.05;5017;True;5017.00;20.93;5026;6.50;5017;19.27;4927;True;4927.00;90.67;4927;27.41;4927;55.69
75;50;32;5212;False;5196.52;TL;5212;8.33;5212;120.00;7828;True;7828.00;53.61;7838;5.06;7828;14.74;6337;True;6337.00;18.51;6365;6.06;6337;11.31;5920;True;5920.00;103.51;5937;9.61;5920;57.90;5012;True;5012.00;46.53;5016;7.13;5012;51.44;4958;True;4958.00;190.86;4964;12.85;4959;120.00
75;50;33;5781;False;5764.56;TL;5787;2.50;5781;120.00;8549;True;8549.00;281.29;8592;30.71;8555;120.00;7029;True;7029.00;187.55;7037;8.70;7032;120.00;6492;True;6492.00;75.08;6538;25.38;6515;120.00;5560;True;5560.00;142.07;5585;7.18;5564;120.00;5462;True;5462.00;143.59;5474;23.91;5462;120.00
75;50;34;5779;False;5775.78;TL;5779;11.08;5779;120.00;8529;True;8529.00;40.85;8531;3.86;8529;13.90;6965;True;6965.00;76.09;6975;13.00;6965;29.28;6485;True;6485.00;109.11;6512;34.27;6496;120.00;5571;True;5571.00;291.64;5571;7.62;5571;120.00;5413;True;5413.00;56.38;5422;44.69;5413;20.00
75;50;35;5100;True;5100.00;19.14;5100;2.89;5100;16.47;7578;True;7578.00;52.23;7589;16.66;7578;48.07;6171;True;6171.00;27.79;6179;8.49;6171;17.44;5673;True;5673.00;168.02;5721;16.95;5673;120.00;4901;True;4901.00;6.95;4921;5.01;4901;3.19;4785;True;4785.00;26.61;4785;20.30;4785;15.04
75;50;36;5296;True;5296.00;13.26;5296;1.55;5296;120.00;7893;True;7893.00;54.32;7897;5.75;7893;12.87;6602;True;6602.00;18.87;6602;4.33;6602;6.80;6106;True;6106.00;158.77;6116;10.31;6106;60.90;5165;True;5165.00;10.16;5168;3.85;5165;9.57;5060;True;5060.00;27.92;5067;7.94;5060;35.27
75;50;37;5145;False;5134.75;TL;5165;17.45;5182;120.00;7643;True;7643.00;67.80;7655;55.89;7643;41.54;5992;True;5992.00;196.58;6038;49.65;6013;120.00;5660;True;5660.00;212.49;5705;119.43;5666;120.00;4903;True;4903.00;380.41;4926;18.02;4959;120.00;4785;True;4785.00;48.14;4804;9.27;4785;37.55
75;50;38;5063;False;5060.94;TL;5072;4.49;5063;120.00;7389;True;7389.00;109.30;7401;11.20;7389;72.40;6155;True;6155.00;52.38;6197;22.81;6155;99.07;5680;True;5680.00;37.85;5714;9.20;5680;48.57;4848;True;4848.00;28.51;4885;6.52;4906;120.00;4753;True;4753.00;217.32;4766;4.35;4755;120.00
75;50;39;5340;True;5340.00;10.62;5352;3.04;5340;120.00;7833;True;7833.00;15.27;7851;1.83;7833;8.77;6514;True;6514.00;26.86;6521;3.79;6514;21.72;6010;True;6010.00;49.09;6031;5.56;6010;49.02;5153;True;5153.00;10.80;5153;3.50;5153;5.26;5021;True;5021.00;6.83;5032;1.92;5021;4.73
75;60;0;5643;True;5643.00;311.35;5649;7.86;5643;120.00;8550;True;8550.00;80.55;8564;34.19;8550;47.19;6800;True;6800.00;14.09;6819;10.21;6800;18.09;6351;True;6351.00;12.63;6370;5.46;6351;7.79;5498;True;5498.00;463.00;5506;35.04;5503;120.00;5360;True;5360.00;399.30;5365;17.14;5360;114.76
75;60;1;6908;False;6883.54;TL;6908;10.04;6920;120.00;10298;True;10298.00;48.91;10308;16.64;10298;21.77;8384;True;8384.00;70.87;8433;86.49;8384;75.99;7734;True;7734.00;95.79;7762;58.59;7734;62.84;6626;True;6626.00;142.04;6642;10.16;6626;120.00;6496;True;6496.00;343.55;6511;96.93;6518;120.00
75;60;2;6419;True;6419.00;4.96;6421;5.91;6419;2.34;9442;True;9442.00;56.27;9478;24.88;9442;24.62;7800;True;7800.00;102.30;7814;13.97;7800;120.00;7242;True;7242.00;103.92;7265;44.55;7242;120.00;6152;True;6152.00;76.31;6159;22.34;6152;79.32;6011;True;6011.00;191.50;6017;73.60;6015;120.00
75;60;3;6304;False;6293.93;TL;6304;11.33;6311;120.00;9274;True;9274.00;878.04;9278;19.14;9283;120.00;7628;True;7628.00;216.40;7650;37.09;7628;120.00;7022;True;7022.00;86.10;7029;13.34;7022;47.34;6087;True;6087.00;103.17;6099;20.46;6087;60.57;5962;True;5962.00;994.41;5974;29.12;5974;120.00
75;60;4;6254;False;6247.25;TL;6266;25.46;6254;120.00;9339;True;9339.00;605.11;9401;120.00;9353;120.00;7647;True;7647.00;246.60;7666;47.20;7647;120.00;7063;True;7063.00;292.08;7078;43.68;7063;120.00;6069;True;6069.00;994.36;6075;19.45;6070;120.00;5927;True;5927.00;411.16;5949;42.16;5927;120.00
75;60;5;5213;True;5213.00;33.54;5213;4.55;5213;7.36;7802;True;7802.00;189.51;7828;32.31;7802;55.29;6198;True;6198.00;99.38;6205;13.23;6198;40.22;5804;True;5804.00;227.80;5824;59.73;5804;120.00;5062;True;5061.07;TL;5069;63.45;5062;120.00;4928;True;4928.00;1510.88;4942;73.48;4930;120.00
75;60;6;5784;True;5782.28;TL;5790;8.85;5784;120.00;8348;True;8348.00;77.86;8370;60.62;8348;97.71;7156;True;7156.00;85.85;7167;61.15;7169;120.00;6580;True;6580.00;109.40;6594;17.27;6580;120.00;5628;True;5628.00;68.85;5655;57.23;5628;93.41;5490;True;5490.00;19.82;5513;16.57;5490;28.34
75;60;7;6933;False;6923.36;TL;6933;4.11;6935;120.00;10048;True;10048.00;267.50;10060;13.94;10049;120.00;8238;True;8238.00;146.51;8244;7.20;8238;80.76;7566;True;7566.00;46.70;7572;9.02;7566;19.19;6619;True;6619.00;222.99;6631;15.91;6619;120.00;6469;True;6469.00;106.26;6473;12.96;6469;58.99
75;60;8;6152;False;6142.50;TL;6152;27.76;6152;120.00;9146;True;9146.00;1091.87;9146;77.55;9218;120.00;7345;True;7345.00;618.80;7413;119.49;7382;120.00;6852;False;6848.81;TL;6907;120.00;6873;120.00;5932;True;5932.00;326.84;5971;120.00;5932;120.00;5791;True;5791.00;652.90;5878;120.00;5837;120.00
75;60;9;5596;True;5595.63;TL;5632;120.00;5596;120.00;8262;True;8262.00;345.98;8295;107.34;8262;120.00;6873;True;6873.00;378.72;6888;29.06;6873;120.00;6361;True;6361.00;552.01;6383;85.10;6376;120.00;5467;True;5467.00;1216.03;5474;46.20;5476;120.00;5348;True;5348.00;1470.53;5369;95.10;5357;120.00
75;60;10;6229;True;6227.89;TL;6229;12.40;6229;120.00;9109;True;9109.00;1601.03;9145;86.63;9111;120.00;7582;True;7582.00;142.73;7613;44.23;7582;58.39;7014;True;7014.00;356.31;7049;120.00;7037;120.00;6023;True;6023.00;2322.03;6043;43.76;6080;120.00;5912;True;5912.00;1526.23;5940;85.38;5921;120.00
75;60;11;6177;True;6163.94;TL;6177;9.14;6224;120.00;9176;True;9176.00;322.70;9222;114.86;9185;120.00;7516;True;7516.00;855.98;7543;120.00;7529;120.00;7078;True;7078.00;1271.15;7107;120.00;7086;120.00;6005;True;6005.00;233.62;6040;120.00;6012;120.00;5932;True;5932.00;1567.64;5969;120.00;5942;120.00
75;60;12;6316;False;6308.50;TL;6316;10.25;6316;120.00;9332;True;9332.00;209.93;9346;37.76;9352;120.00;7578;True;7578.00;53.21;7631;120.00;7578;30.36;7050;True;7050.00;1424.78;7066;120.00;7114;120.00;6067;True;6067.00;867.16;6083;45.00;6091;120.00;5999;False;5974.68;TL;5999;48.38;6036;120.00
75;60;13;6148;True;6148.00;350.03;6148;8.29;6148;120.00;9181;True;9181.00;465.35;9196;27.21;9187;120.00;7517;True;7517.00;156.29;7540;10.26;7517;69.51;6919;True;6919.00;38.05;6935;7.88;6919;39.16;5950;True;5950.00;68.14;5951;8.97;5950;48.64;5818;True;5818.00;155.91;5832;24.02;5819;120.00
75;60;14;6087;False;6070.63;TL;6091;28.60;6113;120.00;8748;True;8748.00;102.32;8822;120.00;8748;89.66;7262;False;7254.60;TL;7262;71.75;7363;120.00;6782;False;6778.77;TL;6799;48.40;6816;120.00;5841;True;5841.00;515.89;5858;37.89;5842;120.00;5708;True;5708.00;103.90;5724;44.29;5708;120.00
75;60;15;6790;False;6782.67;TL;6801;7.56;6790;120.00;10109;True;10109.00;1914.55;10149;69.96;10123;120.00;8160;True;8160.00;264.69;8180;63.62;8169;120.00;7536;True;7536.00;100.91;7546;22.40;7583;120.00;6471;True;6471.00;2091.95;6508;29.40;6526;120.00;6340;True;6340.00;1202.00;6343;25.24;6386;120.00
75;60;16;6746;True;6746.00;1216.01;6757;7.38;6746;120.00;9758;True;9755.83;TL;9782;53.85;9859;120.00;7895;True;7895.00;1291.30;7957;9.16;7938;120.00;7402;True;7402.00;750.36;7406;11.38;7502;120.00;6385;True;6385.00;922.94;6401;48.96;6431;120.00;6197;True;6197.00;376.80;6219;52.89;6199;120.00
75;60;17;6346;True;6346.00;63.95;6346;2.60;6346;120.00;9422;True;9422.00;19.45;9442;10.67;9422;24.77;7642;True;7642.00;87.78;7656;13.90;7642;64.51;7136;True;7136.00;100.04;7159;59.80;7139;120.00;6113;True;6113.00;73.12;6123;8.48;6113;60.92;5946;True;5946.00;8.13;5969;8.44;5946;7.28
75;60;18;6271;True;6271.00;193.88;6281;5.13;6271;120.00;9307;True;9307.00;997.42;9345;120.00;9321;120.00;7509;True;7509.00;474.31;7529;38.58;7509;120.00;7011;True;7011.00;498.77;7031;23.21;7022;120.00;6005;True;6005.00;35.77;6007;8.44;6005;20.69;5890;True;5890.00;129.03;5908;34.79;5890;41.48
75;60;19;6336;False;6332.55;TL;6346;11.15;6336;120.00;9467;True;9467.00;39.12;9500;16.51;9467;12.29;7464;True;7464.00;61.70;7500;27.54;7464;43.83;7052;True;7052.00;208.36;7059;14.87;7052;120.00;6072;True;6072.00;221.36;6078;12.76;6078;120.00;5932;True;5932.00;167.05;5945;20.65;5932;71.16
75;60;20;6879;False;6869.30;TL;6882;6.70;6879;120.00;9935;True;9935.00;27.12;9972;21.71;9935;35.17;8256;True;8256.00;413.44;8335;120.00;8288;120.00;7656;True;7656.00;437.16;7684;61.96;7656;120.00;6574;True;6574.00;3127.67;6608;120.00;6595;120.00;6404;True;6404.00;153.94;6447;120.00;6450;120.00
75;60;21;6211;True;6211.00;2814.84;6221;10.25;6211;120.00;9211;True;9211.00;955.77;9251;120.00;9227;120.00;7600;True;7600.00;146.92;7633;57.23;7600;120.00;6915;True;6915.00;45.41;6957;79.13;6915;28.43;5986;True;5986.00;146.10;5987;16.54;5986;120.00;5843;True;5843.00;142.80;5865;40.24;5843;120.00
75;60;22;6206;True;6206.00;338.52;6206;46.02;6206;120.00;9012;True;9012.00;384.39;9034;67.45;9020;120.00;7436;True;7436.00;202.53;7445;20.84;7436;120.00;6895;True;6895.00;505.11;6922;120.00;6915;120.00;5934;True;5934.00;501.25;5961;32.44;5934;120.00;5847;True;5847.00;3230.24;5849;50.28;5860;120.00
75;60;23;6347;True;6347.00;2.87;6347;3.41;6347;0.93;9478;True;9478.00;200.53;9489;12.33;9478;120.00;7636;True;7636.00;319.11;7652;10.39;7639;120.00;7089;True;7089.00;124.54;7107;19.11;7089;120.00;6059;True;6059.00;35.28;6067;8.38;6059;12.73;5927;True;5927.00;119.61;5947;17.82;5927;86.96
75;60;24;6801;True;6795.62;TL;6802;5.87;6810;120.00;9989;True;9989.00;94.35;10008;12.16;9989;36.72;8257;True;8257.00;239.53;8282;51.93;8257;114.62;7663;True;7663.00;9.33;7683;6.44;7663;6.15;6616;True;6616.00;91.49;6626;8.63;6616;89.95;6483;True;6483.00;138.63;6495;40.24;6483;106.95
75;60;25;5975;True;5971.62;TL;5982;10.65;5982;120.00;8711;True;8711.00;59.04;8720;3.15;8711;54.52;7078;True;7078.00;426.29;7093;18.12;7078;120.00;6667;True;6667.00;1148.71;6687;68.50;6755;120.00;5688;True;5688.00;23.77;5706;9.45;5688;12.84;5601;True;5601.00;215.68;5621;48.63;5614;120.00
75;60;26;6257;False;6249.07;TL;6257;18.30;6257;120.00;9128;True;9128.00;523.86;9157;38.72;9128;120.00;7561;True;7561.00;502.31;7616;120.00;7564;120.00;7044;True;7044.00;1270.24;7052;81.43;7046;120.00;6019;True;6019.00;2402.95;6027;55.57;6027;120.00;5890;True;5890.00;352.19;5924;120.00;5898;120.00
75;60;27;6062;False;6040.33;TL;6062;11.59;6093;120.00;9114;True;9114.00;297.30;9134;61.77;9114;120.00;7422;True;7422.00;325.91;7456;58.87;7443;120.00;6847;True;6847.00;330.59;6875;90.72;6874;120.00;5876;True;5876.00;89.85;5884;71.94;5876;120.00;5790;True;5790.00;71.25;5802;32.14;5790;69.69
75;60;28;6670;False;6638.85;TL;6670;5.44;6681;120.00;9809;True;9809.00;98.04;9857;15.69;9809;76.31;7908;True;7908.00;41.10;7929;9.56;7908;27.62;7361;True;7361.00;26.79;7372;10.51;7361;37.58;6345;True;6345.00;115.43;6352;5.08;6378;120.00;6176;True;6176.00;37.22;6199;55.80;6176;25.93
75;60;29;6136;True;6136.00;172.95;6152;10.56;6136;120.00;9165;False;9156.10;TL;9211;42.41;9268;120.00;7532;True;7532.00;146.30;7532;29.72;7532;120.00;6996;True;6996.00;154.93;7005;49.02;7006;120.00;5997;True;5997.00;76.35;5997;76.88;6021;120.00;5891;True;5891.00;1325.62;5891;58.16;5921;120.00
75;60;30;6115;True;6115.00;41.31;6125;5.57;6115;120.00;9268;True;9268.00;73.93;9270;9.76;9268;29.73;7372;True;7372.00;150.55;7389;14.26;7372;120.00;6914;True;6914.00;123.42;6914;11.99;6914;118.47;5927;True;5927.00;80.56;5946;21.64;5927;51.82;5784;True;5784.00;350.32;5795;38.44;5785;120.00
75;60;31;6317;False;6309.47;TL;6326;8.77;6322;120.00;9368;True;9368.00;299.95;9377;14.69;9374;120.00;7516;True;7516.00;172.26;7521;10.90;7516;120.00;7046;True;7046.00;475.83;7053;16.98;7047;120.00;6094;True;6094.00;758.14;6096;12.65;6096;120.00;5946;True;5946.00;671.98;5965;30.63;5946;120.00
75;60;32;5879;True;5879.00;3170.01;5891;11.26;5879;120.00;8681;True;8681.00;147.04;8695;38.84;8683;120.00;6999;True;6999.00;114.33;7024;90.65;7001;120.00;6536;True;6536.00;176.86;6538;15.48;6536;120.00;5575;True;5575.00;97.26;5588;17.99;5575;120.00;5445;True;5445.00;11.20;5445;12.29;5445;13.26
75;60;33;6351;False;6338.76;TL;6351;7.59;6351;120.00;9383;True;9383.00;247.00;9455;120.00;9387;120.00;7643;True;7643.00;194.03;7650;7.50;7663;120.00;7073;True;7073.00;371.49;7106;72.11;7081;120.00;6031;True;6031.00;39.78;6042;8.78;6031;25.27;5891;True;5891.00;251.73;5899;22.17;5905;120.00
75;60;34;6417;True;6417.00;20.65;6427;9.78;6417;120.00;9484;True;9484.00;109.51;9499;43.97;9484;68.98;7704;True;7704.00;30.93;7724;15.55;7704;14.90;7194;True;7194.00;38.57;7213;17.69;7194;32.72;6118;True;6118.00;21.16;6127;5.75;6118;12.82;6033;True;6033.00;57.20;6041;31.27;6033;45.09
75;60;35;6329;True;6324.81;TL;6329;5.43;6329;120.00;9502;True;9502.00;116.29;9516;19.28;9502;92.35;7435;True;7435.00;115.43;7447;27.54;7435;112.49;6993;True;6993.00;43.64;7009;9.19;6993;33.37;6073;True;6073.00;119.05;6077;8.64;6073;64.73;5889;True;5889.00;187.82;5892;19.81;5890;120.00
75;60;36;6261;True;6261.00;1409.80;6264;17.40;6263;120.00;9317;False;9314.22;TL;9356;120.00;9331;120.00;7513;True;7513.00;499.42;7536;65.76;7513;120.00;6963;True;6963.00;433.94;6970;26.32;6970;120.00;6037;False;6035.67;TL;6046;25.95;6056;120.00;5875;True;5875.00;2810.31;5886;42.66;5893;120.00
75;60;37;6627;True;6627.00;11.30;6627;2.25;6627;71.81;9678;True;9678.00;41.11;9678;28.35;9678;36.84;8118;True;8118.00;23.55;8151;5.53;8118;11.16;7440;True;7440.00;18.83;7465;9.43;7440;35.83;6382;True;6382.00;56.78;6396;14.52;6382;49.86;6255;True;6255.00;155.19;6274;23.56;6255;120.00
75;60;38;7285;False;7273.13;TL;7300;5.89;7285;120.00;10863;True;10863.00;64.06;10891;36.74;10863;106.84;8796;True;8796.00;532.81;8830;9.68;8805;120.00;8141;True;8141.00;626.00;8169;55.05;8213;120.00;6909;True;6909.00;27.80;6916;3.51;6909;20.62;6764;True;6764.00;25.85;6781;7.24;6764;26.14
75;60;39;6167;True;6167.00;1712.23;6175;15.04;6186;120.00;8734;True;8734.00;1687.86;8793;26.06;8902;120.00;7309;True;7309.00;312.32;7345;101.14;7318;120.00;6794;True;6794.00;1322.10;6805;87.73;6824;120.00;5892;True;5892.00;182.80;5912;12.99;5908;120.00;5706;True;5706.00;825.93;5736;119.24;5780;120.00
75;70;0;6858;True;6858.00;14.92;6864;10.66;6858;120.00;10317;True;10317.00;31.31;10367;100.86;10317;24.52;8262;True;8262.00;142.28;8264;26.22;8269;120.00;7709;True;7709.00;233.46;7965;120.00;7736;120.00;6569;True;6569.00;221.63;6595;120.00;6569;120.00;6469;True;6469.00;281.88;6488;120.00;6475;120.00
75;70;1;7290;False;7287.64;TL;7290;18.50;7290;120.00;10802;True;10802.00;665.56;10845;119.44;10821;120.00;8780;True;8780.00;227.97;8813;120.00;8780;113.54;8077;True;8077.00;1346.57;8106;120.00;8091;120.00;6966;True;6966.00;257.03;6966;22.30;6987;120.00;6827;True;6827.00;1167.89;6841;104.19;6837;120.00
75;70;2;7374;False;7364.60;TL;7374;92.21;7393;120.00;10890;True;10890.00;664.20;10976;120.00;10925;120.00;8722;True;8722.00;347.23;8742;60.61;8722;120.00;8113;True;8113.00;2905.23;8123;78.32;8137;120.00;7020;True;7020.00;43.71;7030;11.90;7020;74.13;6881;False;6858.86;TL;6896;120.00;6885;120.00
75;70;3;7312;False;7307.89;TL;7319;21.44;7312;120.00;10856;True;10856.00;752.62;10863;47.99;10859;120.00;8612;True;8612.00;1526.13;8645;120.00;8612;120.00;8034;True;8034.00;1480.53;8050;118.69;8035;120.00;6995;True;6995.00;606.59;7005;69.67;7005;120.00;6824;True;6824.00;1043.62;6847;120.00;6842;120.00
75;70;4;7166;False;7140.40;TL;7166;53.06;7208;120.00;10591;True;10591.00;1191.21;10602;19.49;10612;120.00;8808;True;8808.00;156.37;8849;66.06;8829;120.00;8106;True;8106.00;98.93;8218;120.00;8106;104.57;6900;True;6900.00;195.79;6930;61.09;6918;120.00;6815;True;6815.00;1042.81;6836;120.00;6824;120.00
75;70;5;7137;False;7105.94;TL;7153;17.60;7308;120.00;10442;True;10442.00;186.72;10482;73.66;10482;120.00;8466;True;8466.00;1204.31;8501;64.26;8498;120.00;7919;False;7867.61;TL;8060;120.00;7919;120.00;6733;True;6733.00;407.42;6751;65.71;6738;120.00;6587;True;6587.00;98.77;6692;120.00;6587;117.92
75;70;6;6949;False;6930.59;TL;6954;22.05;6967;120.00;10379;True;10379.00;1322.56;10638;120.00;10381;120.00;8459;False;8452.32;TL;8620;120.00;8590;120.00;7800;True;7800.00;1066.97;7842;120.00;7819;120.00;6782;False;6745.89;TL;6808;120.00;6785;120.00;6591;True;6591.00;1222.99;6734;120.00;6629;120.00
75;70;7;6742;False;6738.00;TL;6742;33.15;6742;120.00;10025;True;10025.00;585.51;10041;54.82;10033;120.00;7966;True;7966.00;30.62;7966;5.68;7966;21.36;7454;True;7454.00;145.33;7454;9.38;7454;120.00;6490;True;6490.00;921.98;6496;22.18;6490;120.00;6329;True;6329.00;338.51;6329;28.73;6340;120.00
75;70;8;6738;True;6738.00;62.20;6753;7.33;6738;120.00;10018;True;10018.00;408.84;10034;28.47;10023;120.00;8459;True;8459.00;44.18;8477;21.37;8459;65.35;7784;True;7784.00;430.10;7802;61.86;7803;120.00;6571;True;6571.00;207.85;6630;120.00;6571;120.00;6472;True;6472.00;217.18;6508;120.00;6487;120.00
75;70;9;6817;False;6812.90;TL;6822;33.04;6817;120.00;10013;True;10013.00;230.24;10027;34.95;10024;120.00;8155;True;8155.00;165.33;8174;15.13;8155;102.58;7571;True;7571.00;717.92;7581;36.02;7600;120.00;6525;True;6525.00;792.48;6527;19.40;6527;120.00;6366;True;6366.00;73.54;6384;29.20;6366;59.29
75;70;10;7435;True;7434.42;TL;7440;6.59;7435;120.00;10900;True;10900.00;82.13;10930;12.72;10900;42.06;9090;True;9090.00;601.56;9105;120.00;9097;120.00;8357;True;8357.00;162.01;8379;16.48;8357;120.00;7088;True;7088.00;107.25;7108;37.08;7091;120.00;6949;True;6949.00;87.32;6969;48.82;6956;120.00
75;70;11;7212;False;7155.76;TL;7212;102.78;7264;120.00;10394;True;10394.00;1071.89;10410;61.52;10462;120.00;8534;True;8534.00;2989.33;8585;120.00;8552;120.00;8042;False;7973.33;TL;8119;120.00;8042;120.00;6821;True;6821.00;653.16;6847;104.72;6879;120.00;6715;True;6715.00;501.03;6841;120.00;6885;120.00
75;70;12;7882;False;7866.45;TL;7882;16.30;7885;120.00;11539;True;11539.00;312.59;11578;97.85;11562;120.00;9334;False;9330.93;TL;9422;120.00;9379;120.00;8752;False;8742.76;TL;8831;120.00;8849;120.00;7540;True;7540.00;518.30;7564;120.00;7586;120.00;7333;True;7333.00;782.64;7417;120.00;7362;120.00
75;70;13;7264;False;7258.28;TL;7264;11.51;7264;120.00;10759;True;10759.00;554.73;10766;62.10;10764;120.00;8774;True;8774.00;604.00;8784;111.13;8792;120.00;8117;True;8117.00;236.27;8149;75.73;8137;120.00;7024;True;7024.00;2185.17;7042;63.81;7030;120.00;6823;True;6823.00;889.77;6838;107.45;6825;120.00
75;70;14;7072;False;7056.98;TL;7077;31.42;7072;120.00;10364;True;10364.00;157.68;10384;37.37;10364;107.13;8425;True;8425.00;1874.72;8443;29.09;8505;120.00;7848;True;7845.53;TL;7949;120.00;8030;120.00;6739;True;6739.00;206.32;6746;53.99;6749;120.00;6661;True;6661.00;687.47;6677;66.74;6663;120.00
75;70;15;6122;True;6122.00;483.00;6136;39.42;6132;120.00;8967;True;8967.00;176.94;9003;96.31;8974;120.00;7386;True;7386.00;339.29;7409;30.17;7388;120.00;6925;True;6925.00;550.70;6934;39.06;6925;120.00;5958;True;5958.00;367.05;5983;120.00;5970;120.00;5828;True;5828.00;2245.38;5829;67.31;5833;120.00
75;70;16;7647;False;7607.60;TL;7647;9.28;7661;120.00;11416;True;11416.00;279.61;11437;19.18;11429;120.00;9088;True;9088.00;817.84;9114;83.68;9123;120.00;8501;True;8501.00;779.74;8532;106.50;8514;120.00;7362;False;7356.68;TL;7387;44.72;7494;120.00;7150;True;7150.00;246.64;7156;41.62;7150;120.00
75;70;17;6950;False;6943.46;TL;6950;5.27;6950;120.00;10311;True;10311.00;285.05;10334;48.40;10336;120.00;8307;True;8307.00;88.35;8307;6.15;8349;120.00;7726;True;7726.00;2094.25;7728;23.10;7826;120.00;6735;True;6735.00;325.57;6761;120.00;6739;120.00;6519;True;6519.00;203.90;6528;26.42;6540;120.00
75;70;18;6627;True;6627.00;19.49;6627;9.10;6627;120.00;9723;True;9723.00;2653.71;9951;120.00;10023;120.00;8064;True;8061.15;TL;8229;120.00;8125;120.00;7496;False;7436.26;TL;7562;120.00;7575;120.00;6390;True;6388.12;TL;6397;80.64;6445;120.00;6245;True;6245.00;1754.38;6256;59.55;6367;120.00
75;70;19;7277;True;7277.00;17.76;7285;10.85;7277;120.00;10669;True;10669.00;603.08;10680;24.55;10678;120.00;8554;True;8554.00;210.80;8590;50.98;8554;120.00;8008;True;8008.00;106.63;8025;37.82;8008;91.90;7042;True;7042.00;539.35;7057;25.25;7054;120.00;6815;True;6815.00;202.30;6815;22.37;6821;120.00
75;70;20;7309;False;7301.10;TL;7309;6.98;7313;120.00;10788;True;10788.00;32.55;10788;11.24;10788;13.51;8726;True;8726.00;419.81;8745;54.10;8734;120.00;8083;True;8083.00;614.90;8088;30.40;8092;120.00;6982;True;6982.00;554.50;6992;30.84;6992;120.00;6799;True;6799.00;782.30;6809;56.15;6801;120.00
75;70;21;7263;True;7263.00;343.51;7269;7.21;7266;120.00;10780;True;10780.00;164.13;10800;26.26;10783;120.00;8824;True;8824.00;122.84;8838;14.13;8824;120.00;8207;True;8207.00;111.76;8242;41.06;8207;120.00;7054;True;7054.00;11.95;7054;5.53;7054;7.95;6897;True;6897.00;305.32;6911;96.90;6898;120.00
75;70;22;6801;True;6801.00;64.77;6801;7.53;6801;120.00;10213;True;10213.00;623.19;10222;19.19;10229;120.00;8350;True;8350.00;170.17;8376;30.61;8392;120.00;7774;True;7774.00;52.96;7803;52.56;7774;107.60;6652;True;6652.00;260.24;6688;120.00;6652;120.00;6516;True;6516.00;256.78;6541;106.97;6521;120.00
75;70;23;7131;False;7105.47;TL;7154;35.82;7274;120.00;10539;True;10539.00;902.49;10560;120.00;10559;120.00;8489;True;8487.71;TL;8514;73.82;8583;120.00;8007;False;7985.98;TL;8007;87.29;8103;120.00;6879;False;6875.51;TL;6879;16.28;6914;120.00;6716;True;6716.00;153.55;6717;77.06;6721;120.00
75;70;24;7490;True;7490.00;24.01;7503;7.01;7490;120.00;11063;True;11063.00;160.16;11085;69.17;11063;115.03;9105;True;9105.00;235.03;9121;60.98;9105;120.00;8461;True;8461.00;119.36;8501;96.52;8466;120.00;7211;True;7211.00;84.32;7221;13.49;7211;103.88;7053;True;7053.00;217.88;7060;10.68;7057;120.00
75;70;25;7227;False;7193.00;TL;7227;32.04;7241;120.00;10588;True;10588.00;277.30;10623;83.81;10623;120.00;8740;True;8736.63;TL;8762;83.30;8789;120.00;8104;True;8104.00;1923.58;8194;120.00;8150;120.00;6946;True;6946.00;490.26;6946;13.90;6946;120.00;6839;False;6834.05;TL;6856;80.57;6916;120.00
75;70;26;7200;True;7196.23;TL;7200;8.71;7200;120.00;10739;True;10739.00;389.16;10765;107.83;10745;120.00;8680;True;8680.00;75.58;8701;20.90;8680;46.99;8061;True;8061.00;564.22;8063;13.99;8065;120.00;6889;True;6889.00;491.79;6905;26.59;6893;120.00;6751;True;6751.00;1998.11;6764;98.76;6753;120.00
75;70;27;7219;True;7213.72;TL;7232;34.45;7223;120.00;10727;False;10707.10;TL;10747;120.00;10739;120.00;8520;True;8520.00;1146.57;8560;120.00;8550;120.00;7949;True;7949.00;1062.38;7967;73.80;7951;120.00;6880;True;6880.00;202.45;6881;27.61;6880;120.00;6742;True;6742.00;1243.94;6744;71.44;6762;120.00
75;70;28;7099;False;7023.77;TL;7102;20.73;7246;120.00;10279;True;10279.00;44.60;10318;69.35;10279;26.89;8578;True;8578.00;31.99;8591;14.91;8578;18.17;7980;True;7980.00;2726.17;7984;41.64;8013;120.00;6732;True;6732.00;80.61;6746;25.13;6732;77.30;6615;True;6614.57;TL;6622;112.31;6905;120.00
75;70;29;6740;False;6734.49;TL;6747;38.08;6747;120.00;9987;True;9987.00;799.47;10143;120.00;10031;120.00;8109;True;8109.00;211.52;8553;120.00;8112;120.00;7516;True;7516.00;90.40;7567;120.00;7534;120.00;6497;True;6497.00;976.67;6506;41.36;6500;120.00;6332;True;6332.00;68.33;6343;12.91;6332;25.43
75;70;30;6790;True;6790.00;194.38;6806;28.01;6790;120.00;10104;True;10104.00;66.93;10107;17.86;10104;80.14;8110;True;8110.00;64.50;8200;120.00;8110;67.73;7564;True;7564.00;325.78;7576;23.33;7578;120.00;6487;True;6487.00;91.05;6491;9.91;6487;88.70;6369;True;6369.00;111.27;6400;110.28;6369;64.76
75;70;31;7569;False;7562.46;TL;7574;6.36;7577;120.00;11217;True;11217.00;1224.43;11233;117.68;11234;120.00;9185;True;9185.00;662.52;9205;61.39;9217;120.00;8537;True;8537.00;1147.01;8560;81.34;8574;120.00;7240;True;7240.00;7.24;7264;20.38;7240;8.88;7145;True;7145.00;217.63;7158;39.08;7145;120.00
75;70;32;6577;False;6575.25;TL;6581;9.80;6577;120.00;9904;True;9904.00;376.50;9934;120.00;9904;120.00;7982;True;7982.00;86.79;8024;87.22;7982;120.00;7466;True;7466.00;696.91;7478;104.29;7480;120.00;6414;True;6414.00;313.95;6423;72.23;6418;120.00;6245;True;6245.00;79.32;6297;119.25;6245;120.00
75;70;33;7295;False;7279.86;TL;7300;63.01;7303;120.00;10873;True;10873.00;2143.03;10914;120.00;10916;120.00;8619;True;8619.00;2972.17;8686;120.00;8668;120.00;7998;True;7998.00;833.75;8104;120.00;8025;120.00;6950;True;6950.00;135.68;6964;99.84;7031;120.00;6791;False;6789.33;TL;6850;120.00;6801;120.00
75;70;34;7090;True;7090.00;14.69;7097;11.91;7090;120.00;10511;True;10511.00;29.31;10511;3.31;10511;19.00;8554;False;8540.06;TL;8583;91.49;8621;120.00;7937;True;7937.00;781.90;7954;87.84;8061;120.00;6794;True;6794.00;51.22;6813;91.61;6794;41.90;6661;True;6661.00;135.27;6678;41.15;6661;120.00
75;70;35;6766;False;6759.70;TL;6775;7.20;6791;120.00;10168;True;10168.00;401.63;10194;71.71;10168;120.00;8184;True;8184.00;94.45;8207;62.05;8184;120.00;7577;True;7577.00;1185.75;7594;74.71;7590;120.00;6510;True;6510.00;47.45;6510;12.11;6510;21.84;6397;True;6397.00;869.62;6407;39.92;6409;120.00
75;70;36;7758;False;7743.66;TL;7758;15.63;7778;120.00;11482;True;11479.50;TL;11583;120.00;11523;120.00;9442;True;9442.00;1079.27;9472;58.27;9512;120.00;8726;False;8688.29;TL;8771;120.00;8781;120.00;7502;True;7502.00;327.30;7516;58.80;7515;120.00;7331;True;7331.00;1951.27;7355;119.42;7333;120.00
75;70;37;6710;True;6710.00;1028.98;6714;5.75;6710;120.00;9877;True;9877.00;12.49;9892;6.88;9877;5.16;8257;True;8257.00;440.58;8277;20.06;8257;120.00;7629;True;7629.00;799.53;7642;34.69;7637;120.00;6481;True;6481.00;35.10;6481;11.90;6481;21.13;6406;True;6406.00;264.03;6418;31.64;6406;120.00
75;70;38;7202;False;7198.66;TL;7207;50.42;7207;120.00;10409;True;10409.00;108.95;10427;32.13;10409;112.96;8667;True;8667.00;479.70;8768;120.00;8710;120.00;8063;True;8063.00;1577.55;8145;120.00;8110;120.00;6871;True;6871.00;1215.91;6907;120.00;6871;120.00;6753;True;6753.00;964.69;6823;120.00;6774;120.00
75;70;39;7973;True;7971.74;TL;7985;32.54;7973;120.00;11713;True;11713.00;340.57;11794;119.38;11713;120.00;9448;True;9448.00;935.80;9495;120.00;9461;120.00;8754;True;8754.00;173.20;8756;20.26;8754;113.86;7589;True;7589.00;2275.40;7589;50.40;7593;120.00;7408;True;7408.00;1653.41;7414;93.26;7413;120.00
75;80;0;8345;False;8334.31;TL;8345;22.93;8372;120.00;12133;True;12133.00;711.86;12148;21.39;12133;120.00;10213;True;10213.00;2798.48;10260;120.00;10228;120.00;9354;True;9354.00;1146.73;9419;120.00;9380;120.00;8011;True;8011.00;368.43;8017;84.86;8024;120.00;7880;True;7878.64;TL;7903;120.00;7942;120.00
75;80;1;7458;False;7406.67;TL;7486;120.00;7573;120.00;11010;True;11010.00;653.34;11350;120.00;11100;120.00;8795;False;8778.29;TL;9014;120.00;8957;120.00;8343;False;8289.95;TL;8480;120.00;8506;120.00;7201;False;7197.21;TL;7217;120.00;7208;120.00;7031;False;7025.99;TL;7234;120.00;7047;120.00
75;80;2;7820;False;7809.64;TL;7824;66.44;7834;120.00;11638;True;11634.50;TL;11672;120.00;11659;120.00;9527;True;9527.00;1210.52;9571;120.00;9527;120.00;8844;True;8844.00;2966.99;8960;120.00;8902;120.00;7597;False;7587.46;TL;7603;94.54;7597;120.00;7429;False;7416.87;TL;7489;120.00;7459;120.00
75;80;3;8304;False;8295.99;TL;8304;37.50;8304;120.00;12084;False;12066.50;TL;12102;120.00;12084;120.00;9877;True;9877.00;471.18;9915;120.00;9905;120.00;9220;True;9220.00;898.58;9249;120.00;9233;120.00;7966;True;7966.00;656.04;8015;120.00;7966;120.00;7764;True;7764.00;2830.40;7779;120.00;7774;120.00
75;80;4;7615;False;7594.27;TL;7617;97.32;7641;120.00;11062;True;11062.00;1179.29;11246;120.00;11100;120.00;9195;False;9193.76;TL;9332;120.00;9244;120.00;8497;True;8497.00;144.43;8650;120.00;8535;120.00;7247;True;7247.00;341.33;7251;76.18;7259;120.00;7136;True;7136.00;844.71;7242;120.00;7219;120.00
75;80;5;8285;False;8275.31;TL;8285;50.15;8299;120.00;12102;True;12102.00;2939.94;12202;120.00;12112;120.00;9881;True;9881.00;1130.48;9926;120.00;9904;120.00;9232;True;9232.00;2945.58;9275;120.00;9239;120.00;7924;True;7924.00;978.46;7963;120.00;7966;120.00;7783;False;7776.30;TL;7840;120.00;7799;120.00
75;80;6;8718;False;8713.51;TL;8737;42.57;8718;120.00;12893;True;12893.00;496.55;12964;120.00;12901;120.00;10423;True;10423.00;1110.78;10501;120.00;10531;120.00;9720;False;9657.79;TL;9826;120.00;9984;120.00;8314;True;8314.00;265.03;8317;54.08;8314;120.00;8142;True;8142.00;315.24;8374;120.00;8165;120.00
75;80;7;8301;False;8292.85;TL;8302;64.81;8301;120.00;12228;False;12216.40;TL;12231;120.00;12246;120.00;10025;True;10025.00;611.21;10033;33.59;10025;120.00;9392;True;9392.00;1840.09;9423;120.00;9421;120.00;8022;False;7993.84;TL;8023;86.01;8036;120.00;7815;False;7809.99;TL;7886;120.00;7835;120.00
75;80;8;8178;False;8152.65;TL;8216;120.00;8222;120.00;12134;True;12134.00;1480.00;12312;119.47;12295;120.00;9955;False;9907.71;TL;9967;120.00;9957;120.00;9230;False;9201.49;TL;9389;120.00;9242;120.00;7881;True;7881.00;3538.97;7974;120.00;8063;120.00;7710;True;7709.02;TL;7716;120.00;7888;120.00
75;80;9;8333;False;8325.34;TL;8333;23.25;8333;120.00;12318;True;12318.00;673.06;12318;26.78;12327;120.00;10007;True;10007.00;98.76;10032;40.63;10007;118.93;9233;True;9233.00;500.59;9305;120.00;9240;120.00;7977;True;7977.00;656.62;7986;36.71;7985;120.00;7839;True;7839.00;567.31;7844;18.92;7839;120.00
75;80;10;8113;False;8087.50;TL;8115;67.37;8275;120.00;11793;False;11776.80;TL;11920;120.00;11925;120.00;9575;False;9545.58;TL;9698;120.00;9606;120.00;8982;False;8976.31;TL;9161;120.00;9131;120.00;7717;False;7700.08;TL;7847;120.00;8016;120.00;7613;False;7564.09;TL;7744;120.00;7620;120.00
75;80;11;8263;False;8243.68;TL;8263;43.48;8277;120.00;12260;False;12216.20;TL;12260;105.25;12313;120.00;9782;False;9780.90;TL;9857;120.00;9788;120.00;9125;True;9125.00;995.99;9186;120.00;9193;120.00;7842;False;7838.27;TL;7857;120.00;7852;120.00;7708;False;7704.35;TL;7744;120.00;7754;120.00
75;80;12;8013;False;8001.26;TL;8018;45.61;8013;120.00;11657;True;11657.00;138.26;11663;54.33;11657;120.00;9506;True;9506.00;301.89;9638;120.00;9507;120.00;8899;True;8899.00;101.06;9099;120.00;8920;120.00;7703;True;7703.00;555.96;7772;120.00;7709;120.00;7505;True;7505.00;360.36;7521;120.00;7505;120.00
75;80;13;7824;False;7814.67;TL;7825;38.02;7824;120.00;11445;False;11418.10;TL;11484;120.00;11477;120.00;9264;True;9264.00;774.98;9282;37.40;9270;120.00;8618;True;8617.06;TL;8689;120.00;8634;120.00;7469;True;7469.00;3377.93;7477;78.56;7476;120.00;7358;False;7339.15;TL;7383;120.00;7365;120.00
75;80;14;7921;False;7918.21;TL;7924;10.62;7923;120.00;11697;True;11697.00;130.59;12331;120.00;11717;120.00;9588;True;9588.00;76.74;9614;57.02;9588;120.00;8920;True;8920.00;368.42;9338;120.00;8926;120.00;7620;True;7620.00;465.49;7628;45.09;7620;120.00;7468;True;7468.00;495.57;7498;120.00;7471;120.00
75;80;15;8295;False;8267.19;TL;8295;20.45;8397;120.00;12158;False;12115.10;TL;12296;120.00;12270;120.00;9925;False;9882.32;TL;10007;120.00;9947;120.00;9273;False;9236.47;TL;9304;120.00;9334;120.00;7945;False;7936.05;TL;7945;81.46;8073;120.00;7832;False;7777.15;TL;7894;120.00;7895;120.00
75;80;16;8392;False;8388.81;TL;8393;8.71;8392;120.00;12397;True;12397.00;444.41;12465;120.00;12397;120.00;10081;True;10081.00;508.58;10101;44.24;10094;120.00;9321;True;9321.00;198.92;9338;70.54;9340;120.00;8096;True;8096.00;197.03;8105;27.35;8099;120.00;7889;True;7889.00;3544.35;7929;120.00;7903;120.00
75;80;17;8497;True;8497.00;2961.53;8511;14.03;8497;120.00;12605;True;12605.00;232.16;12894;120.00;12608;120.00;10051;True;10051.00;251.08;10203;120.00;10083;120.00;9412;True;9412.00;1988.28;9516;119.45;9430;120.00;8082;True;8082.00;153.15;8084;10.85;8082;120.00;7939;True;7939.00;216.47;8000;120.00;7942;120.00
75;80;18;7620;True;7620.00;301.31;7620;16.95;7620;120.00;11350;True;11350.00;2795.09;11372;56.14;11361;120.00;9253;False;9230.91;TL;9274;120.00;9265;120.00;8645;False;8616.92;TL;8696;120.00;8645;120.00;7372;True;7372.00;2931.00;7420;120.00;7400;120.00;7210;True;7210.00;1044.59;7268;120.00;7236;120.00
75;80;19;8714;False;8698.88;TL;8714;40.51;8792;120.00;12777;True;12777.00;2164.23;12933;120.00;12983;120.00;10475;False;10473.30;TL;10542;120.00;10530;120.00;9743;True;9743.00;2417.59;9785;120.00;9755;120.00;8264;True;8264.00;707.58;8404;120.00;8467;120.00;8170;False;8160.02;TL;8262;120.00;8361;120.00
75;80;20;8267;False;8261.05;TL;8272;59.66;8267;120.00;12240;False;12220.30;TL;12251;120.00;12262;120.00;10055;True;10055.00;1249.39;10090;119.46;10080;120.00;9250;False;9243.85;TL;9302;120.00;9299;120.00;7980;False;7977.48;TL;7991;88.01;7994;120.00;7838;True;7838.00;1624.98;7847;99.15;7842;120.00
75;80;21;8329;False;8321.90;TL;8329;38.60;8333;120.00;12467;False;12449.80;TL;12493;120.00;12499;120.00;10032;True;10032.00;327.44;10052;37.31;10032;120.00;9400;True;9400.00;1168.48;9408;54.89;9440;120.00;8012;True;8012.00;460.78;8012;53.69;8012;120.00;7865;True;7865.00;2680.40;7888;120.00;7882;120.00
75;80;22;8847;False;8837.46;TL;8850;17.13;8852;120.00;12932;False;12895.90;TL;12957;120.00;12932;120.00;10604;True;10604.00;168.28;10633;50.78;10604;120.00;9861;True;9861.00;880.30;9861;56.14;9869;120.00;8433;True;8433.00;1228.16;8442;111.09;8538;120.00;8270;True;8269.40;TL;8421;120.00;8282;120.00
75;80;23;7859;True;7856.99;TL;7859;6.82;7859;7.04;11569;True;11569.00;476.91;11657;120.00;11569;120.00;9493;True;9493.00;103.44;9511;65.08;9493;83.57;8824;True;8824.00;1823.81;9263;120.00;8829;120.00;7573;True;7573.00;168.27;7573;17.80;7573;90.61;7389;True;7389.00;106.21;7406;67.32;7402;120.00
75;80;24;8959;False;8942.83;TL;8959;38.06;8979;120.00;13257;False;13198.40;TL;13284;120.00;13295;120.00;10667;True;10667.00;274.99;10684;80.28;10667;120.00;9931;False;9920.68;TL;9986;120.00;9931;120.00;8572;True;8572.00;112.62;8572;27.34;8572;120.00;8474;False;8443.45;TL;8488;120.00;8555;120.00
75;80;25;8098;True;8098.00;3107.02;8104;27.71;8102;120.00;11988;False;11858.20;TL;12368;120.00;12075;120.00;9779;True;9779.00;3360.36;9922;120.00;9782;120.00;9031;True;9029.40;TL;9235;120.00;9230;120.00;7768;True;7768.00;424.68;8030;120.00;7775;120.00;7611;True;7609.72;TL;7813;120.00;7659;120.00
75;80;26;8156;False;8153.02;TL;8156;14.96;8156;120.00;11844;True;11844.00;3103.59;11974;120.00;11937;120.00;9825;True;9825.00;1485.99;9898;120.00;9826;120.00;9120;True;9120.00;1099.80;9165;120.00;9145;120.00;7869;True;7869.00;353.30;7888;76.85;7869;120.00;7767;False;7746.60;TL;7803;120.00;7790;120.00
75;80;27;8280;False;8275.87;TL;8290;25.03;8285;120.00;12142;True;12142.00;728.29;12156;64.57;12154;120.00;10123;True;10123.00;1232.48;10131;70.48;10128;120.00;9454;True;9454.00;908.15;9550;120.00;9504;120.00;7955;True;7955.00;748.10;7973;26.26;7963;120.00;7798;True;7798.00;347.31;7816;101.36;7798;120.00
75;80;28;7681;False;7672.40;TL;7681;115.88;7725;120.00;11533;False;11503.30;TL;11562;120.00;11550;120.00;9113;True;9113.00;989.93;9157;120.00;9124;120.00;8566;False;8555.42;TL;8627;120.00;8606;120.00;7386;True;7386.00;2064.72;7388;28.54;7388;120.00;7254;False;7217.89;TL;7309;120.00;7286;120.00
75;80;29;7907;False;7896.75;TL;7907;11.09;7907;120.00;12051;True;12051.00;310.41;12143;120.00;12068;120.00;9607;True;9607.00;481.29;9699;120.00;9615;120.00;8894;True;8894.00;403.87;9371;120.00;8903;120.00;7603;True;7603.00;182.07;7609;23.97;7603;100.02;7410;True;7410.00;411.81;7441;120.00;7412;120.00
75;80;30;8253;True;8253.00;33.08;8253;6.96;8253;120.00;12169;True;12169.00;287.70;12479;120.00;12181;120.00;10283;True;10283.00;544.48;10629;119.40;10283;120.00;9465;True;9465.00;326.27;9565;120.00;9465;120.00;7991;True;7991.00;428.89;8000;82.12;7993;120.00;7844;True;7844.00;170.27;7856;99.67;7844;120.00
75;80;31;7610;False;7588.90;TL;7612;120.00;7616;120.00;11161;True;11161.00;3317.33;11293;120.00;11286;120.00;9138;True;9138.00;830.54;9247;120.00;9185;120.00;8494;True;8494.00;2007.25;8595;120.00;8568;120.00;7345;True;7345.00;2333.11;7419;120.00;7366;120.00;7203;False;7180.61;TL;7290;120.00;7245;120.00
75;80;32;8723;False;8714.30;TL;8723;9.45;8723;120.00;12911;True;12911.00;1148.36;12938;120.00;12926;120.00;10595;True;10595.00;145.88;10619;48.85;10595;99.73;9905;True;9905.00;318.56;9931;119.46;9925;120.00;8499;False;8491.82;TL;8499;45.53;8513;120.00;8297;False;8292.32;TL;8320;120.00;8297;120.00
75;80;33;8281;False;8276.82;TL;8286;75.73;8281;120.00;12356;False;12291.10;TL;12387;120.00;12374;120.00;9906;True;9906.00;2178.92;9981;120.00;9979;120.00;9206;True;9206.00;2102.33;9242;120.00;9241;120.00;7928;False;7924.69;TL;7938;77.89;7928;120.00;7768;False;7762.65;TL;7817;120.00;7800;120.00
75;80;34;8351;True;8351.00;16.67;8351;6.33;8351;120.00;12462;True;12462.00;403.24;12622;120.00;12468;120.00;10119;True;10119.00;172.14;10130;92.17;10119;120.00;9384;True;9384.00;706.11;9605;120.00;9388;120.00;8085;True;8085.00;339.91;8091;75.37;8085;120.00;7905;True;7905.00;120.05;8043;120.00;7905;120.00
75;80;35;8357;False;8352.26;TL;8361;37.24;8357;120.00;12445;False;12417.50;TL;12473;120.00;12458;120.00;9956;True;9956.00;1771.91;9977;120.00;9959;120.00;9308;True;9308.00;487.35;9339;120.00;9332;120.00;8080;False;8061.12;TL;8113;120.00;8104;120.00;7897;False;7873.34;TL;7901;108.17;7918;120.00
75;80;36;7758;True;7758.00;1922.01;7772;55.91;7758;120.00;11614;True;11614.00;953.13;11702;120.00;11617;120.00;9400;True;9400.00;743.16;9459;120.00;9409;120.00;8790;True;8790.00;1109.44;8848;120.00;8805;120.00;7434;True;7434.00;192.71;7452;47.37;7434;120.00;7293;True;7293.00;65.14;7305;53.32;7293;47.06
75;80;37;8479;True;8476.71;TL;8485;19.03;8479;120.00;12558;True;12558.00;282.79;12567;97.70;12558;120.00;10471;True;10471.00;1246.83;10780;120.00;10471;120.00;9610;True;9610.00;3438.07;9884;120.00;9615;120.00;8167;True;8167.00;61.74;8191;56.92;8167;57.49;8017;True;8017.00;176.39;8453;120.00;8050;120.00
75;80;38;8817;False;8793.51;TL;8828;80.60;8860;120.00;12941;True;12941.00;744.39;12946;54.31;12978;120.00;10639;False;10585.10;TL;10660;120.00;10753;120.00;9865;False;9842.33;TL;9943;120.00;10024;120.00;8436;False;8418.94;TL;8497;120.00;8613;120.00;8257;False;8252.53;TL;8371;120.00;8370;120.00
75;80;39;8164;False;8158.22;TL;8164;35.63;8164;120.00;12059;False;12025.50;TL;12214;120.00;12288;120.00;9768;False;9705.14;TL;9768;96.56;9854;120.00;9056;True;9056.00;3054.34;9178;120.00;9166;120.00;7866;True;7866.00;3250.90;7934;120.00;8037;120.00;7620;True;7620.00;283.93;7650;106.05;7632;120.00
75;90;0;8742;False;8711.77;TL;8757;120.00;8764;120.00;12762;False;12741.00;TL;12834;120.00;12980;120.00;10392;False;10336.40;TL;10438;115.50;10479;120.00;9772;False;9714.80;TL;9800;120.00;9772;120.00;8390;False;8367.16;TL;8423;117.14;8393;120.00;8252;False;8208.79;TL;8252;117.24;8280;120.00
75;90;1;9378;False;9361.12;TL;9378;75.17;9390;120.00;13740;False;13637.10;TL;13815;120.00;13854;120.00;10750;True;10750.00;2535.31;10805;114.87;10791;120.00;10154;False;10113.40;TL;10199;120.00;10201;120.00;8991;False;8949.95;TL;9036;120.00;9047;120.00;8784;False;8717.95;TL;8818;115.70;8855;120.00
75;90;2;8767;False;8764.13;TL;8767;19.82;8782;120.00;12990;True;12990.00;384.67;13603;120.00;13017;120.00;10499;True;10499.00;1058.76;10950;114.16;10509;120.00;9693;True;9693.00;1256.42;9767;120.00;9713;120.00;8389;True;8389.00;1159.75;8813;116.88;8399;120.00;8214;False;8210.05;TL;8287;114.22;8231;120.00
75;90;3;9144;False;9099.31;TL;9184;120.00;9211;120.00;13446;True;13446.00;383.32;13570;120.00;13509;120.00;11427;False;11337.70;TL;11515;115.82;11465;120.00;10445;False;10386.50;TL;10482;120.00;10471;120.00;8832;True;8832.00;3041.35;8928;117.38;9018;120.00;8656;False;8621.64;TL;8720;115.74;8817;120.00
75;90;4;9934;False;9918.25;TL;9934;64.97;9943;120.00;14526;False;14524.60;TL;14592;120.00;14563;120.00;11936;True;11936.00;287.58;11942;29.25;11955;120.00;11077;True;11076.60;TL;11116;120.00;11091;120.00;9527;True;9527.00;1038.30;9538;93.17;9571;120.00;9336;False;9323.15;TL;9391;116.04;9354;120.00
75;90;5;8753;False;8751.65;TL;8753;7.90;8753;120.00;13129;True;13129.00;2786.89;13753;120.00;13155;120.00;10685;True;10685.00;3299.53;11135;114.81;10766;120.00;9939;False;9926.13;TL;10367;120.00;9939;120.00;8461;True;8461.00;250.31;8594;116.78;8488;120.00;8327;True;8327.00;225.42;8447;114.07;8327;120.00
75;90;6;9121;False;9112.81;TL;9159;120.00;9307;120.00;13511;False;13477.10;TL;13695;120.00;13677;120.00;10887;False;10884.40;TL;10960;114.75;10937;120.00;10233;False;10157.50;TL;10268;120.00;10256;120.00;8819;False;8804.72;TL;8904;120.00;9059;120.00;8674;False;8591.34;TL;8689;115.17;8734;120.00
75;90;7;8502;False;8487.21;TL;8502;24.60;8526;120.00;12905;True;12905.00;1790.42;12965;120.00;12943;120.00;10459;True;10459.00;2390.95;10498;114.83;10480;120.00;9753;True;9750.39;TL;9836;120.00;9761;120.00;8260;True;8260.00;56.69;8263;14.22;8260;65.69;8119;True;8119.00;718.80;8135;83.84;8131;120.00
75;90;8;7988;False;7969.11;TL;7988;120.00;8034;120.00;11879;False;11814.50;TL;11901;120.00;11882;120.00;9812;False;9799.55;TL;9831;115.80;9825;120.00;9103;False;9065.52;TL;9218;120.00;9266;120.00;7741;True;7741.00;1084.97;7776;117.34;7749;120.00;7626;False;7595.81;TL;7664;116.37;7731;120.00
75;90;9;9148;True;9148.00;88.20;9148;55.50;9148;120.00;13510;True;13510.00;2575.60;13529;73.97;13607;120.00;10906;False;10876.20;TL;10906;114.51;10908;120.00;10148;True;10148.00;3564.51;10210;120.00;10160;120.00;8852;False;8810.05;TL;8902;117.84;8930;120.00;8700;False;8627.98;TL;8700;116.41;8761;120.00
75;90;10;9746;False;9714.45;TL;9746;41.30;9790;120.00;14507;True;14505.80;TL;14707;120.00;14617;120.00;11757;True;11757.00;3535.82;11777;109.85;11770;120.00;10900;False;10859.20;TL;10907;120.00;10905;120.00;9372;False;9369.90;TL;9420;116.83;9455;120.00;9202;False;9177.77;TL;9266;114.64;9275;120.00
75;90;11;8760;False;8732.49;TL;8767;120.00;8805;120.00;12897;False;12844.60;TL;12897;120.00;12966;120.00;10268;True;10265.60;TL;10373;115.27;10401;120.00;9607;False;9567.49;TL;9655;120.00;9667;120.00;8410;False;8377.21;TL;8504;117.00;8649;120.00;8274;False;8179.58;TL;8293;115.24;8423;120.00
75;90;12;8692;False;8680.01;TL;8692;21.79;8692;120.00;12820;True;12820.00;2148.61;12895;120.00;12844;120.00;10494;True;10494.00;1113.02;10720;115.36;10544;120.00;9793;True;9793.00;1773.45;9905;120.00;9819;120.00;8435;True;8435.00;2469.14;8442;65.79;8448;120.00;8160;True;8160.00;127.45;8160;15.74;8160;107.10
75;90;13;9182;True;9182.00;856.57;9182;23.37;9190;120.00;13890;True;13890.00;132.04;13890;14.72;13890;81.34;11204;True;11204.00;982.16;11272;114.61;11221;120.00;10382;True;10382.00;1127.61;10622;120.00;10399;120.00;8901;True;8901.00;835.83;8914;98.55;8901;120.00;8676;True;8676.00;500.51;8716;115.49;8685;120.00
75;90;14;8808;False;8791.18;TL;8810;120.00;8809;120.00;12967;True;12967.00;991.41;13604;120.00;12992;120.00;10553;True;10553.00;1248.10;10992;115.04;10554;120.00;9846;True;9846.00;1316.38;10280;120.00;9877;120.00;8481;True;8481.00;171.52;8495;30.68;8481;120.00;8287;True;8287.00;157.18;8308;28.44;8287;120.00
75;90;15;8775;False;8768.57;TL;8775;81.69;8782;120.00;13039;True;13039.00;2907.81;13075;120.00;13082;120.00;10525;True;10525.00;148.37;10592;114.88;10540;120.00;9793;True;9793.00;361.46;9898;120.00;9810;120.00;8419;False;8416.29;TL;8427;31.06;8419;120.00;8273;False;8271.34;TL;8283;103.52;8289;120.00
75;90;16;8712;False;8701.19;TL;8721;120.00;8712;120.00;12965;True;12965.00;1881.89;12981;92.30;12975;120.00;10496;True;10496.00;1972.37;10624;115.44;10506;120.00;9785;True;9785.00;765.46;9799;40.24;9785;120.00;8400;False;8394.60;TL;8411;68.38;8402;120.00;8255;True;8255.00;3435.75;8342;116.43;8255;120.00
75;90;17;8824;False;8820.29;TL;8950;120.00;8826;120.00;13034;False;13032.90;TL;13178;120.00;13049;120.00;10464;True;10464.00;626.07;10537;116.06;10481;120.00;9822;True;9819.55;TL;10004;120.00;9854;120.00;8519;False;8499.89;TL;8530;118.02;8543;120.00;8262;True;8262.00;219.31;8400;116.60;8285;120.00
75;90;18;9271;False;9257.78;TL;9271;30.48;9382;120.00;13786;True;13785.40;TL;13928;120.00;13810;120.00;11238;False;11184.70;TL;11282;115.45;11360;120.00;10401;False;10336.80;TL;10445;120.00;10562;120.00;8982;False;8954.06;TL;9002;116.84;9132;120.00;8819;False;8740.74;TL;8927;116.06;8871;120.00
75;90;19;9294;False;9275.46;TL;9299;120.00;9320;120.00;13759;False;13734.80;TL;13790;120.00;13775;120.00;11351;False;11333.10;TL;11385;114.16;11409;120.00;10403;True;10403.00;627.80;10482;120.00;10444;120.00;8984;False;8959.07;TL;8984;117.31;9005;120.00;8791;False;8758.90;TL;8808;115.70;8832;120.00
75;90;20;9292;False;9268.14;TL;9316;120.00;9308;120.00;13621;False;13577.50;TL;13657;120.00;13635;120.00;11220;True;11220.00;431.89;11224;24.65;11256;120.00;10472;False;10458.00;TL;10497;120.00;10485;120.00;8934;True;8934.00;1767.02;8997;120.00;8943;120.00;8771;False;8748.42;TL;8771;115.72;8799;120.00
75;90;21;9866;False;9859.73;TL;9873;39.04;9892;120.00;14400;True;14400.00;1355.47;14463;120.00;14443;120.00;11953;False;11937.40;TL;12003;114.66;12013;120.00;11146;True;11146.00;1560.10;11237;120.00;11161;120.00;9570;False;9543.75;TL;9590;117.02;9598;120.00;9377;False;9343.10;TL;9447;114.68;9420;120.00
75;90;22;9063;False;9054.10;TL;9072;35.54;9063;120.00;13444;True;13444.00;1087.55;13862;120.00;13464;120.00;10994;False;10943.10;TL;11296;113.88;11418;120.00;10344;False;10224.70;TL;10522;120.00;10665;120.00;8811;True;8811.00;95.98;8836;117.05;8811;120.00;8596;True;8596.00;1660.61;8781;114.23;8605;120.00
75;90;23;8135;False;8118.16;TL;8137;97.10;8135;120.00;12196;False;12163.80;TL;12290;120.00;12219;120.00;9894;False;9875.52;TL;9907;116.33;9899;120.00;9160;True;9159.20;TL;9364;120.00;9232;120.00;7815;True;7815.00;1489.48;7819;73.72;7817;120.00;7720;True;7719.40;TL;7803;117.10;7760;120.00
75;90;24;9334;False;9329.36;TL;9344;21.00;9336;120.00;13750;False;13731.20;TL;13804;120.00;13752;120.00;11421;True;11421.00;1139.18;11889;114.18;11447;120.00;10548;True;10546.70;TL;10665;120.00;10581;120.00;9020;True;9020.00;1160.73;9026;100.70;9022;120.00;8846;True;8846.00;1668.15;8895;115.85;8865;120.00
75;90;25;9354;True;9354.00;3364.84;9366;47.57;9365;120.00;13896;True;13896.00;865.87;14027;120.00;13927;120.00;11403;False;11401.30;TL;11590;114.46;11438;120.00;10694;False;10665.60;TL;11003;120.00;10694;120.00;9016;True;9016.00;280.48;9038;116.81;9016;120.00;8879;True;8879.00;2254.17;9251;114.15;8921;120.00
75;90;26;8766;False;8762.33;TL;8833;120.00;8785;120.00;12863;True;12863.00;2038.64;13345;120.00;12876;120.00;10564;True;10564.00;2098.98;10705;115.21;10582;120.00;9820;True;9820.00;2894.26;9855;120.00;9855;120.00;8422;True;8422.00;1658.43;8502;117.04;8434;120.00;8278;True;8278.00;1586.69;8621;116.08;8288;120.00
75;90;27;8947;False;8915.42;TL;8947;115.15;9207;120.00;13264;True;13264.00;3003.55;13576;120.00;13611;120.00;11069;False;10950.80;TL;11154;114.23;11069;120.00;10178;False;10112.20;TL;10368;120.00;10383;120.00;8665;True;8665.00;2555.42;8855;116.80;8861;120.00;8521;False;8473.22;TL;8654;114.32;8759;120.00
75;90;28;8897;True;8897.00;684.95;8901;41.56;8897;120.00;13304;True;13304.00;1657.23;13824;120.00;13314;120.00;10828;True;10828.00;2655.98;11272;115.17;10878;120.00;10020;False;9992.29;TL;10271;120.00;10029;120.00;8522;True;8522.00;86.89;8543;116.69;8522;120.00;8390;True;8390.00;2804.13;8798;114.54;8426;120.00
75;90;29;8767;False;8749.91;TL;8774;120.00;8792;120.00;12736;False;12733.10;TL;12813;120.00;12802;120.00;10371;True;10371.00;3355.24;10464;116.20;10399;120.00;9716;False;9686.63;TL;9797;120.00;9738;120.00;8449;False;8420.60;TL;8508;117.36;8453;120.00;8319;False;8266.30;TL;8376;116.71;8360;120.00
75;90;30;9211;False;9204.13;TL;9215;110.55;9218;120.00;13589;False;13571.60;TL;13644;120.00;13626;120.00;11192;True;11192.00;2220.23;11274;114.10;11237;120.00;10456;False;10420.10;TL;10498;120.00;10465;120.00;8907;True;8907.00;2383.53;8929;117.58;8913;120.00;8759;False;8738.26;TL;8807;115.14;8813;120.00
75;90;31;9150;True;9147.61;TL;9150;27.46;9150;120.00;13642;False;13595.80;TL;13753;120.00;13642;120.00;11083;True;11083.00;2768.94;11199;115.48;11115;120.00;10436;False;10370.10;TL;10471;120.00;10454;120.00;8830;True;8830.00;86.84;8880;118.04;8843;120.00;8695;True;8695.00;2382.58;8839;115.38;8779;120.00
75;90;32;9080;False;9037.04;TL;9080;46.01;9135;120.00;13186;True;13186.00;219.98;13642;120.00;13186;120.00;10808;True;10808.00;2454.69;10971;114.64;10984;120.00;10184;False;10094.90;TL;10322;120.00;10184;120.00;8648;True;8648.00;274.09;8904;117.39;8650;120.00;8480;True;8480.00;1646.64;8752;115.73;8573;120.00
75;90;33;9464;False;9457.97;TL;9468;41.32;9465;120.00;13945;True;13945.00;668.75;13957;45.58;13966;120.00;11258;True;11258.00;831.73;11562;114.90;11296;120.00;10518;False;10479.80;TL;10918;120.00;10543;120.00;9076;True;9076.00;324.12;9085;37.01;9076;120.00;8882;True;8882.00;506.63;8892;71.74;8892;120.00
75;90;34;9423;False;9416.29;TL;9423;41.35;9423;120.00;13895;True;13895.00;55.49;14076;120.00;13895;32.04;11430;True;11430.00;2457.75;11552;113.89;11454;120.00;10600;True;10600.00;2430.08;10758;120.00;10638;120.00;9155;False;9145.49;TL;9619;116.97;9162;120.00;8904;True;8903.62;TL;9330;115.59;8912;120.00
75;90;35;9240;False;9201.14;TL;9256;120.00;9281;120.00;13861;False;13765.90;TL;14022;120.00;13899;120.00;11019;False;10952.90;TL;11054;114.69;11068;120.00;10277;False;10238.00;TL;10356;120.00;10277;120.00;8891;False;8874.60;TL;8938;117.18;8894;120.00;8714;False;8679.60;TL;8730;114.96;8744;120.00
75;90;36;9422;False;9416.69;TL;9422;76.94;9431;120.00;13830;True;13830.00;2529.09;13903;120.00;13843;120.00;11139;True;11139.00;589.61;11258;114.17;11159;120.00;10343;True;10343.00;1774.65;10412;120.00;10389;120.00;9083;False;9076.50;TL;9109;117.07;9098;120.00;8781;True;8779.62;TL;9236;115.87;8784;120.00
75;90;37;9001;True;9000.98;TL;9010;28.66;9001;120.00;13469;False;13449.30;TL;13651;120.00;13527;120.00;10814;False;10770.80;TL;10959;114.10;10819;120.00;10196;False;10088.10;TL;10321;120.00;10263;120.00;8699;False;8695.93;TL;8961;117.85;8803;120.00;8547;False;8517.33;TL;8568;114.17;8547;120.00
75;90;38;9429;True;9427.81;TL;9469;120.00;9477;120.00;13831;False;13827.40;TL;13888;120.00;13843;120.00;11489;True;11489.00;1106.48;11537;115.90;11503;120.00;10655;False;10628.10;TL;10680;120.00;10675;120.00;9010;True;9010.00;2389.43;9067;116.92;9010;120.00;8876;False;8870.56;TL;8969;116.05;8937;120.00
75;90;39;8613;False;8582.40;TL;8613;62.60;8687;120.00;12837;False;12782.20;TL;12975;120.00;12996;120.00;10234;False;10188.70;TL;10385;114.14;10288;120.00;9560;False;9527.95;TL;9574;120.00;9618;120.00;8259;True;8259.00;250.10;8259;28.89;8417;120.00;8138;False;8082.28;TL;8149;115.98;8147;120.00
75;100;0;9860;False;9855.02;TL;9927;120.00;9864;120.00;14841;False;14821.10;TL;15451;120.00;14841;120.00;11730;False;11679.60;TL;12130;120.00;11793;120.00;10978;False;10935.50;TL;10978;117.13;10986;120.00;9454;True;9454.00;2629.17;9918;120.00;9479;120.00;9290;False;9270.59;TL;9302;120.00;9320;120.00
75;100;1;9096;False;9077.76;TL;9096;77.96;9112;120.00;13574;True;13569.80;TL;13581;43.67;13586;120.00;10939;True;10939.00;2326.95;11356;120.00;10967;120.00;10109;True;10109.00;1095.59;10452;118.02;10132;120.00;8758;False;8755.47;TL;9163;120.00;8774;120.00;8599;False;8570.09;TL;9048;120.00;8610;120.00
75;100;2;9930;False;9916.59;TL;9968;120.00;10078;120.00;15016;False;14714.40;TL;15081;120.00;15042;120.00;11811;False;11743.40;TL;12074;119.42;11816;120.00;11029;False;10969.00;TL;11180;116.88;11214;120.00;9453;False;9434.05;TL;9580;120.00;9794;120.00;9498;False;9279.78;TL;9498;119.49;9578;120.00
75;100;3;9628;False;9607.12;TL;9653;120.00;9664;120.00;14547;False;14454.00;TL;14676;120.00;14626;120.00;11700;False;11683.40;TL;11816;120.00;11766;120.00;10946;False;10944.20;TL;11087;117.97;10989;120.00;9360;False;9341.64;TL;9395;120.00;9364;120.00;9171;False;9139.61;TL;9267;120.00;9201;120.00
75;100;4;9182;False;9180.30;TL;9261;120.00;9184;120.00;13638;True;13638.00;3471.25;14259;120.00;13669;120.00;10768;False;10764.70;TL;10856;120.00;10777;120.00;10120;True;10118.40;TL;10397;117.65;10178;120.00;8854;False;8851.50;TL;9296;120.00;8866;120.00;8709;False;8666.39;TL;9068;120.00;8711;120.00
75;100;5;10748;False;10719.10;TL;10748;58.20;10866;120.00;16036;False;15926.50;TL;16164;120.00;16345;120.00;12920;False;12811.30;TL;13032;119.39;13138;120.00;11952;False;11909.50;TL;12116;119.02;12274;120.00;10352;False;10272.80;TL;10438;120.00;10502;120.00;10068;True;10068.00;2470.69;10352;120.00;10239;120.00
75;100;6;9841;False;9826.23;TL;9841;106.91;9848;120.00;14784;False;14740.20;TL;14807;120.00;14801;120.00;11954;False;11950.40;TL;11969;120.00;11965;120.00;11197;False;11148.40;TL;11547;117.49;11204;120.00;9478;False;9470.07;TL;9484;74.80;9491;120.00;9373;False;9336.50;TL;9823;120.00;9402;120.00
75;100;7;9601;False;9592.17;TL;9649;120.00;9609;120.00;14329;False;14241.80;TL;14393;120.00;14346;120.00;11281;True;11281.00;1568.90;11444;120.00;11349;120.00;10581;True;10581.00;2558.61;10694;118.50;10634;120.00;9279;False;9244.66;TL;9292;120.00;9294;120.00;9056;False;9011.57;TL;9103;120.00;9099;120.00
75;100;8;9869;False;9857.81;TL;9869;65.88;9879;120.00;14488;False;14469.00;TL;14803;120.00;14528;120.00;11947;False;11918.00;TL;11975;120.00;11995;120.00;11131;False;11082.80;TL;11200;117.59;11138;120.00;9555;False;9553.76;TL;9636;120.00;9555;120.00;9357;False;9332.02;TL;9481;120.00;9362;120.00
75;100;9;9530;False;9508.20;TL;9567;120.00;9531;120.00;13994;False;13963.90;TL;14011;120.00;14005;120.00;11821;False;11782.40;TL;11870;120.00;11847;120.00;10878;False;10872.50;TL;11053;118.54;10971;120.00;9271;False;9233.70;TL;9319;120.00;9287;120.00;9136;False;9085.72;TL;9206;120.00;9188;120.00
75;100;10;10317;False;10304.90;TL;10382;120.00;10409;120.00;15201;False;15175.30;TL;15403;120.00;15207;120.00;12259;False;12216.60;TL;12259;120.00;12282;120.00;11419;False;11398.00;TL;11495;120.00;11465;120.00;9848;False;9819.32;TL;9886;120.00;9920;120.00;9573;False;9545.32;TL;9630;120.00;9669;120.00
75;100;11;9059;False;9040.88;TL;9059;81.41;9125;120.00;13515;True;13515.00;2765.54;13913;120.00;13585;120.00;10972;False;10952.50;TL;11110;120.00;10972;120.00;10250;True;10250.00;2501.72;10318;118.25;10312;120.00;8723;False;8712.92;TL;8763;120.00;8723;120.00;8550;True;8550.00;3311.53;8679;120.00;8582;120.00
75;100;12;10223;False;10210.60;TL;10298;120.00;10393;120.00;15085;True;15085.00;1469.67;15293;120.00;15214;120.00;12335;False;12274.10;TL;12428;120.00;12335;120.00;11485;False;11421.60;TL;11642;117.98;11485;120.00;9832;False;9790.96;TL;9930;120.00;9960;120.00;9710;False;9614.04;TL;9782;120.00;9838;120.00
75;100;13;9624;False;9594.04;TL;9661;120.00;9636;120.00;14039;False;13984.20;TL;14126;120.00;14089;120.00;11579;False;11515.90;TL;11700;119.45;11579;120.00;10753;False;10702.40;TL;10764;118.12;10769;120.00;9289;False;9242.26;TL;9318;120.00;9346;120.00;9146;False;9075.90;TL;9178;120.00;9230;120.00
75;100;14;9815;True;9815.00;95.40;9820;56.19;9827;120.00;14647;True;14647.00;616.46;15301;120.00;14656;120.00;12149;False;12138.00;TL;12714;120.00;12167;120.00;11151;False;11096.60;TL;11597;117.62;11151;120.00;9486;False;9484.44;TL;9571;120.00;9501;120.00;9342;False;9304.54;TL;9751;120.00;9349;120.00
75;100;15;9815;False;9798.40;TL;9868;120.00;9821;120.00;14662;False;14618.10;TL;14766;120.00;14705;120.00;11796;True;11796.00;3474.02;11873;120.00;11805;120.00;11033;False;10988.70;TL;11455;117.92;11057;120.00;9484;False;9467.85;TL;9520;120.00;9506;120.00;9278;False;9235.80;TL;9314;120.00;9338;120.00
75;100;16;9892;False;9882.65;TL;9970;120.00;9892;120.00;14682;False;14678.30;TL;15050;120.00;14728;120.00;11889;False;11886.90;TL;12309;119.44;11897;120.00;11125;False;11097.50;TL;11240;117.08;11143;120.00;9416;True;9416.00;396.50;9435;86.63;9445;120.00;9248;False;9246.73;TL;9664;120.00;9262;120.00
75;100;17;9731;False;9722.83;TL;9731;44.06;9748;120.00;14539;False;14514.90;TL;14908;120.00;14596;120.00;11821;False;11776.50;TL;12098;120.00;11821;120.00;10998;False;10986.30;TL;11087;117.40;11028;120.00;9380;False;9378.52;TL;9454;120.00;9439;120.00;9216;False;9178.96;TL;9253;120.00;9251;120.00
75;100;18;9952;False;9935.38;TL;9956;73.58;9958;120.00;14953;False;14681.40;TL;15045;120.00;15237;120.00;12325;False;12083.20;TL;12424;120.00;12335;120.00;11276;False;11169.80;TL;11430;117.85;11599;120.00;9797;False;9614.42;TL;9834;120.00;9999;120.00;9443;False;9394.48;TL;9636;120.00;9451;120.00
75;100;19;9805;False;9788.56;TL;9814;120.00;9811;120.00;14448;True;14448.00;762.80;14496;120.00;14454;120.00;11705;True;11705.00;3456.42;12215;119.43;11771;120.00;10843;True;10843.00;846.07;11246;120.00;10881;120.00;9452;False;9440.97;TL;9495;120.00;9465;120.00;9246;False;9239.94;TL;9332;120.00;9287;120.00
75;100;20;10276;False;10270.70;TL;10276;33.45;10282;120.00;15273;True;15273.00;3529.67;15339;120.00;15306;120.00;12571;True;12571.00;2764.80;12734;120.00;12629;120.00;11605;False;11580.70;TL;11628;117.95;11635;120.00;9925;False;9910.70;TL;9932;120.00;9938;120.00;9726;True;9726.00;2633.33;9733;120.00;9741;120.00
75;100;21;10229;False;10216.10;TL;10240;120.00;10229;120.00;15360;False;15343.50;TL;15412;120.00;15360;120.00;12373;True;12373.00;557.28;12813;120.00;12398;120.00;11488;True;11488.00;3275.89;11854;118.28;11515;120.00;9854;True;9854.00;1001.46;9880;120.00;9859;120.00;9652;False;9649.35;TL;9690;120.00;9664;120.00
75;100;22;10558;False;10549.00;TL;10558;72.22;10562;120.00;15431;False;15427.80;TL;15829;120.00;15568;120.00;12898;True;12898.00;3027.79;12965;120.00;12967;120.00;12124;False;11985.30;TL;12225;116.97;12349;120.00;10150;True;10150.00;905.39;10248;120.00;10150;120.00;9997;False;9979.44;TL;10265;120.00;10005;120.00
75;100;23;9661;False;9635.88;TL;9661;97.56;9701;120.00;14476;False;14410.50;TL;14578;120.00;14537;120.00;11522;False;11520.60;TL;11528;120.00;11531;120.00;10727;True;10727.00;2577.07;11187;117.86;10731;120.00;9274;True;9274.00;1878.87;9368;120.00;9333;120.00;9073;False;9064.15;TL;9128;120.00;9085;120.00
75;100;24;9619;True;9619.00;1801.15;9638;120.00;9756;120.00;14449;False;14408.30;TL;14603;120.00;14457;120.00;11656;False;11623.50;TL;11931;120.00;11708;120.00;10808;False;10772.60;TL;10979;117.74;10822;120.00;9297;False;9281.43;TL;9362;120.00;9350;120.00;9110;False;9090.67;TL;9169;120.00;9129;120.00
75;100;25;9752;False;9748.18;TL;9765;120.00;9771;120.00;14392;True;14392.00;658.51;15073;120.00;14476;120.00;11731;True;11731.00;1181.36;12242;120.00;11771;120.00;11005;False;10960.20;TL;11403;117.12;11042;120.00;9415;True;9415.00;143.97;9831;120.00;9443;120.00;9281;False;9251.20;TL;9673;120.00;9281;120.00
75;100;26;10048;False;10011.90;TL;10203;120.00;10048;120.00;14751;True;14751.00;3506.57;15197;120.00;15278;120.00;12256;False;12081.00;TL;12355;120.00;12347;120.00;11185;False;11138.40;TL;11407;116.81;11185;120.00;9608;True;9608.00;3317.26;9837;120.00;9642;120.00;9403;False;9369.74;TL;9590;120.00;9854;120.00
75;100;27;9611;False;9536.31;TL;9733;120.00;9828;120.00;13974;False;13962.10;TL;14335;120.00;14015;120.00;11299;False;11193.30;TL;11348;120.00;11354;120.00;10494;False;10489.50;TL;10533;117.49;10611;120.00;9179;False;9161.61;TL;9345;120.00;9228;120.00;9073;False;8931.01;TL;9183;120.00;9302;120.00
75;100;28;10826;False;10807.80;TL;10826;61.90;10840;120.00;16036;False;15837.30;TL;16175;120.00;16234;120.00;12935;False;12795.70;TL;12953;120.00;12955;120.00;12016;False;11863.60;TL;12051;116.94;12106;120.00;10263;True;10263.00;1252.74;10415;120.00;10331;120.00;10112;False;10011.70;TL;10176;120.00;10211;120.00
75;100;29;10523;False;10475.20;TL;10523;29.89;10993;120.00;15761;False;15691.20;TL;16043;120.00;15935;120.00;12923;False;12688.30;TL;12992;120.00;12996;120.00;12046;False;11856.00;TL;12055;116.96;12311;120.00;10092;True;10092.00;439.47;10144;120.00;10160;120.00;10039;False;9944.90;TL;10179;120.00;10217;120.00
75;100;30;9671;False;9651.74;TL;9673;120.00;9678;120.00;14441;True;14441.00;2089.86;15020;120.00;14465;120.00;11601;True;11601.00;3390.72;12058;120.00;11654;120.00;10869;False;10867.10;TL;11030;117.05;10874;120.00;9318;True;9318.00;246.50;9765;120.00;9352;120.00;9135;False;9124.02;TL;9361;120.00;9138;120.00
75;100;31;10247;False;10225.10;TL;10286;120.00;10283;120.00;15133;False;15098.60;TL;15288;120.00;15167;120.00;12322;False;12297.20;TL;12465;120.00;12371;120.00;11619;False;11605.00;TL;11710;117.63;11653;120.00;9964;False;9907.00;TL;9969;120.00;10025;120.00;9812;False;9754.95;TL;9841;120.00;9821;120.00
75;100;32;9698;False;9684.24;TL;9698;103.15;9706;120.00;14427;False;14379.50;TL;14571;120.00;14526;120.00;11746;False;11714.20;TL;11824;120.00;11797;120.00;10839;False;10815.70;TL;10908;117.50;10883;120.00;9412;True;9412.00;387.54;9503;120.00;9436;120.00;9172;False;9142.89;TL;9234;120.00;9331;120.00
75;100;33;10352;False;10339.50;TL;10352;120.00;10354;120.00;15175;False;15038.60;TL;15241;120.00;15175;120.00;12456;False;12376.10;TL;12490;120.00;12487;120.00;11502;True;11502.00;2781.26;11572;120.00;11651;120.00;10005;False;9932.94;TL;10014;120.00;10194;120.00;9803;False;9734.94;TL;9869;120.00;9914;120.00
75;100;34;10010;False;9974.03;TL;10010;73.76;10316;120.00;14943;False;14812.40;TL;15278;120.00;14943;120.00;12267;False;12097.80;TL;12357;120.00;12267;120.00;11396;False;11253.40;TL;11526;116.85;11684;120.00;9645;False;9636.42;TL;9645;93.76;10050;120.00;9421;True;9421.00;1936.15;9697;120.00;9884;120.00
75;100;35;10250;False;10203.80;TL;10281;120.00;10315;120.00;15138;False;15042.60;TL;15194;120.00;15250;120.00;12204;False;12162.30;TL;12254;120.00;12204;120.00;11430;False;11385.40;TL;11504;118.66;11520;120.00;9834;False;9815.19;TL;9918;120.00;9890;120.00;9666;False;9595.26;TL;9736;120.00;9741;120.00
75;100;36;9836;False;9827.28;TL;9836;63.85;9848;120.00;14529;True;14529.00;583.58;14596;120.00;14535;120.00;11919;False;11898.90;TL;12365;120.00;11951;120.00;10999;True;10999.00;598.02;11009;82.71;11002;120.00;9472;True;9472.00;1002.22;9908;119.49;9472;120.00;9257;True;9257.00;424.65;9307;120.00;9271;120.00
75;100;37;9691;False;9652.45;TL;9714;120.00;9702;120.00;14618;False;14583.70;TL;14686;120.00;14844;120.00;11677;False;11607.40;TL;11742;120.00;11703;120.00;10868;False;10847.70;TL;10946;117.83;10955;120.00;9409;False;9389.43;TL;9416;120.00;9418;120.00;9158;False;9140.33;TL;9229;120.00;9246;120.00
75;100;38;10255;False;10237.00;TL;10381;120.00;10375;120.00;14993;False;14928.30;TL;15223;120.00;15000;120.00;12260;False;12115.70;TL;12418;120.00;12530;120.00;11441;False;11267.90;TL;11479;117.29;11631;120.00;9777;False;9774.61;TL;9980;120.00;10090;120.00;9597;False;9545.74;TL;9767;120.00;9990;120.00
75;100;39;10744;False;10698.60;TL;10754;23.93;10948;120.00;16109;False;15774.20;TL;16202;120.00;16142;120.00;13084;False;13006.60;TL;13254;120.00;13315;120.00;11968;False;11932.20;TL;11968;37.16;12255;120.00;10327;False;10301.00;TL;10491;120.00;10627;120.00;10326;False;10110.50;TL;10366;120.00;10435;120.00
