;;;traversal;traversal;traversal;traversal;traversal;traversal;traversal;traversal;return;return;return;return;return;return;return;return;midpoint;midpoint;midpoint;midpoint;midpoint;midpoint;midpoint;midpoint;largest gap;largest gap;largest gap;largest gap;largest gap;largest gap;largest gap;largest gap;combined;combined;combined;combined;combined;combined;combined;combined;optimal;optimal;optimal;optimal;optimal;optimal;optimal;optimal
;;;;;BPC;BPC;SC-2;SC-2;BPC-DF-2;BPC-DF-2;;;BPC;BPC;SC-2;SC-2;BPC-DF-2;BPC-DF-2;;;BPC;BPC;SC-2;SC-2;BPC-DF-2;BPC-DF-2;;;BPC;BPC;SC-2;SC-2;BPC-DF-2;BPC-DF-2;;;BPC;BPC;SC-2;SC-2;BPC-DF-2;BPC-DF-2;;;BPC;BPC;SC-2;SC-2;BPC-DF-2;BPC-DF-2
capacity;numOrders;instNum;BKS;BKS_is_opt;LB tree;runtime;UB;runtime;UB;runtime;BKS;BKS_is_opt;LB tree;runtime;UB;runtime;UB;runtime;BKS;BKS_is_opt;LB tree;runtime;UB;runtime;UB;runtime;BKS;BKS_is_opt;LB tree;runtime;UB;runtime;UB;runtime;BKS;BKS_is_opt;LB tree;runtime;UB;runtime;UB;runtime;BKS;BKS_is_opt;LB tree;runtime;UB;runtime;UB;runtime
30;20;0;3760;True;3760.00;0.03;3760;0.03;3760;0.01;4818;True;4818.00;0.00;4818;0.01;4818;0.01;3274;True;3274.00;0.01;3274;0.02;3274;0.02;3231;True;3231.00;0.01;3231;0.01;3231;0.01;3315;True;3315.00;0.00;3315;0.01;3315;0.01;3077;True;3077.00;0.01;3077;0.01;3077;0.01
30;20;1;3972;True;3972.00;0.00;3972;0.00;3972;0.00;4733;True;4733.00;0.00;4733;0.00;4733;0.00;3557;True;3557.00;0.00;3557;0.00;3557;0.00;3416;True;3416.00;0.00;3416;0.00;3416;0.00;3633;True;3633.00;0.00;3633;0.00;3633;0.00;3168;True;3168.00;0.00;3168;0.00;3168;0.00
30;20;2;4462;True;4462.00;0.00;4462;0.00;4462;0.00;5546;True;5546.00;0.00;5546;0.00;5546;0.00;3810;True;3810.00;0.00;3810;0.00;3810;0.00;3737;True;3737.00;0.00;3737;0.00;3737;0.00;3933;True;3933.00;0.00;3933;0.00;3933;0.00;3509;True;3509.00;0.00;3509;0.00;3509;0.00
30;20;3;3230;True;3230.00;0.00;3230;0.00;3230;0.00;4048;True;4048.00;0.00;4048;0.01;4048;0.01;3031;True;3031.00;0.01;3031;0.00;3031;0.01;2949;True;2949.00;0.00;2949;0.00;2949;0.01;3024;True;3024.00;0.00;3024;0.00;3024;0.01;2814;True;2814.00;0.01;2814;0.00;2814;0.01
30;20;4;3301;True;3301.00;0.00;3301;0.00;3301;0.00;4164;True;4164.00;0.00;4164;0.00;4164;0.00;3049;True;3049.00;0.00;3049;0.00;3049;0.00;2885;True;2885.00;0.00;2885;0.00;2885;0.00;3034;True;3034.00;0.00;3034;0.01;3034;0.01;2763;True;2763.00;0.00;2763;0.00;2763;0.01
30;20;5;4289;True;4289.00;0.00;4289;0.00;4289;0.00;5575;True;5575.00;0.05;5590;0.01;5575;0.01;3958;True;3958.00;0.00;3958;0.00;3958;0.00;3807;True;3807.00;0.00;3807;0.00;3807;0.00;3819;True;3819.00;0.00;3819;0.00;3819;0.00;3538;True;3538.00;0.00;3538;0.00;3538;0.00
30;20;6;4100;True;4100.00;0.00;4100;0.00;4100;0.00;5391;True;5391.00;0.00;5391;0.00;5391;0.00;3570;True;3570.00;0.00;3570;0.00;3570;0.00;3428;True;3428.00;0.00;3428;0.00;3428;0.00;3635;True;3635.00;0.00;3635;0.00;3635;0.00;3314;True;3314.00;0.00;3314;0.00;3314;0.00
30;20;7;4474;True;4474.00;0.00;4474;0.00;4474;0.00;5510;True;5510.00;0.00;5510;0.00;5510;0.00;4105;True;4105.00;0.00;4105;0.00;4105;0.00;3942;True;3942.00;0.00;3942;0.00;3942;0.00;4182;True;4182.00;0.00;4182;0.00;4182;0.00;3780;True;3780.00;0.00;3780;0.00;3780;0.00
30;20;8;4916;True;4916.00;0.00;4916;0.00;4916;0.00;6672;True;6672.00;0.00;6672;0.00;6672;0.00;4556;True;4556.00;0.00;4556;0.00;4556;0.00;4366;True;4366.00;0.00;4366;0.00;4366;0.00;4544;True;4544.00;0.00;4544;0.00;4544;0.00;4127;True;4127.00;0.00;4127;0.00;4127;0.00
30;20;9;5095;True;5095.00;0.00;5095;0.00;5095;0.00;6669;True;6669.00;0.00;6669;0.00;6669;0.00;4665;True;4665.00;0.00;4665;0.00;4665;0.00;4502;True;4502.00;0.00;4502;0.00;4502;0.00;4587;True;4587.00;0.00;4587;0.00;4587;0.00;4158;True;4158.00;0.00;4158;0.00;4158;0.00
30;20;10;4432;True;4432.00;0.00;4432;0.00;4432;0.00;5562;True;5562.00;0.00;5562;0.00;5562;0.00;3992;True;3992.00;0.00;3992;0.00;3992;0.00;3843;True;3843.00;0.00;3843;0.00;3843;0.00;3987;True;3987.00;0.00;3987;0.00;3987;0.00;3647;True;3647.00;0.00;3647;0.00;3647;0.00
30;20;11;3929;True;3929.00;0.00;3929;0.00;3929;0.00;5038;True;5038.00;0.00;5038;0.00;5038;0.01;3494;True;3494.00;0.00;3494;0.00;3494;0.00;3407;True;3407.00;0.00;3407;0.00;3407;0.00;3620;True;3620.00;0.00;3620;0.00;3620;0.00;3285;True;3285.00;0.00;3285;0.00;3285;0.00
30;20;12;4280;True;4280.00;0.00;4280;0.00;4280;0.00;5698;True;5698.00;0.00;5698;0.00;5698;0.00;4218;True;4218.00;0.00;4218;0.00;4218;0.00;3949;True;3949.00;0.00;3949;0.00;3949;0.00;3930;True;3930.00;0.00;3930;0.00;3930;0.00;3695;True;3695.00;0.00;3695;0.00;3695;0.00
30;20;13;4789;True;4789.00;0.00;4789;0.00;4789;0.00;5900;True;5900.00;0.00;5900;0.00;5900;0.00;4398;True;4398.00;0.00;4398;0.00;4398;0.00;4217;True;4217.00;0.00;4217;0.00;4217;0.00;4439;True;4439.00;0.00;4439;0.00;4439;0.00;3996;True;3996.00;0.00;3996;0.00;3996;0.00
30;20;14;4901;True;4901.00;0.00;4901;0.00;4901;0.00;6085;True;6085.00;0.00;6085;0.00;6085;0.00;4243;True;4243.00;0.00;4243;0.00;4243;0.00;4124;True;4124.00;0.00;4124;0.00;4124;0.00;4318;True;4318.00;0.00;4318;0.00;4318;0.00;3958;True;3958.00;0.00;3958;0.00;3958;0.00
30;20;15;3584;True;3584.00;0.00;3584;0.00;3584;0.00;4480;True;4480.00;0.00;4480;0.00;4480;0.00;3226;True;3226.00;0.00;3226;0.00;3226;0.00;3051;True;3051.00;0.00;3051;0.00;3051;0.00;3270;True;3270.00;0.00;3270;0.00;3270;0.00;2907;True;2907.00;0.00;2907;0.00;2907;0.00
30;20;16;4018;True;4018.00;0.01;4018;0.01;4018;0.01;5005;True;5005.00;0.00;5005;0.00;5005;0.00;3640;True;3640.00;0.00;3640;0.00;3640;0.00;3479;True;3479.00;0.00;3479;0.00;3479;0.00;3518;True;3518.00;0.00;3518;0.00;3518;0.00;3330;True;3330.00;0.00;3330;0.00;3330;0.00
30;20;17;4035;True;4035.00;0.00;4035;0.00;4035;0.00;5184;True;5184.00;0.01;5184;0.01;5184;0.01;3631;True;3631.00;0.00;3631;0.00;3631;0.00;3523;True;3523.00;0.00;3523;0.00;3523;0.00;3541;True;3541.00;0.00;3541;0.00;3541;0.00;3352;True;3352.00;0.00;3352;0.00;3352;0.00
30;20;18;4873;True;4873.00;0.00;4873;0.00;4873;0.00;5929;True;5929.00;0.00;5929;0.00;5929;0.00;4332;True;4332.00;0.00;4332;0.00;4332;0.00;4170;True;4170.00;0.00;4170;0.00;4170;0.00;4508;True;4508.00;0.00;4508;0.00;4508;0.00;3992;True;3992.00;0.00;3992;0.00;3992;0.00
30;20;19;3389;True;3389.00;0.00;3389;0.00;3389;0.00;4260;True;4260.00;0.00;4260;0.00;4260;0.00;3102;True;3102.00;0.02;3104;0.01;3102;0.00;2882;True;2882.00;0.00;2882;0.00;2882;0.00;3030;True;3030.00;0.00;3030;0.00;3030;0.00;2814;True;2814.00;0.05;2814;0.01;2814;0.01
30;20;20;3634;True;3634.00;0.00;3634;0.00;3634;0.00;4767;True;4767.00;0.00;4767;0.00;4767;0.00;3513;True;3513.00;0.00;3513;0.00;3513;0.00;3333;True;3333.00;0.00;3333;0.00;3333;0.00;3416;True;3416.00;0.00;3416;0.00;3416;0.00;3171;True;3171.00;0.00;3171;0.00;3171;0.00
30;20;21;4200;True;4200.00;0.00;4200;0.00;4200;0.00;5085;True;5085.00;0.00;5085;0.00;5085;0.00;3937;True;3937.00;0.00;3937;0.00;3937;0.00;3784;True;3784.00;0.00;3784;0.00;3784;0.00;3845;True;3845.00;0.00;3845;0.01;3845;0.00;3575;True;3575.00;0.00;3575;0.00;3575;0.00
30;20;22;3710;True;3710.00;0.00;3710;0.00;3710;0.00;4818;True;4818.00;0.01;4818;0.00;4818;0.01;3491;True;3491.00;0.01;3491;0.01;3491;0.00;3398;True;3398.00;0.00;3398;0.00;3398;0.00;3488;True;3488.00;0.01;3488;0.01;3488;0.01;3208;True;3208.00;0.04;3208;0.04;3208;0.01
30;20;23;5371;True;5371.00;0.00;5371;0.00;5371;0.00;6614;True;6614.00;0.00;6614;0.00;6614;0.00;4855;True;4855.00;0.00;4855;0.00;4855;0.00;4636;True;4636.00;0.00;4636;0.00;4636;0.00;4875;True;4875.00;0.00;4875;0.00;4875;0.00;4408;True;4408.00;0.00;4408;0.00;4408;0.00
30;20;24;2612;True;2612.00;0.00;2612;0.01;2612;0.00;3448;True;3448.00;0.04;3448;0.04;3448;0.01;2439;True;2439.00;0.01;2439;0.01;2439;0.01;2375;True;2375.00;0.01;2375;0.01;2375;0.01;2413;True;2413.00;0.01;2413;0.01;2413;0.01;2250;True;2250.00;0.04;2250;0.04;2250;0.02
30;20;25;4295;True;4295.00;0.00;4295;0.00;4295;0.00;5261;True;5261.00;0.00;5261;0.00;5261;0.00;3908;True;3908.00;0.00;3908;0.00;3908;0.00;3726;True;3726.00;0.00;3726;0.00;3726;0.00;3875;True;3875.00;0.00;3875;0.00;3875;0.00;3511;True;3511.00;0.00;3511;0.00;3511;0.00
30;20;26;4360;True;4360.00;0.00;4360;0.00;4360;0.00;5706;True;5706.00;0.00;5706;0.00;5706;0.00;3892;True;3892.00;0.00;3892;0.00;3892;0.00;3747;True;3747.00;0.00;3747;0.00;3747;0.00;3929;True;3929.00;0.00;3929;0.00;3929;0.00;3608;True;3608.00;0.00;3608;0.00;3608;0.00
30;20;27;4273;True;4273.00;0.00;4273;0.00;4273;0.00;5604;True;5604.00;0.00;5604;0.00;5604;0.00;4167;True;4167.00;0.00;4167;0.00;4167;0.00;3916;True;3916.00;0.00;3916;0.00;3916;0.00;3891;True;3891.00;0.00;3891;0.00;3891;0.00;3664;True;3664.00;0.00;3664;0.00;3664;0.00
30;20;28;4367;True;4367.00;0.00;4367;0.00;4367;0.00;5481;True;5481.00;0.00;5481;0.00;5481;0.00;4102;True;4102.00;0.00;4102;0.00;4102;0.00;3965;True;3965.00;0.00;3965;0.00;3965;0.00;4024;True;4024.00;0.00;4024;0.00;4024;0.00;3772;True;3772.00;0.00;3772;0.00;3772;0.00
30;20;29;4454;True;4454.00;0.00;4454;0.00;4454;0.00;5287;True;5287.00;0.00;5287;0.00;5287;0.00;3969;True;3969.00;0.00;3969;0.00;3969;0.00;3830;True;3830.00;0.00;3830;0.00;3830;0.00;3930;True;3930.00;0.00;3930;0.00;3930;0.00;3642;True;3642.00;0.00;3642;0.00;3642;0.00
30;20;30;3620;True;3620.00;0.00;3620;0.00;3620;0.00;4774;True;4774.00;0.00;4774;0.00;4774;0.00;3209;True;3209.00;0.00;3209;0.00;3209;0.00;3139;True;3139.00;0.00;3139;0.00;3139;0.00;3438;True;3438.00;0.00;3438;0.00;3438;0.00;2967;True;2967.00;0.00;2967;0.00;2967;0.00
30;20;31;4945;True;4945.00;0.00;4945;0.00;4945;0.00;6079;True;6079.00;0.00;6079;0.00;6079;0.00;4506;True;4506.00;0.00;4506;0.00;4506;0.00;4365;True;4365.00;0.00;4365;0.00;4365;0.00;4573;True;4573.00;0.00;4573;0.00;4573;0.00;4128;True;4128.00;0.00;4128;0.00;4128;0.00
30;20;32;3820;True;3820.00;0.05;3820;0.01;3820;0.02;4662;True;4662.00;0.03;4676;0.02;4662;0.01;3463;True;3463.00;0.00;3463;0.00;3463;0.00;3384;True;3384.00;0.00;3384;0.00;3384;0.00;3494;True;3494.00;0.00;3494;0.00;3494;0.00;3254;True;3254.00;0.00;3254;0.00;3254;0.00
30;20;33;4737;True;4737.00;0.00;4737;0.00;4737;0.00;6061;True;6061.00;0.00;6061;0.00;6061;0.00;4607;True;4607.00;0.00;4607;0.00;4607;0.00;4374;True;4374.00;0.00;4374;0.00;4374;0.00;4397;True;4397.00;0.00;4397;0.00;4397;0.00;4109;True;4109.00;0.00;4109;0.00;4109;0.00
30;20;34;3277;True;3277.00;0.02;3277;0.01;3277;0.01;4245;True;4245.00;0.11;4245;0.01;4245;0.04;2931;True;2931.00;0.68;2931;0.01;2931;0.21;2821;True;2821.00;0.07;2821;0.02;2821;0.02;3020;True;3020.00;0.03;3020;0.01;3020;0.01;2679;True;2679.00;0.00;2679;0.00;2679;0.00
30;20;35;3336;True;3336.00;0.00;3336;0.00;3336;0.00;4295;True;4295.00;0.00;4295;0.00;4295;0.00;3237;True;3237.00;0.00;3237;0.00;3237;0.00;3144;True;3144.00;0.00;3144;0.00;3144;0.00;3156;True;3156.00;0.00;3156;0.00;3156;0.00;3009;True;3009.00;0.00;3009;0.00;3009;0.00
30;20;36;3843;True;3843.00;0.00;3843;0.00;3843;0.00;5227;True;5227.00;0.00;5227;0.00;5227;0.00;3683;True;3683.00;0.00;3683;0.00;3683;0.00;3585;True;3585.00;0.00;3585;0.00;3585;0.00;3605;True;3605.00;0.00;3605;0.00;3605;0.00;3344;True;3344.00;0.00;3344;0.00;3344;0.00
30;20;37;4085;True;4085.00;0.00;4085;0.00;4085;0.00;5329;True;5329.00;0.00;5329;0.00;5329;0.00;3921;True;3921.00;0.00;3921;0.00;3921;0.00;3774;True;3774.00;0.00;3774;0.00;3774;0.00;3780;True;3780.00;0.00;3780;0.00;3780;0.00;3482;True;3482.00;0.00;3482;0.00;3482;0.00
30;20;38;3404;True;3404.00;0.05;3404;0.03;3404;0.03;4584;True;4584.00;0.02;4594;0.02;4584;0.01;3272;True;3272.00;0.13;3272;0.03;3272;0.05;3053;True;3053.00;0.02;3053;0.01;3053;0.01;3087;True;3087.00;0.19;3087;0.02;3087;0.06;2909;True;2909.00;0.02;2909;0.02;2909;0.02
30;20;39;3971;True;3971.00;0.00;3971;0.00;3971;0.00;5059;True;5059.00;0.00;5059;0.00;5059;0.00;3567;True;3567.00;0.00;3567;0.00;3567;0.00;3501;True;3501.00;0.00;3501;0.00;3501;0.00;3645;True;3645.00;0.00;3645;0.00;3645;0.00;3359;True;3359.00;0.00;3359;0.00;3359;0.00
30;30;0;5446;True;5446.00;0.00;5446;0.00;5446;0.00;7168;True;7168.00;0.00;7168;0.00;7168;0.00;4904;True;4904.00;0.01;4904;0.00;4904;0.00;4794;True;4794.00;0.00;4794;0.00;4794;0.00;4917;True;4917.00;0.00;4917;0.00;4917;0.01;4557;True;4557.00;0.00;4557;0.01;4557;0.00
30;30;1;5340;True;5340.00;0.33;5340;0.07;5340;0.09;7036;True;7036.00;0.00;7036;0.00;7036;0.00;4744;True;4744.00;0.00;4744;0.00;4744;0.00;4614;True;4614.00;0.03;4614;0.01;4614;0.01;4931;True;4931.00;0.01;4931;0.00;4931;0.01;4425;True;4425.00;0.01;4425;0.01;4425;0.00
30;30;2;5695;True;5695.00;0.00;5695;0.00;5695;0.01;7400;True;7400.00;0.01;7400;0.01;7400;0.01;5218;True;5218.00;0.00;5218;0.00;5218;0.01;5070;True;5070.00;0.01;5070;0.01;5070;0.01;5163;True;5163.00;0.01;5163;0.00;5163;0.01;4807;True;4807.00;0.01;4807;0.01;4807;0.01
30;30;3;6539;True;6539.00;0.00;6539;0.00;6539;0.00;8397;True;8397.00;0.00;8397;0.00;8397;0.00;6321;True;6321.00;0.00;6321;0.00;6321;0.00;6079;True;6079.00;0.00;6079;0.00;6079;0.00;6042;True;6042.00;0.00;6042;0.00;6042;0.00;5767;True;5767.00;0.00;5767;0.01;5767;0.00
30;30;4;7637;True;7637.00;0.00;7637;0.00;7637;0.00;9418;True;9418.00;0.00;9418;0.00;9418;0.00;6946;True;6946.00;0.00;6946;0.00;6946;0.00;6774;True;6774.00;0.00;6774;0.00;6774;0.00;6928;True;6928.00;0.00;6928;0.00;6928;0.00;6393;True;6393.00;0.00;6393;0.00;6393;0.00
30;30;5;7594;True;7594.00;0.00;7594;0.00;7594;0.00;9531;True;9531.00;0.00;9531;0.00;9531;0.00;6958;True;6958.00;0.00;6958;0.00;6958;0.00;6658;True;6658.00;0.00;6658;0.00;6658;0.01;6978;True;6978.00;0.00;6978;0.00;6978;0.01;6311;True;6311.00;0.01;6311;0.01;6311;0.00
30;30;6;5430;True;5430.00;0.00;5430;0.00;5430;0.00;6997;True;6997.00;0.25;6998;0.03;6997;0.08;4895;True;4895.00;0.00;4895;0.01;4895;0.00;4806;True;4806.00;0.00;4806;0.00;4806;0.00;4956;True;4956.00;0.10;4956;0.03;4956;0.02;4633;True;4633.00;0.13;4633;0.03;4633;0.03
30;30;7;6207;True;6207.00;0.00;6207;0.00;6207;0.00;7635;True;7635.00;0.00;7635;0.00;7635;0.00;5707;True;5707.00;0.00;5707;0.00;5707;0.00;5408;True;5408.00;0.00;5408;0.00;5408;0.00;5602;True;5602.00;0.00;5602;0.00;5602;0.00;5131;True;5131.00;0.00;5131;0.00;5131;0.00
30;30;8;5466;True;5466.00;0.22;5466;0.03;5466;0.04;7368;True;7368.00;0.00;7368;0.01;7368;0.01;4768;True;4768.00;0.00;4768;0.00;4768;0.00;4644;True;4644.00;0.00;4644;0.00;4644;0.00;4977;True;4977.00;0.12;4977;0.02;4977;0.01;4531;True;4531.00;0.01;4531;0.01;4531;0.01
30;30;9;5282;True;5282.00;0.19;5282;0.21;5282;0.04;6593;True;6593.00;0.06;6593;0.04;6593;0.03;4883;True;4883.00;0.01;4883;0.01;4883;0.01;4668;True;4668.00;0.01;4668;0.01;4668;0.01;4824;True;4824.00;0.01;4824;0.01;4824;0.01;4457;True;4457.00;0.01;4457;0.01;4457;0.01
30;30;10;5973;True;5973.00;0.00;5973;0.01;5973;0.00;7589;True;7589.00;0.00;7589;0.01;7589;0.01;5448;True;5448.00;0.00;5448;0.00;5448;0.00;5237;True;5237.00;0.00;5237;0.01;5237;0.01;5457;True;5457.00;0.00;5457;0.00;5457;0.00;4984;True;4984.00;0.05;4984;0.02;4984;0.01
30;30;11;5135;True;5135.00;0.16;5135;0.04;5135;0.05;6461;True;6461.00;0.07;6461;0.03;6461;0.02;4695;True;4695.00;0.12;4695;0.03;4695;0.03;4526;True;4526.00;0.02;4526;0.02;4526;0.02;4638;True;4638.00;0.19;4638;0.07;4638;0.07;4370;True;4370.00;0.11;4370;0.04;4370;0.03
30;30;12;6612;True;6612.00;0.00;6612;0.00;6612;0.01;8268;True;8268.00;0.00;8268;0.00;8268;0.00;6141;True;6141.00;0.00;6141;0.00;6141;0.00;5906;True;5906.00;0.03;5906;0.01;5906;0.01;6033;True;6033.00;0.03;6033;0.04;6033;0.04;5521;True;5521.00;0.01;5521;0.01;5521;0.01
30;30;13;5901;True;5901.00;0.00;5901;0.00;5901;0.00;7162;True;7162.00;0.00;7162;0.00;7162;0.00;5346;True;5346.00;0.00;5346;0.00;5346;0.00;5064;True;5064.00;0.00;5064;0.00;5064;0.00;5288;True;5288.00;0.00;5288;0.00;5288;0.00;4838;True;4838.00;0.00;4838;0.00;4838;0.00
30;30;14;5804;True;5804.00;0.00;5804;0.00;5804;0.00;7508;True;7508.00;0.00;7508;0.00;7508;0.00;5293;True;5293.00;0.00;5293;0.00;5293;0.00;5140;True;5140.00;0.00;5140;0.00;5140;0.00;5300;True;5300.00;0.00;5300;0.00;5300;0.00;4924;True;4924.00;0.00;4924;0.00;4924;0.00
30;30;15;4817;True;4817.00;0.01;4817;0.00;4817;0.01;6239;True;6239.00;0.00;6239;0.01;6239;0.01;4555;True;4555.00;0.00;4555;0.00;4555;0.00;4413;True;4413.00;0.05;4413;0.02;4413;0.01;4444;True;4444.00;0.00;4444;0.00;4444;0.00;4190;True;4190.00;0.01;4190;0.01;4190;0.01
30;30;16;5468;True;5468.00;0.00;5468;0.00;5468;0.00;6808;True;6808.00;0.00;6808;0.00;6808;0.00;5004;True;5004.00;0.00;5004;0.00;5004;0.00;4835;True;4835.00;0.00;4835;0.00;4835;0.00;5016;True;5016.00;0.07;5016;0.01;5016;0.02;4580;True;4580.00;0.00;4580;0.01;4580;0.00
30;30;17;6404;True;6404.00;0.01;6404;0.01;6404;0.01;8270;True;8270.00;0.06;8271;0.03;8270;0.01;5474;True;5474.00;0.00;5474;0.00;5474;0.00;5318;True;5318.00;0.00;5318;0.00;5318;0.00;5612;True;5612.00;0.00;5612;0.00;5612;0.00;5052;True;5052.00;0.00;5052;0.00;5052;0.00
30;30;18;5071;True;5071.00;0.00;5071;0.01;5071;0.00;6741;True;6741.00;0.03;6741;0.01;6741;0.01;4658;True;4658.00;0.01;4658;0.00;4658;0.00;4450;True;4450.00;0.00;4450;0.00;4450;0.00;4703;True;4703.00;0.01;4703;0.01;4703;0.01;4259;True;4259.00;0.00;4259;0.01;4259;0.00
30;30;19;5955;True;5955.00;0.01;5955;0.01;5955;0.01;7842;True;7842.00;0.00;7842;0.00;7842;0.00;5635;True;5635.00;0.00;5635;0.00;5635;0.00;5382;True;5382.00;0.00;5382;0.00;5382;0.00;5434;True;5434.00;0.00;5434;0.00;5434;0.00;4983;True;4983.00;0.00;4983;0.00;4983;0.00
30;30;20;4779;True;4779.00;0.64;4779;0.04;4779;0.46;6482;True;6482.00;0.10;6482;0.05;6482;0.12;4585;True;4585.00;0.06;4585;0.03;4585;0.03;4349;True;4349.00;0.01;4349;0.01;4349;0.01;4422;True;4422.00;0.57;4437;0.05;4422;0.23;4093;True;4093.00;0.02;4093;0.02;4093;0.02
30;30;21;4834;True;4834.00;0.00;4834;0.00;4834;0.00;6448;True;6448.00;0.00;6448;0.01;6448;0.01;4488;True;4488.00;0.00;4488;0.00;4488;0.00;4345;True;4345.00;0.07;4345;0.02;4345;0.01;4523;True;4523.00;0.01;4523;0.01;4523;0.01;4137;True;4137.00;0.00;4137;0.01;4137;0.01
30;30;22;6905;True;6905.00;0.00;6905;0.00;6905;0.00;8676;True;8676.00;0.00;8676;0.00;8676;0.00;6377;True;6377.00;0.00;6377;0.00;6377;0.00;6001;True;6001.00;0.00;6001;0.00;6001;0.00;6237;True;6237.00;0.00;6237;0.00;6237;0.00;5708;True;5708.00;0.00;5708;0.00;5708;0.01
30;30;23;5826;True;5826.00;0.00;5826;0.00;5826;0.00;7414;True;7414.00;0.00;7414;0.00;7414;0.00;5439;True;5439.00;0.00;5439;0.00;5439;0.00;5231;True;5231.00;0.00;5231;0.00;5231;0.00;5455;True;5455.00;0.00;5455;0.00;5455;0.00;4867;True;4867.00;0.00;4867;0.00;4867;0.00
30;30;24;7640;True;7640.00;0.00;7640;0.00;7640;0.00;9788;True;9788.00;0.00;9788;0.00;9788;0.00;6869;True;6869.00;0.00;6869;0.00;6869;0.00;6638;True;6638.00;0.00;6638;0.00;6638;0.00;6936;True;6936.00;0.00;6936;0.00;6936;0.00;6386;True;6386.00;0.00;6386;0.00;6386;0.00
30;30;25;5488;True;5488.00;0.00;5488;0.00;5488;0.00;7024;True;7024.00;0.01;7024;0.00;7024;0.01;5133;True;5133.00;0.00;5133;0.00;5133;0.00;4884;True;4884.00;0.00;4884;0.00;4884;0.00;5180;True;5180.00;0.00;5180;0.01;5180;0.00;4765;True;4765.00;0.01;4765;0.01;4765;0.02
30;30;26;5906;True;5906.00;0.04;5906;0.02;5906;0.01;7633;True;7633.00;0.00;7633;0.00;7633;0.00;5579;True;5579.00;0.00;5579;0.00;5579;0.00;5286;True;5286.00;0.00;5286;0.00;5286;0.00;5289;True;5289.00;0.00;5289;0.00;5289;0.01;4919;True;4919.00;0.02;4919;0.02;4919;0.02
30;30;27;7375;True;7375.00;0.00;7375;0.00;7375;0.00;9052;True;9052.00;0.00;9052;0.00;9052;0.00;6672;True;6672.00;0.00;6672;0.00;6672;0.00;6397;True;6397.00;0.00;6397;0.00;6397;0.00;6702;True;6702.00;0.00;6702;0.00;6702;0.00;6135;True;6135.00;0.00;6135;0.01;6135;0.01
30;30;28;5102;True;5102.00;0.24;5102;0.04;5102;0.06;6462;True;6462.00;0.00;6462;0.00;6462;0.01;4577;True;4577.00;0.03;4577;0.01;4577;0.03;4453;True;4453.00;0.08;4455;0.05;4453;0.05;4487;True;4487.00;0.01;4487;0.01;4487;0.01;4208;True;4208.00;0.00;4208;0.01;4208;0.01
30;30;29;6617;True;6617.00;0.00;6617;0.00;6617;0.00;8157;True;8157.00;0.00;8157;0.00;8157;0.00;5941;True;5941.00;0.00;5941;0.00;5941;0.00;5665;True;5665.00;0.00;5665;0.00;5665;0.00;5873;True;5873.00;0.00;5873;0.00;5873;0.00;5481;True;5481.00;0.00;5481;0.01;5481;0.00
30;30;30;6875;True;6875.00;0.00;6875;0.00;6875;0.00;8592;True;8592.00;0.00;8592;0.00;8592;0.00;6238;True;6238.00;0.00;6238;0.00;6238;0.00;6001;True;6001.00;0.00;6001;0.00;6001;0.00;6240;True;6240.00;0.00;6240;0.00;6240;0.00;5576;True;5576.00;0.00;5576;0.01;5576;0.00
30;30;31;7328;True;7328.00;0.00;7328;0.00;7328;0.00;9234;True;9234.00;0.00;9234;0.00;9234;0.00;6555;True;6555.00;0.00;6555;0.00;6555;0.00;6334;True;6334.00;0.00;6334;0.00;6334;0.00;6703;True;6703.00;0.00;6703;0.00;6703;0.00;6029;True;6029.00;0.00;6029;0.00;6029;0.00
30;30;32;6026;True;6026.00;0.07;6026;0.01;6026;0.02;7498;True;7498.00;0.00;7498;0.00;7498;0.00;5392;True;5392.00;0.03;5392;0.01;5392;0.01;5149;True;5149.00;0.00;5149;0.00;5149;0.00;5411;True;5411.00;0.00;5411;0.00;5411;0.00;4915;True;4915.00;0.01;4915;0.01;4915;0.00
30;30;33;5513;True;5513.00;0.01;5513;0.01;5513;0.01;7487;True;7487.00;0.01;7487;0.01;7487;0.01;5184;True;5184.00;0.03;5184;0.02;5184;0.01;4925;True;4925.00;0.00;4925;0.00;4925;0.00;5075;True;5075.00;0.00;5075;0.00;5075;0.00;4682;True;4682.00;0.00;4682;0.01;4682;0.00
30;30;34;5683;True;5683.00;0.00;5683;0.00;5683;0.00;7328;True;7328.00;0.00;7328;0.00;7328;0.00;5093;True;5093.00;0.00;5093;0.00;5093;0.00;4909;True;4909.00;0.00;4909;0.00;4909;0.00;5138;True;5138.00;0.00;5138;0.00;5138;0.00;4723;True;4723.00;0.01;4723;0.01;4723;0.01
30;30;35;6911;True;6911.00;0.01;6911;0.00;6911;0.00;8911;True;8911.00;0.00;8911;0.00;8911;0.00;6234;True;6234.00;0.00;6234;0.00;6234;0.00;6029;True;6029.00;0.00;6029;0.00;6029;0.00;6192;True;6192.00;0.00;6192;0.00;6192;0.00;5616;True;5616.00;0.00;5616;0.00;5616;0.01
30;30;36;6546;True;6546.00;0.00;6546;0.00;6546;0.00;8603;True;8603.00;0.00;8603;0.00;8603;0.00;6217;True;6217.00;0.00;6217;0.00;6217;0.00;6019;True;6019.00;0.00;6019;0.00;6019;0.00;5981;True;5981.00;0.00;5981;0.00;5981;0.00;5712;True;5712.00;0.00;5712;0.01;5712;0.00
30;30;37;5790;True;5790.00;0.13;5790;0.22;5790;0.05;7356;True;7356.00;0.01;7356;0.01;7356;0.01;5180;True;5180.00;0.01;5180;0.01;5180;0.01;5030;True;5030.00;0.00;5030;0.00;5030;0.00;5323;True;5323.00;0.00;5323;0.00;5323;0.01;4840;True;4840.00;0.01;4840;0.01;4840;0.01
30;30;38;7169;True;7169.00;0.00;7169;0.00;7169;0.00;8455;True;8455.00;0.00;8455;0.00;8455;0.00;6027;True;6027.00;0.00;6027;0.00;6027;0.00;5895;True;5895.00;0.00;5895;0.00;5895;0.00;6414;True;6414.00;0.00;6414;0.00;6414;0.00;5757;True;5757.00;0.00;5757;0.01;5757;0.00
30;30;39;7250;True;7250.00;0.00;7250;0.00;7250;0.01;8824;True;8824.00;0.00;8824;0.00;8824;0.00;6591;True;6591.00;0.00;6591;0.00;6591;0.00;6371;True;6371.00;0.00;6371;0.00;6371;0.00;6462;True;6462.00;0.00;6462;0.00;6462;0.00;5851;True;5851.00;0.00;5851;0.00;5851;0.01
30;40;0;8167;True;8167.00;0.02;8167;0.02;8167;0.02;10328;True;10328.00;0.01;10328;0.02;10328;0.00;7663;True;7663.00;0.02;7663;0.01;7663;0.01;7300;True;7300.00;0.01;7300;0.01;7300;0.01;7447;True;7447.00;0.00;7447;0.01;7447;0.00;6985;True;6985.00;0.01;6985;0.01;6985;0.01
30;40;1;8507;True;8507.00;0.00;8507;0.00;8507;0.00;10720;True;10720.00;0.00;10720;0.00;10720;0.00;7430;True;7430.00;0.00;7430;0.00;7430;0.01;7188;True;7188.00;0.00;7188;0.00;7188;0.01;7628;True;7628.00;0.00;7628;0.00;7628;0.00;6929;True;6929.00;0.01;6929;0.01;6929;0.00
30;40;2;6656;True;6656.00;0.03;6656;0.02;6656;0.02;8767;True;8767.00;0.01;8767;0.01;8767;0.01;6319;True;6319.00;0.01;6319;0.01;6319;0.01;6190;True;6190.00;0.01;6190;0.01;6190;0.01;6221;True;6221.00;0.01;6221;0.01;6221;0.00;5837;True;5837.00;0.01;5837;0.01;5837;0.01
30;40;3;7142;True;7142.00;0.35;7142;0.07;7142;0.08;8948;True;8948.00;0.05;8948;0.05;8948;0.04;6483;True;6483.00;0.01;6483;0.01;6483;0.01;6239;True;6239.00;0.01;6239;0.01;6239;0.00;6547;True;6547.00;0.00;6547;0.00;6547;0.00;6003;True;6003.00;0.05;6003;0.03;6003;0.02
30;40;4;8101;True;8101.00;0.00;8101;0.00;8101;0.00;10645;True;10645.00;0.00;10645;0.00;10645;0.00;7503;True;7503.00;0.00;7503;0.00;7503;0.00;7181;True;7181.00;0.00;7181;0.00;7181;0.00;7487;True;7487.00;0.00;7487;0.00;7487;0.00;6752;True;6752.00;0.01;6752;0.01;6752;0.01
30;40;5;8155;True;8155.00;0.00;8155;0.00;8155;0.01;10261;True;10261.00;0.01;10261;0.00;10261;0.00;7505;True;7505.00;0.00;7505;0.00;7505;0.01;7279;True;7279.00;0.00;7279;0.00;7279;0.00;7494;True;7494.00;0.00;7494;0.00;7494;0.00;6948;True;6948.00;0.01;6948;0.01;6948;0.01
30;40;6;7557;True;7557.00;0.38;7557;0.16;7557;0.37;9558;True;9558.00;1.48;9558;0.08;9558;0.81;6705;True;6705.00;0.21;6705;0.10;6705;0.12;6510;True;6510.00;0.25;6510;0.07;6510;0.10;6825;True;6825.00;0.50;6825;0.16;6825;0.10;6342;True;6342.00;0.03;6342;0.03;6342;0.03
30;40;7;6673;True;6673.00;0.04;6673;0.02;6673;0.02;8557;True;8557.00;0.01;8557;0.01;8557;0.01;6120;True;6120.00;0.05;6120;0.02;6120;0.02;5983;True;5983.00;0.10;5985;0.04;5983;0.03;6250;True;6250.00;0.10;6250;0.03;6250;0.02;5714;True;5714.00;0.02;5714;0.02;5714;0.02
30;40;8;8588;True;8588.00;0.00;8588;0.00;8588;0.00;10864;True;10864.00;0.00;10864;0.00;10864;0.00;8006;True;8006.00;0.00;8006;0.00;8006;0.00;7640;True;7640.00;0.00;7640;0.00;7640;0.01;7789;True;7789.00;0.00;7789;0.00;7789;0.00;7187;True;7187.00;0.01;7187;0.01;7187;0.01
30;40;9;7333;True;7333.00;0.01;7333;0.01;7333;0.01;9516;True;9516.00;0.00;9516;0.01;9516;0.00;6628;True;6628.00;0.00;6628;0.00;6628;0.01;6470;True;6470.00;0.00;6470;0.01;6470;0.01;6825;True;6825.00;0.01;6825;0.01;6825;0.01;6126;True;6126.00;0.01;6126;0.01;6126;0.01
30;40;10;8911;True;8911.00;0.00;8911;0.00;8911;0.00;11185;True;11185.00;0.00;11185;0.00;11185;0.00;8150;True;8150.00;0.00;8150;0.00;8150;0.00;7899;True;7899.00;0.00;7899;0.00;7899;0.00;7988;True;7988.00;0.00;7988;0.01;7988;0.00;7434;True;7434.00;0.01;7434;0.01;7434;0.01
30;40;11;8866;True;8866.00;0.00;8866;0.01;8866;0.00;10875;True;10875.00;0.01;10875;0.01;10875;0.00;8196;True;8196.00;0.00;8196;0.00;8196;0.00;7774;True;7774.00;0.01;7774;0.01;7774;0.00;8123;True;8123.00;0.01;8123;0.01;8123;0.01;7370;True;7370.00;0.01;7370;0.01;7370;0.01
30;40;12;7280;True;7280.00;0.00;7280;0.01;7280;0.01;9585;True;9585.00;0.01;9585;0.01;9585;0.01;6843;True;6843.00;0.01;6843;0.01;6843;0.02;6582;True;6582.00;0.01;6582;0.01;6582;0.01;6709;True;6709.00;0.14;6709;0.04;6709;0.03;6276;True;6276.00;0.05;6276;0.03;6276;0.03
30;40;13;8405;True;8405.00;0.00;8405;0.00;8405;0.00;10686;True;10686.00;0.00;10686;0.00;10686;0.00;7487;True;7487.00;0.00;7487;0.00;7487;0.00;7158;True;7158.00;0.00;7158;0.00;7158;0.00;7422;True;7422.00;0.00;7422;0.00;7422;0.00;6811;True;6811.00;0.01;6811;0.01;6811;0.01
30;40;14;7393;True;7393.00;0.38;7409;0.07;7393;0.15;9411;True;9411.00;0.17;9411;0.04;9411;0.05;6692;True;6692.00;0.05;6692;0.02;6692;0.01;6489;True;6489.00;0.07;6489;0.03;6489;0.03;6837;True;6837.00;0.18;6837;0.07;6837;0.06;6130;True;6130.00;0.01;6130;0.01;6130;0.01
30;40;15;6601;True;6601.00;0.01;6601;0.01;6601;0.01;8684;True;8684.00;0.01;8684;0.01;8684;0.01;6005;True;6005.00;0.01;6005;0.01;6005;0.01;5842;True;5842.00;0.01;5842;0.01;5842;0.01;5993;True;5993.00;0.01;5993;0.01;5993;0.01;5520;True;5520.00;0.01;5520;0.01;5520;0.01
30;40;16;8675;True;8675.00;0.00;8675;0.00;8675;0.00;11374;True;11374.00;0.01;11374;0.01;11374;0.01;7785;True;7785.00;0.00;7785;0.01;7785;0.01;7517;True;7517.00;0.00;7517;0.00;7517;0.00;7784;True;7784.00;0.02;7784;0.01;7784;0.01;7182;True;7182.00;0.01;7182;0.01;7182;0.01
30;40;17;6416;True;6416.00;0.56;6416;0.10;6416;0.16;8316;True;8316.00;0.21;8316;0.06;8316;0.10;5784;True;5784.00;0.42;5784;0.08;5784;0.09;5648;True;5648.00;0.08;5648;0.04;5648;0.02;5756;True;5756.00;0.51;5765;0.10;5756;0.09;5408;True;5408.00;0.01;5408;0.01;5408;0.01
30;40;18;8527;True;8527.00;0.00;8527;0.00;8527;0.00;10781;True;10781.00;0.00;10781;0.00;10781;0.00;7710;True;7710.00;0.01;7710;0.00;7710;0.01;7474;True;7474.00;0.04;7474;0.02;7474;0.01;7797;True;7797.00;0.00;7797;0.00;7797;0.00;7210;True;7210.00;0.00;7210;0.00;7210;0.01
30;40;19;8149;True;8149.00;0.00;8149;0.00;8149;0.00;10435;True;10435.00;0.00;10435;0.00;10435;0.00;7582;True;7582.00;0.00;7582;0.01;7582;0.01;7282;True;7282.00;0.01;7282;0.01;7282;0.00;7438;True;7438.00;0.00;7438;0.01;7438;0.00;6895;True;6895.00;0.01;6895;0.01;6895;0.00
30;40;20;8894;True;8894.00;0.01;8894;0.00;8894;0.01;11298;True;11298.00;0.01;11298;0.01;11298;0.01;7889;True;7889.00;0.01;7889;0.01;7889;0.00;7657;True;7657.00;0.01;7657;0.01;7657;0.01;7989;True;7989.00;0.00;7989;0.01;7989;0.01;7322;True;7322.00;0.01;7322;0.01;7322;0.01
30;40;21;9097;True;9097.00;0.00;9097;0.00;9097;0.00;11007;True;11007.00;0.00;11007;0.01;11007;0.00;7979;True;7979.00;0.00;7979;0.00;7979;0.00;7750;True;7750.00;0.00;7750;0.00;7750;0.01;8261;True;8261.00;0.00;8261;0.00;8261;0.00;7448;True;7448.00;0.01;7448;0.01;7448;0.00
30;40;22;6743;True;6743.00;0.01;6743;0.01;6743;0.01;8984;True;8984.00;0.02;8984;0.02;8984;0.02;6391;True;6391.00;0.02;6391;0.02;6391;0.05;6159;True;6159.00;0.22;6159;0.10;6159;0.04;6306;True;6306.00;0.01;6306;0.02;6306;0.04;5777;True;5777.00;0.02;5777;0.02;5777;0.03
30;40;23;8122;True;8122.00;0.00;8122;0.01;8122;0.00;10808;True;10808.00;0.00;10808;0.01;10808;0.01;7440;True;7440.00;0.02;7440;0.01;7440;0.01;7214;True;7214.00;0.01;7214;0.01;7214;0.01;7380;True;7380.00;0.00;7380;0.01;7380;0.00;6879;True;6879.00;0.08;6879;0.05;6879;0.03
30;40;24;7914;True;7914.00;0.00;7914;0.00;7914;0.00;10299;True;10299.00;0.00;10299;0.00;10299;0.00;7415;True;7415.00;0.00;7415;0.00;7415;0.00;7121;True;7121.00;0.00;7121;0.01;7121;0.00;7184;True;7184.00;0.00;7184;0.00;7184;0.00;6719;True;6719.00;0.01;6719;0.01;6719;0.01
30;40;25;6523;True;6523.00;0.19;6523;0.26;6523;0.11;8495;True;8495.00;1.75;8495;0.29;8495;0.90;5867;True;5867.00;0.02;5867;0.02;5867;0.02;5778;True;5778.00;0.07;5778;0.31;5778;0.02;6023;True;6023.00;0.49;6023;0.35;6023;0.11;5540;True;5540.00;0.08;5540;0.08;5540;0.06
30;40;26;6627;True;6627.00;0.01;6627;0.01;6627;0.04;8753;True;8753.00;0.01;8753;0.01;8753;0.02;6118;True;6118.00;0.11;6118;0.10;6118;0.05;5928;True;5928.00;0.02;5928;0.02;5928;0.02;6110;True;6110.00;0.01;6110;0.02;6110;0.01;5667;True;5667.00;0.02;5667;0.03;5667;0.03
30;40;27;7799;True;7799.00;0.00;7799;0.00;7799;0.00;10181;True;10181.00;0.00;10181;0.00;10181;0.00;7322;True;7322.00;0.00;7322;0.00;7322;0.00;7053;True;7053.00;0.00;7053;0.00;7053;0.00;7185;True;7185.00;0.01;7185;0.01;7185;0.00;6751;True;6751.00;0.01;6751;0.01;6751;0.00
30;40;28;7450;True;7450.00;0.15;7450;0.10;7450;0.05;10034;True;10034.00;0.01;10034;0.01;10034;0.01;7069;True;7069.00;0.01;7069;0.01;7069;0.01;6807;True;6807.00;0.02;6807;0.01;6807;0.02;6893;True;6893.00;0.01;6893;0.01;6893;0.01;6468;True;6468.00;0.02;6468;0.02;6468;0.02
30;40;29;7436;True;7436.00;0.03;7441;0.02;7436;0.05;9286;True;9286.00;0.00;9286;0.01;9286;0.01;6716;True;6716.00;0.01;6716;0.01;6716;0.01;6598;True;6598.00;0.01;6598;0.01;6598;0.01;6720;True;6720.00;0.00;6720;0.01;6720;0.00;6268;True;6268.00;0.01;6268;0.01;6268;0.01
30;40;30;8098;True;8098.00;0.05;8098;0.05;8098;0.04;10673;True;10673.00;0.07;10673;0.05;10673;0.02;7918;True;7918.00;0.01;7918;0.01;7918;0.01;7602;True;7602.00;0.01;7602;0.01;7602;0.01;7506;True;7506.00;0.01;7506;0.01;7506;0.01;6971;True;6971.00;0.04;6971;0.02;6971;0.01
30;40;31;8939;True;8939.00;0.00;8939;0.00;8939;0.00;11119;True;11119.00;0.00;11119;0.00;11119;0.00;8065;True;8065.00;0.01;8065;0.01;8065;0.01;7773;True;7773.00;0.00;7773;0.01;7773;0.00;8351;True;8351.00;0.00;8351;0.00;8351;0.00;7347;True;7347.00;0.01;7347;0.01;7347;0.01
30;40;32;7360;True;7360.00;0.00;7360;0.00;7360;0.00;9352;True;9352.00;0.00;9352;0.00;9352;0.00;6710;True;6710.00;0.01;6710;0.00;6710;0.00;6507;True;6507.00;0.01;6507;0.00;6507;0.01;6742;True;6742.00;0.00;6742;0.01;6742;0.00;6150;True;6150.00;0.01;6150;0.01;6150;0.01
30;40;33;8311;True;8311.00;0.00;8311;0.00;8311;0.00;10455;True;10455.00;0.00;10455;0.00;10455;0.00;7819;True;7819.00;0.00;7819;0.00;7819;0.00;7426;True;7426.00;0.00;7426;0.00;7426;0.00;7690;True;7690.00;0.00;7690;0.00;7690;0.00;7055;True;7055.00;0.01;7055;0.00;7055;0.00
30;40;34;9915;True;9915.00;0.00;9915;0.00;9915;0.00;12323;True;12323.00;0.00;12323;0.00;12323;0.00;8930;True;8930.00;0.00;8930;0.00;8930;0.00;8572;True;8572.00;0.00;8572;0.00;8572;0.00;9013;True;9013.00;0.00;9013;0.00;9013;0.00;8103;True;8103.00;0.01;8103;0.00;8103;0.00
30;40;35;7741;True;7741.00;0.03;7741;0.02;7741;0.02;9383;True;9383.00;0.00;9383;0.01;9383;0.01;7171;True;7171.00;0.01;7171;0.01;7171;0.01;6803;True;6803.00;0.01;6803;0.01;6803;0.01;7024;True;7024.00;0.01;7024;0.01;7024;0.01;6436;True;6436.00;0.01;6436;0.01;6436;0.01
30;40;36;7726;True;7726.00;0.02;7726;0.02;7726;0.02;9963;True;9963.00;0.09;9963;0.03;9963;0.03;7007;True;7007.00;0.06;7007;0.04;7007;0.03;6755;True;6755.00;0.08;6755;0.04;6755;0.03;7009;True;7009.00;0.00;7009;0.00;7009;0.00;6428;True;6428.00;0.01;6428;0.01;6428;0.01
30;40;37;7400;True;7400.00;0.00;7400;0.00;7400;0.00;9368;True;9368.00;0.01;9368;0.00;9368;0.00;7094;True;7094.00;0.00;7094;0.00;7094;0.00;6813;True;6813.00;0.00;6813;0.00;6813;0.00;6853;True;6853.00;0.00;6853;0.00;6853;0.00;6347;True;6347.00;0.00;6347;0.00;6347;0.01
30;40;38;7312;True;7312.00;0.01;7312;0.01;7312;0.02;9284;True;9284.00;0.01;9284;0.01;9284;0.01;6833;True;6833.00;0.01;6833;0.01;6833;0.02;6524;True;6524.00;0.01;6524;0.00;6524;0.01;6606;True;6606.00;0.01;6606;0.01;6606;0.03;6121;True;6121.00;0.01;6121;0.02;6121;0.02
30;40;39;8024;True;8024.00;0.00;8024;0.00;8024;0.00;10302;True;10302.00;0.00;10302;0.00;10302;0.00;7275;True;7275.00;0.00;7275;0.00;7275;0.00;7091;True;7091.00;0.00;7091;0.00;7091;0.00;7346;True;7346.00;0.00;7346;0.00;7346;0.00;6830;True;6830.00;0.02;6830;0.01;6830;0.01
30;50;0;11858;True;11858.00;0.00;11858;0.00;11858;0.00;14590;True;14590.00;0.00;14590;0.00;14590;0.00;10315;True;10315.00;0.00;10315;0.01;10315;0.00;10052;True;10052.00;0.00;10052;0.01;10052;0.00;10495;True;10495.00;0.00;10495;0.00;10495;0.00;9595;True;9595.00;0.01;9595;0.01;9595;0.01
30;50;1;9272;True;9272.00;0.06;9272;0.03;9272;0.02;12028;True;12028.00;0.02;12028;0.02;12028;0.03;8289;True;8289.00;0.02;8289;0.02;8289;0.02;8131;True;8131.00;0.02;8131;0.02;8131;0.02;8368;True;8368.00;0.02;8368;0.02;8368;0.02;7693;True;7693.00;0.03;7693;0.03;7693;0.03
30;50;2;11116;True;11116.00;0.01;11116;0.00;11116;0.00;13866;True;13866.00;0.01;13866;0.00;13866;0.01;9881;True;9881.00;0.00;9881;0.01;9881;0.00;9485;True;9485.00;0.00;9485;0.01;9485;0.01;9762;True;9762.00;0.00;9762;0.00;9762;0.00;8963;True;8963.00;0.01;8963;0.01;8963;0.01
30;50;3;9394;True;9394.00;0.02;9394;0.02;9394;0.01;12076;True;12076.00;0.44;12076;0.24;12076;0.11;8710;True;8710.00;0.12;8710;0.31;8710;0.06;8320;True;8320.00;0.01;8320;0.02;8320;0.05;8558;True;8558.00;0.12;8558;0.65;8558;0.05;8002;True;8002.00;0.20;8002;0.39;8002;0.06
30;50;4;8976;True;8976.00;0.06;8976;0.02;8976;0.02;11359;True;11359.00;0.01;11359;0.01;11359;0.01;8341;True;8341.00;0.02;8341;0.01;8341;0.02;8073;True;8073.00;0.01;8073;0.01;8073;0.01;8284;True;8284.00;0.19;8284;0.04;8284;0.04;7639;True;7639.00;0.03;7639;0.03;7639;0.03
30;50;5;11466;True;11466.00;0.00;11466;0.00;11466;0.00;14563;True;14563.00;0.00;14563;0.00;14563;0.00;10621;True;10621.00;0.00;10621;0.01;10621;0.00;10246;True;10246.00;0.00;10246;0.00;10246;0.00;10641;True;10641.00;0.00;10641;0.00;10641;0.00;9782;True;9782.00;0.01;9782;0.01;9782;0.01
30;50;6;9464;True;9464.00;0.32;9464;0.23;9464;0.08;12066;True;12066.00;0.09;12066;0.16;12066;0.06;8744;True;8744.00;0.01;8744;0.01;8744;0.01;8478;True;8478.00;0.06;8478;0.52;8478;0.02;8641;True;8641.00;0.02;8641;0.02;8641;0.02;8012;True;8012.00;0.16;8012;0.47;8012;0.10
30;50;7;11542;True;11542.00;0.00;11542;0.00;11542;0.00;14132;True;14132.00;0.00;14132;0.00;14132;0.01;10189;True;10189.00;0.04;10189;0.02;10189;0.01;9857;True;9857.00;0.00;9857;0.00;9857;0.00;10260;True;10260.00;0.00;10260;0.00;10260;0.00;9277;True;9277.00;0.01;9277;0.01;9277;0.01
30;50;8;10515;True;10515.00;0.00;10515;0.00;10515;0.00;13435;True;13435.00;0.00;13435;0.00;13435;0.00;10011;True;10011.00;0.00;10011;0.01;10011;0.00;9484;True;9484.00;0.01;9484;0.01;9484;0.01;9785;True;9785.00;0.01;9785;0.00;9785;0.01;9121;True;9121.00;0.01;9121;0.01;9121;0.01
30;50;9;9903;True;9903.00;0.70;9903;0.09;9903;0.24;12666;True;12666.00;0.01;12666;0.01;12666;0.01;9014;True;9014.00;0.00;9014;0.00;9014;0.01;8641;True;8641.00;0.02;8641;0.01;8641;0.02;9125;True;9125.00;0.02;9125;0.02;9125;0.02;8216;True;8216.00;0.02;8216;0.02;8216;0.02
30;50;10;9915;True;9915.00;0.01;9915;0.01;9915;0.01;12571;True;12571.00;0.01;12571;0.00;12571;0.01;9143;True;9143.00;0.01;9143;0.01;9143;0.01;8829;True;8829.00;0.01;8829;0.01;8829;0.01;8988;True;8988.00;0.01;8988;0.01;8988;0.01;8347;True;8347.00;0.01;8347;0.01;8347;0.01
30;50;11;10266;True;10266.00;0.00;10266;0.00;10266;0.01;12695;True;12695.00;0.00;12695;0.01;12695;0.00;9281;True;9281.00;0.01;9281;0.01;9281;0.01;8922;True;8922.00;0.01;8922;0.01;8922;0.01;9411;True;9411.00;0.00;9411;0.00;9411;0.00;8488;True;8488.00;0.01;8488;0.01;8488;0.01
30;50;12;9643;True;9643.00;0.01;9643;0.01;9643;0.01;12561;True;12561.00;0.01;12561;0.01;12561;0.01;8689;True;8689.00;0.01;8689;0.01;8689;0.02;8335;True;8335.00;0.17;8335;0.04;8335;0.05;8836;True;8836.00;0.01;8836;0.01;8836;0.01;7889;True;7889.00;0.01;7889;0.02;7889;0.02
30;50;13;11064;True;11064.00;0.00;11064;0.00;11064;0.00;13603;True;13603.00;0.00;13603;0.00;13603;0.00;9571;True;9571.00;0.00;9571;0.00;9571;0.00;9228;True;9228.00;0.00;9228;0.00;9228;0.00;9707;True;9707.00;0.00;9707;0.00;9707;0.00;8810;True;8810.00;0.01;8810;0.01;8810;0.01
30;50;14;9949;True;9949.00;0.01;9949;0.01;9949;0.60;13158;True;13158.00;0.07;13158;0.02;13158;0.02;9119;True;9119.00;0.01;9119;0.00;9119;0.01;8822;True;8822.00;0.01;8822;0.01;8822;0.01;9091;True;9091.00;0.01;9091;0.01;9091;0.01;8407;True;8407.00;0.01;8407;0.01;8407;0.01
30;50;15;10061;True;10061.00;0.01;10061;0.01;10061;0.01;12781;True;12781.00;0.01;12781;0.01;12781;0.01;9641;True;9641.00;0.01;9641;0.01;9641;0.01;9177;True;9177.00;0.01;9177;0.01;9177;0.01;9323;True;9323.00;0.01;9323;0.01;9323;0.01;8671;True;8671.00;0.02;8671;0.01;8671;0.02
30;50;16;9754;True;9754.00;0.01;9754;0.01;9754;0.01;13014;True;13014.00;0.01;13014;0.01;13014;0.00;8952;True;8952.00;0.01;8952;0.00;8952;0.01;8727;True;8727.00;0.01;8727;0.01;8727;0.01;8964;True;8964.00;0.01;8964;0.01;8964;0.01;8209;True;8209.00;0.01;8209;0.01;8209;0.01
30;50;17;9931;True;9931.00;0.00;9931;0.00;9931;0.00;12933;True;12933.00;0.01;12933;0.01;12933;0.04;9294;True;9294.00;0.01;9294;0.01;9294;0.01;8945;True;8945.00;0.01;8945;0.01;8945;0.01;9116;True;9116.00;0.00;9116;0.01;9116;0.01;8387;True;8387.00;0.01;8387;0.01;8387;0.02
30;50;18;10676;True;10676.00;0.01;10676;0.01;10676;0.01;13584;True;13584.00;0.01;13584;0.01;13584;0.01;9915;True;9915.00;0.05;9915;0.05;9915;0.04;9417;True;9417.00;0.07;9417;0.06;9417;0.07;9660;True;9660.00;0.01;9660;0.01;9660;0.01;8946;True;8946.00;0.01;8946;0.01;8946;0.01
30;50;19;10030;True;10030.00;0.00;10030;0.00;10030;0.01;12943;True;12943.00;0.00;12943;0.00;12943;0.01;9331;True;9331.00;0.01;9331;0.01;9331;0.01;8945;True;8945.00;0.01;8945;0.01;8945;0.01;9137;True;9137.00;0.01;9137;0.00;9137;0.01;8425;True;8425.00;0.01;8425;0.01;8425;0.01
30;50;20;11371;True;11371.00;0.00;11371;0.00;11371;0.00;14898;True;14898.00;0.00;14898;0.00;14898;0.00;9784;True;9784.00;0.00;9784;0.01;9784;0.01;9538;True;9538.00;0.00;9538;0.01;9538;0.00;10245;True;10245.00;0.00;10245;0.00;10245;0.00;9240;True;9240.00;0.01;9240;0.01;9240;0.01
30;50;21;11849;True;11849.00;0.00;11849;0.00;11849;0.00;15099;True;15099.00;0.01;15099;0.00;15099;0.00;10509;True;10509.00;0.01;10509;0.01;10509;0.01;10335;True;10335.00;0.00;10335;0.00;10335;0.00;10772;True;10772.00;0.00;10772;0.01;10772;0.00;9843;True;9843.00;0.01;9843;0.01;9843;0.01
30;50;22;10782;True;10782.00;0.09;10782;0.02;10782;0.06;13573;True;13573.00;0.03;13573;0.04;13573;0.04;10240;True;10240.00;0.01;10240;0.01;10240;0.01;9737;True;9737.00;0.05;9737;0.04;9737;0.04;10132;True;10132.00;0.02;10132;0.02;10132;0.02;9255;True;9255.00;0.04;9255;0.04;9255;0.05
30;50;23;8834;True;8834.00;0.05;8834;0.05;8834;0.05;11185;True;11185.00;0.18;11185;0.07;11185;0.07;8122;True;8122.00;0.13;8122;0.03;8122;0.04;7908;True;7908.00;0.16;7908;0.03;7908;0.04;8159;True;8159.00;0.01;8159;0.01;8159;0.01;7492;True;7492.00;0.01;7492;0.02;7492;0.02
30;50;24;9002;True;9002.00;0.09;9002;0.04;9002;0.05;11500;True;11500.00;0.01;11500;0.01;11500;0.01;8419;True;8419.00;0.01;8419;0.01;8419;0.01;8097;True;8097.00;0.03;8097;0.03;8097;0.03;8279;True;8279.00;0.15;8279;0.08;8279;0.09;7719;True;7719.00;0.02;7719;0.02;7719;0.05
30;50;25;9127;True;9127.00;0.01;9127;0.01;9127;0.01;11825;True;11825.00;0.01;11825;0.01;11825;0.01;8299;True;8299.00;0.02;8299;0.02;8299;0.03;8072;True;8072.00;0.02;8072;0.02;8072;0.01;8292;True;8292.00;0.01;8292;0.01;8292;0.01;7828;True;7828.00;0.02;7828;0.02;7828;0.03
30;50;26;10720;True;10720.00;0.00;10720;0.00;10720;0.00;13983;True;13983.00;0.01;13983;0.01;13983;0.00;9832;True;9832.00;0.01;9832;0.01;9832;0.01;9536;True;9536.00;0.01;9536;0.01;9536;0.01;9807;True;9807.00;0.01;9807;0.00;9807;0.00;9156;True;9156.00;0.01;9156;0.01;9156;0.01
30;50;27;10373;True;10373.00;0.02;10373;0.01;10373;0.01;13302;True;13302.00;0.01;13302;0.00;13302;0.00;9833;True;9833.00;0.01;9833;0.01;9833;0.01;9347;True;9347.00;0.00;9347;0.00;9347;0.00;9561;True;9561.00;0.00;9561;0.01;9561;0.00;8729;True;8729.00;0.01;8729;0.01;8729;0.01
30;50;28;8863;True;8863.00;0.14;8863;0.06;8863;0.04;11278;True;11278.00;0.01;11278;0.01;11278;0.01;7982;True;7982.00;0.06;7982;0.02;7982;0.02;7789;True;7789.00;0.06;7793;0.04;7789;0.04;7930;True;7930.00;0.01;7930;0.01;7930;0.03;7311;True;7311.00;0.13;7312;0.04;7311;0.08
30;50;29;9655;True;9655.00;0.00;9655;0.00;9655;0.00;12136;True;12136.00;0.01;12136;0.01;12136;0.01;8909;True;8909.00;0.01;8909;0.01;8909;0.01;8639;True;8639.00;0.01;8639;0.01;8639;0.05;8868;True;8868.00;0.01;8868;0.01;8868;0.03;8185;True;8185.00;0.01;8185;0.02;8185;0.02
30;50;30;9589;True;9589.00;0.00;9589;0.00;9589;0.01;12251;True;12251.00;0.01;12251;0.01;12251;0.01;8883;True;8883.00;0.07;8883;0.02;8883;0.03;8527;True;8527.00;0.05;8527;0.02;8527;0.02;8808;True;8808.00;0.01;8808;0.01;8808;0.01;8162;True;8162.00;0.03;8162;0.03;8162;0.03
30;50;31;8568;True;8568.00;0.02;8568;0.02;8568;0.04;10794;True;10794.00;0.01;10794;0.02;10794;0.04;7900;True;7900.00;0.02;7900;0.02;7900;0.06;7554;True;7554.00;0.01;7554;0.01;7554;0.01;7768;True;7768.00;0.02;7768;0.03;7768;0.04;7183;True;7183.00;0.25;7185;0.09;7183;0.08
30;50;32;10772;True;10772.00;0.00;10772;0.00;10772;0.00;13552;True;13552.00;0.00;13552;0.00;13552;0.01;9823;True;9823.00;0.01;9823;0.01;9823;0.01;9355;True;9355.00;0.01;9355;0.01;9355;0.01;9732;True;9732.00;0.01;9732;0.00;9732;0.01;8959;True;8959.00;0.01;8959;0.01;8959;0.01
30;50;33;9874;True;9874.00;0.01;9874;0.01;9874;0.00;13101;True;13101.00;0.04;13101;0.02;13101;0.02;9049;True;9049.00;0.01;9049;0.01;9049;0.01;8724;True;8724.00;0.01;8724;0.01;8724;0.01;8919;True;8919.00;0.00;8919;0.01;8919;0.01;8286;True;8286.00;0.01;8286;0.01;8286;0.01
30;50;34;10735;True;10735.00;0.00;10735;0.00;10735;0.00;13079;True;13079.00;0.00;13079;0.00;13079;0.00;9516;True;9516.00;0.01;9516;0.00;9516;0.00;9156;True;9156.00;0.00;9156;0.01;9156;0.00;9464;True;9464.00;0.01;9464;0.01;9464;0.01;8767;True;8767.00;0.01;8767;0.01;8767;0.01
30;50;35;10487;True;10487.00;0.01;10487;0.00;10487;0.01;13448;True;13448.00;0.01;13448;0.01;13448;0.01;9802;True;9802.00;0.01;9802;0.01;9802;0.01;9456;True;9456.00;0.01;9456;0.01;9456;0.02;9615;True;9615.00;0.02;9615;0.02;9615;0.02;8886;True;8886.00;0.02;8886;0.02;8886;0.02
30;50;36;7895;True;7895.00;0.63;7895;0.14;7895;0.13;10422;True;10422.00;0.03;10422;0.03;10422;0.04;7400;True;7400.00;0.28;7400;0.11;7400;0.06;7145;True;7145.00;0.02;7145;0.02;7145;0.02;7271;True;7271.00;0.15;7274;0.04;7271;0.09;6709;True;6709.00;0.02;6709;0.02;6709;0.02
30;50;37;9443;True;9443.00;0.05;9443;0.08;9443;0.03;11910;True;11910.00;0.01;11910;0.01;11910;0.01;8790;True;8790.00;0.22;8790;0.08;8790;0.05;8366;True;8366.00;0.32;8366;0.14;8366;0.07;8779;True;8779.00;0.01;8779;0.02;8779;0.02;8001;True;8001.00;0.14;8001;0.37;8001;0.05
30;50;38;11250;True;11250.00;0.00;11250;0.00;11250;0.00;14232;True;14232.00;0.00;14232;0.00;14232;0.01;10389;True;10389.00;0.01;10389;0.01;10389;0.01;9968;True;9968.00;0.01;9968;0.00;9968;0.00;10295;True;10295.00;0.00;10295;0.00;10295;0.00;9437;True;9437.00;0.01;9437;0.01;9437;0.01
30;50;39;9309;True;9309.00;0.07;9309;0.03;9309;0.03;12162;True;12162.00;0.17;12162;0.11;12162;0.08;8382;True;8382.00;0.02;8382;0.02;8382;0.03;8174;True;8174.00;0.02;8174;0.02;8174;0.02;8487;True;8487.00;0.02;8487;0.02;8487;0.03;7836;True;7836.00;0.02;7836;0.02;7836;0.05
30;60;0;11688;True;11688.00;0.01;11688;0.01;11688;0.01;14894;True;14894.00;0.01;14894;0.01;14894;0.01;10855;True;10855.00;0.01;10855;0.01;10855;0.01;10469;True;10469.00;0.07;10469;0.04;10469;0.02;10704;True;10704.00;0.01;10704;0.01;10704;0.01;9801;True;9801.00;0.02;9801;0.02;9801;0.02
30;60;1;11817;True;11817.00;0.00;11817;0.01;11817;0.01;15471;True;15471.00;0.01;15471;0.01;15471;0.01;10938;True;10938.00;0.13;10938;0.03;10938;0.03;10502;True;10502.00;0.01;10502;0.01;10502;0.01;10800;True;10800.00;0.01;10800;0.01;10800;0.01;10013;True;10013.00;0.02;10013;0.02;10013;0.02
30;60;2;13668;True;13668.00;0.01;13668;0.01;13668;0.01;17458;True;17458.00;0.01;17458;0.01;17458;0.01;12414;True;12414.00;0.01;12414;0.01;12414;0.01;11997;True;11997.00;0.01;11997;0.01;11997;0.01;12299;True;12299.00;0.01;12299;0.01;12299;0.01;11359;True;11359.00;0.02;11359;0.02;11359;0.02
30;60;3;10949;True;10949.00;0.16;10949;0.13;10949;0.04;14205;True;14205.00;0.48;14205;0.26;14205;0.11;10051;True;10051.00;0.02;10051;0.02;10051;0.02;9724;True;9724.00;0.03;9724;0.03;9724;0.03;10215;True;10215.00;0.03;10215;0.03;10215;0.02;9255;True;9255.00;0.21;9259;0.50;9255;0.10
30;60;4;13652;True;13652.00;0.01;13652;0.01;13652;0.01;17071;True;17071.00;0.00;17071;0.01;17071;0.01;12636;True;12636.00;0.01;12636;0.01;12636;0.01;12255;True;12255.00;0.03;12255;0.03;12255;0.03;12463;True;12463.00;0.02;12463;0.02;12463;0.02;11609;True;11609.00;0.02;11609;0.02;11609;0.02
30;60;5;10828;True;10828.00;0.11;10828;0.05;10828;0.03;14141;True;14141.00;0.02;14141;0.02;14141;0.02;10004;True;10004.00;0.32;10004;0.34;10004;0.18;9564;True;9564.00;0.02;9564;0.02;9564;0.03;9882;True;9882.00;0.02;9882;0.01;9882;0.01;9110;True;9110.00;0.04;9110;0.03;9110;0.12
30;60;6;13914;True;13914.00;0.00;13914;0.00;13914;0.00;17363;True;17363.00;0.00;17363;0.01;17363;0.00;12707;True;12707.00;0.01;12707;0.00;12707;0.01;12221;True;12221.00;0.01;12221;0.01;12221;0.00;12478;True;12478.00;0.01;12478;0.01;12478;0.00;11555;True;11555.00;0.01;11555;0.01;11555;0.01
30;60;7;10837;True;10837.00;0.01;10837;0.01;10837;0.01;13537;True;13537.00;0.01;13537;0.01;13537;0.01;10090;True;10090.00;0.01;10090;0.01;10090;0.01;9765;True;9765.00;0.01;9765;0.01;9765;0.02;9987;True;9987.00;0.15;9987;0.04;9987;0.10;9282;True;9282.00;0.02;9282;0.02;9282;0.02
30;60;8;11097;True;11097.00;0.01;11097;0.01;11097;0.01;14041;True;14041.00;1.43;14041;0.09;14041;0.33;10222;True;10222.00;0.01;10222;0.01;10222;0.01;9688;True;9688.00;0.01;9688;0.01;9688;0.01;10059;True;10059.00;0.02;10059;0.02;10059;0.02;9137;True;9137.00;0.02;9137;0.02;9137;0.02
30;60;9;13120;True;13120.00;0.00;13120;0.00;13120;0.00;16464;True;16464.00;0.01;16464;0.01;16464;0.00;11670;True;11670.00;0.01;11670;0.01;11670;0.01;11259;True;11259.00;0.01;11259;0.01;11259;0.01;11999;True;11999.00;0.00;11999;0.01;11999;0.00;10715;True;10715.00;0.01;10715;0.02;10715;0.01
30;60;10;11195;True;11195.00;0.31;11195;0.11;11195;0.16;14185;True;14185.00;0.01;14185;0.01;14185;0.01;10315;True;10315.00;0.02;10315;0.02;10315;0.06;9942;True;9942.00;0.09;9942;0.03;9942;0.03;10010;True;10010.00;0.02;10010;0.02;10010;0.02;9290;True;9290.00;0.23;9290;0.10;9290;0.08
30;60;11;10747;True;10747.00;0.12;10747;0.14;10747;0.12;13855;True;13855.00;0.35;13855;0.19;13855;0.26;9774;True;9774.00;0.17;9774;0.07;9774;0.07;9462;True;9462.00;0.22;9462;0.04;9462;0.04;9880;True;9880.00;0.01;9880;0.02;9880;0.01;8979;True;8979.00;0.02;8979;0.02;8979;0.02
30;60;12;11735;True;11735.00;0.01;11735;0.01;11735;0.00;14877;True;14877.00;0.01;14877;0.01;14877;0.01;10604;True;10604.00;0.01;10604;0.01;10604;0.01;10166;True;10166.00;0.01;10166;0.01;10166;0.01;10725;True;10725.00;0.01;10725;0.01;10725;0.01;9739;True;9739.00;0.01;9739;0.01;9739;0.01
30;60;13;16328;True;16328.00;0.00;16328;0.01;16328;0.00;20718;True;20718.00;0.00;20718;0.01;20718;0.01;14378;True;14378.00;0.00;14378;0.00;14378;0.00;13957;True;13957.00;0.00;13957;0.00;13957;0.00;14591;True;14591.00;0.01;14591;0.00;14591;0.01;13409;True;13409.00;0.01;13409;0.01;13409;0.01
30;60;14;11366;True;11366.00;3.97;11367;0.10;11366;5.01;14594;True;14594.00;0.01;14594;0.01;14594;0.01;10487;True;10487.00;0.01;10487;0.01;10487;0.01;10183;True;10183.00;0.02;10183;0.02;10183;0.01;10508;True;10508.00;0.07;10508;0.03;10508;0.02;9648;True;9648.00;0.02;9648;0.01;9648;0.02
30;60;15;11413;True;11413.00;0.02;11413;0.02;11413;0.01;14586;True;14586.00;0.23;14586;0.58;14586;0.08;10314;True;10314.00;0.02;10314;0.02;10314;0.02;9965;True;9965.00;0.12;9965;0.18;9965;0.03;10480;True;10480.00;0.54;10481;0.40;10480;0.16;9517;True;9517.00;0.03;9517;0.03;9517;0.04
30;60;16;12971;True;12971.00;0.03;12971;0.02;12971;0.01;16657;True;16657.00;0.01;16657;0.01;16657;0.01;11800;True;11800.00;0.01;11800;0.01;11800;0.01;11442;True;11442.00;0.01;11442;0.01;11442;0.01;11763;True;11763.00;0.01;11763;0.01;11763;0.01;10762;True;10762.00;0.02;10762;0.01;10762;0.01
30;60;17;12046;True;12046.00;0.01;12046;0.02;12046;0.01;15329;True;15329.00;0.01;15329;0.01;15329;0.02;11413;True;11413.00;0.08;11413;0.05;11413;0.03;10799;True;10799.00;0.01;10799;0.01;10799;0.01;11053;True;11053.00;0.01;11053;0.01;11053;0.01;10246;True;10246.00;0.07;10246;0.03;10246;0.06
30;60;18;11384;True;11384.00;0.01;11384;0.01;11384;0.01;14455;True;14455.00;0.01;14455;0.02;14455;0.02;10314;True;10314.00;0.08;10314;0.03;10314;0.04;9937;True;9937.00;0.01;9937;0.01;9937;0.01;10262;True;10262.00;0.08;10262;0.04;10262;0.03;9426;True;9426.00;0.02;9426;0.02;9426;0.02
30;60;19;10319;True;10319.00;0.23;10319;0.18;10319;0.12;13637;True;13637.00;0.02;13637;0.02;13637;0.04;9735;True;9735.00;0.37;9737;0.51;9735;0.19;9441;True;9441.00;0.57;9441;0.24;9441;0.21;9493;True;9493.00;0.03;9493;0.03;9493;0.12;8971;True;8971.00;0.03;8971;0.03;8971;0.12
30;60;20;12174;True;12174.00;0.01;12174;0.01;12174;0.01;14903;True;14903.00;0.01;14903;0.00;14903;0.01;10824;True;10824.00;0.01;10824;0.01;10824;0.01;10559;True;10559.00;0.01;10559;0.01;10559;0.01;11079;True;11079.00;0.01;11079;0.01;11079;0.00;10087;True;10087.00;0.01;10087;0.01;10087;0.01
30;60;21;11067;True;11067.00;1.22;11067;0.45;11067;10.88;14321;True;14321.00;2.01;14321;0.16;14321;1.59;10366;True;10366.00;0.51;10366;0.14;10366;0.46;9886;True;9886.00;0.29;9886;0.19;9886;0.33;10119;True;10119.00;1.35;10119;0.56;10119;1.20;9415;True;9415.00;0.61;9415;0.48;9415;0.51
30;60;22;13052;True;13052.00;0.01;13052;0.01;13052;0.01;16192;True;16192.00;0.01;16192;0.01;16192;0.01;12220;True;12220.00;0.01;12220;0.01;12220;0.01;11585;True;11585.00;0.01;11585;0.01;11585;0.01;11835;True;11835.00;0.01;11835;0.01;11835;0.01;11007;True;11007.00;0.02;11007;0.01;11007;0.01
30;60;23;11269;True;11269.00;0.01;11269;0.02;11269;0.02;14431;True;14431.00;0.01;14431;0.01;14431;0.01;10676;True;10676.00;0.01;10676;0.02;10676;0.02;10213;True;10213.00;0.01;10213;0.01;10213;0.02;10450;True;10450.00;0.01;10450;0.02;10450;0.02;9731;True;9731.00;0.02;9731;0.01;9731;0.02
30;60;24;12049;True;12049.00;0.04;12049;0.36;12049;0.02;15326;True;15326.00;0.01;15326;0.01;15326;0.02;10775;True;10775.00;0.01;10775;0.01;10775;0.01;10449;True;10449.00;0.01;10449;0.02;10449;0.02;10659;True;10659.00;0.02;10659;0.03;10659;0.02;9781;True;9781.00;0.03;9781;0.03;9781;0.02
30;60;25;11696;True;11696.00;0.01;11696;0.01;11696;0.01;14774;True;14774.00;0.07;14774;0.03;14774;0.02;10996;True;10996.00;0.09;10996;0.02;10996;0.03;10566;True;10566.00;0.01;10566;0.01;10566;0.01;10735;True;10735.00;0.01;10735;0.01;10735;0.01;10021;True;10021.00;0.03;10021;0.03;10021;0.03
30;60;26;10980;True;10980.00;0.02;10980;0.03;10980;0.03;13964;True;13964.00;0.41;13964;0.20;13964;0.09;10385;True;10385.00;0.05;10385;0.05;10385;0.06;9973;True;9973.00;0.03;9973;0.03;9973;0.03;10117;True;10117.00;0.03;10117;0.04;10117;0.03;9500;True;9500.00;0.03;9500;0.03;9500;0.08
30;60;27;10856;True;10856.00;5.12;10856;0.33;10856;5.32;13650;True;13650.00;0.18;13650;0.21;13650;0.10;10294;True;10294.00;0.18;10294;0.15;10294;0.16;9774;True;9774.00;0.02;9774;0.02;9774;0.03;10195;True;10195.00;0.14;10195;0.74;10195;0.11;9288;True;9288.00;1.14;9288;1.06;9288;0.28
30;60;28;15592;True;15592.00;0.00;15592;0.00;15592;0.00;19243;True;19243.00;0.00;19243;0.01;19243;0.00;13447;True;13447.00;0.01;13447;0.00;13447;0.01;13078;True;13078.00;0.00;13078;0.01;13078;0.00;13963;True;13963.00;0.00;13963;0.01;13963;0.01;12378;True;12378.00;0.01;12378;0.01;12378;0.01
30;60;29;13633;True;13633.00;0.01;13633;0.01;13633;0.01;16608;True;16608.00;0.01;16608;0.01;16608;0.01;12109;True;12109.00;0.01;12109;0.01;12109;0.02;11762;True;11762.00;0.01;11762;0.02;11762;0.01;12007;True;12007.00;0.01;12007;0.01;12007;0.01;11120;True;11120.00;0.02;11120;0.01;11120;0.01
30;60;30;14821;True;14821.00;0.00;14821;0.00;14821;0.00;18717;True;18717.00;0.01;18717;0.01;18717;0.01;12701;True;12701.00;0.00;12701;0.00;12701;0.01;12364;True;12364.00;0.01;12364;0.01;12364;0.01;13397;True;13397.00;0.00;13397;0.00;13397;0.00;11750;True;11750.00;0.01;11750;0.01;11750;0.01
30;60;31;11600;True;11600.00;0.01;11600;0.01;11600;0.04;14654;True;14654.00;0.02;14654;0.01;14654;0.06;10207;True;10207.00;0.02;10207;0.02;10207;0.03;9908;True;9908.00;0.01;9908;0.02;9908;0.02;10466;True;10466.00;0.02;10466;0.02;10466;0.02;9411;True;9411.00;0.01;9411;0.02;9411;0.01
30;60;32;12087;True;12087.00;0.00;12087;0.01;12087;0.00;14789;True;14789.00;0.01;14789;0.01;14789;0.01;10835;True;10835.00;0.01;10835;0.01;10835;0.01;10389;True;10389.00;0.03;10389;0.02;10389;0.01;10756;True;10756.00;0.00;10756;0.01;10756;0.01;9870;True;9870.00;0.06;9870;0.03;9870;0.03
30;60;33;12182;True;12182.00;0.01;12182;0.00;12182;0.01;15463;True;15463.00;0.01;15463;0.01;15463;0.01;10826;True;10826.00;0.02;10826;0.02;10826;0.02;10490;True;10490.00;0.01;10490;0.01;10490;0.01;10962;True;10962.00;0.01;10962;0.01;10962;0.01;9999;True;9999.00;0.02;9999;0.02;9999;0.02
30;60;34;14285;True;14285.00;0.01;14285;0.01;14285;0.01;17166;True;17166.00;0.01;17166;0.01;17166;0.01;12859;True;12859.00;0.01;12859;0.01;12859;0.01;12305;True;12305.00;0.01;12305;0.01;12305;0.01;12622;True;12622.00;0.01;12622;0.01;12622;0.01;11813;True;11813.00;0.02;11813;0.02;11813;0.02
30;60;35;11297;True;11297.00;0.00;11297;0.01;11297;0.01;14550;True;14550.00;0.04;14550;0.02;14550;0.03;10316;True;10316.00;0.01;10316;0.01;10316;0.01;10124;True;10124.00;0.01;10124;0.01;10124;0.01;10295;True;10295.00;0.01;10295;0.01;10295;0.01;9680;True;9680.00;0.04;9680;0.03;9680;0.03
30;60;36;12195;True;12195.00;0.00;12195;0.00;12195;0.00;14808;True;14808.00;0.01;14808;0.01;14808;0.01;11347;True;11347.00;0.01;11347;0.01;11347;0.01;10917;True;10917.00;0.01;10917;0.01;10917;0.01;11070;True;11070.00;0.01;11070;0.01;11070;0.00;10280;True;10280.00;0.01;10280;0.01;10280;0.01
30;60;37;11641;True;11641.00;0.01;11641;0.01;11641;0.01;15171;True;15171.00;0.01;15171;0.01;15171;0.01;10698;True;10698.00;0.01;10698;0.01;10698;0.01;10343;True;10343.00;0.02;10343;0.01;10343;0.02;10724;True;10724.00;0.09;10724;0.04;10724;0.04;9801;True;9801.00;0.02;9801;0.02;9801;0.02
30;60;38;10403;True;10403.00;0.01;10403;0.01;10403;0.01;12874;True;12874.00;0.24;12874;0.08;12874;0.06;9613;True;9613.00;0.46;9613;0.08;9613;0.08;9233;True;9233.00;0.02;9233;0.02;9233;0.02;9397;True;9397.00;0.02;9397;0.02;9397;0.02;8741;True;8741.00;0.21;8741;0.15;8741;0.09
30;60;39;11770;True;11770.00;0.02;11770;0.02;11770;0.01;14678;True;14678.00;0.52;14678;0.11;14678;0.20;10458;True;10458.00;0.02;10458;0.01;10458;0.02;10184;True;10184.00;0.63;10184;0.56;10184;0.35;10671;True;10671.00;0.61;10671;0.57;10671;0.23;9701;True;9701.00;0.91;9701;0.36;9701;0.52
30;70;0;12103;True;12103.00;0.05;12103;0.05;12103;0.07;15027;True;15027.00;0.05;15027;0.04;15027;0.04;10860;True;10860.00;0.34;10868;0.27;10860;0.18;10510;True;10510.00;0.23;10510;0.12;10510;0.14;10961;True;10961.00;0.15;10961;0.06;10961;0.08;10062;True;10062.00;0.75;10062;0.23;10062;0.49
30;70;1;13146;True;13146.00;0.02;13146;0.02;13146;0.07;16396;True;16396.00;0.22;16396;0.22;16396;0.05;12196;True;12196.00;0.03;12196;0.03;12196;0.04;11799;True;11799.00;0.02;11799;0.03;11799;0.03;12202;True;12202.00;0.97;12202;0.56;12202;0.40;11276;True;11276.00;0.04;11276;0.04;11276;0.04
30;70;2;12736;True;12736.00;0.26;12736;0.13;12736;0.06;16409;True;16409.00;0.02;16409;0.02;16409;0.02;11713;True;11713.00;0.03;11713;0.03;11713;0.03;11362;True;11362.00;0.35;11362;0.14;11362;0.10;11519;True;11519.00;0.03;11519;0.03;11519;0.03;10709;True;10709.00;0.03;10709;0.03;10709;0.03
30;70;3;13085;True;13085.00;0.66;13085;0.24;13085;0.28;16817;True;16817.00;0.02;16817;0.02;16817;0.02;11843;True;11843.00;0.02;11843;0.02;11843;0.02;11452;True;11452.00;0.12;11452;0.05;11452;0.05;11967;True;11967.00;0.16;11967;0.08;11967;0.08;10945;True;10945.00;0.02;10945;0.03;10945;0.03
30;70;4;13609;True;13609.00;0.01;13609;0.01;13609;0.01;17780;True;17780.00;0.01;17780;0.01;17780;0.01;12832;True;12832.00;0.02;12832;0.01;12832;0.01;12232;True;12232.00;0.01;12232;0.01;12232;0.01;12440;True;12440.00;0.01;12440;0.01;12440;0.01;11453;True;11453.00;0.02;11453;0.02;11453;0.02
30;70;5;15123;True;15123.00;0.01;15123;0.01;15123;0.02;19767;True;19767.00;0.01;19767;0.01;19767;0.01;13690;True;13690.00;0.01;13690;0.01;13690;0.01;13128;True;13128.00;0.01;13128;0.01;13128;0.01;13545;True;13545.00;0.02;13545;0.02;13545;0.02;12442;True;12442.00;0.01;12442;0.02;12442;0.02
30;70;6;14611;True;14611.00;0.01;14611;0.01;14611;0.01;18346;True;18346.00;0.01;18346;0.01;18346;0.01;13105;True;13105.00;0.01;13105;0.01;13105;0.01;12697;True;12697.00;0.01;12697;0.01;12697;0.01;12993;True;12993.00;0.01;12993;0.01;12993;0.01;12050;True;12050.00;0.02;12050;0.02;12050;0.02
30;70;7;15097;True;15097.00;0.00;15097;0.00;15097;0.00;19485;True;19485.00;0.00;19485;0.01;19485;0.01;13290;True;13290.00;0.01;13290;0.01;13290;0.01;12894;True;12894.00;0.00;12894;0.01;12894;0.01;13712;True;13712.00;0.01;13712;0.01;13712;0.01;12374;True;12374.00;0.02;12374;0.01;12374;0.02
30;70;8;13812;True;13812.00;0.01;13812;0.01;13812;0.01;17526;True;17526.00;0.02;17526;0.02;17526;0.02;12611;True;12611.00;0.02;12611;0.01;12611;0.01;12176;True;12176.00;0.13;12176;0.06;12176;0.06;12568;True;12568.00;0.12;12568;0.05;12568;0.06;11473;True;11473.00;0.03;11473;0.03;11473;0.03
30;70;9;13462;True;13462.00;0.00;13462;0.01;13462;0.01;17238;True;17238.00;0.03;17238;0.03;17238;0.03;12098;True;12098.00;0.02;12098;0.02;12098;0.02;11729;True;11729.00;0.01;11729;0.01;11729;0.02;12130;True;12130.00;0.01;12130;0.01;12130;0.01;11025;True;11025.00;0.15;11025;0.05;11025;0.07
30;70;10;13043;True;13043.00;0.01;13043;0.02;13043;0.02;16215;True;16215.00;0.34;16215;0.06;16215;0.08;12089;True;12089.00;0.30;12089;0.11;12089;0.10;11625;True;11625.00;0.02;11625;0.03;11625;0.02;12059;True;12059.00;0.03;12059;0.03;12059;0.03;11093;True;11093.00;0.03;11093;0.03;11093;0.03
30;70;11;13861;True;13861.00;0.01;13861;0.01;13861;0.01;17389;True;17389.00;0.02;17389;0.02;17389;0.02;12859;True;12859.00;0.01;12859;0.01;12859;0.01;12241;True;12241.00;0.01;12241;0.01;12241;0.01;12617;True;12617.00;0.01;12617;0.01;12617;0.02;11664;True;11664.00;0.02;11664;0.02;11664;0.02
30;70;12;12151;True;12151.00;2.23;12151;0.51;12151;2.72;15574;True;15574.00;0.05;15574;0.04;15574;0.04;11160;True;11160.00;0.05;11160;0.05;11160;0.05;10826;True;10826.00;0.02;10826;0.02;10826;0.02;11162;True;11162.00;0.19;11162;0.19;11162;0.06;10262;True;10262.00;0.05;10262;0.05;10262;0.06
30;70;13;15187;True;15187.00;0.01;15187;0.01;15187;0.01;18991;True;18991.00;0.01;18991;0.01;18991;0.01;13682;True;13682.00;0.01;13682;0.01;13682;0.01;13091;True;13091.00;0.01;13091;0.01;13091;0.01;13828;True;13828.00;0.01;13828;0.01;13828;0.01;12462;True;12462.00;0.02;12462;0.02;12462;0.02
30;70;14;13483;True;13483.00;0.01;13483;0.01;13483;0.01;17324;True;17324.00;0.02;17324;0.02;17324;0.02;12522;True;12522.00;0.02;12522;0.01;12522;0.01;11940;True;11940.00;0.02;11940;0.02;11940;0.01;12312;True;12312.00;0.01;12312;0.01;12312;0.01;11268;True;11268.00;0.02;11268;0.02;11268;0.02
30;70;15;16135;True;16135.00;0.01;16135;0.01;16135;0.01;20637;True;20637.00;0.01;20637;0.01;20637;0.01;14611;True;14611.00;0.02;14611;0.02;14611;0.02;14080;True;14080.00;0.01;14080;0.01;14080;0.01;14298;True;14298.00;0.01;14298;0.02;14298;0.02;13440;True;13440.00;0.02;13440;0.02;13440;0.02
30;70;16;13555;True;13555.00;0.01;13555;0.02;13555;0.01;17370;True;17370.00;0.02;17370;0.02;17370;0.03;13097;True;13097.00;0.11;13097;0.08;13097;0.05;12287;True;12287.00;0.02;12287;0.02;12287;0.02;12447;True;12447.00;0.02;12447;0.02;12447;0.03;11606;True;11606.00;0.02;11606;0.03;11606;0.02
30;70;17;13713;True;13713.00;1.20;13713;0.08;13713;120.00;17717;True;17717.00;4.96;17717;0.12;17717;3.69;12758;True;12758.00;0.71;12758;0.04;12758;0.23;12280;True;12280.00;0.11;12280;0.05;12280;0.08;12563;True;12563.00;8.04;12563;0.07;12563;120.00;11650;True;11650.00;1.87;11650;0.06;11650;3.61
30;70;18;12824;True;12824.00;1.88;12824;0.36;12824;0.88;16528;True;16528.00;0.03;16528;0.03;16528;0.03;12092;True;12092.00;0.10;12092;0.05;12092;0.05;11452;True;11452.00;0.44;11452;0.15;11452;0.10;11949;True;11949.00;0.63;11949;0.21;11949;0.39;10899;True;10899.00;0.83;10899;0.21;10899;0.26
30;70;19;12311;True;12311.00;0.45;12311;0.15;12311;0.41;16140;True;16140.00;0.03;16140;0.03;16140;0.03;11599;True;11599.00;0.04;11599;0.04;11599;0.04;11179;True;11179.00;0.02;11179;0.02;11179;0.02;11428;True;11428.00;0.01;11428;0.01;11428;0.02;10675;True;10675.00;0.03;10675;0.03;10675;0.03
30;70;20;14824;True;14824.00;0.01;14824;0.01;14824;0.01;18765;True;18765.00;0.01;18765;0.01;18765;0.01;13756;True;13756.00;0.01;13756;0.01;13756;0.01;13164;True;13164.00;0.01;13164;0.01;13164;0.01;13308;True;13308.00;0.01;13308;0.01;13308;0.01;12446;True;12446.00;0.01;12446;0.02;12446;0.02
30;70;21;13099;True;13099.00;1.80;13099;0.49;13099;6.33;16489;True;16489.00;0.13;16489;0.16;16489;0.12;12073;True;12073.00;0.03;12073;0.04;12073;0.04;11560;True;11560.00;0.03;11560;0.03;11560;0.04;11766;True;11766.00;0.03;11766;0.03;11766;0.09;10981;True;10981.00;0.36;10982;0.62;10981;0.14
30;70;22;11747;True;11747.00;0.34;11747;0.17;11747;0.11;15251;True;15251.00;0.02;15251;0.03;15251;0.02;11024;True;11024.00;0.02;11024;0.03;11024;0.04;10632;True;10632.00;0.26;10632;0.28;10632;0.13;10912;True;10912.00;0.02;10912;0.02;10912;0.02;10005;True;10005.00;0.03;10005;0.03;10005;0.04
30;70;23;15181;True;15181.00;0.01;15181;0.01;15181;0.01;18885;True;18885.00;0.02;18885;0.03;18885;0.02;13524;True;13524.00;0.02;13524;0.02;13524;0.03;13113;True;13113.00;0.02;13113;0.02;13113;0.02;13555;True;13555.00;0.01;13555;0.01;13555;0.02;12438;True;12438.00;0.04;12438;0.05;12438;0.04
30;70;24;13238;True;13238.00;0.28;13238;0.29;13238;0.29;17150;True;17150.00;0.03;17150;0.04;17150;0.02;12287;True;12287.00;0.37;12287;0.27;12287;0.32;11732;True;11732.00;1.84;11732;0.35;11732;0.47;11812;True;11812.00;0.02;11812;0.02;11812;0.02;11118;True;11118.00;0.03;11118;0.03;11118;0.03
30;70;25;12089;True;12089.00;1.37;12089;0.34;12089;2.85;15546;True;15546.00;0.18;15546;0.15;15546;0.09;11033;True;11033.00;0.04;11033;0.05;11033;0.05;10641;True;10641.00;0.34;10641;0.19;10641;0.08;10961;True;10961.00;0.02;10961;0.02;10961;0.02;10168;True;10168.00;0.17;10168;0.53;10168;0.10
30;70;26;12661;True;12661.00;0.30;12661;0.33;12661;0.57;16257;True;16257.00;0.37;16260;0.68;16257;0.09;11694;True;11694.00;0.15;11694;0.12;11694;0.08;11261;True;11261.00;0.18;11261;0.10;11261;0.10;11709;True;11709.00;0.26;11709;0.59;11709;0.14;10794;True;10794.00;0.26;10794;0.48;10794;0.11
30;70;27;13283;True;13283.00;0.81;13283;0.41;13283;0.81;17027;True;17027.00;0.03;17027;0.03;17027;0.06;12251;True;12251.00;0.03;12251;0.03;12251;0.06;11806;True;11806.00;0.03;11806;0.03;11806;0.06;12095;True;12095.00;0.02;12095;0.03;12095;0.02;11234;True;11234.00;0.14;11236;0.13;11234;0.11
30;70;28;11613;True;11613.00;0.24;11613;0.07;11613;0.07;14512;True;14512.00;0.50;14512;0.21;14512;0.21;11053;True;11053.00;0.45;11053;0.18;11053;0.16;10492;True;10492.00;0.57;10492;0.22;10492;0.21;10681;True;10681.00;0.14;10681;0.07;10681;0.11;9976;True;9976.00;0.36;9976;0.21;9976;0.14
30;70;29;14312;True;14312.00;0.02;14312;0.03;14312;0.03;18369;True;18369.00;0.36;18369;0.10;18369;0.14;12962;True;12962.00;0.06;12962;0.06;12962;0.06;12686;True;12686.00;0.01;12686;0.01;12686;0.02;13207;True;13207.00;0.02;13207;0.03;13207;0.03;12092;True;12092.00;0.09;12092;0.07;12092;0.04
30;70;30;14805;True;14805.00;0.00;14805;0.00;14805;0.00;18231;True;18231.00;0.01;18231;0.01;18231;0.01;12936;True;12936.00;0.01;12936;0.01;12936;0.01;12579;True;12579.00;0.01;12579;0.01;12579;0.01;13302;True;13302.00;0.01;13302;0.01;13302;0.01;11988;True;11988.00;0.01;11988;0.02;11988;0.02
30;70;31;12420;True;12420.00;0.75;12420;0.16;12420;0.29;16506;True;16506.00;0.46;16506;0.19;16506;0.15;11787;True;11787.00;0.04;11787;0.04;11787;0.05;11253;True;11253.00;0.04;11253;0.04;11253;0.03;11538;True;11538.00;0.35;11538;0.13;11538;0.13;10705;True;10705.00;0.04;10705;0.05;10705;0.04
30;70;32;15409;True;15409.00;0.01;15409;0.01;15409;0.01;19550;True;19550.00;0.01;19550;0.01;19550;0.00;13809;True;13809.00;0.01;13809;0.01;13809;0.01;13272;True;13272.00;0.01;13272;0.01;13272;0.01;13782;True;13782.00;0.01;13782;0.01;13782;0.01;12537;True;12537.00;0.01;12537;0.02;12537;0.02
30;70;33;12760;True;12760.00;0.51;12760;0.60;12760;0.50;15845;True;15845.00;0.15;15845;0.15;15845;0.06;11692;True;11692.00;0.15;11692;0.59;11692;0.08;11246;True;11246.00;0.03;11246;0.04;11246;0.05;11670;True;11670.00;0.11;11670;0.71;11670;0.05;10617;True;10617.00;0.03;10617;0.04;10617;0.10
30;70;34;13106;True;13106.00;0.05;13106;0.05;13106;0.05;16754;True;16754.00;0.02;16754;0.02;16754;0.02;12374;True;12374.00;0.04;12374;0.04;12374;0.09;11923;True;11923.00;0.11;11923;0.06;11923;0.05;12158;True;12158.00;0.17;12158;0.06;12158;0.07;11314;True;11314.00;0.03;11314;0.03;11314;0.03
30;70;35;15169;True;15169.00;0.00;15169;0.01;15169;0.00;18994;True;18994.00;0.01;18994;0.01;18994;0.01;13540;True;13540.00;0.01;13540;0.01;13540;0.01;13195;True;13195.00;0.01;13195;0.01;13195;0.01;13650;True;13650.00;0.01;13650;0.01;13650;0.01;12399;True;12399.00;0.02;12399;0.02;12399;0.02
30;70;36;12463;True;12463.00;0.17;12463;0.05;12463;0.05;15577;True;15577.00;0.02;15577;0.02;15577;0.06;11464;True;11464.00;0.11;11464;0.31;11464;0.08;11089;True;11089.00;0.32;11089;0.38;11089;0.09;11411;True;11411.00;0.03;11411;0.02;11411;0.06;10508;True;10508.00;0.17;10508;0.12;10508;0.12
30;70;37;13703;True;13703.00;0.04;13703;0.02;13703;0.01;17724;True;17724.00;0.01;17724;0.01;17724;0.01;12519;True;12519.00;0.01;12519;0.01;12519;0.01;12078;True;12078.00;0.02;12078;0.02;12078;0.02;12488;True;12488.00;0.01;12488;0.01;12488;0.01;11566;True;11566.00;0.02;11566;0.02;11566;0.02
30;70;38;13601;True;13601.00;0.01;13601;0.01;13601;0.02;17497;True;17497.00;0.03;17497;0.03;17497;0.02;12309;True;12309.00;0.01;12309;0.01;12309;0.02;11905;True;11905.00;0.02;11905;0.01;11905;0.01;12514;True;12514.00;0.02;12514;0.02;12514;0.02;11334;True;11334.00;0.02;11334;0.02;11334;0.02
30;70;39;14476;True;14476.00;0.00;14476;0.00;14476;0.01;18552;True;18552.00;0.01;18552;0.01;18552;0.01;13032;True;13032.00;0.01;13032;0.01;13032;0.01;12525;True;12525.00;0.02;12525;0.02;12525;0.02;13028;True;13028.00;0.04;13028;0.02;13028;0.02;11918;True;11918.00;0.02;11918;0.02;11918;0.02
30;80;0;15262;True;15262.00;0.02;15262;0.02;15262;0.02;19575;True;19575.00;0.02;19575;0.02;19575;0.02;14236;True;14236.00;0.05;14236;0.05;14236;0.05;13697;True;13697.00;0.05;13697;0.05;13697;0.05;13972;True;13972.00;0.04;13972;0.04;13972;0.04;12998;True;12998.00;0.04;12998;0.03;12998;0.03
30;80;1;13305;True;13305.00;5.70;13305;0.64;13305;4.41;17241;True;17241.00;0.34;17241;0.34;17241;0.38;12250;True;12250.00;0.61;12250;0.16;12250;0.13;11804;True;11804.00;0.36;11804;0.10;11804;0.11;12284;True;12284.00;1.40;12284;0.74;12284;1.01;11307;True;11307.00;0.67;11307;0.36;11307;0.37
30;80;2;14407;True;14407.00;0.24;14407;0.61;14407;0.19;18784;True;18784.00;0.03;18784;0.03;18784;0.21;13044;True;13044.00;0.05;13044;0.05;13044;0.06;12767;True;12767.00;0.41;12767;0.59;12767;0.16;13313;True;13313.00;0.06;13313;0.07;13313;0.15;12193;True;12193.00;0.20;12193;0.69;12193;0.15
30;80;3;16571;True;16571.00;0.01;16571;0.01;16571;0.01;20994;True;20994.00;0.01;20994;0.01;20994;0.01;15151;True;15151.00;0.11;15151;0.06;15151;0.06;14582;True;14582.00;0.02;14582;0.02;14582;0.02;14964;True;14964.00;0.02;14964;0.01;14964;0.01;13854;True;13854.00;0.02;13854;0.03;13854;0.02
30;80;4;14550;False;14533.50;TL;14550;0.19;14550;120.00;18542;True;18542.00;11.28;18549;0.10;18542;56.46;13629;True;13629.00;3.05;13629;0.11;13629;4.55;13130;True;13130.00;9.94;13130;0.13;13130;120.00;13507;False;13499.50;TL;13508;0.10;13509;120.00;12435;True;12435.00;2202.82;12452;0.10;12441;120.00
30;80;5;14696;True;14696.00;1.25;14701;0.71;14696;120.00;18599;True;18599.00;0.12;18599;0.12;18599;0.04;13557;True;13557.00;0.03;13557;0.03;13557;0.03;13133;True;13133.00;0.51;13133;0.23;13133;0.13;13441;True;13441.00;0.95;13441;0.39;13441;1.23;12451;True;12451.00;1.37;12452;0.56;12451;1.09
30;80;6;14383;True;14383.00;0.74;14383;0.13;14383;0.12;18659;True;18659.00;0.15;18659;0.05;18659;0.07;13095;True;13095.00;0.71;13095;0.10;13095;0.12;12608;True;12608.00;0.27;12609;0.12;12608;0.10;13122;True;13122.00;1.11;13122;0.22;13122;0.76;12029;True;12029.00;0.19;12029;0.08;12029;0.09
30;80;7;14206;True;14206.00;0.32;14206;0.08;14206;0.07;18193;True;18193.00;0.60;18193;0.25;18193;0.26;13201;True;13201.00;1.10;13201;0.40;13201;0.55;12727;True;12727.00;0.03;12727;0.04;12727;0.15;12930;True;12930.00;0.03;12930;0.03;12930;0.03;12080;True;12080.00;0.05;12080;0.05;12080;0.16
30;80;8;14863;True;14863.00;1.36;14863;0.55;14863;0.52;19128;True;19128.00;0.56;19128;0.25;19128;0.22;14061;True;14061.00;0.12;14061;0.07;14061;0.06;13517;True;13517.00;0.02;13517;0.03;13517;0.02;13793;True;13793.00;0.41;13793;0.16;13793;0.29;12790;True;12790.00;0.92;12790;0.47;12790;0.33
30;80;9;16110;True;16110.00;0.02;16110;0.01;16110;0.21;20765;True;20765.00;0.02;20765;0.01;20765;0.12;15285;True;15285.00;0.02;15285;0.02;15285;0.01;14755;True;14755.00;0.02;14755;0.02;14755;0.02;14934;True;14934.00;0.01;14934;0.01;14934;0.02;13845;True;13845.00;0.03;13845;0.03;13845;0.03
30;80;10;17515;True;17513.00;TL;17515;0.71;17515;3.18;21841;True;21841.00;0.99;21841;0.16;21841;0.28;15648;True;15648.00;0.02;15648;0.02;15648;0.02;15155;True;15155.00;1.40;15155;0.16;15155;0.62;15785;True;15785.00;0.07;15785;0.07;15785;0.08;14391;True;14391.00;0.58;14391;0.23;14391;0.31
30;80;11;16442;True;16442.00;0.01;16442;0.00;16442;0.01;20336;True;20336.00;0.01;20336;0.01;20336;0.01;15258;True;15258.00;0.01;15258;0.02;15258;0.02;14600;True;14600.00;0.01;14600;0.01;14600;0.02;14781;True;14781.00;0.01;14781;0.01;14781;0.01;13761;True;13761.00;0.02;13761;0.02;13761;0.02
30;80;12;15232;True;15232.00;1.23;15232;0.42;15232;1.58;19630;True;19630.00;0.02;19630;0.02;19630;0.02;14178;True;14178.00;0.02;14178;0.02;14178;0.02;13652;True;13652.00;0.02;13652;0.02;13652;0.02;14044;True;14044.00;0.02;14044;0.02;14044;0.02;12805;True;12805.00;0.03;12805;0.03;12805;0.03
30;80;13;13834;True;13834.00;0.20;13834;0.11;13834;0.09;17182;True;17182.00;0.95;17182;0.15;17182;0.23;12398;True;12398.00;0.18;12398;0.10;12398;0.09;12062;True;12062.00;0.19;12062;0.11;12062;0.09;12561;True;12561.00;0.97;12562;0.21;12561;0.34;11478;True;11478.00;0.83;11478;0.18;11478;0.30
30;80;14;15841;True;15841.00;0.04;15841;0.04;15841;0.04;20598;True;20598.00;0.02;20598;0.02;20598;0.02;15040;True;15040.00;0.02;15040;0.02;15040;0.02;14499;True;14499.00;0.02;14499;0.02;14499;0.03;14692;True;14692.00;0.02;14692;0.02;14692;0.02;13619;True;13619.00;0.04;13619;0.03;13619;0.03
30;80;15;17175;True;17175.00;0.01;17175;0.00;17175;0.01;22624;True;22624.00;0.01;22624;0.01;22624;0.01;15486;True;15486.00;0.01;15486;0.01;15486;0.01;14993;True;14993.00;0.02;14993;0.01;14993;0.01;15742;True;15742.00;0.01;15742;0.01;15742;0.01;14175;True;14175.00;0.03;14175;0.02;14175;0.02
30;80;16;15026;True;15026.00;0.03;15026;0.03;15026;0.02;20070;True;20070.00;0.03;20070;0.02;20070;0.08;14116;True;14116.00;0.31;14116;0.25;14116;0.27;13491;True;13491.00;0.19;13491;0.18;13491;0.11;13883;True;13883.00;0.64;13883;0.28;13883;0.74;12792;True;12792.00;0.06;12792;0.06;12792;0.16
30;80;17;16551;True;16551.00;0.01;16551;0.01;16551;0.02;20636;True;20636.00;0.02;20636;0.02;20636;0.02;14700;True;14700.00;0.01;14700;0.01;14700;0.01;14191;True;14191.00;0.02;14191;0.02;14191;0.02;14897;True;14897.00;0.01;14897;0.01;14897;0.02;13545;True;13545.00;0.02;13545;0.02;13545;0.02
30;80;18;16317;True;16317.00;0.02;16317;0.02;16317;0.09;20693;True;20693.00;0.03;20693;0.03;20693;0.05;15209;True;15209.00;0.03;15209;0.03;15209;0.02;14550;True;14550.00;0.03;14550;0.03;14550;0.03;14987;True;14987.00;0.03;14987;0.03;14987;0.10;13805;True;13805.00;0.05;13805;0.05;13805;0.04
30;80;19;16872;True;16872.00;0.03;16872;0.03;16872;0.03;21262;True;21262.00;0.01;21262;0.02;21262;0.01;15238;True;15238.00;0.02;15238;0.02;15238;0.02;14742;True;14742.00;0.01;14742;0.02;14742;0.02;15293;True;15293.00;0.03;15293;0.03;15293;0.04;13961;True;13961.00;0.02;13961;0.03;13961;0.03
30;80;20;17020;True;17020.00;0.01;17020;0.01;17020;0.02;21119;True;21119.00;0.01;21119;0.01;21119;0.01;15370;True;15370.00;0.01;15370;0.01;15370;0.01;14774;True;14774.00;0.01;14774;0.01;14774;0.01;15254;True;15254.00;0.01;15254;0.02;15254;0.01;13963;True;13963.00;0.02;13963;0.02;13963;0.02
30;80;21;16983;True;16983.00;0.01;16983;0.01;16983;0.01;21573;True;21573.00;0.01;21573;0.01;21573;0.01;15101;True;15101.00;0.01;15101;0.01;15101;0.01;14541;True;14541.00;0.02;14541;0.02;14541;0.02;15164;True;15164.00;0.01;15164;0.01;15164;0.01;13904;True;13904.00;0.03;13904;0.02;13904;0.02
30;80;22;15313;True;15313.00;1.29;15313;0.65;15313;4.00;19410;True;19410.00;0.02;19410;0.03;19410;0.02;14168;True;14168.00;0.03;14168;0.03;14168;0.03;13589;True;13589.00;0.03;13589;0.03;13589;0.03;14022;True;14022.00;0.03;14022;0.02;14022;0.03;13038;True;13038.00;0.05;13038;0.04;13038;0.04
30;80;23;15750;True;15750.00;0.03;15750;0.03;15750;0.03;20396;True;20396.00;0.05;20396;0.05;20396;0.05;14546;True;14546.00;0.03;14546;0.03;14546;0.03;14067;True;14067.00;0.12;14069;0.07;14067;0.06;14499;True;14499.00;0.01;14499;0.01;14499;0.02;13417;True;13417.00;0.04;13417;0.04;13417;0.04
30;80;24;16472;True;16472.00;0.74;16472;0.19;16472;2.49;20466;True;20466.00;0.18;20466;0.18;20466;0.17;14953;True;14953.00;0.56;14953;0.05;14953;0.31;14325;True;14325.00;4.96;14325;0.06;14325;4.56;14945;True;14945.00;1.72;14945;0.08;14945;3.11;13560;True;13560.00;0.33;13560;0.24;13560;0.27
30;80;25;15020;True;15020.00;0.03;15020;0.03;15020;0.03;19953;True;19953.00;0.02;19953;0.01;19953;0.01;14181;True;14181.00;0.02;14181;0.02;14181;0.02;13716;True;13716.00;0.06;13716;0.05;13716;0.03;13806;True;13806.00;0.02;13806;0.02;13806;0.02;12886;True;12886.00;0.03;12886;0.03;12886;0.02
30;80;26;15614;True;15614.00;0.03;15614;0.02;15614;0.03;20129;True;20129.00;0.01;20129;0.02;20129;0.02;14444;True;14444.00;0.01;14444;0.01;14444;0.01;13919;True;13919.00;0.01;13919;0.02;13919;0.02;14235;True;14235.00;0.01;14235;0.01;14235;0.01;13311;True;13311.00;0.02;13311;0.02;13311;0.02
30;80;27;15946;True;15946.00;0.01;15946;0.01;15946;0.01;20131;True;20131.00;0.02;20131;0.02;20131;0.02;14765;True;14765.00;0.01;14765;0.02;14765;0.01;14157;True;14157.00;0.02;14157;0.02;14157;0.03;14481;True;14481.00;0.01;14481;0.01;14481;0.02;13340;True;13340.00;0.03;13340;0.03;13340;0.02
30;80;28;14450;True;14450.00;0.30;14450;0.57;14450;0.41;18729;True;18729.00;0.04;18729;0.05;18729;0.05;13374;True;13374.00;0.05;13374;0.05;13374;0.05;12859;True;12859.00;0.10;12859;0.12;12859;0.10;13371;True;13371.00;0.95;13371;0.52;13371;0.20;12234;True;12234.00;0.08;12234;0.08;12234;0.08
30;80;29;15618;True;15618.00;0.02;15618;0.02;15618;0.02;19550;True;19550.00;0.01;19550;0.01;19550;0.01;14639;True;14639.00;0.01;14639;0.02;14639;0.02;14075;True;14075.00;0.24;14075;0.07;14075;0.05;14270;True;14270.00;0.10;14270;0.05;14270;0.09;13191;True;13191.00;0.02;13191;0.02;13191;0.02
30;80;30;16680;True;16680.00;0.01;16680;0.01;16680;0.01;21284;True;21284.00;0.03;21284;0.03;21284;0.03;14807;True;14807.00;0.02;14807;0.02;14807;0.02;14280;True;14280.00;0.02;14280;0.02;14280;0.02;15006;True;15006.00;0.05;15006;0.04;15006;0.03;13648;True;13648.00;0.03;13648;0.03;13648;0.02
30;80;31;14669;True;14669.00;0.04;14669;0.03;14669;0.03;18937;True;18937.00;0.02;18937;0.02;18937;0.02;13362;True;13362.00;0.50;13362;0.27;13362;0.22;12809;True;12809.00;0.02;12809;0.02;12809;0.02;13337;True;13337.00;0.17;13337;0.07;13337;0.08;12256;True;12256.00;0.20;12256;0.11;12256;0.11
30;80;32;15695;True;15695.00;0.01;15695;0.01;15695;0.01;19874;True;19874.00;0.01;19874;0.01;19874;0.01;14807;True;14807.00;0.03;14807;0.03;14807;0.06;14220;True;14220.00;0.03;14220;0.04;14220;0.09;14569;True;14569.00;0.03;14569;0.03;14569;0.07;13416;True;13416.00;0.06;13416;0.06;13416;0.05
30;80;33;14824;True;14824.00;0.02;14824;0.02;14824;0.02;19157;True;19157.00;0.01;19157;0.01;19157;0.01;13887;True;13887.00;0.21;13887;0.05;13887;0.04;13511;True;13511.00;0.02;13511;0.02;13511;0.02;13802;True;13802.00;0.15;13802;0.07;13802;0.07;12864;True;12864.00;0.04;12864;0.04;12864;0.03
30;80;34;15447;True;15447.00;0.11;15447;0.06;15447;0.06;19398;True;19398.00;0.02;19398;0.02;19398;0.02;14399;True;14399.00;0.03;14399;0.04;14399;0.03;13663;True;13663.00;0.25;13665;0.07;13663;0.10;14140;True;14140.00;0.03;14140;0.02;14140;0.03;12948;True;12948.00;0.05;12948;0.05;12948;0.04
30;80;35;14767;True;14767.00;0.25;14767;0.22;14767;0.17;19141;True;19141.00;0.04;19141;0.05;19141;0.10;13481;True;13481.00;0.29;13481;0.11;13481;0.11;12962;True;12962.00;0.03;12962;0.03;12962;0.04;13343;True;13343.00;0.19;13345;0.15;13343;0.13;12366;True;12366.00;0.04;12366;0.04;12366;0.04
30;80;36;15558;True;15558.00;0.28;15558;0.06;15558;0.13;20142;True;20142.00;0.13;20144;0.05;20142;0.05;14589;True;14589.00;0.02;14589;0.02;14589;0.02;13983;True;13983.00;0.02;13983;0.02;13983;0.02;14243;True;14243.00;0.12;14243;0.05;14243;0.04;13281;True;13281.00;0.03;13281;0.04;13281;0.03
30;80;37;13406;True;13406.00;0.28;13406;0.15;13406;0.29;17221;True;17221.00;0.04;17221;0.04;17221;0.16;12488;True;12488.00;0.06;12488;0.06;12488;0.07;12021;True;12021.00;0.23;12021;0.15;12021;0.12;12343;True;12343.00;0.25;12343;0.14;12343;0.16;11396;True;11396.00;0.03;11396;0.04;11396;0.04
30;80;38;15006;True;15006.00;0.42;15006;0.16;15006;0.17;19889;True;19889.00;0.03;19889;0.02;19889;0.58;14537;True;14537.00;0.02;14537;0.02;14537;0.02;13799;True;13799.00;0.02;13799;0.03;13799;0.03;14051;True;14051.00;0.57;14051;0.19;14051;0.28;13065;True;13065.00;0.16;13065;0.08;13065;0.06
30;80;39;15140;True;15140.00;0.41;15140;0.07;15140;0.58;19074;True;19074.00;0.02;19074;0.03;19074;0.03;14132;True;14132.00;0.19;14137;0.07;14132;0.05;13525;True;13525.00;0.03;13525;0.03;13525;0.03;13995;True;13995.00;0.21;13995;0.21;13995;0.22;12777;True;12777.00;0.04;12777;0.04;12777;0.03
30;90;0;15803;True;15803.00;0.47;15803;0.24;15803;0.19;20567;True;20567.00;0.21;20567;0.09;20567;0.08;14385;True;14385.00;0.04;14385;0.03;14385;0.03;13888;True;13888.00;0.07;13888;0.06;13888;0.07;14387;True;14387.00;0.66;14387;0.15;14387;0.25;13195;True;13195.00;0.04;13195;0.04;13195;0.05
30;90;1;18141;True;18141.00;0.02;18141;0.03;18141;0.03;22571;True;22571.00;0.02;22571;0.02;22571;0.02;16922;True;16922.00;0.02;16922;0.03;16922;0.03;16262;True;16262.00;0.03;16262;0.03;16262;0.03;16442;True;16442.00;0.02;16442;0.02;16442;0.03;15260;True;15260.00;0.04;15260;0.05;15260;0.05
30;90;2;18416;True;18416.00;0.14;18416;0.09;18416;0.08;23482;True;23482.00;0.01;23482;0.01;23482;0.01;16666;True;16666.00;0.03;16666;0.03;16666;0.04;16122;True;16122.00;0.05;16122;0.05;16122;0.05;16697;True;16697.00;0.03;16697;0.03;16697;0.04;15370;True;15370.00;0.04;15370;0.04;15370;0.04
30;90;3;16713;True;16713.00;0.05;16713;0.06;16713;0.06;21713;True;21713.00;0.41;21713;0.28;21713;0.26;15600;True;15600.00;0.24;15600;0.26;15600;0.11;15026;True;15026.00;0.08;15026;0.08;15026;0.08;15344;True;15344.00;0.31;15344;0.69;15344;0.18;14263;True;14263.00;0.05;14263;0.06;14263;0.06
30;90;4;17448;True;17448.00;0.24;17448;0.22;17448;0.15;22126;True;22126.00;0.15;22134;0.13;22126;0.11;15891;True;15891.00;0.03;15891;0.02;15891;0.03;15277;True;15277.00;0.03;15277;0.03;15277;0.03;15742;True;15742.00;0.03;15742;0.03;15742;0.04;14446;True;14446.00;0.05;14446;0.05;14446;0.05
30;90;5;16399;True;16399.00;2.24;16399;0.89;16399;120.00;20489;True;20489.00;0.04;20489;0.04;20489;0.04;14900;True;14900.00;0.06;14900;0.05;14900;0.06;14286;True;14286.00;1.23;14289;0.47;14286;0.61;14907;True;14907.00;0.26;14907;1.00;14907;0.24;13514;True;13514.00;1.51;13514;0.78;13514;0.56
30;90;6;14104;True;14104.00;1.38;14113;1.14;14104;2.30;18429;True;18429.00;1.74;18432;1.19;18429;0.64;12990;True;12990.00;0.75;12991;0.94;12990;0.37;12577;True;12577.00;0.99;12577;1.25;12577;0.42;13006;True;13006.00;0.39;13011;0.45;13006;0.19;12141;True;12141.00;0.70;12141;1.02;12141;0.43
30;90;7;15505;True;15505.00;0.05;15505;0.05;15505;0.06;20242;True;20242.00;0.24;20242;0.16;20242;0.11;14583;True;14583.00;0.36;14588;0.76;14583;0.25;14015;True;14015.00;0.06;14015;0.05;14015;0.06;14374;True;14374.00;0.59;14374;0.21;14374;0.56;13289;True;13289.00;0.08;13289;0.08;13289;0.08
30;90;8;16744;True;16744.00;0.03;16744;0.03;16744;0.03;20931;True;20931.00;0.68;20932;0.13;20931;0.18;15921;True;15921.00;0.04;15921;0.04;15921;0.05;15210;True;15210.00;0.07;15210;0.06;15210;0.08;15500;True;15500.00;0.07;15500;0.08;15500;0.09;14330;True;14330.00;0.04;14330;0.04;14330;0.04
30;90;9;17495;True;17495.00;0.03;17495;0.03;17495;0.04;22610;True;22610.00;0.80;22610;0.19;22610;0.24;16127;True;16127.00;0.03;16127;0.03;16127;0.04;15554;True;15554.00;0.29;15554;0.16;15554;0.08;15949;True;15949.00;0.03;15949;0.03;15949;0.14;14784;True;14784.00;0.64;14784;0.57;14784;0.53
30;90;10;18188;True;18188.00;0.02;18188;0.01;18188;0.02;23205;True;23205.00;0.02;23205;0.01;23205;0.02;16503;True;16503.00;0.02;16503;0.02;16503;0.03;15945;True;15945.00;0.03;15945;0.03;15945;0.03;16745;True;16745.00;0.05;16745;0.05;16745;0.09;15228;True;15228.00;0.03;15228;0.04;15228;0.03
30;90;11;17734;True;17734.00;0.35;17734;0.31;17734;0.34;22472;True;22472.00;0.02;22472;0.02;22472;0.02;16074;True;16074.00;0.02;16074;0.02;16074;0.02;15579;True;15579.00;0.02;15579;0.02;15579;0.02;16116;True;16116.00;0.02;16116;0.02;16116;0.02;14904;True;14904.00;0.03;14904;0.03;14904;0.03
30;90;12;16154;True;16154.00;0.02;16154;0.01;16154;0.01;20575;True;20575.00;0.02;20575;0.02;20575;0.02;14999;True;14999.00;0.03;14999;0.03;14999;0.03;14373;True;14373.00;0.16;14373;0.06;14373;0.07;14691;True;14691.00;0.04;14691;0.04;14691;0.04;13582;True;13582.00;0.19;13582;0.10;13582;0.10
30;90;13;15985;True;15985.00;1.39;15988;0.21;15985;120.00;20189;True;20189.00;0.26;20189;0.16;20189;0.18;14549;True;14549.00;0.05;14549;0.05;14549;0.07;14020;True;14020.00;0.11;14020;0.11;14020;0.12;14484;True;14484.00;0.32;14484;0.14;14484;0.09;13500;True;13500.00;0.23;13500;0.13;13500;0.13
30;90;14;16643;True;16643.00;0.03;16643;0.02;16643;0.09;21077;True;21077.00;0.03;21077;0.03;21077;0.05;15411;True;15411.00;0.04;15411;0.04;15411;0.10;14846;True;14846.00;0.05;14846;0.04;14846;0.05;15321;True;15321.00;0.04;15321;0.05;15321;0.16;13969;True;13969.00;0.10;13969;0.10;13969;0.14
30;90;15;18259;True;18259.00;0.01;18259;0.01;18259;0.01;23637;True;23637.00;0.01;23637;0.01;23637;0.01;17002;True;17002.00;0.02;17002;0.02;17002;0.02;16272;True;16272.00;0.02;16272;0.02;16272;0.02;16791;True;16791.00;0.02;16791;0.02;16791;0.02;15488;True;15488.00;0.02;15488;0.03;15488;0.02
30;90;16;19422;True;19422.00;0.01;19422;0.01;19422;0.01;24807;True;24807.00;0.02;24807;0.02;24807;0.02;17839;True;17839.00;0.02;17839;0.02;17839;0.02;17286;True;17286.00;0.02;17286;0.02;17286;0.02;17861;True;17861.00;0.02;17861;0.01;17861;0.01;16440;True;16440.00;0.03;16440;0.03;16440;0.03
30;90;17;17580;True;17580.00;0.05;17580;0.06;17580;0.06;22422;True;22422.00;0.02;22422;0.02;22422;0.02;16479;True;16479.00;0.04;16479;0.04;16479;0.07;15672;True;15672.00;0.16;15672;0.07;15672;0.07;15984;True;15984.00;0.02;15984;0.02;15984;0.02;14723;True;14723.00;0.22;14723;0.07;14723;0.08
30;90;18;18921;True;18921.00;0.01;18921;0.01;18921;0.01;23870;True;23870.00;0.01;23870;0.01;23870;0.01;16936;True;16936.00;0.01;16936;0.01;16936;0.01;16381;True;16381.00;0.02;16381;0.02;16381;0.02;16998;True;16998.00;0.03;16998;0.03;16998;0.03;15615;True;15615.00;0.02;15615;0.03;15615;0.03
30;90;19;17854;True;17854.00;0.02;17854;0.02;17854;0.02;22773;True;22773.00;0.02;22773;0.02;22773;0.02;16487;True;16487.00;0.03;16487;0.03;16487;0.04;15880;True;15880.00;0.02;15880;0.02;15880;0.02;16376;True;16376.00;0.02;16376;0.02;16376;0.02;15049;True;15049.00;0.03;15049;0.03;15049;0.03
30;90;20;18960;True;18960.00;0.01;18960;0.01;18960;0.01;24156;True;24156.00;0.01;24156;0.01;24156;0.01;17083;True;17083.00;0.02;17083;0.02;17083;0.02;16609;True;16609.00;0.02;16609;0.02;16609;0.01;17570;True;17570.00;0.01;17570;0.01;17570;0.01;15875;True;15875.00;0.02;15875;0.02;15875;0.02
30;90;21;16738;True;16738.00;0.73;16738;0.51;16738;1.02;21510;True;21510.00;0.04;21510;0.04;21510;0.10;15524;True;15524.00;0.08;15524;0.08;15524;0.21;14909;True;14909.00;0.45;14909;0.19;14909;0.17;15625;True;15625.00;0.02;15625;0.02;15625;0.03;14244;True;14244.00;0.37;14244;0.23;14244;0.20
30;90;22;15951;True;15951.00;0.12;15951;0.14;15951;0.07;20626;True;20626.00;0.17;20626;0.12;20626;0.11;14925;True;14925.00;0.35;14925;0.27;14925;0.32;14305;True;14305.00;0.04;14305;0.04;14305;0.04;14568;True;14568.00;0.35;14570;0.73;14568;0.19;13698;True;13698.00;0.23;13698;0.26;13698;0.17
30;90;23;17182;True;17182.00;87.09;17182;0.14;17182;120.00;21645;True;21645.00;0.63;21655;0.50;21645;0.32;15878;True;15878.00;0.20;15878;0.16;15878;0.27;15177;True;15177.00;0.20;15177;0.18;15177;0.18;15565;True;15565.00;3.48;15565;0.66;15565;23.56;14464;True;14464.00;1.25;14464;0.52;14464;3.79
30;90;24;15888;True;15888.00;0.02;15888;0.02;15888;0.02;20593;True;20593.00;0.02;20593;0.02;20593;0.02;15583;True;15583.00;0.04;15583;0.04;15583;0.04;14852;True;14852.00;0.03;14852;0.03;14852;0.03;14825;True;14825.00;0.02;14825;0.03;14825;0.02;13946;True;13946.00;0.06;13946;0.06;13946;0.06
30;90;25;15989;True;15989.00;0.02;15989;0.02;15989;0.02;20462;True;20462.00;0.35;20462;0.09;20462;0.09;14998;True;14998.00;0.18;15001;0.08;14998;0.10;14416;True;14416.00;0.03;14416;0.02;14416;0.03;14526;True;14526.00;0.05;14526;0.05;14526;0.05;13614;True;13614.00;0.48;13614;0.14;13614;0.19
30;90;26;16380;True;16380.00;0.05;16380;0.05;16380;0.04;20525;True;20525.00;0.38;20525;0.12;20525;0.15;14752;True;14752.00;0.05;14752;0.04;14752;0.05;14291;True;14291.00;0.07;14291;0.07;14291;0.07;14762;True;14762.00;0.30;14762;0.35;14762;0.16;13600;True;13600.00;0.07;13600;0.08;13600;0.09
30;90;27;16094;True;16094.00;0.03;16094;0.03;16094;0.03;21088;True;21088.00;0.63;21088;0.23;21088;0.26;14799;True;14799.00;1.04;14800;0.26;14799;0.32;14099;True;14099.00;0.07;14099;0.07;14099;0.07;14438;True;14438.00;0.03;14438;0.03;14438;0.04;13148;True;13148.00;0.36;13148;0.11;13148;0.11
30;90;28;17224;True;17224.00;0.19;17224;0.09;17224;0.19;22403;True;22403.00;0.19;22403;0.12;22403;0.09;15340;True;15340.00;0.39;15340;0.10;15340;0.28;14854;True;14854.00;0.41;14854;0.15;14854;0.34;15510;True;15510.00;0.05;15510;0.05;15510;0.06;14197;True;14197.00;0.08;14197;0.08;14197;0.08
30;90;29;17674;True;17674.00;0.02;17674;0.02;17674;0.02;23201;True;23201.00;0.03;23201;0.03;23201;0.06;16413;True;16413.00;0.03;16413;0.03;16413;0.03;15855;True;15855.00;0.03;15855;0.02;15855;0.03;16211;True;16211.00;0.05;16211;0.06;16211;0.12;15009;True;15009.00;0.08;15009;0.08;15009;0.08
30;90;30;21409;True;21409.00;0.03;21409;0.04;21409;0.03;27295;True;27295.00;0.01;27295;0.02;27295;0.02;18741;True;18741.00;0.02;18741;0.02;18741;0.02;18186;True;18186.00;0.02;18186;0.02;18186;0.02;19128;True;19128.00;0.01;19128;0.01;19128;0.02;17311;True;17311.00;0.03;17311;0.03;17311;0.03
30;90;31;17529;True;17529.00;0.30;17529;0.06;17529;120.00;22560;True;22560.00;0.17;22560;0.08;22560;0.08;15825;True;15825.00;0.03;15825;0.03;15825;0.03;15278;True;15278.00;0.03;15278;0.02;15278;0.02;15976;True;15976.00;0.18;15976;0.07;15976;0.09;14656;True;14656.00;0.31;14656;0.19;14656;0.12
30;90;32;15652;True;15652.00;0.53;15652;0.12;15652;0.46;20374;True;20374.00;0.98;20374;0.29;20374;0.70;14371;True;14371.00;0.28;14371;0.27;14371;0.14;13860;True;13860.00;0.47;13860;0.44;13860;0.30;14141;True;14141.00;0.07;14141;0.07;14141;0.08;13184;True;13184.00;0.44;13184;0.25;13184;0.23
30;90;33;18065;True;18065.00;0.01;18065;0.01;18065;0.01;22682;True;22682.00;0.01;22682;0.01;22682;0.01;15884;True;15884.00;0.02;15884;0.02;15884;0.02;15484;True;15484.00;0.10;15484;0.05;15484;0.06;16330;True;16330.00;0.02;16330;0.02;16330;0.02;14723;True;14723.00;0.03;14723;0.03;14723;0.03
30;90;34;17956;True;17956.00;0.02;17956;0.02;17956;0.02;22711;True;22711.00;0.03;22711;0.02;22711;0.02;16710;True;16710.00;0.04;16710;0.03;16710;0.04;16096;True;16096.00;0.05;16096;0.04;16096;0.03;16387;True;16387.00;0.06;16387;0.06;16387;0.05;15050;True;15050.00;0.04;15050;0.04;15050;0.04
30;90;35;18575;True;18575.00;0.01;18575;0.01;18575;0.01;23266;True;23266.00;0.01;23266;0.01;23266;0.01;16806;True;16806.00;0.02;16806;0.02;16806;0.02;16039;True;16039.00;0.02;16039;0.02;16039;0.02;16665;True;16665.00;0.01;16665;0.02;16665;0.01;15162;True;15162.00;0.02;15162;0.03;15162;0.03
30;90;36;17541;True;17541.00;0.16;17541;0.07;17541;0.07;22380;True;22380.00;0.04;22380;0.04;22380;0.03;16035;True;16035.00;0.02;16035;0.02;16035;0.02;15509;True;15509.00;0.02;15509;0.02;15509;0.02;15906;True;15906.00;0.02;15906;0.02;15906;0.02;14755;True;14755.00;0.09;14755;0.05;14755;0.05
30;90;37;17772;True;17772.00;0.02;17772;0.02;17772;0.04;22827;True;22827.00;0.02;22827;0.02;22827;0.02;16312;True;16312.00;0.03;16312;0.02;16312;0.03;15719;True;15719.00;0.03;15719;0.03;15719;0.03;16081;True;16081.00;0.02;16081;0.03;16081;0.03;14894;True;14894.00;0.05;14894;0.05;14894;0.05
30;90;38;17491;True;17481.00;TL;17491;0.07;17491;120.00;22503;True;22503.00;0.86;22503;0.04;22503;0.37;16172;True;16172.00;0.02;16172;0.02;16172;0.03;15665;True;15665.00;0.04;15665;0.03;15665;0.04;15945;True;15945.00;6.21;15945;0.09;15945;120.00;14980;True;14980.00;0.79;14980;0.10;14980;3.44
30;90;39;16962;True;16962.00;0.02;16962;0.03;16962;0.02;21517;True;21517.00;0.26;21517;0.07;21517;0.07;15593;True;15593.00;0.02;15593;0.02;15593;0.02;15083;True;15083.00;0.03;15083;0.03;15083;0.03;15517;True;15517.00;0.02;15517;0.02;15517;0.02;14291;True;14291.00;0.04;14291;0.05;14291;0.05
30;100;0;20160;True;20160.00;0.01;20160;0.01;20160;0.01;25110;True;25110.00;0.05;25110;0.05;25110;0.04;18314;True;18314.00;0.04;18314;0.03;18314;0.05;17765;True;17765.00;0.05;17765;0.04;17765;0.08;18187;True;18187.00;0.02;18187;0.03;18187;0.03;16821;True;16821.00;0.04;16821;0.04;16821;0.04
30;100;1;16401;True;16401.00;1.26;16401;0.74;16401;0.53;21121;True;21121.00;0.40;21121;0.53;21121;0.34;15338;True;15338.00;0.39;15338;0.90;15338;0.18;14741;True;14741.00;1.81;14741;0.97;14741;1.13;15262;True;15262.00;0.95;15265;1.57;15262;0.61;13940;True;13940.00;0.11;13940;0.12;13940;0.28
30;100;2;20408;True;20408.00;0.04;20408;0.05;20408;0.03;25304;True;25304.00;0.02;25304;0.02;25304;0.02;18103;True;18103.00;0.04;18103;0.05;18103;0.06;17452;True;17452.00;0.02;17452;0.02;17452;0.03;18330;True;18330.00;0.02;18330;0.02;18330;0.02;16569;True;16569.00;0.04;16569;0.04;16569;0.04
30;100;3;18202;True;18202.00;0.07;18202;0.07;18202;0.07;23572;True;23572.00;0.04;23572;0.04;23572;0.05;17196;True;17196.00;0.07;17196;0.08;17196;0.06;16528;True;16528.00;0.39;16528;0.23;16528;0.18;16869;True;16869.00;0.31;16869;0.83;16869;0.20;15622;True;15622.00;0.74;15624;0.64;15622;0.31
30;100;4;17385;True;17385.00;1.31;17390;1.20;17385;120.00;22209;True;22209.00;4.34;22212;0.65;22209;6.34;15883;True;15883.00;1.09;15883;1.19;15883;0.76;15376;True;15376.00;5.68;15377;0.89;15376;6.27;15850;True;15850.00;1.69;15850;1.59;15850;0.82;14425;True;14425.00;1.56;14425;1.50;14425;0.87
30;100;5;21913;True;21913.00;0.01;21913;0.01;21913;0.01;27941;True;27941.00;0.02;27941;0.02;27941;0.02;20035;True;20035.00;0.02;20035;0.02;20035;0.02;19243;True;19243.00;0.02;19243;0.02;19243;0.02;19912;True;19912.00;0.01;19912;0.02;19912;0.02;18248;True;18248.00;0.03;18248;0.03;18248;0.03
30;100;6;19113;True;19113.00;0.14;19113;0.10;19113;0.08;24004;True;24004.00;0.04;24004;0.04;24004;0.04;17337;True;17337.00;0.02;17337;0.03;17337;0.03;16814;True;16814.00;0.04;16814;0.04;16814;0.04;17394;True;17394.00;0.03;17394;0.04;17394;0.04;15803;True;15803.00;0.05;15803;0.05;15803;0.05
30;100;7;18418;True;18418.00;0.06;18418;0.07;18418;0.06;23555;True;23555.00;0.07;23555;0.06;23555;0.07;17166;True;17166.00;0.53;17166;0.42;17166;0.28;16441;True;16441.00;0.09;16441;0.09;16441;0.12;16756;True;16756.00;0.06;16756;0.07;16756;0.06;15626;True;15626.00;1.66;15627;0.86;15626;0.47
30;100;8;17873;True;17873.00;0.04;17873;0.04;17873;0.04;23782;True;23782.00;0.05;23782;0.05;23782;0.06;16600;True;16600.00;0.06;16600;0.07;16600;0.06;15882;True;15882.00;1.18;15884;0.68;15882;0.59;16423;True;16423.00;0.57;16423;0.16;16423;0.19;15115;True;15115.00;0.34;15115;0.23;15115;0.26
30;100;9;19887;True;19887.00;1.23;19887;0.70;19887;120.00;25851;True;25851.00;0.28;25851;0.09;25851;0.12;18125;True;18125.00;0.60;18125;0.47;18125;0.68;17309;True;17309.00;0.26;17309;0.09;17309;0.17;17895;True;17895.00;7.59;17895;0.21;17895;93.59;16417;True;16417.00;1.99;16417;0.32;16417;2.95
30;100;10;19567;True;19567.00;0.07;19567;0.06;19567;0.04;24956;True;24956.00;0.02;24956;0.02;24956;0.02;17978;True;17978.00;0.02;17978;0.02;17978;0.02;17330;True;17330.00;0.02;17330;0.03;17330;0.03;17767;True;17767.00;0.02;17767;0.02;17767;0.02;16536;True;16536.00;0.03;16536;0.04;16536;0.04
30;100;11;21352;True;21352.00;0.01;21352;0.01;21352;0.01;27001;True;27001.00;0.02;27001;0.01;27001;0.01;19366;True;19366.00;0.02;19366;0.03;19366;0.02;18592;True;18592.00;0.02;18592;0.02;18592;0.02;19242;True;19242.00;0.02;19242;0.02;19242;0.02;17647;True;17647.00;0.03;17647;0.03;17647;0.03
30;100;12;21991;True;21991.00;0.02;21991;0.02;21991;0.02;27871;True;27871.00;0.03;27871;0.03;27871;0.03;19872;True;19872.00;0.02;19872;0.02;19872;0.02;19223;True;19223.00;0.02;19223;0.02;19223;0.02;20104;True;20104.00;0.03;20104;0.03;20104;0.03;18483;True;18483.00;0.03;18483;0.03;18483;0.04
30;100;13;19134;True;19134.00;1.08;19134;0.26;19134;120.00;24234;True;24234.00;0.06;24234;0.07;24234;0.07;17824;True;17824.00;0.02;17824;0.03;17824;0.03;17233;True;17233.00;0.03;17233;0.03;17233;0.03;17511;True;17511.00;0.67;17511;0.20;17511;0.44;16205;True;16205.00;0.05;16205;0.06;16205;0.06
30;100;14;21295;True;21295.00;0.01;21295;0.01;21295;0.01;26822;True;26822.00;0.02;26822;0.01;26822;0.02;19325;True;19325.00;0.01;19325;0.02;19325;0.02;18692;True;18692.00;0.02;18692;0.02;18692;0.02;19584;True;19584.00;0.02;19584;0.02;19584;0.02;17621;True;17621.00;0.03;17621;0.03;17621;0.03
30;100;15;20708;True;20708.00;0.33;20708;0.36;20708;0.35;26772;True;26772.00;0.11;26772;0.12;26772;0.12;18896;True;18896.00;0.37;18896;0.43;18896;0.40;18189;True;18189.00;0.94;18189;0.37;18189;120.00;18737;True;18737.00;0.08;18737;0.10;18737;0.11;17298;True;17298.00;0.22;17298;0.25;17298;0.30
30;100;16;19266;True;19266.00;0.02;19266;0.02;19266;0.02;25490;True;25490.00;0.03;25490;0.04;25490;0.03;18364;True;18364.00;0.04;18364;0.04;18364;0.05;17382;True;17382.00;0.04;17382;0.04;17382;0.04;17741;True;17741.00;0.04;17741;0.04;17741;0.03;16593;True;16593.00;0.06;16593;0.07;16593;0.07
30;100;17;18598;True;18598.00;0.79;18598;0.88;18598;22.52;23282;True;23282.00;0.96;23290;0.91;23282;0.37;16778;True;16778.00;0.66;16778;0.84;16778;0.45;16188;True;16188.00;0.16;16188;0.17;16188;0.18;16710;True;16710.00;0.08;16710;0.09;16710;0.33;15474;True;15474.00;0.09;15474;0.10;15474;0.21
30;100;18;20120;True;20120.00;0.09;20120;0.05;20120;0.04;26388;True;26388.00;0.03;26388;0.03;26388;0.03;18337;True;18337.00;0.02;18337;0.02;18337;0.02;17565;True;17565.00;0.02;17565;0.02;17565;0.02;18006;True;18006.00;0.03;18006;0.03;18006;0.04;16633;True;16633.00;0.04;16633;0.04;16633;0.04
30;100;19;17095;True;17095.00;0.67;17095;0.98;17095;0.40;22305;True;22305.00;0.47;22305;0.96;22305;0.23;15894;True;15894.00;2.10;15894;1.00;15894;0.94;15200;True;15200.00;1.26;15200;1.27;15200;0.60;15678;True;15678.00;0.63;15678;1.70;15678;0.44;14328;True;14328.00;0.71;14339;1.13;14328;0.47
30;100;20;18885;True;18885.00;0.57;18885;0.20;18885;0.28;24200;True;24200.00;0.09;24200;0.10;24200;0.11;17655;True;17655.00;0.08;17655;0.09;17655;0.42;16921;True;16921.00;0.06;16921;0.06;16921;0.06;17144;True;17144.00;0.53;17144;0.45;17144;0.52;15986;True;15986.00;0.73;15986;0.35;15986;0.32
30;100;21;19697;True;19697.00;0.02;19697;0.02;19697;0.02;25584;True;25584.00;0.82;25584;0.34;25584;0.20;18211;True;18211.00;0.06;18211;0.07;18211;0.07;17502;True;17502.00;0.04;17502;0.05;17502;0.08;17873;True;17873.00;0.03;17873;0.04;17873;0.05;16525;True;16525.00;0.07;16525;0.08;16525;0.06
30;100;22;18150;True;18150.00;0.16;18150;0.17;18150;0.09;23621;True;23621.00;0.25;23621;0.30;23621;0.11;16544;True;16544.00;0.05;16544;0.05;16544;0.06;15917;True;15917.00;0.08;15917;0.09;15917;0.13;16365;True;16365.00;0.11;16365;0.13;16365;0.15;15094;True;15094.00;0.07;15094;0.08;15094;0.14
30;100;23;18361;True;18361.00;0.41;18361;0.28;18361;0.22;23228;True;23228.00;0.04;23228;0.04;23228;0.11;16795;True;16795.00;0.04;16795;0.05;16795;0.05;16090;True;16090.00;0.08;16090;0.09;16090;0.16;16740;True;16740.00;0.50;16740;0.28;16740;0.61;15261;True;15261.00;0.10;15261;0.11;15261;0.10
30;100;24;22206;True;22206.00;0.02;22206;0.03;22206;0.03;28301;True;28301.00;0.24;28301;0.14;28301;0.15;19641;True;19641.00;0.17;19641;0.09;19641;0.09;18903;True;18903.00;0.05;18903;0.05;18903;0.05;19865;True;19865.00;0.04;19865;0.04;19865;0.05;17926;True;17926.00;0.22;17926;0.11;17926;0.12
30;100;25;23918;True;23918.00;0.01;23918;0.01;23918;0.01;30208;True;30208.00;0.01;30208;0.01;30208;0.01;20939;True;20939.00;0.02;20939;0.02;20939;0.02;20301;True;20301.00;0.02;20301;0.02;20301;0.02;21189;True;21189.00;0.01;21189;0.02;21189;0.02;19345;True;19345.00;0.03;19345;0.03;19345;0.03
30;100;26;19510;True;19510.00;0.01;19510;0.01;19510;0.02;25069;True;25069.00;0.05;25069;0.05;25069;0.05;18304;True;18304.00;0.03;18304;0.03;18304;0.03;17649;True;17649.00;0.02;17649;0.03;17649;0.03;17879;True;17879.00;0.02;17879;0.03;17879;0.03;16616;True;16616.00;0.05;16616;0.05;16616;0.05
30;100;27;19641;True;19641.00;0.02;19641;0.02;19641;0.02;24892;True;24892.00;0.02;24892;0.02;24892;0.02;17850;True;17850.00;0.02;17850;0.03;17850;0.02;17292;True;17292.00;0.02;17292;0.03;17292;0.03;17697;True;17697.00;0.02;17697;0.02;17697;0.02;16460;True;16460.00;0.18;16460;0.10;16460;0.09
30;100;28;19435;False;19410.20;TL;19435;0.11;19435;120.00;24777;True;24777.00;0.02;24777;0.03;24777;0.03;17754;True;17754.00;0.03;17754;0.03;17754;0.03;17162;True;17162.00;0.04;17162;0.04;17162;0.04;17597;True;17597.00;0.55;17597;0.17;17597;0.17;16289;True;16289.00;0.07;16289;0.07;16289;0.06
30;100;29;17836;True;17836.00;0.07;17836;0.07;17836;0.27;23062;True;23062.00;0.09;23062;0.09;23062;0.09;16746;True;16746.00;0.58;16746;0.94;16746;0.35;16153;True;16153.00;0.05;16153;0.06;16153;0.25;16352;True;16352.00;0.28;16352;0.40;16352;0.24;15294;True;15294.00;0.07;15294;0.08;15294;0.13
30;100;30;18629;True;18629.00;0.04;18629;0.05;18629;0.04;23830;True;23830.00;0.75;23830;0.34;23830;0.42;17191;True;17191.00;0.37;17191;0.11;17191;0.13;16373;True;16373.00;1.51;16373;0.30;16373;0.48;17072;True;17072.00;2.40;17072;0.94;17072;3.71;15625;True;15625.00;3.22;15625;0.78;15625;2.54
30;100;31;18551;True;18551.00;0.03;18551;0.03;18551;0.03;24172;True;24172.00;0.04;24172;0.04;24172;0.08;17173;True;17173.00;0.04;17173;0.05;17173;0.05;16532;True;16532.00;0.13;16532;0.13;16532;0.22;17024;True;17024.00;0.44;17024;0.32;17024;0.22;15888;True;15888.00;0.07;15888;0.08;15888;0.07
30;100;32;17925;True;17925.00;0.38;17925;0.26;17925;0.22;23161;True;23161.00;0.03;23161;0.03;23161;0.03;16714;True;16714.00;0.50;16714;0.21;16714;0.19;16013;True;16013.00;0.08;16013;0.08;16013;0.09;16523;True;16523.00;0.22;16523;0.17;16523;0.15;15267;True;15267.00;0.27;15267;0.14;15267;0.13
30;100;33;18758;True;18758.00;0.03;18758;0.03;18758;0.03;23902;True;23902.00;0.08;23902;0.08;23902;0.08;17416;True;17416.00;0.02;17416;0.03;17416;0.03;16830;True;16830.00;0.03;16830;0.04;16830;0.04;17493;True;17493.00;0.07;17493;0.09;17493;0.08;16028;True;16028.00;0.62;16028;0.17;16028;0.21
30;100;34;18437;True;18437.00;0.11;18437;0.12;18437;0.14;23774;True;23774.00;0.24;23774;0.73;23774;0.18;16845;True;16845.00;0.10;16845;0.11;16845;0.09;16258;True;16258.00;0.05;16258;0.05;16258;0.07;16724;True;16724.00;0.03;16724;0.03;16724;0.03;15451;True;15451.00;0.41;15451;0.47;15451;0.24
30;100;35;19673;True;19673.00;0.05;19673;0.06;19673;0.06;24657;True;24657.00;0.06;24657;0.07;24657;0.07;18522;True;18522.00;0.04;18522;0.05;18522;0.05;17762;True;17762.00;0.05;17762;0.06;17762;0.06;17839;True;17839.00;0.41;17839;0.17;17839;0.23;16743;True;16743.00;0.28;16743;0.10;16743;0.11
30;100;36;19192;True;19192.00;0.79;19192;1.27;19192;0.85;24430;True;24430.00;0.04;24430;0.04;24430;0.04;17598;True;17598.00;0.26;17598;0.27;17598;0.15;16962;True;16962.00;0.06;16962;0.06;16962;0.06;17419;True;17419.00;0.04;17419;0.06;17419;0.06;16137;True;16137.00;0.08;16137;0.09;16137;0.10
30;100;37;18791;True;18791.00;0.11;18791;0.07;18791;0.03;24074;True;24074.00;0.50;24078;0.26;24074;0.35;17548;True;17548.00;0.04;17548;0.05;17548;0.04;16785;True;16785.00;0.07;16785;0.08;16785;0.05;17093;True;17093.00;0.58;17093;0.19;17093;0.14;15725;True;15725.00;0.19;15726;0.13;15725;0.11
30;100;38;17373;True;17373.00;0.24;17373;0.17;17373;0.29;22517;True;22517.00;0.10;22517;0.10;22517;0.29;16311;True;16311.00;0.35;16311;0.25;16311;0.49;15591;True;15591.00;0.04;15591;0.04;15591;0.04;15921;True;15921.00;0.10;15921;0.12;15921;0.12;14823;True;14823.00;0.44;14823;0.36;14823;0.38
30;100;39;20149;True;20149.00;0.05;20149;0.05;20149;0.05;25645;True;25645.00;0.03;25645;0.03;25645;0.03;18235;True;18235.00;0.03;18235;0.03;18235;0.03;17608;True;17608.00;0.03;17608;0.03;17608;0.04;18252;True;18252.00;0.48;18252;0.27;18252;0.46;16633;True;16633.00;0.05;16633;0.05;16633;0.05
45;20;0;2701;True;2701.00;0.08;2701;0.02;2701;0.03;3611;True;3611.00;0.07;3616;0.04;3611;0.03;2644;True;2644.00;0.00;2644;0.01;2644;0.01;2572;True;2572.00;0.05;2572;0.03;2572;0.02;2575;True;2575.00;0.15;2575;0.06;2575;0.04;2362;True;2362.00;0.01;2362;0.01;2362;0.01
45;20;1;2815;True;2815.00;0.12;2815;0.03;2815;0.02;3796;True;3796.00;0.17;3796;0.03;3796;0.04;2741;True;2741.00;0.19;2741;0.03;2741;0.07;2611;True;2611.00;0.25;2619;0.06;2611;0.08;2641;True;2641.00;0.25;2641;0.06;2641;0.07;2485;True;2485.00;0.47;2485;0.04;2485;0.11
45;20;2;2488;True;2488.00;0.01;2488;0.01;2488;0.01;3359;True;3359.00;0.02;3359;0.02;3359;0.02;2498;True;2498.00;0.01;2498;0.01;2498;0.02;2364;True;2364.00;0.01;2364;0.01;2364;0.01;2353;True;2353.00;0.02;2353;0.02;2353;0.03;2195;True;2195.00;0.01;2195;0.02;2195;0.03
45;20;3;2397;True;2397.00;0.01;2397;0.01;2397;0.01;3277;True;3277.00;0.05;3277;0.02;3277;0.02;2556;True;2556.00;0.26;2556;0.08;2556;0.07;2382;True;2382.00;0.16;2382;0.05;2382;0.04;2271;True;2271.00;0.01;2271;0.01;2271;0.01;2196;True;2196.00;0.13;2196;0.04;2196;0.03
45;20;4;2494;True;2494.00;0.02;2494;0.01;2494;0.02;3423;True;3423.00;0.01;3423;0.01;3423;0.01;2480;True;2480.00;0.01;2480;0.01;2480;0.01;2376;True;2376.00;0.01;2376;0.01;2376;0.01;2308;True;2308.00;0.01;2308;0.01;2308;0.02;2201;True;2201.00;0.01;2201;0.01;2201;0.02
45;20;5;2422;True;2422.00;0.01;2422;0.01;2422;0.01;3160;True;3160.00;0.01;3160;0.01;3160;0.02;2340;True;2340.00;0.01;2340;0.01;2340;0.01;2278;True;2278.00;0.02;2278;0.01;2278;0.02;2347;True;2347.00;0.01;2347;0.01;2347;0.01;2152;True;2152.00;0.01;2152;0.01;2152;0.01
45;20;6;2793;True;2793.00;1.37;2799;0.07;2793;0.34;3793;True;3793.00;0.30;3793;0.05;3793;0.09;2939;True;2939.00;0.02;2939;0.02;2939;0.02;2769;True;2769.00;0.23;2769;0.04;2769;0.04;2639;True;2639.00;0.98;2646;0.06;2639;0.32;2544;True;2544.00;0.13;2544;0.06;2544;0.04
45;20;7;2369;True;2369.00;0.09;2384;0.07;2369;0.04;3163;True;3163.00;0.01;3163;0.01;3163;0.01;2402;True;2402.00;0.01;2402;0.01;2402;0.01;2283;True;2283.00;0.02;2283;0.03;2283;0.03;2230;True;2230.00;0.02;2230;0.02;2230;0.02;2121;True;2121.00;0.03;2121;0.03;2121;0.03
45;20;8;2970;True;2970.00;0.05;2970;0.03;2970;0.02;4007;True;4007.00;0.01;4007;0.01;4007;0.01;2983;True;2983.00;0.01;2983;0.01;2983;0.01;2761;True;2761.00;0.01;2761;0.01;2761;0.01;2786;True;2786.00;0.01;2786;0.01;2786;0.01;2629;True;2629.00;0.01;2629;0.01;2629;0.01
45;20;9;2876;True;2876.00;0.29;2876;0.04;2876;0.08;3936;True;3936.00;0.02;3936;0.01;3936;0.01;2944;True;2944.00;0.01;2944;0.01;2944;0.01;2757;True;2757.00;0.00;2757;0.00;2757;0.00;2752;True;2752.00;0.00;2752;0.00;2752;0.01;2604;True;2604.00;0.01;2604;0.02;2604;0.01
45;20;10;2852;True;2852.00;0.06;2852;0.03;2852;0.03;3718;True;3718.00;0.01;3718;0.01;3718;0.01;2640;True;2640.00;0.01;2640;0.01;2640;0.01;2586;True;2586.00;0.08;2588;0.04;2586;0.03;2628;True;2628.00;0.01;2628;0.01;2628;0.01;2464;True;2464.00;0.01;2464;0.01;2464;0.01
45;20;11;3121;True;3121.00;0.14;3121;0.05;3121;0.04;4053;True;4053.00;0.00;4053;0.00;4053;0.01;3128;True;3128.00;0.00;3128;0.01;3128;0.00;2983;True;2983.00;0.00;2983;0.00;2983;0.00;2916;True;2916.00;0.02;2916;0.01;2916;0.01;2744;True;2744.00;0.03;2744;0.01;2744;0.01
45;20;12;2796;True;2796.00;0.02;2796;0.02;2796;0.02;3711;True;3711.00;0.11;3711;0.06;3711;0.02;2695;True;2695.00;0.61;2699;0.08;2695;0.19;2571;True;2571.00;0.18;2580;0.07;2571;0.05;2623;True;2623.00;0.03;2623;0.05;2623;0.02;2431;True;2431.00;0.01;2431;0.01;2431;0.01
45;20;13;2788;True;2788.00;0.01;2788;0.02;2788;0.02;3750;True;3750.00;0.01;3750;0.02;3750;0.02;2895;True;2895.00;0.00;2895;0.00;2895;0.00;2684;True;2684.00;0.00;2684;0.00;2684;0.00;2619;True;2619.00;0.02;2619;0.03;2619;0.03;2494;True;2494.00;0.00;2494;0.00;2494;0.00
45;20;14;2596;True;2596.00;0.20;2596;0.04;2596;0.05;3615;True;3615.00;0.01;3615;0.01;3615;0.01;2700;True;2700.00;0.01;2700;0.01;2700;0.01;2573;True;2573.00;0.14;2573;0.04;2573;0.04;2483;True;2483.00;0.01;2483;0.01;2483;0.01;2406;True;2406.00;0.21;2406;0.04;2406;0.07
45;20;15;2404;True;2404.00;0.30;2414;0.36;2404;0.09;3091;True;3091.00;0.01;3091;0.01;3091;0.02;2346;True;2346.00;0.15;2346;0.04;2346;0.03;2251;True;2251.00;0.18;2251;0.06;2251;0.06;2251;True;2251.00;0.08;2251;0.07;2251;0.03;2132;True;2132.00;0.45;2138;0.10;2132;0.11
45;20;16;2669;True;2669.00;0.19;2669;0.02;2669;0.05;3678;True;3678.00;0.18;3678;0.04;3678;0.07;2590;True;2590.00;0.14;2590;0.03;2590;0.04;2451;True;2451.00;0.06;2456;0.03;2451;0.02;2505;True;2505.00;0.54;2514;0.04;2505;0.14;2347;True;2347.00;0.24;2347;0.06;2347;0.13
45;20;17;2952;True;2952.00;0.01;2952;0.01;2952;0.01;4070;True;4070.00;0.01;4070;0.01;4070;0.01;3040;True;3040.00;0.06;3040;0.02;3040;0.01;2840;True;2840.00;0.01;2840;0.01;2840;0.01;2799;True;2799.00;0.03;2799;0.01;2799;0.01;2648;True;2648.00;0.03;2648;0.01;2648;0.02
45;20;18;3038;True;3038.00;0.01;3038;0.01;3038;0.01;4247;True;4247.00;0.01;4247;0.01;4247;0.02;3163;True;3163.00;0.01;3163;0.01;3163;0.02;2944;True;2944.00;0.01;2944;0.01;2944;0.02;2849;True;2849.00;0.01;2849;0.01;2849;0.02;2732;True;2732.00;0.01;2732;0.01;2732;0.02
45;20;19;2303;True;2303.00;0.01;2303;0.01;2303;0.01;3176;True;3176.00;0.01;3176;0.01;3176;0.01;2307;True;2307.00;0.01;2307;0.01;2307;0.01;2194;True;2194.00;0.02;2194;0.02;2194;0.02;2230;True;2230.00;0.15;2230;0.06;2230;0.04;2071;True;2071.00;0.09;2071;0.06;2071;0.04
45;20;20;3087;True;3087.00;0.01;3087;0.01;3087;0.01;4205;True;4205.00;0.00;4205;0.01;4205;0.01;3145;True;3145.00;0.00;3145;0.00;3145;0.00;2971;True;2971.00;0.09;2971;0.07;2971;0.02;2863;True;2863.00;0.01;2863;0.01;2863;0.00;2713;True;2713.00;0.01;2713;0.01;2713;0.02
45;20;21;3300;True;3300.00;0.07;3300;0.02;3300;0.02;4475;True;4475.00;0.02;4475;0.02;4475;0.02;3045;True;3045.00;0.02;3045;0.01;3045;0.01;2958;True;2958.00;0.00;2958;0.00;2958;0.00;3039;True;3039.00;0.06;3039;0.01;3039;0.03;2812;True;2812.00;0.02;2812;0.01;2812;0.02
45;20;22;2544;True;2544.00;0.01;2544;0.01;2544;0.02;3440;True;3440.00;0.01;3440;0.01;3440;0.02;2493;True;2493.00;0.01;2493;0.02;2493;0.03;2391;True;2391.00;0.01;2391;0.02;2391;0.02;2388;True;2388.00;0.01;2388;0.01;2388;0.03;2242;True;2242.00;0.02;2242;0.02;2242;0.02
45;20;23;3385;True;3385.00;0.01;3385;0.00;3385;0.00;4703;True;4703.00;0.01;4703;0.01;4703;0.01;3404;True;3404.00;0.06;3404;0.05;3404;0.03;3294;True;3294.00;0.02;3294;0.02;3294;0.02;3184;True;3184.00;0.00;3184;0.00;3184;0.00;3072;True;3072.00;0.05;3072;0.04;3072;0.02
45;20;24;2352;True;2352.00;0.09;2399;0.07;2352;0.05;3164;True;3164.00;0.01;3164;0.01;3164;0.01;2583;True;2583.00;0.15;2583;0.06;2583;0.04;2373;True;2373.00;0.11;2373;0.05;2373;0.03;2276;True;2276.00;0.11;2289;0.09;2276;0.07;2232;True;2232.00;0.24;2232;0.11;2232;0.09
45;20;25;3026;True;3026.00;0.05;3026;0.02;3026;0.02;4328;True;4328.00;0.03;4328;0.02;4328;0.02;3161;True;3161.00;0.01;3161;0.01;3161;0.02;2998;True;2998.00;0.01;2998;0.00;2998;0.01;2869;True;2869.00;0.07;2869;0.04;2869;0.02;2733;True;2733.00;0.08;2733;0.03;2733;0.02
45;20;26;2670;True;2670.00;0.11;2670;0.05;2670;0.03;3448;True;3448.00;0.01;3448;0.02;3448;0.01;2595;True;2595.00;0.01;2595;0.01;2595;0.01;2507;True;2507.00;0.18;2512;0.04;2507;0.04;2531;True;2531.00;0.05;2548;0.05;2531;0.02;2342;True;2342.00;0.08;2342;0.02;2342;0.03
45;20;27;2485;True;2485.00;0.02;2485;0.01;2485;0.02;3257;True;3257.00;0.00;3257;0.01;3257;0.00;2428;True;2428.00;0.08;2428;0.03;2428;0.03;2307;True;2307.00;0.01;2307;0.01;2307;0.01;2329;True;2329.00;0.01;2329;0.01;2329;0.00;2158;True;2158.00;0.14;2158;0.03;2158;0.05
45;20;28;3429;True;3429.00;0.00;3429;0.00;3429;0.00;4666;True;4666.00;0.00;4666;0.00;4666;0.00;3364;True;3364.00;0.00;3364;0.00;3364;0.00;3223;True;3223.00;0.00;3223;0.00;3223;0.00;3152;True;3152.00;0.00;3152;0.00;3152;0.00;2992;True;2992.00;0.01;2992;0.01;2992;0.01
45;20;29;3077;True;3077.00;0.01;3077;0.01;3077;0.01;4348;True;4348.00;0.04;4348;0.03;4348;0.02;3177;True;3177.00;0.03;3177;0.01;3177;0.01;3036;True;3036.00;0.06;3036;0.01;3036;0.02;2964;True;2964.00;0.13;2969;0.06;2964;0.03;2757;True;2757.00;0.00;2757;0.00;2757;0.00
45;20;30;2857;True;2857.00;1.55;2857;0.15;2857;0.75;3976;True;3976.00;1.62;3977;0.07;3976;1.38;2640;True;2640.00;0.01;2640;0.01;2640;0.01;2608;True;2608.00;0.16;2608;0.09;2608;0.06;2569;True;2569.00;0.22;2569;0.04;2569;0.05;2485;True;2485.00;0.31;2486;0.08;2485;0.17
45;20;31;2899;True;2899.00;0.30;2909;0.07;2899;0.06;3996;True;3996.00;0.00;3996;0.00;3996;0.00;2930;True;2930.00;0.12;2930;0.05;2930;0.02;2765;True;2765.00;0.11;2765;0.02;2765;0.01;2709;True;2709.00;0.01;2709;0.01;2709;0.01;2568;True;2568.00;0.01;2568;0.01;2568;0.01
45;20;32;2731;True;2731.00;0.01;2731;0.01;2731;0.01;3896;True;3896.00;0.07;3896;0.05;3896;0.02;2895;True;2895.00;0.19;2895;0.05;2895;0.04;2763;True;2763.00;0.28;2763;0.05;2763;0.08;2683;True;2683.00;0.05;2683;0.06;2683;0.03;2535;True;2535.00;0.05;2543;0.06;2535;0.04
45;20;33;2846;True;2846.00;0.11;2846;0.03;2846;0.02;3822;True;3822.00;0.00;3822;0.00;3822;0.00;2817;True;2817.00;0.00;2817;0.00;2817;0.00;2623;True;2623.00;0.00;2623;0.00;2623;0.00;2638;True;2638.00;0.01;2638;0.01;2638;0.01;2431;True;2431.00;0.02;2431;0.02;2431;0.02
45;20;34;2792;True;2792.00;0.29;2792;0.05;2792;0.12;3841;True;3841.00;0.18;3849;0.04;3841;0.03;2625;True;2625.00;0.00;2625;0.01;2625;0.01;2582;True;2582.00;0.16;2585;0.02;2582;0.05;2673;True;2673.00;0.32;2688;0.06;2673;0.11;2449;True;2449.00;0.00;2449;0.01;2449;0.01
45;20;35;2443;True;2443.00;0.22;2447;0.05;2443;0.04;3201;True;3201.00;0.13;3201;0.04;3201;0.03;2494;True;2494.00;0.01;2494;0.01;2494;0.01;2346;True;2346.00;0.01;2346;0.01;2346;0.01;2298;True;2298.00;0.01;2298;0.01;2298;0.01;2197;True;2197.00;0.01;2197;0.01;2197;0.01
45;20;36;2683;True;2683.00;0.29;2715;0.04;2683;0.04;3705;True;3705.00;0.15;3705;0.07;3705;0.04;2696;True;2696.00;0.12;2701;0.02;2696;0.05;2586;True;2586.00;0.28;2588;0.06;2586;0.09;2484;True;2484.00;0.01;2484;0.01;2484;0.01;2393;True;2393.00;0.13;2393;0.05;2393;0.03
45;20;37;2751;True;2751.00;0.57;2761;0.05;2751;0.18;3444;True;3444.00;0.23;3444;0.04;3444;0.05;2662;True;2662.00;0.00;2662;0.01;2662;0.00;2556;True;2556.00;0.01;2556;0.01;2556;0.01;2531;True;2531.00;0.13;2531;0.04;2531;0.02;2417;True;2417.00;0.10;2417;0.03;2417;0.03
45;20;38;2807;True;2807.00;0.18;2807;0.02;2807;0.07;3676;True;3676.00;0.00;3676;0.00;3676;0.01;2829;True;2829.00;0.09;2839;0.06;2829;0.05;2675;True;2675.00;0.01;2675;0.01;2675;0.01;2631;True;2631.00;0.01;2631;0.01;2631;0.01;2444;True;2444.00;0.01;2444;0.01;2444;0.01
45;20;39;2678;True;2678.00;0.29;2678;0.04;2678;0.08;3619;True;3619.00;0.09;3619;0.04;3619;0.03;2480;True;2480.00;0.04;2480;0.02;2480;0.01;2449;True;2449.00;0.06;2449;0.02;2449;0.02;2532;True;2532.00;0.41;2534;0.04;2532;0.17;2358;True;2358.00;0.01;2358;0.01;2358;0.01
45;30;0;4240;True;4240.00;0.09;4240;0.03;4240;0.04;5864;True;5864.00;0.36;5864;0.07;5864;0.08;4258;True;4258.00;0.02;4258;0.02;4258;0.01;4048;True;4048.00;0.35;4051;0.08;4048;0.08;3927;True;3927.00;0.19;3927;0.06;3927;0.06;3743;True;3743.00;0.08;3745;0.05;3743;0.04
45;30;1;4031;True;4031.00;0.17;4031;0.05;4031;0.04;5556;True;5556.00;0.03;5556;0.02;5556;0.04;4041;True;4041.00;0.25;4041;0.06;4041;0.06;3904;True;3904.00;0.07;3904;0.03;3904;0.04;3818;True;3818.00;0.02;3818;0.02;3818;0.03;3611;True;3611.00;0.13;3611;0.08;3611;0.07
45;30;2;3822;True;3822.00;0.44;3835;0.38;3822;0.28;5066;True;5066.00;0.91;5066;0.45;5066;0.39;3798;True;3798.00;0.11;3810;0.27;3798;0.04;3641;True;3641.00;0.14;3641;0.26;3641;0.05;3607;True;3607.00;0.28;3607;0.45;3607;0.07;3429;True;3429.00;1.43;3429;0.45;3429;0.63
45;30;3;4111;True;4111.00;0.16;4111;0.09;4111;0.06;5542;True;5542.00;0.01;5542;0.01;5542;0.01;4129;True;4129.00;0.19;4135;0.10;4129;0.07;3935;True;3935.00;0.15;3935;0.03;3935;0.03;3880;True;3880.00;0.17;3880;0.07;3880;0.04;3673;True;3673.00;0.07;3681;0.06;3673;0.03
45;30;4;4196;True;4196.00;0.01;4196;0.01;4196;0.01;5738;True;5738.00;0.01;5738;0.02;5738;0.02;4326;True;4326.00;0.02;4326;0.03;4326;0.06;4089;True;4089.00;0.08;4089;0.04;4089;0.05;3998;True;3998.00;0.01;3998;0.01;3998;0.01;3772;True;3772.00;0.07;3772;0.04;3772;0.04
45;30;5;4186;True;4186.00;0.33;4186;0.08;4186;0.11;5677;True;5677.00;0.15;5677;0.07;5677;0.06;4183;True;4183.00;0.07;4183;0.04;4183;0.04;4001;True;4001.00;0.02;4001;0.02;4001;0.02;3958;True;3958.00;0.12;3958;0.08;3958;0.07;3787;True;3787.00;0.17;3787;0.09;3787;0.10
45;30;6;4063;True;4063.00;0.73;4063;0.08;4063;0.24;5593;True;5593.00;0.01;5593;0.01;5593;0.01;3926;True;3926.00;0.01;3926;0.01;3926;0.01;3775;True;3775.00;0.02;3775;0.02;3775;0.02;3748;True;3748.00;0.01;3748;0.02;3748;0.02;3499;True;3499.00;0.02;3499;0.02;3499;0.02
45;30;7;3720;True;3720.00;0.20;3720;0.07;3720;0.05;4778;True;4778.00;0.20;4778;0.11;4778;0.06;3694;True;3694.00;0.16;3694;0.33;3694;0.06;3547;True;3547.00;0.14;3547;0.10;3547;0.06;3438;True;3438.00;0.02;3438;0.03;3438;0.06;3310;True;3310.00;0.15;3310;0.09;3310;0.10
45;30;8;4128;True;4128.00;0.12;4128;0.08;4128;0.11;5491;True;5491.00;0.12;5491;0.02;5491;0.03;3944;True;3944.00;0.01;3944;0.01;3944;0.01;3796;True;3796.00;0.12;3796;0.05;3796;0.06;3856;True;3856.00;0.01;3856;0.02;3856;0.04;3632;True;3632.00;0.09;3632;0.06;3632;0.05
45;30;9;4428;True;4428.00;0.01;4428;0.01;4428;0.01;6041;True;6041.00;0.07;6041;0.03;6041;0.03;4569;True;4569.00;0.24;4574;0.06;4569;0.09;4342;True;4342.00;0.19;4343;0.05;4342;0.05;4167;True;4167.00;0.01;4167;0.01;4167;0.01;3953;True;3953.00;0.12;3954;0.06;3953;0.04
45;30;10;4199;True;4199.00;0.23;4199;0.17;4199;0.09;5583;True;5583.00;0.10;5583;0.17;5583;0.05;4134;True;4134.00;0.10;4134;0.08;4134;0.06;3933;True;3933.00;0.13;3938;0.10;3933;0.07;3886;True;3886.00;0.02;3886;0.03;3886;0.03;3692;True;3692.00;0.38;3693;0.13;3692;0.09
45;30;11;3715;True;3715.00;0.34;3715;0.08;3715;0.07;5236;True;5236.00;0.13;5236;0.24;5236;0.08;3716;True;3716.00;0.16;3731;0.19;3716;0.11;3557;True;3557.00;0.26;3557;0.30;3557;0.15;3549;True;3549.00;0.17;3549;0.16;3549;0.11;3325;True;3325.00;0.16;3325;0.10;3325;0.12
45;30;12;4107;True;4107.00;0.52;4107;0.11;4107;0.17;5483;True;5483.00;0.25;5497;0.09;5483;0.10;3960;True;3960.00;0.10;3965;0.03;3960;0.03;3790;True;3790.00;0.13;3790;0.04;3790;0.05;3748;True;3748.00;0.30;3748;0.09;3748;0.12;3549;True;3549.00;0.17;3554;0.08;3549;0.08
45;30;13;3121;True;3121.00;0.15;3121;0.07;3121;0.04;4477;True;4477.00;0.13;4477;0.07;4477;0.05;3126;True;3126.00;3.75;3132;0.18;3126;1.15;2979;True;2979.00;0.48;2979;0.08;2979;0.15;2959;True;2959.00;0.81;2959;0.12;2959;0.50;2829;True;2829.00;2.58;2830;0.18;2829;1.92
45;30;14;3426;True;3426.00;0.27;3426;0.08;3426;0.12;4518;True;4518.00;0.02;4518;0.02;4518;0.02;3172;True;3172.00;0.01;3172;0.01;3172;0.02;3082;True;3082.00;0.53;3082;0.07;3082;0.16;3186;True;3186.00;0.03;3186;0.03;3186;0.02;2915;True;2915.00;0.25;2920;0.11;2915;0.11
45;30;15;3893;True;3893.00;0.71;3900;0.11;3893;0.51;5180;True;5180.00;1.03;5184;0.16;5180;0.31;4080;True;4080.00;0.24;4100;0.09;4080;0.18;3856;True;3856.00;1.25;3856;0.10;3856;0.41;3725;True;3725.00;0.66;3729;0.09;3725;0.18;3552;True;3552.00;0.37;3552;0.09;3552;0.10
45;30;16;4392;True;4392.00;1.55;4404;0.09;4392;0.76;5996;True;5996.00;0.01;5996;0.01;5996;0.02;4409;True;4409.00;0.31;4409;0.04;4409;0.06;4185;True;4185.00;0.80;4218;0.31;4185;0.38;4061;True;4061.00;0.03;4061;0.03;4061;0.03;3854;True;3854.00;1.04;3870;0.09;3854;0.77
45;30;17;4344;True;4344.00;0.09;4344;0.03;4344;0.03;5994;True;5994.00;0.26;5994;0.07;5994;0.06;4302;True;4302.00;0.09;4302;0.05;4302;0.04;4115;True;4115.00;0.20;4116;0.06;4115;0.05;4094;True;4094.00;0.05;4101;0.05;4094;0.02;3833;True;3833.00;0.22;3835;0.08;3833;0.06
45;30;18;3851;True;3851.00;1.89;3851;0.10;3851;0.69;5153;True;5153.00;0.44;5154;0.08;5153;0.09;3797;True;3797.00;0.01;3797;0.02;3797;0.02;3491;True;3491.00;0.03;3491;0.03;3491;0.04;3573;True;3573.00;0.30;3577;0.07;3573;0.07;3308;True;3308.00;0.02;3308;0.02;3308;0.02
45;30;19;3775;True;3775.00;0.16;3775;0.07;3775;0.07;5165;True;5165.00;1.32;5172;0.14;5165;0.26;3950;True;3950.00;0.15;3950;0.06;3950;0.05;3726;True;3726.00;0.69;3727;0.09;3726;0.23;3614;True;3614.00;0.48;3614;0.10;3614;0.09;3481;True;3481.00;0.33;3490;0.11;3481;0.09
45;30;20;3657;True;3657.00;0.65;3657;0.10;3657;0.19;4922;True;4922.00;0.21;4922;0.03;4922;0.05;3618;True;3618.00;0.01;3618;0.02;3618;0.01;3436;True;3436.00;0.18;3436;0.08;3436;0.09;3395;True;3395.00;0.07;3395;0.07;3395;0.05;3221;True;3221.00;0.10;3221;0.06;3221;0.06
45;30;21;4217;True;4217.00;1.84;4217;0.12;4217;1.22;5655;True;5655.00;0.16;5657;0.07;5655;0.06;4048;True;4048.00;0.02;4048;0.02;4048;0.02;3836;True;3836.00;0.02;3836;0.03;3836;0.02;3882;True;3882.00;0.30;3886;0.09;3882;0.05;3654;True;3654.00;0.20;3655;0.09;3654;0.09
45;30;22;3470;True;3470.00;0.43;3482;0.12;3470;0.10;4558;True;4558.00;0.17;4560;0.10;4558;0.05;3360;True;3360.00;0.02;3360;0.02;3360;0.02;3255;True;3255.00;0.36;3255;0.09;3255;0.07;3307;True;3307.00;0.31;3307;0.11;3307;0.07;3098;True;3098.00;0.03;3098;0.03;3098;0.03
45;30;23;3614;True;3614.00;0.03;3614;0.03;3614;0.06;4926;True;4926.00;0.03;4926;0.03;4926;0.02;3720;True;3720.00;0.02;3720;0.03;3720;0.03;3541;True;3541.00;0.02;3541;0.03;3541;0.02;3423;True;3423.00;0.02;3423;0.03;3423;0.06;3286;True;3286.00;0.14;3286;0.11;3286;0.10
45;30;24;3495;True;3495.00;0.79;3495;0.15;3495;0.27;4724;True;4724.00;0.53;4724;0.18;4724;0.30;3453;True;3453.00;0.04;3453;0.04;3453;0.05;3324;True;3324.00;0.27;3330;0.16;3324;0.08;3316;True;3316.00;0.24;3322;0.16;3316;0.12;3125;True;3125.00;1.16;3126;0.25;3125;0.25
45;30;25;4164;True;4164.00;0.19;4164;0.07;4164;0.06;5637;True;5637.00;0.12;5637;0.06;5637;0.06;4196;True;4196.00;0.02;4196;0.02;4196;0.02;4037;True;4037.00;0.02;4037;0.02;4037;0.02;3929;True;3929.00;0.11;3931;0.10;3929;0.06;3706;True;3706.00;0.02;3706;0.02;3706;0.03
45;30;26;3857;True;3857.00;0.02;3857;0.03;3857;0.03;5243;True;5243.00;0.13;5243;0.07;5243;0.04;3943;True;3943.00;0.14;3943;0.09;3943;0.03;3765;True;3765.00;0.23;3769;0.09;3765;0.06;3637;True;3637.00;0.03;3637;0.03;3637;0.03;3455;True;3455.00;0.21;3455;0.11;3455;0.07
45;30;27;3402;True;3402.00;3.77;3432;0.17;3402;5.84;4515;True;4515.00;1.84;4515;0.10;4515;0.57;3385;True;3385.00;0.80;3385;0.13;3385;0.22;3272;True;3272.00;0.61;3272;0.09;3272;0.20;3249;True;3249.00;0.97;3250;0.12;3249;0.19;3018;True;3018.00;0.22;3018;0.08;3018;0.13
45;30;28;3906;True;3906.00;0.08;3906;0.04;3906;0.03;5403;True;5403.00;0.10;5403;0.04;5403;0.04;3939;True;3939.00;0.02;3939;0.02;3939;0.02;3755;True;3755.00;0.09;3755;0.05;3755;0.05;3732;True;3732.00;0.15;3732;0.06;3732;0.04;3513;True;3513.00;0.04;3513;0.05;3513;0.05
45;30;29;3665;True;3665.00;1.78;3665;0.10;3665;0.64;5041;True;5041.00;0.14;5041;0.08;5041;0.08;3690;True;3690.00;0.02;3690;0.02;3690;0.02;3571;True;3571.00;0.03;3571;0.04;3571;0.03;3526;True;3526.00;1.08;3526;0.16;3526;0.25;3271;True;3271.00;0.20;3271;0.11;3271;0.12
45;30;30;3933;True;3933.00;8.83;3933;0.17;3933;6.84;5284;True;5284.00;3.82;5298;0.13;5284;1.35;3966;True;3966.00;1.84;3966;0.08;3966;0.64;3741;True;3741.00;0.57;3752;0.10;3741;0.27;3707;True;3707.00;0.09;3707;0.05;3707;0.06;3469;True;3469.00;2.37;3485;0.20;3469;1.42
45;30;31;3921;True;3921.00;0.03;3921;0.03;3921;0.03;5322;True;5322.00;0.09;5322;0.05;5322;0.03;4004;True;4004.00;0.57;4004;0.08;4004;0.20;3829;True;3829.00;0.82;3829;0.06;3829;0.18;3730;True;3730.00;0.02;3730;0.03;3730;0.02;3488;True;3488.00;0.03;3488;0.03;3488;0.04
45;30;32;4567;True;4567.00;0.01;4567;0.01;4567;0.01;6099;True;6099.00;0.10;6099;0.04;6099;0.05;4369;True;4369.00;0.09;4369;0.02;4369;0.03;4206;True;4206.00;0.07;4206;0.04;4206;0.03;4215;True;4215.00;0.13;4217;0.06;4215;0.06;3961;True;3961.00;0.13;3961;0.05;3961;0.04
45;30;33;4054;True;4054.00;0.01;4054;0.01;4054;0.01;5666;True;5666.00;0.15;5666;0.04;5666;0.04;4151;True;4151.00;0.36;4151;0.12;4151;0.07;3894;True;3894.00;0.25;3904;0.08;3894;0.09;3807;True;3807.00;0.02;3807;0.03;3807;0.04;3654;True;3654.00;0.32;3654;0.11;3654;0.12
45;30;34;3564;True;3564.00;1.06;3569;0.14;3564;0.86;4917;True;4917.00;0.35;4917;0.06;4917;0.06;3720;True;3720.00;0.04;3720;0.04;3720;0.05;3477;True;3477.00;0.36;3477;0.09;3477;0.11;3334;True;3334.00;0.02;3334;0.03;3334;0.03;3197;True;3197.00;0.13;3197;0.08;3197;0.08
45;30;35;4057;True;4057.00;0.21;4057;0.12;4057;0.05;5490;True;5490.00;0.01;5490;0.01;5490;0.01;4084;True;4084.00;0.08;4084;0.05;4084;0.03;3863;True;3863.00;0.40;3864;0.10;3863;0.09;3805;True;3805.00;0.21;3805;0.09;3805;0.06;3630;True;3630.00;0.15;3630;0.09;3630;0.07
45;30;36;3937;True;3937.00;4.71;3937;0.49;3937;7.57;5353;True;5353.00;0.72;5400;0.31;5353;0.11;3961;True;3961.00;1.06;3968;0.12;3961;0.45;3700;True;3700.00;1.19;3707;0.16;3700;0.31;3640;True;3640.00;0.95;3645;0.32;3640;0.31;3419;True;3419.00;0.47;3419;0.13;3419;0.16
45;30;37;4086;True;4086.00;1.15;4086;0.12;4086;0.97;5574;True;5574.00;0.51;5578;0.26;5574;0.21;4167;True;4167.00;0.19;4174;0.10;4167;0.11;3879;True;3879.00;0.85;3880;0.16;3879;0.24;3800;True;3800.00;0.77;3811;0.21;3800;0.14;3576;True;3576.00;0.27;3596;0.14;3576;0.14
45;30;38;4050;True;4050.00;3.16;4050;0.17;4050;3.16;5430;True;5430.00;2.29;5430;0.17;5430;0.85;4113;True;4113.00;0.04;4113;0.04;4113;0.04;3908;True;3908.00;0.11;3908;0.09;3908;0.11;3745;True;3745.00;0.12;3745;0.10;3745;0.06;3641;True;3641.00;0.82;3641;0.12;3641;0.28
45;30;39;4070;True;4070.00;0.07;4070;0.02;4070;0.04;5461;True;5461.00;0.08;5461;0.05;5461;0.04;4099;True;4099.00;0.08;4099;0.08;4099;0.03;3929;True;3929.00;0.02;3929;0.02;3929;0.02;3836;True;3836.00;0.37;3836;0.06;3836;0.06;3620;True;3620.00;0.08;3620;0.05;3620;0.06
45;40;0;5964;True;5964.00;0.43;5964;0.57;5964;0.17;8134;True;8134.00;0.99;8134;0.55;8134;0.41;5797;True;5797.00;0.37;5797;0.64;5797;0.16;5592;True;5592.00;1.80;5601;0.62;5592;1.40;5664;True;5664.00;5.54;5665;0.46;5664;3.93;5322;True;5322.00;3.33;5323;0.65;5322;1.56
45;40;1;5834;True;5834.00;0.34;5834;0.12;5834;0.21;7856;True;7856.00;0.12;7872;0.14;7856;0.07;5797;True;5797.00;0.03;5797;0.03;5797;0.03;5532;True;5532.00;0.03;5532;0.04;5532;0.04;5446;True;5446.00;0.03;5446;0.03;5446;0.03;5182;True;5182.00;0.38;5186;0.17;5182;0.17
45;40;2;5165;True;5165.00;1.13;5170;0.33;5165;0.54;7136;True;7136.00;0.38;7136;0.20;7136;0.19;5122;True;5122.00;0.03;5122;0.03;5122;0.03;4924;True;4924.00;1.08;4924;0.21;4924;0.29;4861;True;4861.00;0.34;4861;0.23;4861;0.24;4625;True;4625.00;1.57;4625;0.49;4625;0.82
45;40;3;4852;True;4852.00;0.80;4852;0.14;4852;0.20;6740;True;6740.00;0.41;6759;0.19;6740;0.17;5033;True;5033.00;0.29;5033;0.09;5033;0.11;4792;True;4792.00;0.44;4792;0.13;4792;0.12;4702;True;4702.00;1.04;4703;0.25;4702;0.33;4428;True;4428.00;2.76;4433;0.31;4428;0.72
45;40;4;5336;True;5336.00;1.05;5336;0.16;5336;0.36;7188;True;7188.00;0.02;7188;0.04;7188;0.03;5376;True;5376.00;0.39;5376;0.13;5376;0.12;5111;True;5111.00;0.33;5117;0.14;5111;0.10;4974;True;4974.00;0.43;4985;0.17;4974;0.32;4737;True;4737.00;0.68;4737;0.09;4737;0.23
45;40;5;4666;True;4666.00;2.97;4666;0.34;4666;1.34;6162;True;6162.00;0.75;6163;0.15;6162;0.19;4587;True;4587.00;0.15;4587;0.11;4587;0.08;4432;True;4432.00;0.50;4432;0.13;4432;0.13;4386;True;4386.00;0.39;4386;0.11;4386;0.12;4076;True;4076.00;0.22;4076;0.15;4076;0.11
45;40;6;5644;True;5644.00;0.32;5644;0.16;5644;0.23;7883;True;7883.00;1.17;7892;0.28;7883;0.71;5601;True;5601.00;0.16;5607;0.12;5601;0.11;5339;True;5339.00;0.24;5340;0.09;5339;0.05;5284;True;5284.00;1.00;5284;0.17;5284;0.22;5011;True;5011.00;0.40;5011;0.16;5011;0.10
45;40;7;4952;True;4952.00;0.25;4952;0.08;4952;0.13;6582;True;6582.00;0.37;6587;0.11;6582;0.10;5284;True;5284.00;0.20;5285;0.07;5284;0.08;4912;True;4912.00;0.82;4912;0.13;4912;0.17;4778;True;4778.00;0.55;4783;0.15;4778;0.26;4542;True;4542.00;0.98;4548;0.23;4542;0.23
45;40;8;5867;True;5867.00;0.02;5867;0.02;5867;0.03;8142;True;8142.00;0.03;8142;0.04;8142;0.03;5726;True;5726.00;0.18;5726;0.52;5726;0.14;5501;True;5501.00;0.21;5510;0.63;5501;0.07;5619;True;5619.00;0.09;5625;0.54;5619;0.05;5233;True;5233.00;0.12;5233;0.37;5233;0.06
45;40;9;4721;True;4721.00;2.75;4736;0.44;4721;1.75;6301;True;6301.00;0.35;6306;0.23;6301;0.19;4363;True;4363.00;0.31;4363;0.14;4363;0.19;4296;True;4296.00;1.47;4303;0.26;4296;0.35;4364;True;4364.00;1.10;4364;0.15;4364;0.27;4084;True;4084.00;0.30;4085;0.20;4084;0.14
45;40;10;5334;True;5334.00;0.72;5334;0.62;5334;0.27;7297;True;7297.00;0.16;7297;0.10;7297;0.13;5575;True;5575.00;0.31;5575;0.44;5575;0.12;5307;True;5307.00;0.16;5314;0.12;5307;0.09;5045;True;5045.00;0.22;5049;0.10;5045;0.19;4917;True;4917.00;0.29;4917;0.18;4917;0.19
45;40;11;5004;True;5004.00;1.18;5004;0.18;5004;0.16;6979;True;6979.00;0.40;6979;0.11;6979;0.08;5098;True;5098.00;0.26;5106;0.11;5098;0.13;4848;True;4848.00;0.48;4853;0.13;4848;0.16;4765;True;4765.00;0.94;4765;0.25;4765;0.41;4561;True;4561.00;1.94;4561;0.15;4561;0.47
45;40;12;5150;True;5150.00;0.48;5150;0.07;5150;0.15;7203;True;7203.00;0.51;7212;0.19;7203;0.16;5284;True;5284.00;0.15;5284;0.04;5284;0.09;5031;True;5031.00;0.13;5031;0.09;5031;0.06;4849;True;4849.00;0.21;4849;0.07;4849;0.07;4693;True;4693.00;1.99;4693;0.20;4693;0.58
45;40;13;5527;True;5527.00;0.14;5527;0.07;5527;0.10;7468;True;7468.00;0.24;7468;0.11;7468;0.08;5368;True;5368.00;0.17;5368;0.07;5368;0.04;5125;True;5125.00;0.03;5125;0.04;5125;0.03;5241;True;5241.00;0.60;5241;0.16;5241;0.16;4872;True;4872.00;0.17;4872;0.08;4872;0.08
45;40;14;5244;True;5244.00;0.51;5245;0.12;5244;0.15;6866;True;6866.00;0.52;6866;0.16;6866;0.13;5125;True;5125.00;0.46;5125;0.15;5125;0.18;4954;True;4954.00;0.41;4954;0.13;4954;0.13;4979;True;4979.00;1.07;4980;0.13;4979;0.43;4663;True;4663.00;0.08;4663;0.09;4663;0.08
45;40;15;5262;True;5262.00;0.26;5262;0.12;5262;0.12;7288;True;7288.00;0.39;7293;0.36;7288;0.21;5306;True;5306.00;0.29;5318;0.30;5306;0.17;5070;True;5070.00;0.43;5070;0.16;5070;0.17;4946;True;4946.00;0.53;4946;0.13;4946;0.19;4685;True;4685.00;0.07;4685;0.07;4685;0.13
45;40;16;5686;True;5686.00;1.82;5686;0.49;5686;1.42;7761;True;7761.00;0.44;7763;0.13;7761;0.11;5685;True;5685.00;0.10;5685;0.06;5685;0.05;5398;True;5398.00;0.03;5398;0.04;5398;0.03;5321;True;5321.00;0.84;5322;0.12;5321;0.21;5030;True;5030.00;0.05;5030;0.05;5030;0.05
45;40;17;5409;True;5409.00;0.92;5409;0.12;5409;0.28;7569;True;7569.00;13.09;7569;0.43;7569;10.54;5496;True;5496.00;0.33;5505;0.10;5496;0.11;5317;True;5317.00;1.21;5319;0.13;5317;0.22;5234;True;5234.00;4.43;5234;0.14;5234;2.58;4950;True;4950.00;1.28;4956;0.16;4950;0.42
45;40;18;5293;True;5293.00;0.51;5295;0.14;5293;0.20;7275;True;7275.00;1.01;7276;0.23;7275;0.37;5363;True;5363.00;0.30;5368;0.15;5363;0.19;5101;True;5101.00;0.16;5101;0.10;5101;0.11;4944;True;4944.00;0.16;4944;0.06;4944;0.09;4726;True;4726.00;0.55;4726;0.12;4726;0.26
45;40;19;5729;True;5729.00;0.03;5729;0.03;5729;0.06;7616;True;7616.00;0.02;7616;0.03;7616;0.10;5777;True;5777.00;0.03;5777;0.03;5777;0.09;5510;True;5510.00;0.03;5510;0.04;5510;0.09;5477;True;5477.00;0.31;5477;0.27;5477;0.12;5125;True;5125.00;0.04;5125;0.04;5125;0.11
45;40;20;5491;True;5491.00;5.04;5545;0.51;5491;8.88;7319;True;7319.00;4.08;7338;0.45;7319;3.18;5489;True;5489.00;0.51;5489;0.14;5489;0.17;5212;True;5212.00;4.02;5212;0.14;5212;0.84;5223;True;5223.00;1.32;5225;0.11;5223;0.51;4922;True;4922.00;0.56;4926;0.09;4922;0.26
45;40;21;5336;True;5336.00;0.04;5336;0.04;5336;0.09;7354;True;7354.00;0.04;7354;0.05;7354;0.04;5469;True;5469.00;0.81;5469;0.13;5469;0.27;5127;True;5127.00;0.37;5127;0.13;5127;0.20;4972;True;4972.00;0.04;4972;0.04;4972;0.05;4744;True;4744.00;1.40;4744;0.16;4744;0.49
45;40;22;5336;True;5336.00;0.35;5336;0.11;5336;0.15;7219;True;7219.00;0.03;7219;0.04;7219;0.04;5235;True;5235.00;0.10;5235;0.04;5235;0.04;5020;True;5020.00;0.33;5020;0.09;5020;0.11;5090;True;5090.00;1.52;5096;0.13;5090;0.63;4736;True;4736.00;0.60;4737;0.12;4736;0.24
45;40;23;5522;True;5522.00;0.05;5522;0.04;5522;0.05;7556;True;7556.00;0.11;7572;0.14;7556;0.08;5531;True;5531.00;2.84;5539;0.37;5531;1.10;5295;True;5295.00;0.48;5298;0.11;5295;0.13;5219;True;5219.00;2.21;5225;0.18;5219;0.93;4971;True;4971.00;0.53;4974;0.11;4971;0.12
45;40;24;5704;True;5704.00;0.16;5704;0.11;5704;0.07;7690;True;7690.00;0.67;7690;0.19;7690;0.19;5684;True;5684.00;0.60;5688;0.19;5684;0.30;5413;True;5413.00;1.00;5413;0.22;5413;0.30;5521;True;5521.00;0.48;5521;0.09;5521;0.33;5040;True;5040.00;0.14;5040;0.09;5040;0.07
45;40;25;5051;True;5051.00;0.14;5051;0.10;5051;0.08;6929;True;6929.00;0.03;6929;0.03;6929;0.03;4995;True;4995.00;0.96;5007;0.24;4995;0.32;4800;True;4800.00;0.37;4803;0.19;4800;0.15;4744;True;4744.00;0.03;4744;0.03;4744;0.04;4471;True;4471.00;0.56;4474;0.14;4471;0.22
45;40;26;5133;True;5133.00;0.31;5133;0.17;5133;0.12;6933;True;6933.00;0.66;6939;0.18;6933;0.18;5164;True;5164.00;0.61;5169;0.17;5164;0.21;4909;True;4909.00;0.14;4909;0.09;4909;0.12;4789;True;4789.00;2.79;4792;0.25;4789;0.94;4494;True;4494.00;1.15;4507;0.23;4494;0.31
45;40;27;5194;True;5194.00;3.52;5209;0.61;5194;1.22;6921;True;6921.00;0.20;6921;0.11;6921;0.08;5082;True;5082.00;0.16;5082;0.17;5082;0.09;4903;True;4903.00;0.70;4903;0.17;4903;0.30;4886;True;4886.00;4.13;4893;0.67;4886;3.47;4589;True;4589.00;0.19;4589;0.11;4589;0.08
45;40;28;5288;True;5288.00;0.26;5288;0.07;5288;0.05;7318;True;7318.00;0.98;7322;0.15;7318;0.19;5237;True;5237.00;3.01;5242;0.12;5237;2.11;4978;True;4978.00;0.42;4978;0.10;4978;0.10;5013;True;5013.00;0.50;5013;0.06;5013;0.09;4677;True;4677.00;0.30;4677;0.08;4677;0.14
45;40;29;4397;True;4397.00;2.22;4401;0.18;4397;1.13;5894;True;5894.00;0.67;5899;0.19;5894;0.26;4317;True;4317.00;0.31;4319;0.19;4317;0.21;4165;True;4165.00;0.04;4165;0.04;4165;0.04;4177;True;4177.00;0.35;4182;0.11;4177;0.13;3928;True;3928.00;1.85;3930;0.15;3928;1.00
45;40;30;5290;True;5290.00;0.61;5294;0.18;5290;0.16;7240;True;7240.00;0.05;7240;0.05;7240;0.10;5441;True;5441.00;0.15;5441;0.19;5441;0.10;5160;True;5160.00;0.04;5160;0.05;5160;0.10;5059;True;5059.00;0.54;5066;0.35;5059;0.24;4836;True;4836.00;0.05;4836;0.05;4836;0.06
45;40;31;5501;True;5501.00;0.75;5504;0.17;5501;0.34;7398;True;7398.00;0.60;7398;0.08;7398;0.10;5568;True;5568.00;0.12;5568;0.08;5568;0.09;5243;True;5243.00;0.27;5243;0.10;5243;0.10;5161;True;5161.00;0.03;5161;0.03;5161;0.04;4926;True;4926.00;0.48;4937;0.13;4926;0.19
45;40;32;5701;True;5701.00;0.76;5701;0.23;5701;0.16;7638;True;7638.00;0.31;7638;0.15;7638;0.18;5631;True;5631.00;0.34;5635;0.13;5631;0.11;5355;True;5355.00;0.80;5355;0.12;5355;0.32;5353;True;5353.00;0.13;5353;0.09;5353;0.05;5090;True;5090.00;1.26;5090;0.24;5090;0.43
45;40;33;5599;True;5599.00;0.18;5599;0.10;5599;0.18;7517;True;7517.00;0.03;7517;0.04;7517;0.04;5581;True;5581.00;1.92;5585;0.13;5581;0.77;5385;True;5385.00;1.91;5385;0.18;5385;0.52;5241;True;5241.00;2.40;5241;0.15;5241;0.70;4948;True;4948.00;0.22;4948;0.12;4948;0.15
45;40;34;4726;True;4726.00;1.75;4726;0.18;4726;0.53;6273;True;6273.00;0.44;6273;0.16;6273;0.14;4641;True;4641.00;0.52;4641;0.15;4641;0.16;4472;True;4472.00;0.97;4472;0.20;4472;0.34;4453;True;4453.00;1.52;4460;0.34;4453;0.77;4166;True;4166.00;0.06;4166;0.06;4166;0.06
45;40;35;4747;True;4747.00;0.88;4749;0.14;4747;0.38;6462;True;6462.00;0.04;6462;0.06;6462;0.05;4911;True;4911.00;0.04;4911;0.06;4911;0.10;4626;True;4626.00;0.17;4626;0.09;4626;0.08;4472;True;4472.00;0.03;4472;0.03;4472;0.04;4251;True;4251.00;0.87;4254;0.18;4251;0.28
45;40;36;4751;True;4751.00;0.05;4751;0.06;4751;0.06;6570;True;6570.00;0.73;6572;0.16;6570;0.21;5084;True;5084.00;0.43;5084;0.15;5084;0.21;4726;True;4726.00;0.96;4726;0.19;4726;0.35;4577;True;4577.00;0.29;4577;0.08;4577;0.08;4344;True;4344.00;0.05;4344;0.05;4344;0.06
45;40;37;4830;True;4830.00;0.32;4830;0.18;4830;0.25;6393;True;6393.00;0.41;6393;0.29;6393;0.10;4957;True;4957.00;0.44;4957;0.17;4957;0.15;4705;True;4705.00;0.11;4705;0.13;4705;0.12;4539;True;4539.00;1.79;4539;0.18;4539;0.59;4383;True;4383.00;0.32;4383;0.14;4383;0.15
45;40;38;4787;True;4787.00;0.96;4787;0.13;4787;0.61;6524;True;6524.00;0.03;6524;0.04;6524;0.14;4910;True;4910.00;0.72;4910;0.22;4910;0.19;4681;True;4681.00;0.04;4681;0.05;4681;0.04;4573;True;4573.00;0.27;4573;0.11;4573;0.09;4310;True;4310.00;0.47;4310;0.22;4310;0.18
45;40;39;5380;True;5380.00;0.51;5380;0.12;5380;0.13;7362;True;7362.00;0.03;7362;0.03;7362;0.03;5530;True;5530.00;0.42;5531;0.17;5530;0.22;5207;True;5207.00;0.28;5207;0.17;5207;0.19;5055;True;5055.00;0.49;5055;0.10;5055;0.15;4804;True;4804.00;0.27;4816;0.22;4804;0.19
45;50;0;6413;True;6413.00;1.34;6413;0.54;6413;0.51;8458;True;8458.00;0.54;8458;0.79;8458;0.29;6318;True;6318.00;0.97;6318;0.81;6318;0.48;5987;True;5987.00;0.34;5987;0.29;5987;0.30;5951;True;5951.00;1.06;5951;0.75;5951;0.38;5607;True;5607.00;0.13;5607;0.12;5607;0.21
45;50;1;5750;True;5750.00;10.29;5759;1.09;5750;21.93;7951;True;7951.00;2.13;7962;0.59;7951;0.91;5788;True;5788.00;0.65;5788;0.28;5788;0.21;5607;True;5607.00;1.61;5611;0.43;5607;0.53;5508;True;5508.00;16.72;5508;1.88;5508;7.16;5213;True;5213.00;3.89;5218;0.71;5213;1.17
45;50;2;5658;True;5658.00;2.51;5660;1.10;5658;1.12;7581;True;7581.00;0.83;7584;0.73;7581;0.84;5634;True;5634.00;4.92;5634;0.56;5634;2.37;5392;True;5392.00;0.31;5392;0.26;5392;0.21;5394;True;5394.00;1.00;5404;0.57;5394;0.48;5052;True;5052.00;6.32;5052;0.79;5052;3.12
45;50;3;5933;True;5933.00;8.64;5933;0.62;5933;6.48;8064;True;8064.00;0.69;8064;0.30;8064;0.22;6032;True;6032.00;2.50;6034;0.21;6032;0.85;5797;True;5797.00;1.92;5797;0.32;5797;1.76;5539;True;5539.00;0.65;5539;0.27;5539;0.19;5272;True;5272.00;1.76;5272;0.31;5272;0.43
45;50;4;6042;True;6042.00;3.61;6065;0.73;6042;1.70;8260;True;8260.00;4.01;8265;0.45;8260;1.35;5978;True;5978.00;0.48;5978;0.16;5978;0.28;5765;True;5765.00;1.60;5765;0.27;5765;0.50;5710;True;5710.00;12.18;5727;0.62;5710;17.75;5437;True;5437.00;11.07;5443;0.76;5437;13.48
45;50;5;6798;True;6798.00;1.12;6798;0.18;6798;0.42;9526;True;9526.00;0.77;9526;0.24;9526;0.20;6971;True;6971.00;0.53;6971;0.20;6971;0.19;6568;True;6568.00;0.17;6568;0.16;6568;0.12;6450;True;6450.00;0.31;6450;0.14;6450;0.12;6133;True;6133.00;0.58;6133;0.12;6133;0.16
45;50;6;6575;True;6575.00;3.41;6575;0.53;6575;4.29;9026;True;9026.00;0.60;9026;0.62;9026;0.33;6655;True;6655.00;0.25;6655;0.15;6655;0.16;6389;True;6389.00;0.52;6389;0.77;6389;0.28;6266;True;6266.00;1.70;6266;0.28;6266;0.60;5929;True;5929.00;1.22;5935;0.73;5929;0.64
45;50;7;5772;True;5772.00;36.07;5803;0.90;5772;68.57;7685;True;7685.00;6.56;7695;0.80;7685;2.91;5897;True;5897.00;2.41;5897;0.63;5897;1.63;5624;True;5624.00;13.15;5624;0.81;5624;8.22;5503;True;5503.00;23.71;5510;3.49;5503;30.20;5260;True;5260.00;59.78;5263;0.98;5260;65.98
45;50;8;6194;True;6194.00;1.83;6194;1.15;6194;0.44;8318;True;8318.00;2.28;8318;0.84;8318;0.65;6374;True;6374.00;0.31;6409;0.99;6374;0.29;5986;True;5986.00;0.99;5986;0.82;5986;0.57;5844;True;5844.00;6.25;5845;0.89;5844;1.99;5540;True;5540.00;0.12;5540;0.13;5540;0.30
45;50;9;6287;True;6287.00;0.06;6287;0.08;6287;0.07;8550;True;8550.00;0.31;8569;0.18;8550;0.15;6552;True;6552.00;0.38;6552;0.14;6552;0.14;6213;True;6213.00;0.20;6213;0.12;6213;0.08;5993;True;5993.00;1.43;5993;0.28;5993;0.48;5740;True;5740.00;0.70;5740;0.23;5740;0.25
45;50;10;6031;True;6031.00;1.32;6031;0.77;6031;0.38;7934;True;7934.00;2.30;7938;0.79;7934;1.28;6099;True;6099.00;0.90;6104;0.16;6099;0.37;5664;True;5664.00;0.05;5664;0.06;5664;0.06;5648;True;5648.00;0.39;5648;0.14;5648;0.11;5379;True;5379.00;0.86;5396;0.24;5379;0.22
45;50;11;6567;True;6567.00;0.79;6567;0.13;6567;0.19;8932;True;8932.00;1.25;8936;0.27;8932;0.47;6572;True;6572.00;1.18;6572;0.15;6572;0.59;6250;True;6250.00;0.35;6250;0.16;6250;0.15;6192;True;6192.00;0.18;6192;0.10;6192;0.14;5833;True;5833.00;0.05;5833;0.05;5833;0.05
45;50;12;6848;True;6848.00;1.19;6848;0.43;6848;0.65;9272;True;9272.00;1.81;9282;0.27;9272;0.51;6879;True;6879.00;0.61;6879;0.22;6879;0.15;6628;True;6628.00;0.61;6633;0.22;6628;0.20;6394;True;6394.00;2.98;6396;0.31;6394;2.78;6112;True;6112.00;1.99;6119;0.51;6112;0.86
45;50;13;6854;True;6854.00;0.79;6863;0.39;6854;0.38;9156;True;9156.00;0.03;9156;0.04;9156;0.04;6804;True;6804.00;0.05;6804;0.05;6804;0.05;6460;True;6460.00;1.16;6460;0.20;6460;0.47;6409;True;6409.00;1.26;6409;0.34;6409;0.40;5968;True;5968.00;0.04;5968;0.05;5968;0.05
45;50;14;6462;True;6462.00;3.91;6474;1.22;6462;1.67;8906;True;8906.00;0.75;8937;0.85;8906;0.33;6492;True;6492.00;1.91;6495;0.75;6492;0.72;6191;True;6191.00;2.74;6191;0.80;6191;1.09;6027;True;6027.00;1.04;6027;0.35;6027;0.35;5738;True;5738.00;0.99;5738;0.92;5738;0.65
45;50;15;6724;True;6724.00;7.77;6736;0.89;6724;6.24;9008;True;9008.00;3.13;9010;0.21;9008;0.94;6913;True;6913.00;1.04;6920;0.24;6913;0.37;6477;True;6477.00;2.57;6484;0.26;6477;1.10;6344;True;6344.00;2.09;6345;0.28;6344;1.52;6090;True;6090.00;5.95;6090;0.22;6090;3.48
45;50;16;6045;True;6045.00;0.51;6060;0.54;6045;0.36;8600;True;8600.00;33.44;8608;0.70;8600;19.10;6013;True;6013.00;0.68;6015;0.13;6013;0.55;5786;True;5786.00;1.02;5793;0.25;5786;0.51;5707;True;5707.00;2.53;5709;0.29;5707;0.70;5364;True;5364.00;1.34;5364;0.25;5364;0.36
45;50;17;6314;True;6314.00;2.34;6314;0.70;6314;0.71;8504;True;8504.00;1.99;8510;0.67;8504;0.78;6169;True;6169.00;1.16;6169;0.20;6169;0.62;5873;True;5873.00;0.06;5873;0.08;5873;0.07;5972;True;5972.00;0.80;5972;0.27;5972;0.23;5567;True;5567.00;1.65;5571;0.70;5567;0.44
45;50;18;6293;True;6293.00;156.46;6296;0.95;6293;120.00;8720;True;8720.00;0.64;8720;0.20;8720;0.16;6373;True;6373.00;0.07;6373;0.07;6373;0.07;6011;True;6011.00;0.44;6011;0.22;6011;0.25;6034;True;6034.00;1.45;6034;0.30;6034;0.36;5593;True;5593.00;0.74;5593;0.25;5593;0.32
45;50;19;5792;True;5792.00;4.20;5804;1.06;5792;3.74;7895;True;7895.00;3.36;7897;0.49;7895;0.81;5741;True;5741.00;1.73;5741;0.23;5741;0.40;5537;True;5537.00;0.74;5537;0.28;5537;0.22;5466;True;5466.00;5.06;5467;1.02;5466;2.75;5211;True;5211.00;4.12;5213;0.47;5211;1.42
45;50;20;7318;True;7318.00;11.02;7340;0.52;7318;79.57;9827;True;9827.00;2.64;9843;0.26;9827;1.09;7474;True;7474.00;0.27;7474;0.09;7474;0.10;7070;True;7070.00;1.17;7072;0.18;7070;0.53;6805;True;6805.00;12.01;6818;1.37;6805;9.08;6453;True;6453.00;1.31;6453;0.17;6453;1.09
45;50;21;6160;True;6160.00;5.07;6166;0.62;6160;3.72;8350;True;8350.00;0.30;8350;0.19;8350;0.18;5834;True;5834.00;0.99;5834;0.27;5834;0.24;5636;True;5636.00;1.01;5636;0.16;5636;0.43;5687;True;5687.00;2.38;5705;0.65;5687;1.70;5354;True;5354.00;2.59;5356;0.54;5354;0.97
45;50;22;6727;True;6727.00;2.70;6727;0.82;6727;2.17;9344;True;9344.00;0.22;9353;0.18;9344;0.21;6793;True;6793.00;2.12;6793;0.61;6793;0.95;6465;True;6465.00;3.43;6465;0.91;6465;1.00;6315;True;6315.00;0.07;6315;0.08;6315;0.15;6041;True;6041.00;1.57;6041;0.46;6041;1.47
45;50;23;7045;True;7045.00;0.22;7045;0.25;7045;0.22;9695;True;9695.00;0.93;9708;0.73;9695;0.43;7149;True;7149.00;0.28;7149;0.17;7149;0.12;6735;True;6735.00;0.07;6735;0.08;6735;0.09;6745;True;6745.00;26.29;6748;1.09;6745;15.47;6307;True;6307.00;0.85;6307;0.29;6307;0.34
45;50;24;6750;True;6750.00;0.05;6750;0.06;6750;0.08;9485;True;9485.00;0.03;9485;0.03;9485;0.03;6965;True;6965.00;0.67;6965;0.17;6965;0.17;6668;True;6668.00;0.31;6668;0.22;6668;0.17;6380;True;6380.00;1.19;6384;0.26;6380;0.35;6113;True;6113.00;0.21;6113;0.13;6113;0.12
45;50;25;6270;True;6270.00;7.40;6308;0.93;6270;19.00;8454;True;8454.00;1.45;8462;0.22;8454;0.81;6085;True;6085.00;3.06;6085;0.32;6085;1.54;5866;True;5866.00;1.37;5882;0.39;5866;0.58;5855;True;5855.00;3.57;5870;0.41;5855;1.57;5522;True;5522.00;6.03;5532;0.60;5522;3.74
45;50;26;6805;True;6805.00;0.31;6805;0.16;6805;0.11;9082;True;9082.00;0.87;9082;0.86;9082;0.44;6817;True;6817.00;1.18;6817;0.58;6817;0.60;6470;True;6470.00;0.29;6470;0.56;6470;0.24;6535;True;6535.00;0.83;6544;0.60;6535;0.35;6111;True;6111.00;0.84;6117;0.62;6111;0.38
45;50;27;5289;True;5289.00;4.01;5309;1.63;5289;2.75;7320;True;7320.00;1.54;7320;0.86;7320;0.46;5260;True;5260.00;1.94;5268;1.13;5260;1.20;5066;True;5066.00;1.94;5066;1.02;5066;0.73;5009;True;5009.00;2.93;5024;1.33;5009;0.78;4738;True;4738.00;2.40;4753;1.03;4738;1.33
45;50;28;5779;True;5779.00;7.71;5779;0.86;5779;3.51;7872;True;7872.00;1.30;7875;0.38;7872;0.44;5726;True;5726.00;0.56;5726;0.27;5726;0.41;5379;True;5379.00;0.75;5379;0.29;5379;0.29;5370;True;5370.00;1.78;5370;0.62;5370;0.89;5011;True;5011.00;2.14;5011;1.13;5011;0.69
45;50;29;6576;True;6576.00;0.17;6576;0.14;6576;0.07;8335;True;8335.00;0.88;8335;0.27;8335;0.61;6645;True;6645.00;1.22;6645;0.21;6645;0.29;6305;True;6305.00;0.34;6305;0.20;6305;0.11;6185;True;6185.00;2.22;6189;0.32;6185;0.62;5806;True;5806.00;1.46;5806;0.33;5806;0.42
45;50;30;6113;True;6113.00;4.54;6122;1.23;6113;2.09;8128;True;8128.00;4.83;8128;0.68;8128;2.27;6113;True;6113.00;2.14;6113;0.17;6113;1.02;5838;True;5838.00;1.87;5840;0.39;5838;0.34;5841;True;5841.00;6.75;5841;0.81;5841;3.25;5511;True;5511.00;4.64;5517;0.69;5511;3.50
45;50;31;6602;True;6602.00;1.08;6602;0.46;6602;0.50;8922;True;8922.00;0.36;8922;0.16;8922;0.15;6554;True;6554.00;0.70;6558;0.23;6554;0.33;6248;True;6248.00;1.43;6248;0.22;6248;0.76;6176;True;6176.00;0.45;6176;0.24;6176;0.24;5801;True;5801.00;0.63;5801;0.21;5801;0.17
45;50;32;6755;True;6755.00;3.21;6755;0.69;6755;1.31;9029;True;9029.00;0.46;9029;0.10;9029;0.27;6721;True;6721.00;0.28;6730;0.25;6721;0.23;6397;True;6397.00;0.90;6397;0.20;6397;0.29;6371;True;6371.00;1.03;6373;0.30;6371;0.37;5910;True;5910.00;0.06;5910;0.06;5910;0.06
45;50;33;5787;True;5787.00;25.43;5794;8.01;5796;120.00;7753;True;7753.00;8.34;7753;0.36;7753;3.21;5710;True;5710.00;5.44;5710;0.88;5710;1.98;5440;True;5440.00;4.56;5440;0.80;5440;3.03;5420;True;5420.00;38.41;5427;1.80;5420;82.70;5105;True;5105.00;5.07;5106;0.86;5105;3.84
45;50;34;6237;True;6237.00;2.47;6243;0.85;6237;0.65;8532;True;8532.00;1.24;8532;0.87;8532;0.54;6251;True;6251.00;0.78;6251;0.68;6251;0.30;5973;True;5973.00;0.05;5973;0.07;5973;0.15;5950;True;5950.00;0.08;5950;0.10;5950;0.26;5581;True;5581.00;0.53;5581;0.64;5581;0.33
45;50;35;6453;True;6453.00;0.66;6489;0.94;6453;0.68;9091;True;9091.00;0.86;9091;0.22;9091;0.37;6725;True;6725.00;6.37;6725;0.31;6725;5.18;6400;True;6400.00;6.89;6405;0.47;6400;6.05;6178;True;6178.00;1.98;6195;0.79;6178;0.86;5920;True;5920.00;3.76;5920;0.28;5920;3.73
45;50;36;5524;True;5524.00;122.57;5530;0.94;5524;120.00;7644;True;7644.00;15.03;7652;1.87;7644;13.48;5523;True;5523.00;3.38;5528;0.38;5523;1.80;5381;True;5381.00;4.81;5381;0.63;5381;2.49;5270;True;5270.00;25.55;5270;1.09;5270;33.05;5008;True;5008.00;3.28;5012;0.84;5008;1.76
45;50;37;6228;True;6228.00;24.83;6240;0.97;6228;35.70;8288;True;8288.00;10.29;8290;0.48;8288;9.86;6178;True;6178.00;29.10;6191;0.61;6178;19.37;5896;True;5896.00;9.95;5896;0.77;5896;9.06;5800;True;5800.00;54.59;5802;0.61;5800;64.85;5510;True;5510.00;1.15;5510;0.23;5510;0.91
45;50;38;5772;True;5772.00;3.16;5772;0.45;5772;1.50;7873;True;7873.00;2.55;7873;0.28;7873;1.00;5607;True;5607.00;1.10;5619;0.86;5607;0.20;5368;True;5368.00;0.94;5389;0.72;5368;1.28;5292;True;5292.00;0.46;5292;0.19;5292;0.18;5004;True;5004.00;1.03;5004;0.23;5004;0.40
45;50;39;6298;True;6298.00;3.04;6305;0.27;6298;0.94;8548;True;8548.00;0.75;8548;0.17;8548;0.29;6324;True;6324.00;1.08;6334;0.25;6324;0.49;6077;True;6077.00;2.74;6077;0.26;6077;1.06;5927;True;5927.00;0.36;5927;0.21;5927;0.19;5607;True;5607.00;0.69;5619;0.31;5607;0.23
45;60;0;8288;True;8288.00;7.03;8288;0.65;8288;18.82;11250;True;11250.00;2.29;11262;0.34;11250;0.61;8297;True;8297.00;0.08;8297;0.07;8297;0.08;7907;True;7907.00;0.79;7915;0.28;7907;0.35;7757;True;7757.00;4.47;7757;0.43;7757;2.49;7356;True;7356.00;3.40;7360;0.37;7356;0.86
45;60;1;7375;True;7375.00;8.33;7383;1.30;7375;7.47;10158;True;10158.00;1.34;10168;0.90;10158;0.66;7346;True;7346.00;0.95;7346;0.29;7346;0.27;7067;True;7067.00;7.32;7069;0.75;7067;1.76;6958;True;6958.00;10.54;6965;1.57;6958;6.13;6640;True;6640.00;1.40;6650;1.05;6640;0.52
45;60;2;7373;True;7373.00;13.36;7402;2.89;7373;18.85;10237;True;10237.00;12.98;10247;1.07;10237;8.64;7596;True;7596.00;10.96;7601;0.90;7596;5.69;7197;True;7197.00;26.29;7197;1.68;7197;24.88;7002;True;7002.00;3.84;7008;1.53;7002;1.72;6634;True;6634.00;6.20;6634;1.44;6634;1.20
45;60;3;6819;True;6819.00;52.48;6819;1.09;6819;120.00;9260;True;9260.00;36.13;9278;2.41;9260;46.89;6924;True;6924.00;5.72;6927;0.92;6924;2.16;6552;True;6552.00;7.41;6559;0.77;6552;2.56;6360;True;6360.00;17.74;6369;1.06;6360;7.49;6077;True;6077.00;3.89;6077;0.66;6077;0.97
45;60;4;7290;True;7290.00;9.26;7296;1.52;7290;6.03;9836;True;9836.00;1.56;9839;0.29;9836;0.42;7435;True;7435.00;0.78;7435;0.27;7435;0.32;7044;True;7044.00;1.32;7044;0.32;7044;0.32;6998;True;6998.00;15.58;7002;1.24;6998;9.47;6569;True;6569.00;2.21;6569;0.36;6569;0.93
45;60;5;7256;True;7256.00;3.36;7256;0.31;7256;1.04;9763;True;9763.00;0.89;9765;0.23;9763;0.54;7165;True;7165.00;1.07;7165;0.19;7165;0.64;6912;True;6912.00;0.55;6920;0.33;6912;0.18;6874;True;6874.00;6.28;6880;0.56;6874;1.42;6510;True;6510.00;3.26;6512;0.39;6510;1.97
45;60;6;7640;True;7640.00;6.46;7640;0.95;7640;7.41;10184;True;10184.00;1.94;10184;0.91;10184;0.73;7600;True;7600.00;0.57;7600;0.69;7600;0.27;7245;True;7245.00;0.56;7258;1.02;7245;0.49;7212;True;7212.00;3.09;7215;1.11;7212;1.33;6759;True;6759.00;2.35;6764;1.08;6759;1.32
45;60;7;7177;True;7177.00;4.07;7177;1.51;7177;1.90;9635;True;9635.00;0.79;9635;0.33;9635;0.48;7170;True;7170.00;3.26;7170;1.29;7170;1.13;6840;True;6840.00;5.06;6840;1.17;6840;1.51;6771;True;6771.00;3.55;6772;1.30;6771;1.54;6413;True;6413.00;0.70;6416;0.53;6413;0.59
45;60;8;7681;True;7681.00;96.28;7700;1.35;7684;120.00;10271;True;10271.00;12.04;10288;0.83;10271;13.09;7768;True;7768.00;2.25;7778;0.52;7768;2.45;7383;True;7383.00;1.24;7383;0.24;7383;0.45;7168;True;7168.00;12.59;7168;0.55;7168;8.40;6838;True;6838.00;2.70;6843;0.38;6838;1.12
45;60;9;7948;True;7948.00;0.63;7948;0.21;7948;0.22;11185;True;11185.00;3.06;11186;0.50;11185;1.18;7972;True;7972.00;0.57;7979;0.21;7972;0.37;7535;True;7535.00;0.13;7535;0.13;7535;0.14;7496;True;7496.00;1.64;7501;0.27;7496;0.41;7047;True;7047.00;3.08;7059;1.13;7047;3.98
45;60;10;6841;True;6841.00;1.31;6841;0.29;6841;0.97;9687;True;9687.00;4.33;9687;0.36;9687;1.39;6976;True;6976.00;0.17;6976;0.19;6976;0.29;6650;True;6650.00;7.45;6661;1.49;6650;3.44;6491;True;6491.00;6.67;6492;0.39;6491;1.92;6167;True;6167.00;4.35;6168;0.51;6167;2.14
45;60;11;8091;True;8091.00;9.37;8093;0.15;8091;52.66;11267;True;11267.00;14.01;11275;0.60;11267;7.45;8134;True;8134.00;3.25;8134;0.57;8134;2.71;7811;True;7811.00;16.59;7828;0.66;7811;34.48;7643;True;7643.00;1.41;7643;0.16;7643;0.83;7283;True;7283.00;4.91;7286;0.49;7283;3.48
45;60;12;7934;True;7934.00;1.03;7934;0.93;7934;0.27;10564;True;10564.00;1.18;10574;0.41;10564;0.54;7758;True;7758.00;4.17;7760;0.29;7758;2.72;7464;True;7464.00;3.07;7464;0.35;7464;1.47;7365;True;7365.00;1.59;7365;0.68;7365;0.84;7039;True;7039.00;12.03;7040;0.33;7039;4.32
45;60;13;8502;True;8502.00;1.17;8502;0.76;8502;1.95;11472;True;11472.00;1.91;11472;0.61;11472;0.54;8500;True;8500.00;0.61;8500;0.67;8500;0.15;8053;True;8053.00;0.75;8053;0.63;8053;0.37;7967;True;7967.00;1.64;7968;0.37;7967;0.80;7546;True;7546.00;1.10;7546;0.50;7546;0.49
45;60;14;7644;True;7644.00;3.03;7644;0.32;7644;1.69;10331;True;10331.00;0.76;10331;0.28;10331;0.29;7346;True;7346.00;1.07;7346;0.15;7346;0.32;7082;True;7082.00;0.55;7082;0.21;7082;0.27;7107;True;7107.00;1.22;7107;0.23;7107;0.32;6695;True;6695.00;0.36;6701;0.22;6695;0.13
45;60;15;7434;True;7434.00;7.83;7445;0.91;7434;19.60;10364;True;10364.00;2.53;10377;0.43;10364;0.69;7466;True;7466.00;2.43;7469;0.24;7466;1.22;7111;True;7111.00;3.10;7117;1.30;7111;1.74;6962;True;6962.00;4.00;6962;0.32;6962;1.07;6556;True;6556.00;3.04;6556;0.51;6556;2.39
45;60;16;7620;True;7620.00;10.90;7620;1.04;7620;8.53;10627;True;10627.00;1.40;10636;1.06;10627;0.46;7825;True;7825.00;1.95;7826;0.88;7825;1.03;7350;True;7350.00;1.09;7352;0.59;7350;0.52;7216;True;7216.00;0.10;7216;0.12;7216;0.34;6792;True;6792.00;3.60;6794;0.65;6792;1.85
45;60;17;7902;True;7902.00;9.70;7903;0.89;7902;7.91;10632;True;10632.00;2.40;10632;0.28;10632;0.92;7796;True;7796.00;1.04;7796;0.20;7796;0.23;7476;True;7476.00;1.92;7476;0.22;7476;0.73;7449;True;7449.00;1.62;7463;0.41;7449;0.39;7032;True;7032.00;4.00;7032;0.23;7032;1.23
45;60;18;7882;True;7882.00;2.62;7882;1.06;7882;1.10;10753;True;10753.00;0.84;10763;0.72;10753;0.47;8018;True;8018.00;1.15;8020;0.93;8018;0.37;7679;True;7679.00;2.13;7682;0.47;7679;1.14;7505;True;7505.00;1.47;7505;0.58;7505;0.39;7122;True;7122.00;4.34;7124;1.01;7122;1.65
45;60;19;6779;True;6779.00;19.62;6783;2.59;6779;19.49;8999;True;8999.00;0.79;9003;0.55;8999;0.71;6814;True;6814.00;15.75;6819;1.41;6814;8.73;6456;True;6456.00;0.94;6456;0.31;6456;0.31;6383;True;6383.00;3.15;6383;0.84;6383;2.15;6073;True;6073.00;4.43;6079;1.66;6073;2.02
45;60;20;7782;True;7782.00;24.96;7790;0.89;7782;82.00;10668;True;10668.00;64.41;10687;0.68;10668;49.19;7849;True;7849.00;1.64;7860;0.34;7849;0.85;7409;True;7409.00;0.61;7409;0.24;7409;0.27;7405;True;7405.00;5.23;7405;0.73;7405;2.31;6983;True;6983.00;14.12;6992;1.02;6983;8.30
45;60;21;8664;True;8664.00;0.58;8664;0.52;8664;0.53;12013;True;12013.00;0.27;12013;0.87;12013;0.20;8555;True;8555.00;0.32;8555;0.23;8555;0.22;8237;True;8237.00;0.34;8237;0.77;8237;0.32;8066;True;8066.00;0.93;8066;1.07;8066;0.41;7633;True;7633.00;0.62;7633;0.72;7633;0.61
45;60;22;8551;True;8551.00;3.61;8551;0.45;8551;3.93;11763;True;11763.00;1.30;11768;0.31;11763;0.33;8878;True;8878.00;0.53;8883;1.01;8878;0.26;8314;True;8314.00;0.32;8314;0.20;8314;0.28;8165;True;8165.00;2.05;8167;0.49;8165;0.50;7717;True;7717.00;1.85;7718;0.37;7717;1.61
45;60;23;7627;True;7627.00;6.17;7627;0.89;7627;8.39;10394;True;10394.00;0.82;10395;0.36;10394;0.60;7685;True;7685.00;0.77;7685;0.40;7685;0.47;7228;True;7228.00;3.62;7228;0.59;7228;2.17;7049;True;7049.00;2.57;7049;0.57;7049;0.65;6712;True;6712.00;5.79;6712;1.05;6712;2.55
45;60;24;7107;True;7107.00;11.57;7110;1.82;7107;10.42;9720;True;9720.00;1.27;9742;1.09;9720;0.43;7274;True;7274.00;9.75;7282;0.99;7274;3.67;6904;True;6904.00;1.21;6904;1.03;6904;1.12;6786;True;6786.00;2.53;6786;1.44;6786;1.00;6407;True;6407.00;5.36;6407;1.49;6407;2.04
45;60;25;7527;True;7527.00;1.65;7527;0.77;7527;0.33;10208;True;10208.00;6.63;10208;0.55;10208;2.98;7473;True;7473.00;4.66;7473;0.28;7473;1.36;7126;True;7126.00;3.41;7126;0.48;7126;1.39;7127;True;7127.00;175.29;7140;1.16;7127;120.00;6685;True;6685.00;4.30;6691;0.46;6685;1.44
45;60;26;8552;True;8552.00;0.38;8552;0.18;8552;0.16;11509;True;11509.00;2.05;11509;0.47;11509;0.90;8696;True;8696.00;0.29;8696;0.22;8696;0.27;8208;True;8208.00;0.51;8209;0.15;8208;0.16;8113;True;8113.00;1.86;8113;0.33;8113;0.52;7634;True;7634.00;1.21;7640;0.34;7634;0.41
45;60;27;7605;True;7605.00;12.64;7614;1.44;7605;40.91;10235;True;10235.00;4.18;10235;0.49;10235;1.54;7637;True;7637.00;4.31;7642;0.48;7637;4.91;7178;True;7178.00;1.64;7178;0.53;7178;0.44;7270;True;7270.00;33.33;7275;1.39;7270;13.78;6757;True;6757.00;2.14;6764;0.66;6757;1.13
45;60;28;8523;True;8523.00;0.61;8523;0.20;8523;0.19;11721;True;11721.00;1.75;11721;0.39;11721;0.74;8593;True;8593.00;0.73;8603;0.47;8593;0.39;8143;True;8143.00;1.74;8143;0.42;8143;0.56;7956;True;7956.00;1.15;7958;0.19;7956;0.39;7560;True;7560.00;0.49;7560;0.19;7560;0.19
45;60;29;7388;True;7388.00;3.30;7390;0.63;7388;2.47;10174;True;10174.00;0.45;10174;0.23;10174;0.32;7286;True;7286.00;2.07;7287;0.32;7286;1.08;6986;True;6986.00;1.25;6986;0.49;6986;0.77;6960;True;6960.00;0.43;6970;0.42;6960;0.34;6581;True;6581.00;3.12;6581;0.62;6581;1.43
45;60;30;8160;True;8160.00;4.17;8160;0.26;8160;2.93;10907;True;10907.00;0.06;10907;0.06;10907;0.06;8148;True;8148.00;1.39;8149;0.59;8148;0.95;7722;True;7722.00;1.31;7724;0.55;7722;0.90;7645;True;7645.00;1.40;7645;0.24;7645;0.44;7215;True;7215.00;3.32;7215;0.53;7215;1.76
45;60;31;7211;True;7211.00;27.27;7216;1.30;7211;38.19;9666;True;9666.00;5.10;9675;1.06;9666;1.66;7331;True;7331.00;1.08;7336;0.95;7331;0.54;6999;True;6999.00;8.61;7008;1.53;6999;5.44;6871;True;6871.00;4.19;6871;1.05;6871;1.70;6442;True;6442.00;6.65;6442;1.18;6442;2.26
45;60;32;7907;True;7907.00;3.66;7907;0.35;7907;2.92;10401;True;10401.00;0.80;10401;0.28;10401;0.34;7763;True;7763.00;1.12;7763;0.57;7763;0.50;7355;True;7355.00;0.84;7355;0.24;7355;0.58;7396;True;7396.00;2.41;7413;1.22;7396;0.61;6962;True;6962.00;1.77;6969;0.57;6962;1.62
45;60;33;7493;True;7493.00;4.29;7493;0.59;7493;2.84;9859;True;9859.00;0.34;9865;0.21;9859;0.13;7489;True;7489.00;4.85;7490;0.40;7489;1.53;7148;True;7148.00;0.54;7148;0.17;7148;0.26;7082;True;7082.00;3.22;7089;0.52;7082;0.85;6642;True;6642.00;0.88;6642;0.31;6642;0.23
45;60;34;6916;True;6916.00;1.99;6916;0.37;6916;0.95;9413;True;9413.00;4.65;9413;0.50;9413;1.67;6636;True;6636.00;0.15;6636;0.15;6636;0.16;6445;True;6445.00;1.56;6445;0.32;6445;0.31;6504;True;6504.00;2.95;6504;0.29;6504;0.87;6094;True;6094.00;6.06;6103;1.20;6094;1.59
45;60;35;7328;True;7328.00;7.06;7329;0.70;7328;15.66;10013;True;10013.00;4.57;10019;0.70;10013;2.04;7407;True;7407.00;4.13;7410;1.08;7407;1.65;7051;True;7051.00;0.76;7051;0.45;7051;0.43;6903;True;6903.00;6.02;6903;1.16;6903;2.00;6533;True;6533.00;6.30;6534;0.39;6533;1.52
45;60;36;7627;True;7627.00;3.03;7627;0.41;7627;2.53;10361;True;10361.00;1.79;10361;0.44;10361;0.84;8018;True;8018.00;2.27;8018;0.28;8018;0.77;7537;True;7537.00;2.39;7544;0.32;7537;1.10;7385;True;7385.00;28.56;7389;1.12;7385;17.59;6971;True;6971.00;3.57;6974;0.30;6971;2.94
45;60;37;7756;True;7756.00;15.44;7783;0.92;7756;21.41;10474;True;10474.00;6.30;10474;0.37;10474;2.82;7785;True;7785.00;0.26;7785;0.11;7785;0.10;7512;True;7512.00;4.34;7515;0.48;7512;1.88;7316;True;7316.00;12.28;7321;1.83;7316;4.61;7009;True;7009.00;3.49;7010;0.30;7009;1.23
45;60;38;7230;True;7230.00;1.77;7242;0.64;7230;1.50;10031;True;10031.00;1.92;10031;0.22;10031;0.92;7707;True;7707.00;1.60;7712;0.29;7707;0.47;7267;True;7267.00;0.07;7267;0.07;7267;0.08;6963;True;6963.00;1.25;6963;0.36;6963;0.43;6701;True;6701.00;0.63;6702;0.24;6701;0.42
45;60;39;7337;True;7337.00;0.78;7345;0.25;7337;0.35;10099;True;10099.00;0.68;10099;0.37;10099;0.27;7499;True;7499.00;1.23;7504;0.29;7499;0.50;7116;True;7116.00;0.08;7116;0.08;7116;0.09;7045;True;7045.00;2.13;7052;0.52;7045;0.40;6689;True;6689.00;0.94;6689;0.29;6689;0.48
45;70;0;9210;False;9200.78;TL;9229;4.03;9210;120.00;12248;True;12248.00;84.92;12254;2.79;12252;120.00;8918;True;8918.00;8.07;8918;0.99;8918;6.56;8453;True;8453.00;0.65;8453;0.53;8453;0.53;8676;True;8676.00;67.14;8692;1.70;8676;120.00;8003;True;8003.00;34.30;8004;2.21;8003;33.87
45;70;1;9329;True;9329.00;5.27;9354;1.35;9329;23.37;12815;True;12815.00;43.80;12817;1.57;12815;22.24;9665;True;9665.00;1.91;9681;1.36;9665;1.61;9168;True;9168.00;4.10;9174;1.44;9168;1.50;8785;True;8785.00;0.74;8806;1.37;8785;0.35;8480;True;8480.00;8.43;8481;1.77;8480;3.94
45;70;2;9449;False;9402.99;TL;9471;1.86;9490;120.00;12962;False;12942.70;TL;12991;1.47;12981;120.00;9455;True;9455.00;10.86;9469;1.21;9455;36.54;8896;True;8896.00;270.14;8908;0.97;8905;120.00;8773;False;8752.43;TL;8781;1.21;8782;120.00;8292;True;8292.00;776.57;8328;1.28;8299;120.00
45;70;3;8091;True;8091.00;0.15;8091;0.15;8091;0.18;11118;True;11118.00;6.53;11131;1.89;11118;3.31;8295;True;8295.00;1.74;8313;1.14;8295;1.13;7841;True;7841.00;1.55;7841;0.40;7841;0.52;7704;True;7704.00;17.33;7717;3.50;7704;7.20;7346;True;7346.00;5.31;7346;1.04;7346;3.39
45;70;4;8522;True;8522.00;3.85;8530;0.87;8522;13.41;11388;True;11388.00;0.51;11408;0.54;11388;0.55;8661;True;8661.00;0.09;8661;0.10;8661;0.10;8222;True;8222.00;5.93;8222;0.43;8222;3.05;8109;True;8109.00;0.41;8109;0.21;8109;0.20;7664;True;7664.00;21.15;7665;1.54;7664;20.35
45;70;5;8949;True;8949.00;2.42;8949;1.13;8949;1.45;12051;True;12051.00;15.37;12051;1.23;12051;13.54;9079;True;9079.00;1.58;9079;1.07;9079;0.49;8665;True;8665.00;5.71;8669;1.22;8665;2.26;8501;True;8501.00;2.91;8513;1.38;8501;1.53;8056;True;8056.00;3.69;8062;1.32;8056;1.26
45;70;6;8725;True;8725.00;281.01;8739;2.81;8725;120.00;11757;True;11757.00;5.62;11758;0.62;11757;1.91;8746;True;8746.00;0.70;8758;0.40;8746;0.42;8319;True;8319.00;2.14;8319;0.52;8319;0.66;8224;True;8224.00;1.54;8224;0.35;8224;0.41;7819;True;7819.00;6.99;7819;0.79;7819;1.80
45;70;7;9303;True;9303.00;9.33;9306;0.66;9303;4.34;12421;True;12421.00;7.31;12421;0.47;12421;2.43;9317;True;9317.00;0.08;9317;0.09;9317;0.09;8892;True;8892.00;4.35;8897;0.48;8892;0.96;8775;True;8775.00;6.10;8784;1.14;8775;3.10;8323;True;8323.00;6.29;8324;0.65;8323;5.21
45;70;8;8651;True;8651.00;8.83;8657;1.04;8651;9.35;11629;True;11629.00;1.12;11629;0.41;11629;0.33;8489;True;8489.00;3.61;8489;0.46;8489;0.86;8169;True;8169.00;2.05;8173;0.29;8169;0.36;8188;True;8188.00;4.51;8188;0.57;8188;2.94;7674;True;7674.00;0.66;7674;0.44;7674;0.48
45;70;9;8646;True;8646.00;20.15;8646;1.38;8646;24.00;11765;True;11765.00;7.14;11765;0.78;11765;2.50;8308;True;8308.00;3.20;8309;0.51;8308;0.76;7952;True;7952.00;3.70;7952;1.19;7952;1.15;7956;True;7956.00;8.49;7956;1.44;7956;2.67;7465;True;7465.00;10.36;7472;1.76;7465;5.39
45;70;10;8835;True;8835.00;14.75;8838;1.55;8835;64.65;11844;True;11844.00;11.22;11845;0.73;11844;2.83;8746;True;8746.00;1.75;8756;0.39;8746;0.57;8342;True;8342.00;0.97;8342;0.30;8342;0.19;8244;True;8244.00;55.28;8245;1.56;8244;43.50;7856;True;7856.00;2.03;7864;0.57;7856;1.03
45;70;11;9004;True;9004.00;5.20;9006;0.62;9004;7.20;12460;True;12460.00;1.14;12460;0.32;12460;0.58;8967;True;8967.00;4.40;8967;0.34;8967;1.66;8537;True;8537.00;0.82;8537;0.30;8537;0.20;8443;True;8443.00;0.09;8443;0.08;8443;0.10;8032;True;8032.00;4.94;8032;1.39;8032;2.57
45;70;12;8462;True;8462.00;7.10;8471;1.34;8462;13.64;11506;True;11506.00;0.91;11515;0.30;11506;0.32;8763;True;8763.00;5.14;8764;0.66;8763;2.08;8247;True;8247.00;1.41;8247;0.34;8247;0.69;8025;True;8025.00;0.47;8025;0.33;8025;0.31;7673;True;7673.00;6.75;7673;1.35;7673;3.20
45;70;13;8912;True;8912.00;4.89;8914;0.62;8912;3.29;12391;True;12391.00;1.05;12391;0.30;12391;0.75;9061;True;9061.00;0.92;9061;0.30;9061;0.41;8655;True;8655.00;2.34;8655;0.60;8655;1.67;8551;True;8551.00;2.44;8555;0.65;8551;1.37;8093;True;8093.00;4.74;8093;1.36;8093;2.66
45;70;14;9113;True;9113.00;32.88;9113;1.65;9113;120.00;12187;True;12187.00;10.58;12189;0.47;12187;3.94;8951;True;8951.00;5.32;8953;0.46;8951;1.40;8611;True;8611.00;2.70;8617;0.42;8611;1.05;8552;True;8552.00;11.19;8552;0.63;8552;7.51;7981;True;7981.00;4.30;7982;0.79;7981;1.28
45;70;15;8918;True;8918.00;216.56;8918;1.47;8918;120.00;12009;True;12009.00;393.46;12015;14.26;12021;120.00;9170;True;9170.00;13.21;9174;0.61;9170;4.62;8697;True;8697.00;37.04;8705;1.57;8697;25.28;8513;True;8513.00;102.24;8516;1.42;8514;120.00;8077;True;8077.00;118.95;8090;1.52;8077;96.72
45;70;16;9188;True;9188.00;6.04;9195;1.41;9188;4.38;12472;True;12472.00;1.41;12483;0.74;12472;0.35;9478;True;9478.00;1.17;9478;0.40;9478;0.49;9037;True;9037.00;6.99;9037;0.48;9037;3.52;8801;True;8801.00;8.32;8801;1.40;8801;3.89;8394;True;8394.00;1.64;8394;0.90;8394;1.40
45;70;17;8751;True;8751.00;38.18;8751;1.40;8751;60.19;11788;True;11788.00;0.18;11788;0.22;11788;0.22;8881;True;8881.00;1.56;8883;0.25;8881;0.62;8367;True;8367.00;0.95;8367;0.28;8367;0.56;8269;True;8269.00;9.26;8271;0.69;8269;5.47;7809;True;7809.00;1.03;7809;0.44;7809;0.54
45;70;18;8470;True;8470.00;3333.69;8480;1.95;8489;120.00;11590;True;11590.00;577.21;11620;2.11;11603;120.00;8728;True;8728.00;12.97;8742;1.00;8728;6.18;8266;True;8266.00;43.16;8280;1.70;8266;50.24;7970;True;7970.00;120.80;7976;1.56;7970;120.00;7655;True;7655.00;33.09;7665;1.41;7655;27.31
45;70;19;8322;True;8322.00;1.00;8322;0.49;8322;0.37;11507;True;11507.00;2.22;11507;0.34;11507;1.14;8397;True;8397.00;3.31;8397;0.73;8397;1.77;7944;True;7944.00;5.01;7944;0.80;7944;2.93;7834;True;7834.00;6.65;7838;1.48;7834;4.28;7424;True;7424.00;11.05;7426;1.66;7424;5.13
45;70;20;8602;True;8602.00;1.52;8602;0.62;8602;0.64;11582;True;11582.00;3.32;11591;1.54;11582;2.65;8760;True;8760.00;6.57;8760;0.51;8760;2.96;8338;True;8338.00;2.68;8338;0.42;8338;0.69;8217;True;8217.00;3.89;8217;1.59;8217;1.90;7772;True;7772.00;5.03;7772;1.62;7772;2.55
45;70;21;8781;True;8781.00;8.64;8783;1.32;8781;8.52;11813;True;11813.00;3.65;11816;0.99;11813;1.10;8768;True;8768.00;2.21;8768;0.36;8768;1.03;8429;True;8429.00;2.80;8432;0.33;8429;0.93;8246;True;8246.00;1.86;8253;1.43;8246;1.55;7904;True;7904.00;1.14;7913;0.56;7904;1.03
45;70;22;8784;True;8784.00;705.61;8784;6.73;8786;120.00;12143;True;12143.00;7.70;12145;0.29;12143;3.67;8959;True;8959.00;1.94;8959;0.35;8959;1.06;8490;True;8490.00;1.49;8490;0.36;8490;0.43;8323;True;8323.00;6.04;8326;0.46;8323;2.15;7860;True;7860.00;2.58;7860;0.51;7860;1.29
45;70;23;9566;True;9566.00;2.59;9566;1.08;9566;1.30;12992;True;12992.00;2.00;12992;0.95;12992;1.35;9809;True;9809.00;3.43;9813;1.38;9809;1.14;9328;True;9328.00;1.09;9328;1.08;9328;0.54;9018;True;9018.00;1.38;9027;0.93;9018;0.44;8674;True;8674.00;1.41;8674;1.07;8674;0.64
45;70;24;9057;True;9057.00;2.34;9057;0.70;9057;1.95;12393;True;12393.00;0.12;12393;0.13;12393;0.13;9112;True;9112.00;2.19;9112;0.37;9112;0.69;8809;True;8809.00;2.32;8811;0.50;8809;0.76;8650;True;8650.00;7.69;8660;2.13;8650;10.06;8214;True;8214.00;14.97;8219;2.17;8214;13.35
45;70;25;8912;True;8912.00;2919.60;8916;1.27;8912;120.00;12042;True;12042.00;10.82;12042;1.40;12042;4.59;8994;True;8994.00;5.02;8994;0.39;8994;2.11;8471;True;8471.00;3.65;8471;0.57;8471;0.95;8367;True;8367.00;6.87;8384;1.47;8367;10.90;7958;True;7958.00;21.37;7958;1.37;7958;10.25
45;70;26;8223;True;8223.00;19.75;8227;1.78;8223;19.49;10996;True;10996.00;17.38;11002;1.36;10996;7.78;8565;True;8565.00;3.41;8568;0.58;8565;1.92;7986;True;7986.00;3.47;7986;1.01;7986;0.77;7849;True;7849.00;3.10;7858;2.08;7849;2.02;7482;True;7482.00;13.81;7482;1.65;7482;7.95
45;70;27;9381;True;9381.00;6.08;9381;0.49;9381;2.06;12823;True;12823.00;5.16;12823;0.42;12823;1.86;9282;True;9282.00;1.60;9282;0.28;9282;0.91;8881;True;8881.00;1.87;8881;0.30;8881;0.41;8775;True;8775.00;13.92;8784;1.40;8775;6.82;8254;True;8254.00;4.88;8254;0.63;8254;1.27
45;70;28;9657;True;9657.00;3.72;9662;0.31;9657;4.23;13508;True;13508.00;0.29;13508;0.17;13508;0.19;9555;True;9555.00;0.36;9562;0.26;9555;0.30;9166;True;9166.00;0.08;9166;0.08;9166;0.08;9120;True;9120.00;0.62;9135;0.34;9120;0.19;8655;True;8655.00;0.95;8655;0.26;8655;0.37
45;70;29;8964;True;8964.00;4.85;8968;1.08;8964;4.19;12059;True;12059.00;1.18;12059;0.38;12059;0.65;9125;True;9125.00;7.15;9129;0.83;9125;2.99;8599;True;8599.00;1.31;8599;0.27;8599;0.50;8445;True;8445.00;2.82;8446;0.46;8445;1.71;8015;True;8015.00;4.08;8022;0.56;8015;2.28
45;70;30;8695;True;8695.00;5.99;8695;0.72;8695;2.93;12010;True;12010.00;2.93;12010;0.62;12010;2.42;8798;True;8798.00;2.77;8812;1.48;8798;1.15;8442;True;8442.00;1.85;8457;0.70;8442;0.99;8225;True;8225.00;2.47;8232;0.73;8225;1.88;7842;True;7842.00;4.73;7842;0.60;7842;1.63
45;70;31;8336;True;8336.00;24.93;8336;1.33;8336;120.00;11624;True;11624.00;8.77;11643;1.66;11624;3.98;8551;True;8551.00;1.41;8551;0.43;8551;0.64;8189;True;8189.00;10.99;8189;0.72;8189;4.27;7997;True;7997.00;11.15;7997;0.53;7997;10.23;7557;True;7557.00;1.35;7562;0.56;7557;0.72
45;70;32;9629;True;9629.00;1.34;9635;0.96;9629;0.61;13046;True;13046.00;2.73;13046;0.40;13046;1.41;9631;True;9631.00;2.73;9631;1.43;9631;1.24;9202;True;9202.00;7.97;9208;1.38;9202;4.51;9083;True;9083.00;2.40;9084;0.36;9083;0.75;8556;True;8556.00;0.99;8556;0.45;8556;0.44
45;70;33;8578;True;8578.00;11.70;8578;0.57;8578;19.60;11702;True;11702.00;6.69;11702;1.38;11702;5.87;8660;True;8660.00;4.90;8668;1.42;8660;4.29;8221;True;8221.00;4.65;8230;1.48;8221;2.80;8056;True;8056.00;4.48;8067;0.59;8056;1.70;7699;True;7699.00;4.76;7699;1.58;7699;1.85
45;70;34;9469;True;9469.00;3.52;9469;1.19;9469;6.01;12612;True;12612.00;3.24;12612;0.47;12612;1.11;9552;True;9552.00;3.30;9560;1.28;9552;1.71;9027;True;9027.00;6.01;9036;0.99;9027;1.80;8926;True;8926.00;4.63;8926;0.70;8926;2.04;8459;True;8459.00;0.93;8459;0.43;8459;0.48
45;70;35;9547;True;9547.00;2.23;9559;1.52;9547;1.80;12898;True;12898.00;2.55;12898;0.96;12898;1.42;9533;True;9533.00;4.11;9536;1.52;9533;2.13;9088;True;9088.00;4.03;9091;1.20;9088;1.46;8995;True;8995.00;5.70;8995;1.36;8995;3.68;8411;True;8411.00;4.43;8411;1.17;8411;1.96
45;70;36;8227;True;8227.00;12.52;8227;1.29;8227;63.76;11455;True;11455.00;1.32;11455;1.62;11455;1.03;8531;True;8531.00;2.99;8531;1.31;8531;0.93;8158;True;8158.00;1.33;8158;2.03;8158;0.82;7850;True;7850.00;5.54;7850;1.99;7850;1.89;7485;True;7485.00;4.87;7499;2.37;7485;2.49
45;70;37;9616;True;9616.00;18.81;9616;1.06;9616;24.74;12753;True;12753.00;3.82;12753;0.41;12753;1.31;9560;True;9560.00;1.46;9561;0.31;9560;0.81;9147;True;9147.00;0.15;9147;0.14;9147;0.14;9028;True;9028.00;19.55;9028;1.42;9028;23.56;8579;True;8579.00;4.11;8582;0.74;8579;1.39
45;70;38;9213;True;9213.00;4.36;9213;0.88;9213;2.29;12491;True;12491.00;0.81;12491;1.17;12491;0.44;9220;True;9220.00;3.00;9220;0.98;9220;2.07;8751;True;8751.00;2.23;8751;0.70;8751;1.07;8724;True;8724.00;2.31;8724;0.47;8724;0.86;8208;True;8208.00;2.92;8215;1.47;8208;1.00
45;70;39;7671;True;7671.00;12.66;7671;2.12;7671;13.13;10717;True;10717.00;14.96;10720;1.73;10717;6.30;7620;True;7620.00;16.45;7625;1.74;7620;6.86;7302;True;7302.00;3.99;7302;0.80;7302;1.92;7272;True;7272.00;16.99;7282;3.86;7272;12.82;6860;True;6860.00;9.17;6870;3.29;6860;5.72
45;80;0;9444;True;9444.00;599.66;9447;1.92;9444;120.00;13059;True;13059.00;23.05;13074;1.81;13059;18.56;9410;True;9410.00;4.80;9410;1.10;9410;1.82;9095;True;9095.00;3.15;9100;3.21;9095;2.52;8912;True;8912.00;15.91;8914;0.59;8912;13.76;8477;True;8477.00;1.90;8477;1.17;8477;1.28
45;80;1;9779;True;9779.00;43.64;9779;1.77;9779;58.44;13568;True;13568.00;56.75;13584;1.55;13568;41.28;9814;True;9814.00;7.10;9822;1.11;9814;5.35;9322;True;9322.00;8.16;9329;1.27;9322;6.57;9157;True;9157.00;246.18;9163;2.12;9159;120.00;8750;True;8750.00;6.49;8750;0.82;8750;2.53
45;80;2;9731;True;9731.00;27.16;9731;0.86;9731;24.16;13379;True;13379.00;8.89;13381;1.79;13379;3.22;9530;True;9530.00;5.58;9530;0.59;9530;1.58;9142;True;9142.00;7.19;9152;1.60;9142;3.04;9171;True;9171.00;19.84;9171;1.25;9171;4.28;8626;True;8626.00;23.60;8631;1.98;8626;15.35
45;80;3;9468;True;9468.00;101.69;9481;2.20;9468;120.00;12964;True;12964.00;22.43;12968;2.12;12964;7.45;9855;True;9855.00;3.14;9855;0.62;9855;1.08;9294;True;9294.00;6.07;9299;0.87;9294;1.83;9033;True;9033.00;39.90;9039;2.49;9033;18.96;8653;True;8653.00;30.01;8658;2.81;8653;17.27
45;80;4;10420;True;10420.00;3.16;10430;1.42;10420;2.19;14387;True;14387.00;3.24;14388;0.47;14387;0.71;10487;True;10487.00;3.17;10490;0.47;10487;1.74;10088;True;10088.00;11.31;10089;1.12;10088;5.76;10038;True;10038.00;266.81;10039;1.57;10039;120.00;9436;True;9436.00;180.10;9436;2.09;9436;120.00
45;80;5;9894;True;9894.00;86.24;9894;2.25;9894;120.00;13354;True;13354.00;6.79;13363;1.21;13354;6.16;9958;True;9958.00;8.05;9958;0.53;9958;4.31;9504;True;9504.00;19.00;9504;2.18;9504;14.60;9305;True;9305.00;7.87;9305;2.27;9305;7.84;8888;True;8888.00;8.42;8896;1.98;8888;5.06
45;80;6;9704;True;9704.00;13.49;9718;3.51;9704;14.43;13295;True;13295.00;5.14;13295;0.68;13295;1.13;9561;True;9561.00;6.04;9561;0.51;9561;1.25;9254;True;9254.00;0.22;9254;0.30;9254;0.28;9178;True;9178.00;103.86;9182;2.72;9178;49.15;8711;True;8711.00;6.45;8713;1.01;8711;2.40
45;80;7;10643;False;10640.90;TL;10645;3.66;10643;120.00;14211;True;14211.00;36.86;14211;1.89;14211;25.20;10306;True;10306.00;5.19;10306;1.21;10306;1.67;9886;True;9886.00;2.27;9893;1.70;9886;1.25;9833;True;9833.00;320.53;9837;2.28;9838;120.00;9183;True;9183.00;1.27;9183;0.82;9183;0.67
45;80;8;9646;True;9646.00;168.34;9646;4.44;9661;120.00;13282;True;13282.00;889.98;13320;2.40;13305;120.00;9846;True;9846.00;20.19;9862;2.74;9846;21.21;9264;True;9264.00;10.56;9285;4.73;9264;15.46;9124;True;9124.00;35.38;9124;2.17;9124;26.55;8627;True;8627.00;943.08;8634;11.25;8640;120.00
45;80;9;9466;True;9466.00;44.26;9476;3.94;9466;120.00;12848;True;12848.00;37.44;12848;3.34;12848;20.33;9414;True;9414.00;9.13;9414;1.37;9414;11.77;8911;True;8911.00;4.35;8914;0.79;8911;3.61;8905;True;8905.00;10.48;8910;3.56;8905;7.60;8392;True;8392.00;5.42;8392;2.59;8392;2.77
45;80;10;9460;False;9456.63;TL;9482;2.40;9492;120.00;13055;False;13033.30;TL;13056;2.05;13074;120.00;9343;True;9343.00;10.90;9360;2.21;9343;11.57;9008;True;9008.00;232.31;9014;2.68;9009;120.00;8850;True;8850.00;1191.99;8861;1.62;8863;120.00;8445;True;8445.00;486.42;8456;1.77;8452;120.00
45;80;11;10317;True;10317.00;15.60;10317;2.20;10317;120.00;13783;True;13783.00;8.92;13791;2.07;13783;5.63;9951;True;9951.00;3.17;9955;1.69;9951;1.84;9587;True;9587.00;2.32;9595;1.45;9587;2.81;9706;True;9706.00;1.97;9706;1.45;9706;1.61;9139;True;9139.00;2.89;9143;1.54;9139;1.57
45;80;12;9637;True;9637.00;299.43;9643;3.34;9645;120.00;12895;True;12895.00;102.20;12898;1.97;12895;55.86;9896;True;9896.00;10.69;9898;1.28;9896;4.84;9336;True;9336.00;15.38;9336;1.59;9336;21.89;9193;True;9193.00;74.59;9201;4.02;9193;120.00;8647;True;8647.00;148.97;8649;3.10;8647;120.00
45;80;13;8832;True;8832.00;8.47;8832;2.57;8832;9.15;12023;True;12023.00;10.29;12050;4.27;12023;2.98;9095;True;9095.00;13.17;9122;7.54;9095;5.75;8658;True;8658.00;29.16;8660;4.04;8658;24.65;8455;True;8455.00;21.70;8458;3.21;8455;8.47;8029;True;8029.00;3.61;8029;2.59;8029;2.69
45;80;14;10160;True;10160.00;1497.32;10160;2.40;10160;120.00;13800;True;13800.00;287.67;13810;1.54;13805;120.00;10229;True;10229.00;6.46;10229;0.76;10229;2.53;9760;True;9760.00;48.73;9768;2.36;9760;51.27;9604;True;9604.00;19.61;9604;1.75;9604;9.32;9157;True;9157.00;101.48;9166;2.57;9157;120.00
45;80;15;9151;True;9151.00;10.12;9166;3.51;9151;62.94;12472;True;12472.00;6.68;12472;0.72;12472;3.11;9375;True;9375.00;17.29;9378;1.56;9375;24.23;8918;True;8918.00;15.54;8918;1.49;8918;16.07;8668;True;8668.00;5.25;8668;1.49;8668;3.29;8356;True;8356.00;0.52;8356;0.55;8356;0.54
45;80;16;10512;True;10512.00;19.33;10512;1.94;10559;120.00;14121;True;14121.00;9.42;14129;2.59;14121;12.93;10806;True;10806.00;3.07;10806;0.37;10806;1.03;10180;True;10180.00;2.28;10193;0.52;10180;0.67;9904;True;9904.00;15.93;9906;0.46;9904;8.93;9490;True;9490.00;25.43;9498;1.56;9490;25.09
45;80;17;10467;True;10467.00;6.90;10467;2.24;10467;4.23;14328;True;14328.00;21.95;14334;2.39;14328;5.55;10419;True;10419.00;3.32;10419;1.55;10419;1.40;9896;True;9896.00;2.43;9896;1.55;9896;1.68;9798;True;9798.00;11.91;9804;2.76;9798;7.92;9195;True;9195.00;4.89;9208;2.39;9195;5.52
45;80;18;9732;True;9732.00;2779.56;9732;4.61;9742;120.00;12969;True;12969.00;8.18;12984;2.06;12969;4.82;9494;True;9494.00;8.57;9494;2.71;9494;6.53;9136;True;9136.00;6.84;9136;1.69;9136;2.73;9133;True;9133.00;27.78;9133;2.24;9133;25.20;8603;True;8603.00;15.98;8612;3.35;8603;7.56
45;80;19;9794;True;9794.00;21.13;9794;1.71;9794;19.61;13052;True;13052.00;10.07;13060;2.05;13052;5.69;10018;True;10018.00;5.31;10032;2.30;10018;1.30;9550;True;9550.00;21.44;9554;2.04;9550;19.50;9303;True;9303.00;4.31;9303;0.57;9303;1.27;8842;True;8842.00;3.22;8849;2.26;8842;1.78
45;80;20;10232;True;10232.00;22.06;10237;1.90;10232;31.73;13806;True;13806.00;22.06;13810;1.51;13806;13.76;10333;True;10333.00;13.86;10333;0.88;10333;4.08;9862;True;9862.00;5.65;9865;1.03;9862;3.37;9670;True;9670.00;129.73;9675;2.56;9670;120.00;9125;True;9125.00;7.70;9133;2.06;9125;4.31
45;80;21;11959;True;11959.00;23.09;11962;1.29;11959;39.08;16281;True;16281.00;13.18;16288;0.58;16281;4.16;12347;True;12347.00;1.96;12347;0.44;12347;0.77;11600;True;11600.00;0.11;11600;0.14;11600;0.13;11399;True;11399.00;14.57;11404;1.18;11399;4.91;10783;True;10783.00;11.19;10786;1.21;10783;5.45
45;80;22;11173;True;11173.00;1.93;11173;0.85;11173;1.18;15346;True;15346.00;4.96;15346;0.56;15346;1.82;11500;True;11500.00;0.17;11500;0.18;11500;0.48;10816;True;10816.00;6.10;10816;1.89;10816;2.30;10551;True;10551.00;1.91;10551;0.26;10551;0.71;10081;True;10081.00;4.53;10085;0.60;10081;1.75
45;80;23;10555;True;10555.00;10.32;10555;1.85;10555;12.84;14780;True;14780.00;4.38;14797;0.85;14780;2.76;11223;True;11223.00;10.38;11224;0.53;11223;3.18;10532;True;10532.00;9.17;10538;1.82;10532;6.97;10096;True;10096.00;2.40;10096;0.92;10096;1.31;9714;True;9714.00;42.76;9717;1.81;9714;26.85
45;80;24;10533;True;10533.00;145.28;10539;2.80;10533;120.00;14427;True;14427.00;26.35;14431;1.67;14427;9.89;10446;True;10446.00;0.21;10446;0.22;10446;0.24;10022;True;10022.00;0.27;10022;0.39;10022;0.33;10008;True;10008.00;20.32;10011;1.91;10008;9.93;9425;True;9425.00;21.99;9425;1.45;9425;14.20
45;80;25;9788;True;9788.00;9.04;9795;1.44;9788;16.18;13491;True;13491.00;0.85;13499;0.58;13491;0.61;9786;True;9786.00;9.71;9790;1.41;9786;4.24;9419;True;9419.00;4.66;9419;1.04;9419;2.44;9246;True;9246.00;15.58;9254;2.23;9246;25.31;8772;True;8772.00;11.28;8776;0.98;8772;8.63
45;80;26;9137;True;9137.00;22.22;9144;3.33;9137;60.54;12453;True;12453.00;7.77;12461;2.08;12453;3.53;9391;True;9391.00;20.90;9392;2.80;9391;12.82;8803;True;8803.00;2.59;8803;2.33;8803;1.22;8765;True;8765.00;10.48;8767;0.95;8765;5.73;8247;True;8247.00;11.99;8257;2.88;8247;13.01
45;80;27;10800;True;10800.00;2433.64;10800;2.07;10800;120.00;14764;True;14764.00;30.58;14766;1.36;14764;15.12;10452;True;10452.00;2.09;10452;0.67;10452;0.66;9978;True;9978.00;1.60;9984;0.98;9978;0.64;10046;True;10046.00;39.56;10046;3.34;10046;52.78;9479;True;9479.00;8.51;9480;1.56;9479;2.06
45;80;28;9513;True;9513.00;69.83;9514;3.23;9513;89.88;13019;True;13019.00;9.49;13073;1.98;13019;10.30;9507;True;9507.00;2.74;9507;0.84;9507;0.76;9203;True;9203.00;25.52;9205;1.81;9203;13.92;9059;True;9059.00;16.18;9059;2.23;9059;6.49;8689;True;8689.00;44.34;8698;3.23;8689;26.22
45;80;29;9078;True;9078.00;6.36;9078;0.82;9078;4.32;12383;True;12383.00;1.39;12383;0.68;12383;0.48;9025;True;9025.00;10.27;9025;2.04;9025;5.36;8577;True;8577.00;7.15;8579;1.11;8577;3.47;8589;True;8589.00;5.72;8589;2.22;8589;3.49;8134;True;8134.00;22.97;8136;1.83;8134;13.96
45;80;30;10128;True;10128.00;12.51;10137;1.55;10128;26.81;13671;True;13671.00;7.46;13674;1.01;13671;1.98;9849;True;9849.00;1.70;9859;0.70;9849;0.90;9445;True;9445.00;4.85;9445;0.55;9445;1.57;9472;True;9472.00;7.71;9472;0.75;9472;3.66;8912;True;8912.00;4.17;8912;1.67;8912;3.04
45;80;31;9165;True;9165.00;117.13;9167;2.30;9165;120.00;12550;True;12550.00;4.33;12553;0.73;12550;1.24;9114;True;9114.00;1.46;9127;1.92;9114;0.93;8743;True;8743.00;1.45;8743;1.15;8743;2.19;8724;True;8724.00;7.58;8731;1.47;8724;3.76;8187;True;8187.00;8.60;8194;1.11;8187;7.57
45;80;32;10518;True;10518.00;324.02;10518;1.40;10521;120.00;14336;True;14336.00;13.91;14349;1.45;14336;6.56;10433;True;10433.00;24.01;10433;1.40;10433;23.63;10118;True;10118.00;40.51;10124;2.09;10118;30.24;9939;True;9939.00;67.82;9941;2.59;9939;108.08;9490;True;9490.00;29.21;9497;1.84;9490;17.20
45;80;33;9500;True;9500.00;70.74;9511;4.34;9500;120.00;13304;True;13304.00;94.61;13307;4.29;13304;76.13;9450;True;9450.00;23.90;9450;2.47;9450;12.55;9015;True;9015.00;10.25;9015;2.08;9015;3.53;9013;True;9013.00;29.43;9023;4.48;9013;22.83;8462;True;8462.00;83.03;8467;5.11;8462;120.00
45;80;34;9711;False;9708.88;TL;9718;2.20;9718;120.00;12942;True;12942.00;55.78;12946;1.36;12942;38.46;9582;True;9582.00;456.04;9611;1.51;9582;120.00;9111;True;9111.00;364.29;9136;2.75;9136;120.00;8940;True;8940.00;98.22;8952;2.66;8940;67.79;8552;True;8552.00;42.67;8570;1.81;8552;57.02
45;80;35;9040;True;9040.00;20.23;9040;2.16;9040;72.96;12431;True;12431.00;20.48;12431;1.53;12431;8.76;9199;True;9199.00;4.74;9205;0.98;9199;2.60;8787;True;8787.00;18.67;8795;1.79;8787;20.77;8550;True;8550.00;27.72;8556;1.73;8550;27.51;8175;True;8175.00;8.31;8178;1.29;8175;7.71
45;80;36;10466;True;10466.00;6.91;10471;1.42;10466;37.37;14511;True;14511.00;4.21;14516;0.96;14511;1.33;10530;True;10530.00;10.94;10535;1.53;10530;8.16;10012;True;10012.00;10.40;10012;0.82;10012;5.50;9724;True;9724.00;6.37;9724;0.89;9724;5.07;9317;True;9317.00;9.07;9320;1.55;9317;8.57
45;80;37;10256;True;10256.00;9.34;10256;1.58;10256;11.39;13785;True;13785.00;11.68;13791;1.19;13785;7.87;10323;True;10323.00;8.51;10328;1.06;10323;5.09;9772;True;9772.00;0.20;9772;0.22;9772;0.21;9570;True;9570.00;2.18;9570;0.75;9570;0.72;9173;True;9173.00;6.15;9173;1.63;9173;3.72
45;80;38;9615;True;9615.00;3056.70;9626;7.33;9615;120.00;13242;True;13242.00;133.97;13244;3.86;13242;120.00;9337;True;9337.00;90.27;9339;1.84;9337;120.00;9017;True;9017.00;98.65;9023;2.23;9020;120.00;8997;True;8997.00;366.59;8999;1.45;8997;120.00;8456;True;8456.00;92.51;8461;1.98;8462;120.00
45;80;39;9408;True;9408.00;20.99;9411;2.01;9408;53.18;12645;True;12645.00;5.72;12645;1.31;12645;6.17;9339;True;9339.00;8.93;9341;0.60;9339;5.19;8805;True;8805.00;0.59;8812;0.52;8805;0.57;8769;True;8769.00;2.49;8770;0.73;8769;1.31;8272;True;8272.00;9.51;8272;1.22;8272;6.03
45;90;0;10020;True;10020.00;990.78;10028;8.41;10020;120.00;13728;True;13728.00;7.83;13733;1.07;13728;4.37;10007;True;10007.00;7.62;10015;1.38;10007;3.54;9527;True;9527.00;26.38;9534;2.58;9527;17.63;9454;True;9454.00;53.67;9460;9.73;9454;61.81;8908;True;8908.00;32.58;8915;4.12;8908;24.48
45;90;1;9821;True;9821.00;6.05;9821;3.12;9821;2.83;13327;True;13327.00;9.56;13338;3.71;13327;3.94;10070;True;10070.00;3.74;10076;1.55;10070;1.67;9518;True;9518.00;22.86;9526;5.22;9518;9.60;9338;True;9338.00;24.68;9341;5.74;9338;17.65;8849;True;8849.00;15.28;8855;6.20;8849;6.29
45;90;2;10282;True;10282.00;53.20;10282;2.16;10282;120.00;14091;True;14091.00;5.13;14091;1.87;14091;1.29;10202;True;10202.00;10.87;10206;1.43;10202;10.41;9845;True;9845.00;3.27;9845;1.60;9845;3.67;9837;True;9837.00;19.25;9842;3.49;9837;12.44;9312;True;9312.00;35.52;9313;2.75;9312;26.01
45;90;3;10643;True;10643.00;6.65;10643;3.09;10643;8.25;14098;True;14098.00;7.17;14103;3.21;14098;3.08;10715;True;10715.00;18.40;10730;3.98;10715;5.97;10156;True;10156.00;5.43;10167;2.31;10156;2.71;10041;True;10041.00;15.48;10047;3.31;10041;7.65;9462;True;9462.00;7.36;9462;1.66;9462;3.14
45;90;4;11963;True;11959.20;TL;11978;4.17;11978;120.00;16344;True;16344.00;7.23;16344;1.84;16344;4.10;11836;True;11836.00;4.52;11836;1.86;11836;1.67;11444;True;11444.00;26.28;11445;2.38;11444;18.84;11249;True;11249.00;50.89;11249;2.59;11249;35.24;10708;True;10708.00;26.10;10712;5.38;10708;12.02
45;90;5;10558;True;10558.00;495.11;10558;4.06;10561;120.00;14677;True;14677.00;132.77;14682;3.22;14677;81.16;10800;True;10800.00;13.16;10804;1.43;10800;6.31;10308;True;10308.00;23.84;10308;1.40;10308;13.01;10070;True;10070.00;276.96;10076;7.11;10073;120.00;9514;True;9514.00;74.97;9518;3.49;9514;80.86
45;90;6;10824;True;10824.00;28.84;10832;4.30;10824;120.00;14859;True;14859.00;7.47;14867;1.38;14859;4.41;10648;True;10648.00;6.70;10651;2.51;10648;2.68;10269;True;10269.00;5.43;10271;1.31;10269;3.09;10277;True;10277.00;6.39;10286;3.09;10277;1.77;9708;True;9708.00;14.76;9711;1.33;9708;13.71
45;90;7;10858;True;10858.00;2.60;10858;0.77;10858;2.62;15036;True;15036.00;4.32;15040;0.92;15036;3.24;10876;True;10876.00;7.55;10880;1.82;10876;3.34;10406;True;10406.00;8.32;10408;0.93;10406;4.69;10233;True;10233.00;12.55;10236;2.97;10233;4.53;9788;True;9788.00;27.23;9792;1.60;9788;22.58
45;90;8;10469;True;10469.00;449.38;10469;10.19;10469;120.00;14048;True;14048.00;25.95;14057;2.80;14048;11.23;10544;True;10544.00;6.40;10548;1.56;10544;2.02;10016;True;10016.00;13.20;10016;2.16;10016;6.85;9781;True;9781.00;28.45;9791;4.52;9781;22.62;9344;True;9344.00;45.57;9354;4.26;9344;31.27
45;90;9;11111;True;11111.00;15.67;11114;3.54;11111;17.23;15194;True;15194.00;5.82;15203;1.95;15194;2.93;11183;True;11183.00;3.98;11189;1.99;11183;3.64;10721;True;10721.00;23.18;10722;2.40;10721;11.34;10545;True;10545.00;12.68;10545;2.20;10545;15.30;10030;True;10030.00;5.43;10030;1.68;10030;4.44
45;90;10;10439;True;10439.00;6.86;10439;0.68;10439;3.63;14445;True;14445.00;60.18;14445;2.64;14445;15.30;10922;True;10922.00;10.69;10922;1.02;10922;7.84;10287;True;10287.00;12.47;10287;2.06;10287;11.18;10070;True;10070.00;39.04;10076;3.35;10070;40.29;9503;True;9503.00;19.44;9511;1.62;9503;11.82
45;90;11;11298;True;11298.00;26.74;11305;6.20;11298;47.22;15316;True;15316.00;2.67;15321;0.96;15316;1.15;11566;True;11566.00;8.45;11575;2.46;11566;6.67;10927;True;10927.00;6.38;10934;2.71;10927;3.07;10671;True;10671.00;1.66;10681;2.22;10671;1.50;10124;True;10124.00;4.70;10130;2.23;10124;6.45
45;90;12;10010;True;10010.00;130.56;10012;3.64;10010;120.00;13607;True;13607.00;110.20;13636;2.94;13607;84.62;10091;True;10091.00;19.41;10102;4.48;10091;12.62;9649;True;9649.00;32.20;9654;2.94;9649;21.74;9456;True;9456.00;76.05;9462;4.15;9456;94.42;9036;True;9036.00;25.07;9041;4.43;9036;42.87
45;90;13;11569;True;11569.00;440.79;11577;2.11;11569;120.00;15800;True;15800.00;9.98;15803;1.59;15800;4.99;11571;True;11571.00;4.90;11571;0.73;11571;1.62;11037;True;11037.00;2.57;11037;0.97;11037;1.12;10969;True;10969.00;228.42;10969;5.24;10974;120.00;10417;True;10417.00;8.60;10423;2.25;10417;2.11
45;90;14;11100;False;11095.70;TL;11112;15.24;11115;120.00;14848;True;14848.00;61.02;14857;1.82;14848;79.22;10600;True;10600.00;139.12;10602;1.69;10600;120.00;10263;True;10263.00;83.74;10268;2.11;10263;118.41;10470;True;10470.00;118.72;10483;3.35;10482;120.00;9806;True;9806.00;52.49;9817;2.55;9806;80.69
45;90;15;13013;True;13013.00;17.39;13017;2.59;13013;120.00;17447;True;17447.00;1.30;17447;1.43;17447;0.91;12955;True;12955.00;1.75;12955;1.22;12955;1.18;12390;True;12390.00;1.43;12390;0.81;12390;1.07;12252;True;12252.00;8.21;12259;2.32;12252;4.80;11610;True;11610.00;6.91;11611;2.00;11610;6.92
45;90;16;10214;True;10214.00;457.44;10223;2.85;10214;120.00;13603;True;13603.00;18.26;13624;3.24;13603;5.60;10011;True;10011.00;3.90;10011;0.94;10011;1.41;9655;True;9655.00;9.07;9660;1.47;9655;7.40;9610;True;9610.00;18.23;9614;2.97;9610;8.48;9126;True;9126.00;59.56;9126;7.20;9126;91.29
45;90;17;12045;True;12045.00;5.95;12045;1.81;12045;120.00;16099;True;16099.00;238.79;16106;2.09;16125;120.00;12116;True;12116.00;20.79;12124;2.14;12116;12.20;11516;True;11516.00;32.87;11526;2.01;11516;53.71;11335;True;11335.00;4.88;11341;2.62;11335;2.71;10669;True;10669.00;4.71;10669;2.10;10669;3.09
45;90;18;11013;True;11013.00;38.04;11013;1.35;11013;120.00;15026;True;15026.00;11.72;15031;1.93;15026;5.97;11169;True;11169.00;5.98;11177;1.33;11169;1.91;10688;True;10688.00;5.98;10688;0.89;10688;1.99;10480;True;10480.00;36.47;10480;2.98;10480;17.30;9965;True;9965.00;5.77;9970;0.91;9965;3.29
45;90;19;11088;True;11088.00;84.22;11091;4.85;11091;120.00;15092;True;15092.00;42.96;15104;2.17;15092;44.26;11010;True;11010.00;14.22;11010;2.83;11010;6.44;10696;True;10696.00;31.57;10697;1.87;10696;22.64;10539;True;10539.00;73.62;10543;4.93;10539;47.05;9981;True;9981.00;25.66;9984;2.09;9981;25.70
45;90;20;10671;True;10671.00;79.70;10680;3.68;10674;120.00;14337;True;14337.00;10.72;14337;0.64;14337;1.88;10592;True;10592.00;4.54;10606;3.61;10592;2.08;10173;True;10173.00;21.35;10174;1.36;10173;8.93;9968;True;9968.00;14.63;9975;2.33;9968;9.15;9522;True;9522.00;26.84;9525;1.56;9522;45.69
45;90;21;10984;True;10984.00;39.65;10984;4.38;10989;120.00;15147;True;15147.00;13.65;15164;2.64;15147;7.72;10726;True;10726.00;3.56;10726;2.04;10726;1.33;10442;True;10442.00;56.77;10447;2.12;10442;67.71;10420;True;10420.00;12.22;10420;3.50;10420;8.55;9797;True;9797.00;67.25;9806;5.51;9798;120.00
45;90;22;12073;True;12073.00;7.98;12077;0.73;12073;6.71;16331;True;16331.00;5.58;16331;1.62;16331;3.23;12380;True;12380.00;11.05;12382;0.84;12380;6.88;11854;True;11854.00;12.53;11859;1.32;11854;8.46;11584;True;11584.00;8.64;11586;0.77;11584;6.75;11057;True;11057.00;4.42;11057;0.46;11057;1.08
45;90;23;11829;True;11829.00;3329.23;11831;2.40;11837;120.00;15950;True;15950.00;481.42;15952;2.78;15960;120.00;11615;True;11615.00;4.39;11617;1.74;11615;1.72;11150;True;11150.00;3.97;11150;2.01;11150;2.60;11097;True;11097.00;22.13;11097;2.01;11097;22.13;10465;True;10465.00;142.28;10467;3.48;10466;120.00
45;90;24;11285;False;11283.40;TL;11296;3.07;11288;120.00;15354;True;15354.00;9.03;15354;2.03;15354;3.59;11244;True;11244.00;8.94;11253;1.09;11244;4.77;10740;True;10740.00;8.03;10740;1.13;10740;8.23;10720;True;10720.00;23.37;10728;3.63;10720;6.87;9941;True;9941.00;13.65;9941;1.50;9941;8.31
45;90;25;10759;True;10759.00;54.18;10759;2.35;10759;120.00;14784;True;14784.00;12.41;14793;2.21;14784;10.24;10842;True;10842.00;11.35;10855;1.38;10842;5.78;10355;True;10355.00;9.65;10355;1.96;10355;4.81;10127;True;10127.00;18.90;10134;2.56;10127;8.85;9699;True;9699.00;39.66;9705;3.26;9699;30.72
45;90;26;12028;True;12028.00;579.74;12038;2.23;12028;120.00;16101;True;16101.00;1260.54;16124;2.72;16101;120.00;12269;True;12269.00;127.75;12269;1.76;12280;120.00;11610;True;11610.00;1394.19;11616;2.57;11610;120.00;11289;True;11289.00;3.71;11289;2.17;11289;2.39;10755;True;10755.00;2.37;10755;1.71;10755;1.48
45;90;27;11813;True;11813.00;14.66;11836;2.95;11813;29.00;16092;True;16092.00;18.51;16099;2.79;16092;9.34;11775;True;11775.00;2.19;11775;1.81;11775;0.67;11227;True;11227.00;6.07;11227;1.88;11227;2.22;11032;True;11032.00;31.72;11032;2.35;11032;24.50;10581;True;10581.00;7.88;10581;1.82;10581;4.71
45;90;28;12631;True;12631.00;6.78;12631;2.48;12631;10.62;17192;True;17192.00;1.86;17216;1.96;17192;0.96;12704;True;12704.00;90.93;12704;1.95;12704;87.27;12231;True;12231.00;42.33;12231;2.67;12231;55.67;11962;True;11962.00;0.25;11962;0.28;11962;0.62;11351;True;11351.00;2.46;11355;2.19;11351;1.48
45;90;29;10114;True;10114.00;108.58;10114;3.15;10114;120.00;13477;True;13477.00;41.40;13489;2.52;13477;61.75;10272;True;10272.00;9.61;10274;2.18;10272;4.51;9810;True;9810.00;17.01;9825;4.59;9810;12.84;9469;True;9469.00;35.29;9482;3.60;9469;14.75;9016;True;9016.00;24.92;9016;2.10;9016;12.82
45;90;30;11520;True;11520.00;7.43;11520;2.15;11520;57.43;15692;True;15692.00;6.57;15692;0.61;15692;3.90;11810;True;11810.00;4.23;11824;2.15;11810;3.72;11228;True;11228.00;5.15;11237;1.39;11228;4.66;11030;True;11030.00;1.54;11030;0.55;11030;1.58;10477;True;10477.00;21.71;10477;2.92;10477;13.88
45;90;31;10870;True;10870.00;25.75;10870;3.67;10870;93.31;15103;True;15103.00;10.07;15116;4.37;15103;5.31;11263;True;11263.00;4.63;11269;2.05;11263;2.85;10600;True;10600.00;21.68;10608;3.36;10600;8.68;10366;True;10366.00;3.10;10366;2.37;10366;2.34;9930;True;9930.00;9.36;9941;3.33;9930;4.04
45;90;32;10533;True;10533.00;106.45;10540;4.36;10533;120.00;14391;True;14391.00;367.22;14408;1.79;14402;120.00;10120;True;10120.00;29.47;10124;2.13;10120;8.79;9751;True;9751.00;6.02;9751;1.17;9751;2.63;9873;True;9873.00;67.53;9877;3.07;9873;31.27;9166;True;9166.00;295.06;9166;2.47;9173;120.00
45;90;33;11281;True;11281.00;12.01;11281;2.88;11281;8.83;15097;True;15097.00;3.19;15105;2.19;15097;1.31;11281;True;11281.00;38.89;11281;2.47;11281;21.64;10781;True;10781.00;2.70;10781;2.47;10781;1.84;10634;True;10634.00;0.28;10634;0.33;10634;0.77;10157;True;10157.00;10.02;10159;2.62;10157;5.74
45;90;34;10867;True;10867.00;531.89;10870;2.58;10870;120.00;14949;True;14949.00;62.63;14949;2.17;14949;39.27;11296;True;11296.00;3.50;11296;0.51;11296;0.85;10636;True;10636.00;10.87;10641;1.55;10636;8.90;10365;True;10365.00;48.26;10371;6.30;10365;24.76;9911;True;9911.00;14.33;9921;3.00;9911;10.83
45;90;35;11232;True;11232.00;5.96;11244;2.48;11232;6.24;15499;True;15499.00;11.45;15499;1.22;15499;6.29;11344;True;11344.00;8.56;11344;2.03;11344;3.84;10797;True;10797.00;2.61;10797;1.43;10797;1.42;10671;True;10671.00;9.66;10673;1.10;10671;2.71;10129;True;10129.00;18.81;10130;1.06;10129;7.47
45;90;36;10495;True;10495.00;121.26;10498;4.30;10495;120.00;14148;True;14148.00;21.03;14148;2.32;14148;10.25;10494;True;10494.00;1.76;10494;0.76;10494;0.91;10139;True;10139.00;7.67;10150;2.30;10139;3.18;9850;True;9850.00;3.84;9850;1.59;9850;1.85;9440;True;9440.00;13.68;9440;2.15;9440;10.22
45;90;37;12184;True;12184.00;135.61;12188;3.84;12184;120.00;16855;True;16855.00;5.32;16857;0.63;16855;2.94;12236;True;12236.00;3.77;12236;0.88;12236;1.09;11465;True;11465.00;3.01;11465;0.71;11465;1.28;11453;True;11453.00;175.48;11457;2.55;11455;120.00;10795;True;10795.00;18.74;10795;0.74;10795;9.14
45;90;38;10472;True;10466.50;TL;10511;6.31;10512;120.00;14344;True;14344.00;239.87;14362;4.04;14353;120.00;10691;True;10691.00;242.31;10691;2.11;10691;120.00;10198;True;10198.00;199.90;10209;3.29;10198;120.00;9920;True;9920.00;115.56;9927;4.01;9936;120.00;9432;True;9432.00;306.04;9444;7.86;9440;120.00
45;90;39;11589;True;11589.00;8.53;11597;1.58;11589;16.55;15752;True;15752.00;21.24;15762;1.76;15752;16.82;11619;True;11619.00;4.69;11621;0.64;11619;2.43;11049;True;11049.00;3.50;11049;0.86;11049;1.53;10846;True;10846.00;9.46;10846;0.50;10846;8.80;10351;True;10351.00;1.78;10351;0.55;10351;0.59
45;100;0;11943;False;11936.20;TL;11943;22.91;11954;120.00;16526;True;16526.00;67.61;16537;6.95;16526;53.62;12165;True;12165.00;152.76;12168;5.71;12165;67.22;11420;True;11420.00;54.23;11426;3.77;11420;46.34;11191;True;11191.00;25.18;11192;3.47;11191;13.39;10615;True;10615.00;38.14;10615;3.36;10615;16.86
45;100;1;11821;True;11821.00;2949.44;11825;8.85;11870;120.00;15783;True;15783.00;3.94;15783;3.38;15783;1.72;12059;True;12059.00;167.85;12059;3.10;12059;120.00;11431;True;11431.00;9.22;11431;4.88;11431;5.17;11164;True;11164.00;74.45;11173;10.07;11164;86.81;10572;True;10572.00;36.41;10590;11.01;10572;28.01
45;100;2;12890;True;12890.00;17.40;12890;3.04;12890;72.86;17151;True;17151.00;22.18;17159;2.70;17151;12.95;12573;True;12573.00;9.03;12574;1.92;12573;4.64;12049;True;12049.00;6.85;12049;1.41;12049;3.99;12042;True;12042.00;12.86;12042;2.91;12042;6.49;11330;True;11330.00;18.03;11335;3.66;11330;26.37
45;100;3;12064;True;12064.00;78.32;12064;2.72;12064;120.00;16358;True;16358.00;73.91;16364;2.99;16358;66.50;12388;True;12388.00;5.81;12401;3.53;12388;2.85;11826;True;11826.00;31.27;11828;3.39;11826;18.08;11508;True;11508.00;17.85;11511;2.38;11508;8.76;10993;True;10993.00;9.15;11001;1.42;10993;5.38
45;100;4;12784;True;12784.00;11.55;12800;4.69;12784;19.24;17188;True;17188.00;37.55;17189;3.02;17188;20.31;12642;True;12642.00;46.25;12642;1.60;12642;44.04;12105;True;12105.00;13.18;12106;1.20;12105;7.97;11958;True;11958.00;67.67;11969;4.24;11958;98.26;11271;True;11271.00;81.77;11273;2.69;11271;67.13
45;100;5;12094;True;12094.00;68.46;12094;4.71;12094;120.00;16332;True;16332.00;175.62;16343;3.19;16332;120.00;11886;True;11886.00;163.93;11889;4.99;11889;120.00;11394;True;11394.00;16.33;11394;3.04;11394;6.05;11386;True;11386.00;15.86;11394;3.62;11386;17.51;10617;True;10617.00;38.93;10626;5.22;10617;28.71
45;100;6;12925;True;12925.00;20.04;12934;4.47;12925;101.55;17642;True;17642.00;5.44;17642;2.86;17642;3.40;13235;True;13235.00;20.06;13236;2.78;13235;9.64;12575;True;12575.00;17.40;12579;2.64;12575;11.02;12012;True;12012.00;46.15;12018;5.93;12012;36.51;11628;True;11628.00;11.03;11632;5.64;11628;7.71
45;100;7;12479;True;12479.00;18.31;12488;4.97;12479;14.81;16991;True;16991.00;82.21;16991;2.99;16991;65.18;12494;True;12494.00;759.62;12505;6.71;12517;120.00;11793;True;11793.00;20.51;11797;3.27;11793;14.33;11681;True;11681.00;19.71;11686;4.42;11681;7.74;11102;True;11102.00;53.44;11102;4.37;11102;46.75
45;100;8;12770;False;12703.90;TL;12770;3.66;12783;120.00;17868;True;17868.00;1517.87;17890;3.45;17906;120.00;12680;True;12680.00;85.59;12685;2.24;12680;82.86;12189;True;12189.00;586.29;12194;3.47;12202;120.00;12065;False;12057.40;TL;12071;3.61;12071;120.00;11356;True;11356.00;708.14;11367;2.33;11356;120.00
45;100;9;12950;True;12950.00;21.87;12953;3.54;12950;120.00;17636;True;17636.00;945.23;17638;3.92;17638;120.00;12843;True;12843.00;48.02;12857;5.97;12843;75.39;12327;True;12327.00;228.33;12335;7.95;12330;120.00;11947;True;11947.00;26.07;11962;3.46;11947;25.98;11552;True;11552.00;658.52;11554;8.23;11564;120.00
45;100;10;11804;True;11804.00;405.17;11804;2.73;11804;120.00;16039;True;16039.00;4.68;16039;2.50;16039;2.87;11703;True;11703.00;9.60;11715;4.22;11703;7.51;11172;True;11172.00;44.86;11181;7.41;11172;24.00;11075;True;11075.00;15.80;11075;3.16;11075;9.44;10553;True;10553.00;61.41;10557;6.57;10553;61.48
45;100;11;11835;True;11835.00;0.40;11835;0.39;11835;0.44;16066;True;16066.00;8.78;16066;0.77;16066;5.45;12291;True;12291.00;33.31;12296;5.71;12291;28.52;11613;True;11613.00;4.73;11619;1.04;11613;2.78;11361;True;11361.00;97.26;11365;4.38;11361;120.00;10810;True;10810.00;27.14;10810;1.81;10810;28.65
45;100;12;12514;True;12514.00;36.72;12514;2.45;12514;120.00;16966;True;16966.00;39.63;16969;5.52;16966;29.02;12284;True;12284.00;33.04;12288;2.70;12284;17.00;11785;True;11785.00;10.58;11785;2.54;11785;6.40;11693;True;11693.00;11.96;11693;1.31;11693;10.50;11043;True;11043.00;22.19;11048;3.52;11043;18.50
45;100;13;12538;True;12538.00;65.24;12539;1.99;12538;120.00;17416;True;17416.00;7.22;17416;1.05;17416;3.65;12415;True;12415.00;4.88;12415;1.10;12415;3.08;11967;True;11967.00;67.87;11974;4.37;11967;86.72;11776;True;11776.00;12.37;11789;6.59;11776;11.18;11181;True;11181.00;13.08;11187;3.32;11181;8.38
45;100;14;12956;True;12956.00;44.53;12956;2.66;12956;75.51;17886;True;17886.00;13.02;17898;3.49;17886;10.90;13052;True;13052.00;9.33;13058;2.30;13052;3.13;12371;True;12371.00;10.06;12375;3.59;12371;5.98;12216;True;12216.00;5.95;12222;2.38;12216;3.77;11513;True;11513.00;4.91;11513;1.51;11513;2.12
45;100;15;11459;True;11459.00;14.04;11459;1.96;11459;9.06;15521;True;15521.00;23.97;15524;2.36;15521;9.19;11556;True;11556.00;9.19;11556;0.93;11556;2.93;10973;True;10973.00;20.28;10984;6.72;10973;6.33;10797;True;10797.00;24.44;10802;3.61;10797;20.98;10297;True;10297.00;38.94;10303;2.85;10297;24.94
45;100;16;12897;True;12897.00;4.45;12905;1.98;12897;9.97;18010;True;18010.00;19.16;18010;3.63;18010;8.68;13014;True;13014.00;4.23;13014;1.93;13014;4.46;12408;True;12408.00;4.28;12418;3.69;12408;6.52;12358;True;12358.00;9.26;12358;1.97;12358;4.97;11601;True;11601.00;9.54;11601;2.54;11601;7.28
45;100;17;11766;True;11766.00;975.62;11767;2.86;11767;120.00;16366;False;16354.30;TL;16370;6.21;16395;120.00;11797;True;11797.00;351.23;11797;2.46;11808;120.00;11296;True;11296.00;3226.87;11307;3.39;11311;120.00;11105;False;11100.60;TL;11123;7.77;11128;120.00;10574;False;10566.10;TL;10577;5.02;10579;120.00
45;100;18;12325;True;12325.00;108.43;12339;6.12;12343;120.00;16387;True;16387.00;2.33;16387;2.99;16387;1.85;11991;True;11991.00;8.63;11992;3.19;11991;3.89;11543;True;11543.00;81.20;11543;5.79;11543;100.05;11498;True;11498.00;83.89;11506;4.45;11498;118.39;10858;True;10858.00;37.29;10871;11.78;10858;23.23
45;100;19;11484;True;11484.00;167.79;11493;4.35;11493;120.00;15380;True;15380.00;8.19;15380;2.68;15380;5.83;11884;True;11884.00;4.63;11884;0.99;11884;1.60;11274;True;11274.00;13.52;11280;1.87;11274;6.55;11027;True;11027.00;90.71;11044;8.63;11027;87.32;10574;True;10574.00;634.44;10581;5.64;10577;120.00
45;100;20;12921;True;12921.00;133.37;12930;6.34;12921;120.00;17553;True;17553.00;4.94;17558;1.34;17553;4.76;12934;True;12934.00;13.09;12943;1.05;12934;6.95;12418;True;12418.00;13.27;12418;0.95;12418;7.84;12177;True;12177.00;63.56;12182;3.27;12177;120.00;11569;True;11569.00;6.91;11574;1.59;11569;4.78
45;100;21;12879;True;12879.00;86.78;12884;5.09;12879;120.00;17381;True;17381.00;6.94;17384;3.39;17381;4.64;12644;True;12644.00;8.80;12644;1.65;12644;5.22;12143;True;12143.00;32.63;12145;2.84;12143;15.44;12179;True;12179.00;29.09;12183;3.46;12179;16.83;11357;True;11357.00;6.79;11359;0.90;11357;5.13
45;100;22;12455;True;12455.00;47.39;12466;3.44;12455;68.12;17142;True;17142.00;28.76;17142;1.27;17142;22.65;12380;True;12380.00;8.35;12390;2.48;12380;2.26;11790;True;11790.00;20.19;11796;1.38;11790;23.72;11764;True;11764.00;20.19;11778;4.41;11764;6.55;11113;True;11113.00;10.95;11114;1.55;11113;6.12
45;100;23;12237;True;12237.00;29.82;12246;3.72;12237;120.00;16471;True;16471.00;21.55;16473;1.31;16471;7.89;12408;True;12408.00;3.53;12408;1.00;12408;2.59;11818;True;11818.00;4.78;11826;2.70;11818;3.21;11687;True;11687.00;4.13;11687;1.24;11687;2.98;11113;True;11113.00;8.48;11115;2.68;11113;4.76
45;100;24;12049;True;12049.00;6.43;12071;4.17;12049;3.87;16449;True;16449.00;17.17;16465;5.10;16449;11.05;11846;True;11846.00;4.81;11855;1.01;11846;3.65;11347;True;11347.00;15.28;11351;1.56;11347;11.18;11368;True;11368.00;11.01;11368;1.50;11368;3.73;10669;True;10669.00;37.18;10674;4.08;10669;20.50
45;100;25;12607;True;12607.00;39.02;12611;3.49;12607;114.52;17665;True;17665.00;129.56;17679;7.56;17665;106.93;12404;True;12404.00;11.78;12408;3.29;12404;6.30;11913;True;11913.00;4.67;11913;3.01;11913;1.73;11760;True;11760.00;3.25;11775;3.08;11760;2.11;11219;True;11219.00;59.88;11220;6.90;11219;57.27
45;100;26;11925;True;11925.00;78.71;11927;3.21;11927;120.00;16207;True;16207.00;8.71;16209;1.56;16207;4.03;11829;True;11829.00;10.89;11829;3.47;11829;5.65;11416;True;11416.00;39.96;11420;5.29;11416;19.11;11235;True;11235.00;37.27;11238;3.85;11235;23.52;10615;True;10615.00;47.39;10615;3.34;10615;36.09
45;100;27;11885;True;11885.00;38.83;11885;3.94;11885;120.00;16503;True;16503.00;21.66;16503;2.77;16503;13.93;12091;True;12091.00;40.62;12091;1.74;12091;25.36;11576;True;11576.00;8.06;11582;1.58;11576;3.72;11353;True;11353.00;51.10;11353;4.95;11353;46.60;10793;True;10793.00;22.85;10793;2.62;10793;10.56
45;100;28;12284;True;12284.00;57.54;12284;2.11;12284;110.60;16631;True;16631.00;51.06;16638;3.54;16631;27.15;12261;True;12261.00;5.10;12264;1.39;12261;3.13;11786;True;11786.00;7.19;11791;2.54;11786;4.15;11632;True;11632.00;8.10;11632;1.48;11632;5.00;11070;True;11070.00;49.07;11073;2.44;11070;53.44
45;100;29;12573;True;12573.00;26.63;12573;3.30;12573;38.52;17119;True;17119.00;11.63;17139;4.99;17119;4.93;12727;True;12727.00;22.87;12740;5.12;12727;12.03;12231;True;12231.00;76.53;12231;3.76;12231;105.09;11972;True;11972.00;52.78;11979;7.40;11972;33.11;11317;True;11317.00;46.27;11325;6.70;11317;53.82
45;100;30;12011;False;12007.70;TL;12014;3.44;12011;120.00;16339;True;16339.00;16.45;16358;4.06;16339;14.58;11899;True;11899.00;18.78;11902;2.33;11899;16.86;11449;True;11449.00;27.24;11459;2.76;11449;17.48;11335;True;11335.00;95.43;11341;6.24;11335;37.87;10755;True;10755.00;55.38;10760;4.02;10755;36.71
45;100;31;12438;True;12438.00;216.04;12438;2.22;12438;120.00;16850;False;16847.00;TL;16860;3.91;16878;120.00;12093;True;12093.00;226.84;12096;1.70;12096;120.00;11723;True;11722.50;TL;11731;3.78;11739;120.00;11639;True;11639.00;399.61;11658;3.50;11669;120.00;10978;True;10978.00;573.99;10986;3.52;10979;120.00
45;100;32;11838;True;11838.00;209.06;11838;11.56;11838;120.00;15760;True;15760.00;103.08;15769;5.36;15760;52.65;11646;True;11646.00;10.09;11655;2.59;11646;5.46;11187;True;11187.00;44.37;11194;3.93;11187;31.57;11101;True;11101.00;97.18;11101;5.86;11101;120.00;10468;True;10468.00;45.07;10475;3.84;10468;69.41
45;100;33;11805;True;11805.00;681.28;11805;2.87;11805;120.00;16085;True;16085.00;5.84;16104;1.65;16085;2.96;11886;True;11886.00;14.85;11886;0.96;11886;3.74;11259;True;11259.00;14.53;11269;4.00;11259;6.07;11055;True;11055.00;24.19;11058;4.52;11055;19.03;10505;True;10505.00;21.48;10505;2.12;10505;8.25
45;100;34;12547;True;12547.00;11.43;12547;0.75;12547;4.76;17175;True;17175.00;3.14;17182;0.56;17175;2.40;12576;True;12576.00;13.56;12583;2.28;12576;5.54;11989;True;11989.00;17.58;11991;2.50;11989;14.96;11858;True;11858.00;4.26;11858;0.81;11858;2.62;11190;True;11190.00;25.60;11192;2.22;11190;14.30
45;100;35;12322;True;12322.00;20.82;12322;3.58;12322;12.88;16729;True;16729.00;12.12;16739;2.63;16729;4.37;12369;True;12369.00;11.79;12381;3.01;12369;11.13;11822;True;11822.00;10.73;11826;1.37;11822;5.41;11624;True;11624.00;44.42;11632;5.61;11624;45.51;10993;True;10993.00;16.43;10998;2.82;10993;11.06
45;100;36;11190;True;11190.00;173.18;11196;4.63;11190;120.00;14999;True;14999.00;3.08;14999;1.00;14999;2.72;11022;True;11022.00;8.58;11036;2.84;11022;5.29;10609;True;10609.00;7.25;10609;1.34;10609;3.42;10608;True;10608.00;54.11;10608;3.45;10608;32.65;9951;True;9951.00;25.24;9951;3.19;9951;15.42
45;100;37;12150;True;12150.00;16.04;12150;2.05;12150;120.00;16578;True;16578.00;23.17;16582;1.94;16578;9.14;12182;True;12182.00;1.08;12196;1.70;12182;1.28;11646;True;11646.00;43.55;11646;4.72;11646;21.90;11425;True;11425.00;31.63;11425;4.61;11425;28.98;10897;True;10897.00;3.68;10897;1.25;10897;2.60
45;100;38;12229;True;12229.00;32.97;12229;3.36;12229;73.73;16527;True;16527.00;14.03;16543;3.34;16527;9.15;12208;True;12208.00;4.14;12224;2.87;12208;2.90;11687;True;11687.00;38.39;11688;5.75;11687;20.39;11630;True;11630.00;64.46;11632;6.57;11630;40.03;10893;True;10893.00;8.99;10907;3.49;10893;5.58
45;100;39;11768;True;11768.00;176.00;11768;3.74;11768;120.00;16022;True;16022.00;50.05;16030;3.55;16022;25.38;11514;True;11514.00;6.32;11521;3.41;11514;4.41;11063;True;11063.00;22.03;11070;2.98;11063;15.52;11040;True;11040.00;16.85;11047;2.24;11040;26.64;10298;True;10298.00;92.94;10303;4.33;10298;71.27
60;20;0;2028;True;2028.00;0.38;2028;0.09;2028;0.09;2797;True;2797.00;0.03;2797;0.03;2797;0.03;2213;True;2213.00;0.11;2213;0.05;2213;0.05;2014;True;2014.00;0.30;2023;0.11;2014;0.08;1957;True;1957.00;0.36;1957;0.08;1957;0.09;1860;True;1860.00;0.19;1862;0.10;1860;0.09
60;20;1;2099;True;2099.00;0.36;2107;0.34;2099;0.38;2946;True;2946.00;0.02;2946;0.03;2946;0.03;2106;True;2106.00;0.05;2106;0.05;2106;0.05;2019;True;2019.00;0.05;2019;0.06;2019;0.05;1919;True;1919.00;0.38;1919;0.08;1919;0.08;1840;True;1840.00;0.46;1840;0.12;1840;0.16
60;20;2;2079;True;2079.00;0.04;2079;0.05;2079;0.05;2827;True;2827.00;0.03;2827;0.03;2827;0.03;2209;True;2209.00;0.02;2209;0.02;2209;0.02;2073;True;2073.00;0.06;2073;0.07;2073;0.06;1997;True;1997.00;0.28;1997;0.12;1997;0.11;1903;True;1903.00;0.07;1903;0.08;1903;0.09
60;20;3;1927;True;1927.00;1.04;1927;0.11;1927;0.29;2718;True;2718.00;4.56;2725;0.12;2718;0.96;2002;True;2002.00;0.05;2002;0.05;2002;0.05;1899;True;1899.00;0.17;1899;0.12;1899;0.12;1831;True;1831.00;0.11;1831;0.05;1831;0.07;1744;True;1744.00;0.07;1744;0.08;1744;0.09
60;20;4;1981;True;1981.00;0.14;1981;0.17;1981;0.15;2704;True;2704.00;0.03;2704;0.04;2704;0.04;2179;True;2179.00;0.22;2179;0.14;2179;0.09;2015;True;2015.00;0.21;2015;0.20;2015;0.11;1866;True;1866.00;0.02;1866;0.02;1866;0.03;1839;True;1839.00;0.20;1839;0.14;1839;0.14
60;20;5;2081;True;2081.00;0.97;2083;0.07;2081;0.31;3096;True;3096.00;0.13;3096;0.11;3096;0.07;2124;True;2124.00;0.02;2124;0.02;2124;0.02;2048;True;2048.00;0.04;2048;0.05;2048;0.04;1983;True;1983.00;0.37;1983;0.12;1983;0.09;1878;True;1878.00;0.54;1879;0.13;1878;0.24
60;20;6;2066;True;2066.00;0.86;2066;0.38;2066;0.29;2910;True;2910.00;0.29;2910;0.08;2910;0.12;1970;True;1970.00;0.03;1970;0.03;1970;0.03;1930;True;1930.00;0.03;1930;0.03;1930;0.03;1931;True;1931.00;0.03;1931;0.03;1931;0.03;1777;True;1777.00;0.07;1777;0.07;1777;0.07
60;20;7;1965;True;1965.00;0.90;1967;0.14;1965;0.20;2690;True;2690.00;0.03;2690;0.03;2690;0.03;2109;True;2109.00;0.26;2109;0.10;2109;0.08;1980;True;1980.00;0.43;1980;0.09;1980;0.12;1830;True;1830.00;0.02;1830;0.02;1830;0.02;1784;True;1784.00;0.02;1784;0.02;1784;0.02
60;20;8;2129;True;2129.00;0.03;2129;0.04;2129;0.04;2921;True;2921.00;0.29;2923;0.07;2921;0.08;2317;True;2317.00;0.33;2324;0.13;2317;0.08;2142;True;2142.00;0.12;2146;0.09;2142;0.06;2039;True;2039.00;0.49;2039;0.11;2039;0.19;1980;True;1980.00;0.58;1981;0.16;1980;0.23
60;20;9;2166;True;2166.00;0.43;2166;0.07;2166;0.12;3007;True;3007.00;0.17;3011;0.07;3007;0.05;2250;True;2250.00;0.07;2251;0.05;2250;0.04;2163;True;2163.00;0.16;2163;0.06;2163;0.04;2053;True;2053.00;0.17;2053;0.04;2053;0.04;1974;True;1974.00;0.05;1974;0.06;1974;0.06
60;20;10;2550;True;2550.00;0.28;2550;0.08;2550;0.07;3719;True;3719.00;0.35;3719;0.10;3719;0.06;2689;True;2689.00;0.10;2689;0.08;2689;0.07;2536;True;2536.00;0.07;2536;0.06;2536;0.04;2385;True;2385.00;0.03;2385;0.03;2385;0.04;2313;True;2313.00;0.11;2318;0.10;2313;0.07
60;20;11;2426;True;2426.00;0.02;2426;0.02;2426;0.02;3389;True;3389.00;0.14;3389;0.06;3389;0.06;2560;True;2560.00;0.08;2560;0.06;2560;0.03;2436;True;2436.00;0.51;2440;0.08;2436;0.14;2339;True;2339.00;0.30;2351;0.06;2339;0.06;2238;True;2238.00;0.16;2238;0.07;2238;0.04
60;20;12;2334;True;2334.00;0.75;2334;0.06;2334;0.79;3224;True;3224.00;0.01;3224;0.01;3224;0.01;2450;True;2450.00;0.01;2450;0.01;2450;0.01;2282;True;2282.00;0.02;2282;0.02;2282;0.03;2195;True;2195.00;0.01;2195;0.01;2195;0.01;2092;True;2092.00;0.03;2092;0.04;2092;0.04
60;20;13;2512;True;2512.00;0.10;2512;0.07;2512;0.09;3461;True;3461.00;0.01;3461;0.01;3461;0.02;2672;True;2672.00;0.01;2672;0.02;2672;0.02;2493;True;2493.00;0.11;2494;0.08;2493;0.06;2407;True;2407.00;0.02;2407;0.02;2407;0.02;2310;True;2310.00;0.02;2310;0.02;2310;0.02
60;20;14;2029;True;2029.00;0.38;2031;0.11;2029;0.21;2737;True;2737.00;0.04;2737;0.04;2737;0.04;2001;True;2001.00;0.02;2001;0.02;2001;0.02;1920;True;1920.00;0.26;1922;0.08;1920;0.10;1884;True;1884.00;0.04;1884;0.03;1884;0.05;1821;True;1821.00;0.24;1822;0.13;1821;0.08
60;20;15;1998;True;1998.00;0.60;1998;0.12;1998;0.20;2711;True;2711.00;0.03;2711;0.04;2711;0.04;2054;True;2054.00;0.15;2054;0.10;2054;0.07;1974;True;1974.00;0.03;1974;0.03;1974;0.03;1887;True;1887.00;0.20;1887;0.07;1887;0.05;1832;True;1832.00;0.22;1832;0.07;1832;0.07
60;20;16;2142;True;2142.00;0.02;2142;0.03;2142;0.06;2981;True;2981.00;0.02;2981;0.02;2981;0.02;2191;True;2191.00;0.02;2191;0.02;2191;0.04;2061;True;2061.00;0.01;2061;0.02;2061;0.02;2046;True;2046.00;0.10;2046;0.04;2046;0.06;1944;True;1944.00;0.03;1944;0.03;1944;0.04
60;20;17;2022;True;2022.00;0.30;2022;0.13;2022;0.11;2780;True;2780.00;0.31;2780;0.17;2780;0.14;2159;True;2159.00;0.03;2159;0.03;2159;0.03;2038;True;2038.00;0.25;2038;0.14;2038;0.12;1966;True;1966.00;0.68;1966;0.11;1966;0.21;1868;True;1868.00;0.07;1868;0.08;1868;0.08
60;20;18;1999;True;1999.00;0.44;1999;0.11;1999;0.15;2929;True;2929.00;0.04;2929;0.05;2929;0.05;2201;True;2201.00;0.02;2201;0.03;2201;0.03;2014;True;2014.00;0.05;2014;0.05;2014;0.05;1945;True;1945.00;0.31;1961;0.17;1945;0.11;1806;True;1806.00;0.03;1806;0.03;1806;0.03
60;20;19;2049;True;2049.00;3.24;2049;0.21;2049;3.64;2743;True;2743.00;0.02;2743;0.02;2743;0.02;2059;True;2059.00;0.20;2059;0.05;2059;0.08;1924;True;1924.00;0.15;1928;0.05;1924;0.08;1916;True;1916.00;0.14;1916;0.07;1916;0.05;1794;True;1794.00;0.34;1797;0.11;1794;0.12
60;20;20;1960;True;1960.00;9.20;1960;0.24;1960;8.53;2722;True;2722.00;0.31;2735;0.09;2722;0.08;2010;True;2010.00;0.18;2010;0.08;2010;0.04;1904;True;1904.00;0.15;1904;0.10;1904;0.09;1821;True;1821.00;0.04;1821;0.03;1821;0.05;1734;True;1734.00;0.04;1734;0.04;1734;0.04
60;20;21;2108;True;2108.00;0.02;2108;0.02;2108;0.02;2981;True;2981.00;0.11;2998;0.07;2981;0.05;2290;True;2290.00;0.02;2290;0.02;2290;0.02;2160;True;2160.00;0.02;2160;0.03;2160;0.03;2040;True;2040.00;0.02;2040;0.02;2040;0.02;1977;True;1977.00;0.21;1977;0.10;1977;0.10
60;20;22;2222;True;2222.00;0.40;2222;0.07;2222;0.20;3121;True;3121.00;0.02;3121;0.01;3121;0.02;2234;True;2234.00;0.10;2234;0.07;2234;0.06;2104;True;2104.00;0.10;2104;0.08;2104;0.03;2086;True;2086.00;0.10;2086;0.04;2086;0.06;1930;True;1930.00;0.10;1934;0.05;1930;0.04
60;20;23;1965;True;1965.00;0.02;1965;0.02;1965;0.02;2814;True;2814.00;0.28;2814;0.12;2814;0.08;1937;True;1937.00;0.03;1937;0.03;1937;0.03;1881;True;1881.00;0.08;1881;0.05;1881;0.05;1872;True;1872.00;0.04;1872;0.04;1872;0.05;1779;True;1779.00;0.30;1779;0.14;1779;0.11
60;20;24;2316;True;2316.00;0.13;2316;0.03;2316;0.06;3325;True;3325.00;0.07;3363;0.07;3325;0.03;2503;True;2503.00;0.25;2505;0.07;2503;0.07;2296;True;2296.00;0.02;2296;0.03;2296;0.03;2188;True;2188.00;0.01;2188;0.00;2188;0.01;2161;True;2161.00;0.50;2164;0.07;2161;0.15
60;20;25;1980;True;1980.00;0.47;1980;0.07;1980;0.17;2798;True;2798.00;0.03;2798;0.03;2798;0.03;2126;True;2126.00;0.02;2126;0.02;2126;0.02;1966;True;1966.00;0.01;1966;0.01;1966;0.02;1871;True;1871.00;0.17;1871;0.05;1871;0.04;1789;True;1789.00;0.02;1789;0.03;1789;0.03
60;20;26;1936;True;1936.00;0.89;1936;0.15;1936;1.05;2854;True;2854.00;0.38;2854;0.14;2854;0.13;2000;True;2000.00;0.23;2000;0.10;2000;0.09;1898;True;1898.00;0.24;1909;0.08;1898;0.06;1800;True;1800.00;0.03;1800;0.03;1800;0.03;1758;True;1758.00;0.17;1774;0.15;1758;0.08
60;20;27;2118;True;2118.00;0.71;2118;0.13;2118;0.24;2989;True;2989.00;0.76;2989;0.15;2989;0.20;2261;True;2261.00;0.04;2261;0.05;2261;0.05;2135;True;2135.00;0.56;2135;0.10;2135;0.14;2011;True;2011.00;0.04;2011;0.04;2011;0.05;1945;True;1945.00;0.05;1945;0.06;1945;0.06
60;20;28;2171;True;2171.00;0.90;2171;0.12;2171;0.26;2966;True;2966.00;0.06;2966;0.07;2966;0.08;2327;True;2327.00;0.20;2327;0.14;2327;0.11;2174;True;2174.00;0.14;2186;0.14;2174;0.11;1975;True;1975.00;0.04;1975;0.04;1975;0.04;1929;True;1929.00;0.16;1932;0.13;1929;0.09
60;20;29;2069;True;2069.00;0.46;2069;0.17;2069;0.35;2791;True;2791.00;0.39;2798;0.18;2791;0.13;2160;True;2160.00;0.04;2160;0.04;2160;0.05;2040;True;2040.00;0.03;2040;0.04;2040;0.04;1966;True;1966.00;0.04;1966;0.04;1966;0.05;1880;True;1880.00;1.33;1885;0.19;1880;0.50
60;20;30;2106;True;2106.00;1.87;2117;0.30;2106;1.59;2864;True;2864.00;0.03;2864;0.04;2864;0.04;2310;True;2310.00;0.15;2310;0.12;2310;0.09;2126;True;2126.00;0.08;2126;0.09;2126;0.09;1973;True;1973.00;0.34;1973;0.22;1973;0.17;1885;True;1885.00;0.09;1885;0.10;1885;0.09
60;20;31;2112;True;2112.00;0.16;2123;0.10;2112;0.10;2986;True;2986.00;0.16;2986;0.04;2986;0.03;2208;True;2208.00;0.10;2211;0.06;2208;0.05;2069;True;2069.00;0.03;2069;0.03;2069;0.03;1998;True;1998.00;0.24;1998;0.06;1998;0.08;1901;True;1901.00;0.04;1901;0.04;1901;0.04
60;20;32;2434;True;2434.00;0.18;2434;0.04;2434;0.05;3323;True;3323.00;0.16;3323;0.04;3323;0.04;2608;True;2608.00;0.02;2608;0.02;2608;0.02;2420;True;2420.00;0.02;2420;0.02;2420;0.02;2248;True;2248.00;0.08;2248;0.03;2248;0.05;2178;True;2178.00;0.01;2178;0.01;2178;0.02
60;20;33;2008;True;2008.00;0.32;2008;0.10;2008;0.08;2793;True;2793.00;0.03;2793;0.03;2793;0.03;2095;True;2095.00;0.29;2095;0.12;2095;0.11;1971;True;1971.00;0.34;1986;0.13;1971;0.15;1922;True;1922.00;0.05;1922;0.06;1922;0.07;1844;True;1844.00;0.54;1844;0.14;1844;0.15
60;20;34;2020;True;2020.00;0.93;2020;0.11;2020;0.43;2811;True;2811.00;0.03;2811;0.04;2811;0.04;2141;True;2141.00;0.02;2141;0.03;2141;0.03;2044;True;2044.00;0.30;2045;0.10;2044;0.11;1951;True;1951.00;0.30;1951;0.09;1951;0.11;1839;True;1839.00;0.04;1839;0.04;1839;0.04
60;20;35;2045;True;2045.00;0.30;2045;0.26;2045;0.18;2892;True;2892.00;0.28;2892;0.09;2892;0.10;2134;True;2134.00;0.13;2140;0.09;2134;0.06;2002;True;2002.00;0.03;2002;0.04;2002;0.04;1931;True;1931.00;0.04;1931;0.04;1931;0.05;1858;True;1858.00;0.04;1858;0.04;1858;0.05
60;20;36;2056;True;2056.00;2.24;2057;0.15;2056;0.80;2924;True;2924.00;0.02;2924;0.03;2924;0.02;2337;True;2337.00;0.05;2337;0.05;2337;0.06;2182;True;2182.00;0.16;2182;0.13;2182;0.09;1958;True;1958.00;0.08;1958;0.08;1958;0.13;1914;True;1914.00;0.26;1914;0.17;1914;0.13
60;20;37;2003;True;2003.00;0.68;2003;0.07;2003;0.16;2764;True;2764.00;0.15;2764;0.11;2764;0.08;2130;True;2130.00;0.02;2130;0.02;2130;0.02;1997;True;1997.00;0.16;1997;0.09;1997;0.06;1885;True;1885.00;0.35;1885;0.07;1885;0.11;1797;True;1797.00;0.35;1799;0.09;1797;0.10
60;20;38;1613;True;1613.00;0.09;1613;0.10;1613;0.11;2128;True;2128.00;0.07;2128;0.08;2128;0.08;1670;True;1670.00;0.05;1670;0.05;1670;0.06;1569;True;1569.00;0.04;1569;0.06;1569;0.06;1500;True;1500.00;0.04;1500;0.04;1500;0.04;1471;True;1471.00;0.07;1471;0.09;1471;0.08
60;20;39;1597;True;1597.00;0.09;1597;0.11;1597;0.12;2265;True;2265.00;0.12;2265;0.13;2265;0.14;1765;True;1765.00;0.07;1765;0.08;1765;0.09;1657;True;1657.00;0.04;1657;0.05;1657;0.05;1559;True;1559.00;0.06;1559;0.07;1559;0.08;1509;True;1509.00;0.98;1509;0.48;1509;0.40
60;30;0;3184;True;3184.00;1.51;3189;0.64;3184;0.41;4358;True;4358.00;2.11;4370;0.49;4358;0.63;3362;True;3362.00;0.76;3365;0.36;3362;0.28;3217;True;3217.00;2.51;3217;0.31;3217;1.29;3015;True;3015.00;0.07;3015;0.07;3015;0.06;2883;True;2883.00;1.81;2891;0.35;2883;0.33
60;30;1;3124;True;3124.00;5.62;3124;0.62;3124;2.98;4519;True;4519.00;0.19;4519;0.15;4519;0.08;3344;True;3344.00;0.45;3367;0.41;3344;0.23;3190;True;3190.00;1.16;3192;0.44;3190;0.40;2997;True;2997.00;2.17;2997;0.40;2997;0.40;2859;True;2859.00;3.12;2859;0.41;2859;0.83
60;30;2;2851;True;2851.00;5.30;2870;0.74;2851;3.29;4034;True;4034.00;1.29;4042;0.21;4034;0.46;3040;True;3040.00;0.86;3040;0.17;3040;0.34;2891;True;2891.00;1.09;2895;0.28;2891;0.74;2752;True;2752.00;0.59;2752;0.21;2752;0.24;2620;True;2620.00;1.37;2620;0.17;2620;0.56
60;30;3;2881;True;2881.00;0.69;2881;0.14;2881;0.22;4013;True;4013.00;0.06;4013;0.06;4013;0.07;3052;True;3052.00;0.69;3053;0.13;3052;0.23;2855;True;2855.00;0.08;2855;0.09;2855;0.09;2736;True;2736.00;1.07;2739;0.19;2736;0.31;2655;True;2655.00;0.85;2660;0.23;2655;0.26
60;30;4;3268;True;3268.00;2.68;3268;0.42;3268;1.75;4524;True;4524.00;0.58;4547;0.19;4524;0.12;3553;True;3553.00;0.42;3553;0.13;3553;0.09;3303;True;3303.00;0.60;3303;0.20;3303;0.25;3133;True;3133.00;5.80;3135;0.44;3133;2.00;3025;True;3025.00;2.11;3030;0.25;3025;1.07
60;30;5;3701;True;3701.00;14.73;3704;0.41;3701;87.19;5107;True;5107.00;0.13;5107;0.09;5107;0.09;3708;True;3708.00;5.09;3708;0.13;3708;2.36;3566;True;3566.00;11.81;3575;0.34;3566;5.66;3486;True;3486.00;43.04;3499;0.33;3486;38.95;3262;True;3262.00;2.29;3262;0.12;3262;0.62
60;30;6;2864;True;2864.00;2.15;2864;0.50;2864;0.72;4031;True;4031.00;1.39;4048;0.45;4031;0.51;3012;True;3012.00;3.16;3015;0.27;3012;0.76;2773;True;2773.00;1.74;2783;0.34;2773;0.41;2708;True;2708.00;2.17;2714;0.92;2708;0.47;2597;True;2597.00;1.60;2598;0.26;2597;0.40
60;30;7;3196;True;3196.00;0.52;3196;0.22;3196;0.17;4478;True;4478.00;0.34;4478;0.10;4478;0.12;3408;True;3408.00;1.32;3408;0.15;3408;0.67;3175;True;3175.00;0.71;3186;0.16;3175;0.25;3012;True;3012.00;0.21;3018;0.17;3012;0.20;2912;True;2912.00;0.11;2912;0.10;2912;0.10
60;30;8;2896;True;2896.00;0.05;2896;0.05;2896;0.05;4184;True;4184.00;0.27;4185;0.07;4184;0.08;3220;True;3220.00;1.31;3227;0.14;3220;0.86;2971;True;2971.00;0.69;2971;0.16;2971;0.29;2837;True;2837.00;14.38;2850;0.32;2837;9.15;2739;True;2739.00;3.63;2761;0.27;2739;2.34
60;30;9;2921;True;2921.00;0.86;2921;0.16;2921;0.23;4270;True;4270.00;0.30;4273;0.14;4270;0.14;3019;True;3019.00;0.05;3019;0.06;3019;0.06;2929;True;2929.00;0.35;2929;0.15;2929;0.12;2795;True;2795.00;1.51;2795;0.20;2795;0.35;2654;True;2654.00;0.41;2654;0.22;2654;0.19
60;30;10;2840;True;2840.00;0.05;2840;0.05;2840;0.06;3885;True;3885.00;0.28;3885;0.14;3885;0.13;3031;True;3031.00;0.40;3031;0.23;3031;0.22;2938;True;2938.00;1.36;2938;0.23;2938;0.47;2725;True;2725.00;0.70;2735;0.18;2725;0.24;2646;True;2646.00;0.90;2646;0.22;2646;0.24
60;30;11;3194;True;3194.00;0.88;3194;0.45;3194;0.25;4392;True;4392.00;0.04;4392;0.04;4392;0.04;3372;True;3372.00;0.42;3374;0.09;3372;0.12;3248;True;3248.00;2.32;3248;0.13;3248;1.44;3059;True;3059.00;0.40;3059;0.14;3059;0.11;2920;True;2920.00;0.39;2920;0.13;2920;0.10
60;30;12;3472;True;3472.00;0.26;3472;0.42;3472;0.20;4932;True;4932.00;0.23;4934;0.32;4932;0.11;3608;True;3608.00;0.18;3608;0.30;3608;0.08;3448;True;3448.00;0.04;3448;0.05;3448;0.05;3290;True;3290.00;1.38;3290;0.20;3290;0.29;3172;True;3172.00;0.08;3172;0.08;3172;0.13
60;30;13;3207;True;3207.00;2.67;3207;0.20;3207;2.08;4550;True;4550.00;2.56;4552;0.19;4550;1.37;3468;True;3468.00;0.89;3468;0.13;3468;0.20;3185;True;3185.00;0.05;3185;0.06;3185;0.05;3087;True;3087.00;4.36;3094;0.80;3087;3.32;2909;True;2909.00;0.87;2909;0.22;2909;0.25
60;30;14;3526;True;3526.00;0.55;3526;0.13;3526;0.13;5094;True;5094.00;0.53;5094;0.18;5094;0.15;3644;True;3644.00;0.63;3644;0.14;3644;0.13;3446;True;3446.00;0.41;3446;0.21;3446;0.27;3335;True;3335.00;0.87;3335;0.13;3335;0.24;3162;True;3162.00;0.56;3162;0.12;3162;0.14
60;30;15;2878;True;2878.00;0.77;2891;0.21;2878;0.20;4158;True;4158.00;0.05;4158;0.05;4158;0.06;3071;True;3071.00;0.35;3085;0.26;3071;0.25;2945;True;2945.00;2.01;2945;0.15;2945;0.53;2761;True;2761.00;0.06;2761;0.07;2761;0.07;2668;True;2668.00;0.10;2668;0.10;2668;0.10
60;30;16;2809;True;2809.00;0.06;2809;0.05;2809;0.06;4121;True;4121.00;0.06;4121;0.07;4121;0.13;3009;True;3009.00;0.45;3009;0.45;3009;0.18;2879;True;2879.00;0.31;2879;0.22;2879;0.22;2736;True;2736.00;1.65;2736;0.20;2736;0.43;2614;True;2614.00;1.86;2614;0.32;2614;0.57
60;30;17;3263;True;3263.00;4.52;3270;0.62;3263;2.08;4474;True;4474.00;0.06;4474;0.06;4474;0.06;3365;True;3365.00;0.45;3365;0.28;3365;0.19;3198;True;3198.00;1.71;3200;0.22;3198;0.70;3092;True;3092.00;0.86;3092;0.42;3092;0.26;2933;True;2933.00;0.26;2937;0.17;2933;0.19
60;30;18;3223;True;3223.00;2.13;3237;0.30;3223;1.34;4512;True;4512.00;1.72;4513;0.12;4512;0.48;3484;True;3484.00;1.05;3484;0.12;3484;0.32;3273;True;3273.00;0.43;3273;0.14;3273;0.19;3066;True;3066.00;0.05;3066;0.05;3066;0.05;2964;True;2964.00;0.34;2966;0.16;2964;0.14
60;30;19;3238;True;3238.00;5.20;3249;1.05;3238;6.71;4605;True;4605.00;8.67;4607;0.41;4605;5.40;3265;True;3265.00;18.94;3265;0.73;3265;7.05;3075;True;3075.00;1.10;3092;0.56;3075;0.40;2978;True;2978.00;1.11;2978;0.43;2978;0.37;2836;True;2836.00;0.84;2836;0.42;2836;0.50
60;30;20;3323;True;3323.00;0.74;3323;0.14;3323;0.30;4557;True;4557.00;0.41;4557;0.12;4557;0.11;3350;True;3350.00;0.12;3350;0.05;3350;0.04;3217;True;3217.00;0.81;3218;0.15;3217;0.19;3089;True;3089.00;0.03;3089;0.03;3089;0.04;2980;True;2980.00;0.38;2985;0.13;2980;0.14
60;30;21;2672;True;2672.00;10.50;2672;0.39;2672;4.43;3761;True;3761.00;2.60;3766;0.67;3761;1.06;2803;True;2803.00;0.40;2803;0.14;2803;0.11;2658;True;2658.00;0.15;2658;0.11;2658;0.08;2587;True;2587.00;1.03;2587;0.32;2587;0.61;2452;True;2452.00;0.17;2452;0.16;2452;0.16
60;30;22;3154;True;3154.00;0.04;3154;0.04;3154;0.03;4567;True;4567.00;1.50;4567;0.16;4567;0.36;3411;True;3411.00;2.35;3411;0.17;3411;0.41;3223;True;3223.00;0.18;3223;0.17;3223;0.12;3057;True;3057.00;0.90;3057;0.28;3057;0.31;2956;True;2956.00;0.22;2956;0.12;2956;0.10
60;30;23;3366;True;3366.00;200.42;3366;0.49;3370;120.00;4844;True;4844.00;0.06;4844;0.07;4844;0.07;3542;True;3542.00;1.00;3555;0.18;3542;0.37;3321;True;3321.00;2.14;3329;0.22;3321;1.11;3139;True;3139.00;0.22;3143;0.19;3139;0.11;3047;True;3047.00;1.19;3047;0.50;3047;0.35
60;30;24;2753;True;2753.00;4.98;2762;0.78;2753;4.32;3678;True;3678.00;0.95;3696;0.37;3678;0.38;2914;True;2914.00;0.75;2915;0.24;2914;0.25;2770;True;2770.00;3.93;2780;0.53;2770;1.87;2629;True;2629.00;2.10;2629;0.48;2629;0.40;2523;True;2523.00;1.59;2535;0.33;2523;0.28
60;30;25;3299;True;3299.00;2.18;3299;0.19;3299;1.86;4472;True;4472.00;1.02;4472;0.14;4472;0.26;3467;True;3467.00;0.39;3467;0.18;3467;0.15;3230;True;3230.00;0.25;3230;0.16;3230;0.11;3064;True;3064.00;0.50;3064;0.14;3064;0.13;2989;True;2989.00;2.16;2990;0.23;2989;1.35
60;30;26;3342;True;3342.00;0.67;3342;0.17;3342;0.28;4674;True;4674.00;0.23;4674;0.10;4674;0.09;3628;True;3628.00;0.21;3628;0.07;3628;0.04;3449;True;3449.00;0.34;3452;0.17;3449;0.14;3200;True;3200.00;0.14;3200;0.07;3200;0.06;3095;True;3095.00;0.78;3095;0.17;3095;0.15
60;30;27;3329;True;3329.00;0.06;3329;0.05;3329;0.05;4671;True;4671.00;0.54;4671;0.11;4671;0.14;3656;True;3656.00;0.04;3656;0.04;3656;0.04;3418;True;3418.00;0.56;3418;0.13;3418;0.14;3234;True;3234.00;0.18;3245;0.15;3234;0.10;3112;True;3112.00;0.17;3121;0.12;3112;0.08
60;30;28;2779;True;2779.00;0.11;2779;0.11;2779;0.11;3940;True;3940.00;0.17;3940;0.18;3940;0.27;2989;True;2989.00;1.05;2989;0.36;2989;0.30;2800;True;2800.00;0.42;2800;0.30;2800;0.27;2663;True;2663.00;1.31;2664;0.62;2663;0.52;2562;True;2562.00;1.78;2562;0.74;2562;0.73
60;30;29;2999;True;2999.00;1.21;3011;0.62;2999;1.41;4198;True;4198.00;0.41;4209;0.29;4198;0.18;3211;True;3211.00;0.63;3211;0.32;3211;0.18;3060;True;3060.00;0.19;3060;0.46;3060;0.09;2881;True;2881.00;0.36;2881;0.54;2881;0.17;2821;True;2821.00;0.27;2826;0.32;2821;0.12
60;30;30;2974;True;2974.00;0.09;2974;0.09;2974;0.10;4198;True;4198.00;0.60;4198;0.43;4198;0.20;3139;True;3139.00;0.51;3139;0.18;3139;0.15;3019;True;3019.00;0.65;3019;0.37;3019;0.32;2838;True;2838.00;0.93;2850;0.89;2838;0.35;2709;True;2709.00;0.15;2709;0.13;2709;0.13
60;30;31;3231;True;3231.00;3.54;3231;0.39;3231;2.42;4352;True;4352.00;2.16;4355;0.21;4352;0.77;3370;True;3370.00;0.05;3370;0.06;3370;0.05;3211;True;3211.00;0.18;3211;0.23;3211;0.10;3098;True;3098.00;1.17;3098;0.52;3098;0.33;2940;True;2940.00;0.57;2946;0.20;2940;0.19
60;30;32;3233;True;3233.00;0.46;3233;0.31;3233;0.20;4729;True;4729.00;0.09;4729;0.10;4729;0.10;3479;True;3479.00;0.78;3480;0.13;3479;0.20;3293;True;3293.00;1.97;3305;0.23;3293;0.54;3134;True;3134.00;1.21;3134;0.20;3134;0.33;2999;True;2999.00;2.36;3003;0.23;2999;0.62
60;30;33;2877;True;2877.00;3.50;2877;0.47;2877;1.87;4033;True;4033.00;1.68;4036;0.18;4033;0.52;3126;True;3126.00;0.35;3145;0.16;3126;0.12;2948;True;2948.00;0.78;2948;0.17;2948;0.23;2781;True;2781.00;0.62;2782;0.18;2781;0.16;2693;True;2693.00;0.13;2693;0.12;2693;0.12
60;30;34;3758;True;3758.00;3.07;3758;0.14;3758;2.36;5325;True;5325.00;0.33;5332;0.14;5325;0.11;4052;True;4052.00;0.03;4052;0.04;4052;0.03;3827;True;3827.00;0.05;3827;0.05;3827;0.04;3574;True;3574.00;0.03;3574;0.04;3574;0.03;3417;True;3417.00;0.43;3424;0.15;3417;0.10
60;30;35;2647;True;2647.00;5.61;2659;1.18;2647;1.97;3732;True;3732.00;1.31;3739;0.33;3732;0.37;2911;True;2911.00;5.05;2922;0.42;2911;2.22;2723;True;2723.00;9.68;2744;0.86;2723;5.34;2543;True;2543.00;2.78;2543;0.57;2543;1.13;2458;True;2458.00;0.83;2463;0.26;2458;0.32
60;30;36;2742;True;2742.00;4.02;2747;0.71;2742;2.64;3638;True;3638.00;2.54;3638;0.61;3638;0.54;2837;True;2837.00;0.61;2851;0.37;2837;0.26;2651;True;2651.00;0.12;2651;0.14;2651;0.14;2594;True;2594.00;2.75;2604;1.17;2594;0.90;2485;True;2485.00;6.85;2485;0.74;2485;1.84
60;30;37;2794;True;2794.00;19.71;2796;0.37;2794;21.45;3841;True;3841.00;0.05;3841;0.05;3841;0.05;2976;True;2976.00;0.89;2976;0.24;2976;0.28;2831;True;2831.00;1.63;2831;0.22;2831;0.54;2665;True;2665.00;1.09;2665;0.28;2665;0.35;2556;True;2556.00;1.35;2563;0.29;2556;0.38
60;30;38;3150;True;3150.00;1.29;3166;0.50;3150;0.49;4329;True;4329.00;5.01;4329;0.45;4329;1.49;3439;True;3439.00;1.69;3442;0.14;3439;0.51;3237;True;3237.00;5.66;3237;0.22;3237;1.88;3027;True;3027.00;6.85;3048;0.68;3027;3.67;2932;True;2932.00;4.10;2939;0.50;2932;1.38
60;30;39;3022;True;3022.00;0.29;3060;0.46;3022;0.38;4328;True;4328.00;3.17;4329;0.14;4328;0.86;3199;True;3199.00;1.01;3217;0.34;3199;0.24;3111;True;3111.00;20.17;3115;0.52;3111;15.94;2910;True;2910.00;1.51;2910;0.16;2910;0.53;2804;True;2804.00;3.34;2807;0.18;2804;0.93
60;40;0;3993;True;3993.00;23.59;3993;1.96;3993;34.96;5527;True;5527.00;22.23;5543;1.59;5527;14.25;4220;True;4220.00;8.10;4232;1.74;4220;4.32;3997;True;3997.00;1.63;3997;2.27;3997;0.92;3824;True;3824.00;2.84;3833;0.91;3824;1.68;3667;True;3667.00;10.35;3679;2.51;3667;7.94
60;40;1;3457;True;3457.00;14.24;3457;2.08;3457;13.62;4774;True;4774.00;3.37;4774;1.19;4774;1.16;3522;True;3522.00;5.02;3540;1.71;3522;4.45;3391;True;3391.00;16.70;3400;1.94;3391;6.50;3322;True;3322.00;123.25;3328;3.38;3322;100.88;3136;True;3136.00;11.63;3145;2.25;3136;4.25
60;40;2;3752;True;3752.00;3.84;3756;0.57;3752;3.45;5226;True;5226.00;3.58;5236;0.32;5226;0.88;4109;True;4109.00;3.98;4117;0.40;4109;1.36;3904;True;3904.00;3.80;3912;1.25;3904;1.52;3619;True;3619.00;2.91;3637;1.33;3619;1.41;3496;True;3496.00;1.68;3505;1.16;3496;0.62
60;40;3;4031;True;4031.00;18.67;4037;0.84;4031;17.89;5614;True;5614.00;4.19;5634;0.33;5614;1.76;4427;True;4427.00;1.42;4427;0.63;4427;1.03;4149;True;4149.00;2.36;4151;0.76;4149;0.73;3884;True;3884.00;6.22;3884;0.81;3884;0.97;3757;True;3757.00;3.60;3774;1.16;3757;2.44
60;40;4;4270;True;4270.00;0.79;4270;0.31;4270;0.84;5998;True;5998.00;0.61;5998;0.39;5998;0.44;4482;True;4482.00;0.74;4494;0.45;4482;0.30;4269;True;4269.00;0.69;4279;0.76;4269;0.29;4022;True;4022.00;1.89;4029;0.39;4022;0.48;3860;True;3860.00;0.54;3872;0.43;3860;0.47
60;40;5;3875;True;3875.00;27.49;3878;1.01;3875;31.71;5442;True;5442.00;4.14;5443;0.37;5442;3.69;4176;True;4176.00;1.93;4182;0.42;4176;0.79;3971;True;3971.00;1.46;3971;0.34;3971;0.93;3713;True;3713.00;3.04;3718;1.58;3713;0.98;3604;True;3604.00;6.30;3628;1.09;3604;3.55
60;40;6;3918;True;3918.00;11.85;3918;1.19;3918;6.97;5584;True;5584.00;4.79;5600;1.63;5584;6.47;4162;True;4162.00;1.82;4178;0.68;4162;0.89;3970;True;3970.00;5.00;3976;1.22;3970;1.85;3796;True;3796.00;4.78;3802;0.98;3796;0.88;3640;True;3640.00;3.95;3642;0.43;3640;1.74
60;40;7;4140;True;4140.00;0.49;4140;0.27;4140;0.22;5902;True;5902.00;1.26;5902;0.60;5902;0.56;4416;True;4416.00;3.43;4416;1.07;4416;1.12;4175;True;4175.00;1.21;4175;0.42;4175;0.42;3949;True;3949.00;1.83;3950;0.25;3949;0.35;3809;True;3809.00;1.45;3823;0.95;3809;0.84
60;40;8;3982;True;3979.15;TL;3982;1.39;3989;120.00;5657;True;5657.00;2.91;5664;1.20;5657;0.91;4350;True;4350.00;2.45;4352;0.88;4350;1.43;4107;True;4107.00;1.40;4110;0.87;4107;0.47;3794;True;3794.00;187.21;3794;1.37;3794;120.00;3723;True;3723.00;3.85;3736;1.24;3723;1.82
60;40;9;4274;True;4274.00;2.21;4274;0.53;4274;0.92;6037;True;6037.00;0.52;6039;0.25;6037;0.26;4674;True;4674.00;2.75;4674;0.35;4674;0.83;4328;True;4328.00;1.25;4328;0.39;4328;0.45;4086;True;4086.00;0.99;4086;0.51;4086;0.35;3959;True;3959.00;3.35;3959;0.38;3959;0.87
60;40;10;4375;True;4366.70;TL;4377;1.01;4379;120.00;6015;True;6015.00;1.18;6035;0.26;6015;0.33;4543;True;4543.00;0.36;4543;0.11;4543;0.17;4304;True;4304.00;15.43;4320;0.93;4304;8.36;4104;True;4104.00;4.34;4113;0.32;4104;1.64;3976;True;3976.00;10.16;3976;0.35;3976;14.75
60;40;11;4246;True;4246.00;4.54;4246;0.99;4246;3.58;6119;True;6119.00;0.80;6119;0.60;6119;0.32;4371;True;4371.00;0.11;4371;0.12;4371;0.13;4175;True;4175.00;1.36;4175;1.91;4175;0.73;4051;True;4051.00;9.51;4051;1.23;4051;3.53;3885;True;3885.00;11.57;3885;1.33;3885;5.65
60;40;12;4072;True;4072.00;1.73;4072;0.90;4072;0.53;5692;True;5692.00;3.23;5692;0.52;5692;1.46;4212;True;4212.00;0.83;4212;0.31;4212;0.40;4030;True;4030.00;5.40;4039;0.68;4030;0.98;3909;True;3909.00;14.73;3915;1.56;3909;8.47;3729;True;3729.00;12.20;3730;0.99;3729;6.87
60;40;13;3854;True;3854.00;15.52;3858;1.32;3854;15.34;5361;True;5361.00;9.99;5363;1.19;5361;4.10;4072;True;4072.00;0.08;4072;0.08;4072;0.09;3932;True;3932.00;1.55;3932;0.62;3932;0.65;3688;True;3688.00;8.53;3691;1.41;3688;3.84;3571;True;3571.00;6.02;3571;1.63;3571;1.36
60;40;14;3193;True;3193.00;25.11;3200;2.86;3193;8.50;4382;True;4382.00;12.03;4382;1.62;4382;4.17;3478;True;3478.00;6.26;3481;0.68;3478;1.81;3260;True;3260.00;2.92;3260;0.58;3260;1.34;3051;True;3051.00;7.85;3053;0.99;3051;2.83;2941;True;2941.00;1.53;2965;2.11;2941;0.97
60;40;15;4063;True;4063.00;13.09;4069;1.37;4063;6.58;5624;True;5624.00;10.38;5630;1.08;5624;3.25;4288;True;4288.00;1.92;4296;0.41;4288;0.88;4044;True;4044.00;0.64;4051;0.34;4044;0.36;3837;True;3837.00;5.32;3840;0.63;3837;1.61;3713;True;3713.00;6.61;3713;0.53;3713;1.85
60;40;16;3402;True;3402.00;13.41;3402;0.65;3402;11.59;4742;True;4742.00;0.17;4742;0.21;4742;0.20;3577;True;3577.00;1.14;3600;0.79;3577;0.34;3418;True;3418.00;9.44;3425;1.36;3418;3.63;3232;True;3232.00;0.20;3232;0.18;3232;0.20;3127;True;3127.00;5.59;3138;0.61;3127;2.60
60;40;17;4024;True;4024.00;9.81;4024;1.39;4024;8.93;5588;True;5588.00;9.59;5609;0.89;5588;2.28;4301;True;4301.00;1.19;4310;0.39;4301;0.93;3927;True;3927.00;0.11;3927;0.12;3927;0.11;3798;True;3798.00;1.70;3807;0.37;3798;0.36;3642;True;3642.00;6.57;3649;1.55;3642;1.40
60;40;18;4028;True;4028.00;8.30;4031;1.37;4028;16.92;5646;True;5646.00;2.00;5654;0.32;5646;0.78;4099;True;4099.00;2.15;4105;0.37;4099;0.63;3876;True;3876.00;0.52;3889;0.36;3876;0.16;3815;True;3815.00;0.54;3815;0.38;3815;0.31;3643;True;3643.00;3.63;3643;0.71;3643;1.92
60;40;19;3891;True;3891.00;130.45;3901;1.52;3891;120.00;5485;True;5485.00;14.07;5529;1.22;5485;8.61;3992;True;3992.00;4.99;3994;1.12;3992;4.04;3795;True;3795.00;0.99;3801;0.32;3795;0.50;3712;True;3712.00;4.00;3713;0.99;3712;1.76;3511;True;3511.00;3.98;3516;1.02;3511;2.57
60;40;20;4211;True;4211.00;22.91;4211;0.76;4211;9.40;5738;True;5738.00;0.16;5738;0.18;5738;0.20;4335;True;4335.00;1.84;4335;0.29;4335;0.46;4125;True;4125.00;6.71;4140;1.10;4125;2.43;3976;True;3976.00;6.99;3976;0.43;3976;1.55;3750;True;3750.00;2.22;3750;0.35;3750;0.84
60;40;21;3897;True;3897.00;3.10;3897;0.88;3897;1.93;5457;True;5457.00;3.28;5458;0.69;5457;1.43;4126;True;4126.00;10.22;4141;1.00;4126;4.87;3847;True;3847.00;2.44;3854;1.12;3847;0.81;3658;True;3658.00;5.03;3672;0.68;3658;2.17;3492;True;3492.00;5.09;3494;0.45;3492;1.57
60;40;22;3868;True;3868.00;1.86;3868;0.43;3868;0.49;5362;True;5362.00;0.84;5362;0.70;5362;0.24;3858;True;3858.00;0.74;3858;0.40;3858;0.27;3692;True;3692.00;0.66;3692;0.76;3692;0.22;3651;True;3651.00;3.97;3651;0.52;3651;1.25;3445;True;3445.00;6.89;3457;0.93;3445;2.20
60;40;23;3887;True;3887.00;6.13;3897;1.15;3887;2.60;5517;True;5517.00;8.33;5546;2.94;5517;2.28;4044;True;4044.00;3.62;4054;0.41;4044;1.58;3853;True;3853.00;2.10;3853;0.36;3853;0.57;3636;True;3636.00;2.44;3636;0.68;3636;0.50;3499;True;3499.00;2.90;3506;0.76;3499;1.16
60;40;24;4097;True;4097.00;19.22;4104;1.92;4097;22.45;5854;True;5854.00;4.27;5863;0.48;5854;1.25;4416;True;4416.00;9.51;4425;0.46;4416;4.27;4141;True;4141.00;9.84;4158;1.10;4141;5.19;3891;True;3891.00;12.61;3892;1.17;3891;3.73;3733;True;3733.00;2.54;3733;0.60;3733;1.43
60;40;25;3987;True;3987.00;97.89;3998;1.02;3987;97.41;5501;True;5501.00;12.60;5501;0.80;5501;8.48;4311;True;4311.00;0.41;4311;0.62;4311;0.29;4049;True;4049.00;11.12;4049;1.32;4049;2.86;3788;True;3788.00;2.28;3790;0.79;3788;0.59;3594;True;3594.00;0.23;3594;0.25;3594;0.25
60;40;26;3502;True;3502.00;0.65;3502;0.66;3502;0.27;5027;True;5027.00;5.94;5027;1.04;5027;1.39;3822;True;3822.00;0.15;3822;0.15;3822;0.17;3580;True;3580.00;6.76;3589;1.16;3580;2.50;3360;True;3360.00;4.94;3360;0.59;3360;1.45;3248;True;3248.00;2.59;3257;0.83;3248;1.08
60;40;27;3557;True;3557.00;3.49;3557;0.35;3557;1.65;5233;True;5233.00;1.49;5233;0.85;5233;0.65;3701;True;3701.00;0.11;3701;0.11;3701;0.13;3575;True;3575.00;3.54;3583;0.59;3575;1.45;3422;True;3422.00;2.58;3423;0.38;3422;0.73;3288;True;3288.00;7.68;3295;0.47;3288;2.28
60;40;28;3804;True;3804.00;5.96;3804;0.38;3804;2.67;5409;True;5409.00;1.37;5409;0.32;5409;0.35;4018;True;4018.00;3.65;4020;0.27;4018;1.61;3822;True;3822.00;0.57;3822;0.26;3822;0.28;3584;True;3584.00;3.81;3587;0.40;3584;1.09;3510;True;3510.00;3.65;3526;1.15;3510;1.56
60;40;29;4151;True;4151.00;2.68;4151;0.36;4151;1.28;5830;True;5830.00;2.23;5845;0.35;5830;0.61;4364;True;4364.00;0.35;4364;0.24;4364;0.25;4105;True;4105.00;0.38;4110;0.24;4105;0.38;3924;True;3924.00;0.11;3924;0.11;3924;0.12;3746;True;3746.00;4.81;3749;0.49;3746;1.48
60;40;30;4307;True;4307.00;120.18;4316;0.59;4307;120.00;6211;True;6211.00;36.72;6259;0.88;6211;33.09;4526;True;4526.00;5.24;4526;0.26;4526;2.15;4222;True;4222.00;4.65;4222;0.23;4222;1.90;4069;True;4069.00;75.65;4107;1.52;4069;65.67;3867;True;3867.00;25.77;3890;0.70;3867;21.57
60;40;31;3673;True;3673.00;13.70;3673;0.79;3673;10.04;5286;True;5286.00;2.13;5295;1.05;5286;0.80;3857;True;3857.00;2.08;3857;0.33;3857;0.82;3670;True;3670.00;2.32;3672;0.39;3670;0.87;3494;True;3494.00;1.40;3501;0.61;3494;0.77;3311;True;3311.00;2.81;3320;0.69;3311;0.94
60;40;32;4190;True;4190.00;1.26;4190;0.40;4190;0.33;5862;True;5862.00;1.30;5868;0.51;5862;0.56;4379;True;4379.00;1.31;4379;0.28;4379;0.56;4126;True;4126.00;0.17;4126;0.18;4126;0.17;3949;True;3949.00;6.89;3954;0.79;3949;2.13;3773;True;3773.00;5.34;3773;0.51;3773;1.13
60;40;33;3692;True;3692.00;26.58;3692;0.96;3692;54.59;5129;True;5129.00;0.83;5131;0.51;5129;0.38;3804;True;3804.00;1.25;3804;0.45;3804;0.41;3615;True;3615.00;5.82;3615;0.60;3615;1.32;3461;True;3461.00;0.43;3461;0.39;3461;0.45;3323;True;3323.00;1.13;3326;0.73;3323;0.79
60;40;34;3640;True;3640.00;9.83;3641;1.05;3640;11.88;5060;True;5060.00;7.28;5060;0.83;5060;3.63;3911;True;3911.00;5.21;3914;0.31;3911;1.81;3638;True;3638.00;1.98;3638;0.41;3638;0.44;3470;True;3470.00;2.93;3478;0.43;3470;0.85;3332;True;3332.00;3.55;3335;0.60;3332;1.42
60;40;35;3972;True;3972.00;1.82;3980;0.74;3972;0.49;5731;True;5731.00;5.66;5750;0.76;5731;2.93;4279;True;4279.00;1.17;4286;0.32;4279;0.59;4042;True;4042.00;1.29;4055;0.50;4042;0.45;3861;True;3861.00;4.89;3864;0.81;3861;1.07;3641;True;3641.00;3.41;3646;1.05;3641;1.33
60;40;36;4145;True;4145.00;2.03;4145;0.93;4145;1.94;5679;True;5679.00;2.81;5679;1.17;5679;1.32;4541;True;4541.00;1.80;4552;0.53;4541;0.64;4223;True;4223.00;7.09;4232;1.29;4223;1.85;3927;True;3927.00;2.17;3928;1.37;3927;0.86;3813;True;3813.00;27.44;3813;1.06;3813;23.06
60;40;37;3968;True;3968.00;5.22;3968;0.75;3968;1.45;5768;True;5768.00;3.98;5770;0.92;5768;1.03;4207;True;4207.00;1.02;4208;0.21;4207;0.38;3955;True;3955.00;0.86;3970;0.62;3955;0.43;3766;True;3766.00;12.40;3769;0.92;3766;3.99;3603;True;3603.00;6.81;3606;0.37;3603;3.88
60;40;38;4066;True;4066.00;32.35;4066;0.91;4066;22.46;5873;True;5873.00;1.74;5909;1.25;5873;0.43;4211;True;4211.00;2.50;4215;0.37;4211;0.83;4068;True;4068.00;4.27;4071;0.86;4068;1.58;3862;True;3862.00;7.19;3869;1.11;3862;2.06;3692;True;3692.00;3.04;3692;0.48;3692;2.14
60;40;39;4005;True;4005.00;0.90;4005;0.21;4005;3.43;5666;True;5666.00;1.79;5666;0.91;5666;0.70;4294;True;4294.00;3.32;4314;0.63;4294;2.96;3998;True;3998.00;6.50;4006;0.41;3998;1.76;3750;True;3750.00;0.53;3753;0.33;3750;0.24;3651;True;3651.00;1.37;3672;0.75;3651;1.20
60;50;0;5215;True;5215.00;49.05;5218;1.38;5215;102.94;7359;True;7359.00;5.37;7364;1.35;7359;1.64;5693;True;5693.00;0.19;5693;0.19;5693;0.24;5357;True;5357.00;5.47;5361;1.13;5357;1.80;5012;True;5012.00;8.14;5017;2.37;5012;3.67;4821;True;4821.00;7.32;4833;1.46;4821;4.89
60;50;1;4449;True;4449.00;7.80;4455;1.85;4449;4.97;6181;True;6181.00;91.14;6189;1.19;6181;71.45;4636;True;4636.00;2.13;4643;0.80;4636;0.71;4371;True;4371.00;3.70;4371;1.07;4371;1.87;4295;True;4295.00;7.70;4295;1.73;4295;3.57;4075;True;4075.00;20.73;4077;2.94;4075;22.10
60;50;2;4407;True;4407.00;41.74;4419;3.25;4407;40.95;6239;True;6239.00;1.87;6239;0.59;6239;0.83;4577;True;4577.00;9.22;4577;0.59;4577;5.66;4383;True;4383.00;3.73;4390;0.63;4383;1.91;4194;True;4194.00;4.16;4209;2.44;4194;4.04;3980;True;3980.00;3.80;3980;0.86;3980;1.98
60;50;3;4548;True;4548.00;48.64;4548;1.50;4548;103.39;6363;True;6363.00;114.57;6365;3.53;6363;73.79;4951;True;4951.00;79.12;4959;1.54;4951;113.70;4683;True;4683.00;22.25;4694;1.17;4683;36.06;4384;True;4384.00;6.81;4396;2.90;4384;4.45;4263;True;4263.00;19.54;4263;0.90;4263;20.24
60;50;4;4794;True;4794.00;3.89;4809;2.53;4794;3.29;6757;True;6757.00;1.47;6757;0.38;6757;0.68;5139;True;5139.00;2.34;5154;0.91;5139;1.01;4880;True;4880.00;2.74;4880;0.98;4880;1.12;4591;True;4591.00;2.17;4606;1.07;4591;0.80;4428;True;4428.00;10.28;4428;2.46;4428;5.75
60;50;5;4604;True;4604.00;45.52;4610;1.66;4604;110.88;6391;True;6391.00;2.86;6405;1.42;6391;1.83;4861;True;4861.00;19.00;4883;1.74;4861;6.10;4635;True;4635.00;1.79;4635;0.53;4635;1.04;4422;True;4422.00;1.31;4422;0.51;4422;0.40;4235;True;4235.00;13.38;4238;2.08;4235;9.69
60;50;6;4357;True;4357.00;13.57;4357;1.51;4357;25.85;6188;True;6188.00;3.08;6190;0.71;6188;1.25;4691;True;4691.00;4.21;4706;2.35;4691;2.52;4477;True;4477.00;24.72;4496;9.46;4477;12.20;4221;True;4221.00;18.17;4228;3.20;4221;14.56;4039;True;4039.00;2.91;4039;1.05;4039;1.52
60;50;7;4341;True;4341.00;5.05;4347;0.72;4341;3.02;6258;True;6258.00;3.05;6265;0.68;6258;1.21;4546;True;4546.00;2.30;4553;0.56;4546;2.05;4340;True;4340.00;7.36;4344;0.70;4340;3.14;4094;True;4094.00;10.37;4096;2.04;4094;5.02;3958;True;3958.00;4.28;3965;1.31;3958;2.87
60;50;8;5103;True;5103.00;5.62;5103;1.53;5103;15.31;7196;True;7196.00;28.07;7196;1.25;7196;17.19;5358;True;5358.00;4.29;5363;0.34;5358;2.03;5080;True;5080.00;1.55;5080;0.53;5080;0.40;4859;True;4859.00;4.54;4865;0.49;4859;3.06;4674;True;4674.00;2.54;4681;0.71;4674;2.44
60;50;9;4841;True;4841.00;245.59;4853;8.88;4841;120.00;6765;True;6765.00;2.16;6765;0.46;6765;0.57;5046;True;5046.00;1.21;5056;0.57;5046;0.64;4804;True;4804.00;1.36;4809;0.47;4804;0.90;4575;True;4575.00;5.34;4582;1.03;4575;3.30;4390;True;4390.00;4.05;4390;0.58;4390;2.65
60;50;10;5405;True;5405.00;22.83;5405;1.47;5405;42.86;7511;True;7511.00;0.54;7511;0.37;7511;0.38;5632;True;5632.00;1.94;5647;1.24;5632;0.86;5354;True;5354.00;2.15;5361;0.68;5354;1.11;5140;True;5140.00;1.43;5140;0.37;5140;0.80;4916;True;4916.00;2.05;4916;0.50;4916;1.11
60;50;11;5432;True;5432.00;6.89;5432;2.09;5432;21.84;7509;True;7509.00;7.16;7530;1.89;7509;2.70;5693;True;5693.00;7.22;5704;1.57;5693;2.85;5318;True;5318.00;7.10;5330;2.22;5318;3.91;5096;True;5096.00;9.16;5104;2.21;5096;3.15;4884;True;4884.00;3.80;4900;1.89;4884;2.02
60;50;12;4903;True;4903.00;2019.99;4903;4.13;4903;120.00;6966;True;6966.00;2.24;6993;2.57;6966;1.23;5026;True;5026.00;9.91;5034;0.71;5026;2.96;4812;True;4812.00;1.83;4812;0.57;4812;1.12;4579;True;4579.00;12.80;4585;2.17;4579;6.69;4395;True;4395.00;28.35;4402;3.93;4395;14.89
60;50;13;4146;True;4146.00;7.24;4165;2.57;4146;23.47;5747;True;5747.00;17.48;5752;2.10;5747;17.36;4518;True;4518.00;5.96;4530;1.05;4518;1.78;4204;True;4204.00;2.34;4224;2.76;4204;1.03;3990;True;3990.00;5.22;3998;1.75;3990;2.02;3894;True;3894.00;8.01;3914;6.24;3894;5.34
60;50;14;5258;True;5258.00;68.52;5262;1.30;5258;86.35;7171;True;7171.00;1.41;7171;0.37;7171;0.30;5589;True;5589.00;4.29;5589;0.53;5589;1.46;5285;True;5285.00;4.31;5289;0.44;5285;2.11;5011;True;5011.00;1.91;5011;0.36;5011;0.94;4761;True;4761.00;5.93;4766;0.70;4761;2.58
60;50;15;5382;True;5375.26;TL;5382;3.90;5382;120.00;7404;True;7404.00;26.98;7406;1.64;7404;12.99;5449;True;5449.00;6.23;5454;0.86;5449;3.35;5170;True;5170.00;3.27;5170;0.81;5170;2.25;5035;True;5035.00;23.13;5035;2.35;5035;15.46;4796;True;4796.00;15.93;4806;2.09;4796;11.90
60;50;16;5363;True;5363.00;5.95;5363;1.24;5363;15.96;7604;True;7604.00;9.56;7604;0.52;7604;2.57;5642;True;5642.00;1.50;5642;0.48;5642;0.64;5296;True;5296.00;2.64;5309;0.83;5296;0.82;5081;True;5081.00;5.04;5091;2.01;5081;1.93;4813;True;4813.00;16.95;4813;1.10;4813;6.76
60;50;17;4934;True;4934.00;12.18;4943;2.53;4934;2.55;7024;True;7024.00;4.29;7037;0.77;7024;1.44;5419;True;5419.00;13.46;5419;0.78;5419;5.43;5120;True;5120.00;4.05;5130;1.28;5120;2.77;4746;True;4746.00;1.37;4746;0.58;4746;0.78;4605;True;4605.00;3.56;4605;1.43;4605;1.35
60;50;18;4885;True;4885.00;6.30;4885;2.24;4885;9.77;6885;True;6885.00;11.54;6889;2.06;6885;3.94;5219;True;5219.00;3.63;5219;1.38;5219;1.06;4974;True;4974.00;13.27;4974;2.05;4974;7.98;4667;True;4667.00;2.53;4667;1.76;4667;0.97;4471;True;4471.00;3.49;4471;1.57;4471;2.72
60;50;19;4816;True;4816.00;88.18;4836;6.02;4816;120.00;6788;True;6788.00;5.93;6788;1.88;6788;2.53;5048;True;5048.00;1.62;5052;1.58;5048;1.51;4795;True;4795.00;2.74;4805;1.61;4795;1.49;4615;True;4615.00;30.23;4615;1.25;4615;15.22;4456;True;4456.00;7.55;4462;2.21;4456;3.69
60;50;20;4702;True;4702.00;59.59;4711;3.61;4702;91.36;6579;True;6579.00;6.98;6583;0.56;6579;2.07;4960;True;4960.00;3.45;4961;0.51;4960;1.27;4668;True;4668.00;4.17;4669;0.52;4668;1.91;4417;True;4417.00;1.68;4423;0.70;4417;0.87;4299;True;4299.00;4.82;4299;0.69;4299;2.08
60;50;21;4261;True;4261.00;43.87;4261;1.49;4261;58.83;6053;True;6053.00;3.00;6054;0.76;6053;0.75;4464;True;4464.00;1.26;4464;0.47;4464;0.50;4250;True;4250.00;3.65;4258;1.82;4250;1.28;4051;True;4051.00;12.43;4068;1.99;4051;7.41;3948;True;3948.00;16.02;3948;2.21;3948;8.92
60;50;22;4245;True;4245.00;69.11;4255;3.52;4245;40.46;5739;True;5739.00;3.17;5745;1.47;5739;1.06;4521;True;4521.00;2.09;4526;0.49;4521;0.89;4262;True;4262.00;1.10;4264;0.62;4262;0.50;4115;True;4115.00;21.02;4115;1.93;4115;12.99;3883;True;3883.00;0.40;3883;0.45;3883;0.46
60;50;23;5008;True;5008.00;319.74;5015;1.91;5012;120.00;6889;True;6889.00;3.53;6895;1.69;6889;0.71;5335;True;5335.00;1.56;5335;0.33;5335;1.46;5044;True;5044.00;9.14;5064;1.47;5044;5.69;4761;True;4761.00;27.95;4782;1.20;4761;32.63;4610;True;4610.00;52.85;4610;1.62;4610;56.90
60;50;24;5256;True;5256.00;16.18;5259;1.45;5256;16.99;7373;True;7373.00;20.32;7377;2.72;7373;7.97;5444;True;5444.00;5.40;5448;0.79;5444;2.33;5220;True;5220.00;13.58;5223;1.72;5220;20.02;4981;True;4981.00;24.61;4984;2.08;4981;26.25;4759;True;4759.00;12.74;4768;1.87;4759;11.67
60;50;25;4784;True;4784.00;11.23;4784;2.19;4784;5.41;6648;True;6648.00;14.75;6648;1.81;6648;6.42;4982;True;4982.00;1.52;4991;0.87;4982;0.93;4792;True;4792.00;15.69;4795;1.18;4792;10.87;4616;True;4616.00;27.07;4627;5.61;4616;12.33;4397;True;4397.00;8.98;4407;2.21;4397;4.66
60;50;26;5215;True;5215.00;22.34;5215;1.93;5215;36.65;7390;True;7390.00;40.93;7408;8.09;7390;16.56;5565;True;5565.00;11.19;5586;1.00;5565;5.82;5278;True;5278.00;6.50;5284;1.17;5278;6.14;5019;True;5019.00;34.57;5027;3.76;5019;9.77;4816;True;4816.00;95.56;4837;1.24;4816;101.45
60;50;27;4569;True;4569.00;30.41;4569;2.10;4569;71.87;6524;True;6524.00;77.92;6529;1.23;6524;71.30;4969;True;4969.00;294.03;5021;1.54;5028;120.00;4680;True;4680.00;55.58;4695;1.57;4680;58.51;4458;True;4458.00;298.38;4470;2.12;4463;120.00;4247;True;4247.00;187.10;4247;2.48;4260;120.00
60;50;28;4833;True;4833.00;36.22;4833;1.51;4833;88.13;6808;True;6808.00;1.53;6810;0.43;6808;0.50;5279;True;5279.00;4.47;5291;0.87;5279;1.70;4952;True;4952.00;5.66;4962;0.95;4952;2.50;4642;True;4642.00;3.67;4650;1.51;4642;1.26;4498;True;4498.00;1.54;4501;0.58;4498;0.68
60;50;29;4951;True;4951.00;77.72;4951;4.78;4952;120.00;6871;True;6871.00;5.94;6871;0.93;6871;1.70;5065;True;5065.00;10.40;5072;1.16;5065;4.34;4834;True;4834.00;4.37;4841;0.93;4834;1.46;4692;True;4692.00;3.21;4692;1.20;4692;0.95;4441;True;4441.00;8.97;4444;1.78;4441;2.80
60;50;30;5032;True;5032.00;0.31;5032;0.31;5032;0.33;7154;True;7154.00;47.42;7157;3.39;7154;23.42;5347;True;5347.00;9.11;5348;1.62;5347;2.85;5034;True;5034.00;0.56;5034;0.49;5034;0.36;4876;True;4876.00;5.87;4901;5.01;4876;1.80;4682;True;4682.00;14.74;4687;1.20;4682;8.19
60;50;31;5158;True;5158.00;108.36;5158;1.72;5158;120.00;7411;True;7411.00;10.72;7413;1.57;7411;4.01;5518;True;5518.00;2.82;5530;0.56;5518;1.16;5280;True;5280.00;5.55;5281;0.50;5280;3.13;4952;True;4952.00;1.75;4952;0.55;4952;0.48;4825;True;4825.00;4.41;4825;0.77;4825;2.49
60;50;32;5268;True;5259.92;TL;5270;2.01;5270;120.00;7222;True;7222.00;5.88;7225;1.68;7222;2.47;5427;True;5427.00;2.63;5427;0.45;5427;0.75;5160;True;5160.00;16.92;5164;1.59;5160;8.53;4949;True;4949.00;131.56;4951;4.69;4949;111.62;4760;True;4760.00;6.29;4771;2.93;4760;5.09
60;50;33;5018;True;5018.00;12.97;5018;2.14;5018;39.74;6905;True;6905.00;2.81;6929;0.80;6905;0.60;5255;True;5255.00;9.13;5256;0.48;5255;3.24;4954;True;4954.00;3.27;4954;0.49;4954;1.24;4804;True;4804.00;3.68;4804;0.72;4804;1.56;4559;True;4559.00;2.69;4562;0.60;4559;1.78
60;50;34;5292;True;5292.00;2.77;5301;1.88;5292;3.20;7320;True;7320.00;2.16;7320;0.60;7320;0.81;5637;True;5637.00;1.93;5646;1.45;5637;0.81;5360;True;5360.00;0.48;5360;0.31;5360;0.42;5062;True;5062.00;3.24;5072;0.93;5062;1.45;4915;True;4915.00;3.83;4915;1.41;4915;1.85
60;50;35;4598;True;4598.00;0.25;4598;0.25;4598;0.27;6504;True;6504.00;3.62;6505;0.94;6504;2.22;4964;True;4964.00;1.02;4995;2.63;4964;0.50;4738;True;4738.00;23.49;4738;2.21;4738;16.74;4406;True;4406.00;0.90;4406;0.54;4406;0.65;4271;True;4271.00;12.27;4277;1.90;4271;16.47
60;50;36;4815;True;4815.00;49.48;4818;2.21;4815;120.00;6987;True;6987.00;23.98;6990;1.69;6987;10.75;5047;True;5047.00;4.93;5052;1.89;5047;2.61;4816;True;4816.00;10.18;4816;1.75;4816;5.53;4553;True;4553.00;3.19;4566;1.66;4553;2.13;4361;True;4361.00;5.21;4368;1.83;4361;3.70
60;50;37;4176;True;4176.00;2.82;4194;4.79;4176;2.62;5826;True;5826.00;39.30;5834;18.06;5826;35.42;4381;True;4381.00;1.98;4381;2.26;4381;0.81;4151;True;4151.00;4.67;4159;1.91;4151;1.69;3950;True;3950.00;45.58;3950;2.88;3950;19.13;3825;True;3825.00;73.72;3825;6.57;3825;31.51
60;50;38;4808;True;4808.00;4.39;4808;0.65;4808;1.36;6629;True;6629.00;6.08;6629;1.46;6629;2.35;5065;True;5065.00;3.33;5065;1.06;5065;1.09;4818;True;4818.00;6.74;4829;0.84;4818;3.86;4625;True;4625.00;2.18;4629;0.49;4625;1.45;4446;True;4446.00;2.82;4449;0.63;4446;0.97
60;50;39;5288;True;5288.00;52.02;5288;1.68;5288;120.00;7404;True;7404.00;12.24;7410;3.11;7404;4.51;5539;True;5539.00;4.10;5541;0.83;5539;1.80;5286;True;5286.00;4.13;5296;1.40;5286;1.59;5025;True;5025.00;5.60;5031;1.31;5025;2.00;4795;True;4795.00;1.33;4799;0.66;4795;0.86
60;60;0;5802;True;5802.00;51.49;5802;2.49;5802;67.01;7968;True;7968.00;10.48;7991;2.82;7968;7.03;6101;True;6101.00;14.31;6111;2.37;6101;11.83;5827;True;5827.00;76.63;5830;3.85;5827;58.21;5539;True;5539.00;8.49;5554;5.98;5539;2.25;5324;True;5324.00;112.39;5335;8.75;5324;102.06
60;60;1;5619;True;5619.00;28.14;5626;1.99;5619;13.37;7942;True;7942.00;9.22;7960;2.38;7942;2.87;6118;True;6118.00;19.03;6127;5.30;6118;11.17;5754;True;5754.00;8.49;5754;1.71;5754;2.70;5371;True;5371.00;16.77;5376;1.11;5371;9.87;5196;True;5196.00;3.25;5196;1.06;5196;1.62
60;60;2;5484;True;5484.00;33.00;5484;1.56;5484;41.21;7646;True;7646.00;2.95;7646;0.65;7646;1.83;5750;True;5750.00;8.64;5755;1.25;5750;2.02;5427;True;5427.00;2.48;5428;0.95;5427;0.88;5254;True;5254.00;16.62;5258;3.55;5254;8.01;5040;True;5040.00;4.07;5055;1.62;5040;2.90
60;60;3;6100;True;6100.00;192.30;6100;3.34;6100;120.00;8309;True;8309.00;12.77;8309;2.46;8309;5.16;6471;True;6471.00;9.12;6481;1.87;6471;2.94;6131;True;6131.00;11.60;6134;2.22;6131;5.59;5875;True;5875.00;27.84;5875;3.62;5875;13.50;5558;True;5558.00;7.92;5558;2.19;5558;3.68
60;60;4;5830;True;5830.00;5.80;5844;2.46;5830;9.21;8136;True;8136.00;7.90;8157;2.57;8136;2.28;6303;True;6303.00;30.71;6309;3.19;6303;17.93;5979;True;5979.00;12.17;5979;1.01;5979;7.08;5621;True;5621.00;2177.58;5632;7.90;5632;120.00;5404;True;5404.00;20.06;5404;2.46;5404;17.37
60;60;5;5504;True;5504.00;27.95;5504;7.52;5504;45.83;7638;True;7638.00;66.86;7648;2.93;7638;68.52;5517;True;5517.00;9.35;5522;1.15;5517;3.55;5273;True;5273.00;2.82;5273;1.07;5273;1.47;5256;True;5256.00;39.67;5281;37.94;5256;33.94;4964;True;4964.00;61.65;4972;14.03;4964;53.08
60;60;6;5439;True;5439.00;1475.55;5439;3.42;5439;120.00;7609;True;7609.00;20.13;7609;3.69;7609;7.42;5678;True;5678.00;24.40;5683;1.92;5678;12.24;5427;True;5427.00;41.39;5427;3.98;5427;43.42;5212;True;5212.00;132.00;5217;14.44;5212;120.00;5003;True;5003.00;64.22;5005;4.89;5003;61.97
60;60;7;5947;False;5943.34;TL;5951;17.02;5959;120.00;8370;True;8370.00;42.36;8370;2.76;8370;68.80;6193;True;6193.00;356.73;6216;2.50;6195;120.00;5884;True;5884.00;315.26;5896;2.68;5888;120.00;5665;True;5665.00;435.67;5698;4.33;5703;120.00;5401;True;5401.00;58.14;5429;2.52;5401;43.07
60;60;8;5681;True;5681.00;113.12;5681;7.37;5681;120.00;8044;True;8044.00;18.82;8057;4.74;8044;8.17;6151;True;6151.00;34.88;6163;3.66;6151;50.73;5805;True;5805.00;18.77;5813;4.41;5805;15.14;5479;True;5479.00;2.51;5479;0.79;5479;1.29;5278;True;5278.00;51.66;5289;5.37;5278;43.23
60;60;9;5443;True;5443.00;2439.11;5444;17.87;5450;120.00;7702;True;7702.00;239.39;7720;11.15;7702;120.00;5744;True;5744.00;20.36;5744;2.19;5744;7.82;5408;True;5408.00;28.80;5419;3.61;5408;28.81;5214;True;5214.00;122.18;5233;51.09;5214;120.00;4993;True;4993.00;36.18;5007;10.99;4993;17.86
60;60;10;6399;True;6399.00;680.38;6405;2.00;6406;120.00;9150;True;9150.00;47.17;9160;1.81;9150;34.79;6738;True;6738.00;2018.08;6741;1.72;6747;120.00;6413;True;6413.00;845.84;6436;3.07;6415;120.00;6100;True;6100.00;24.65;6118;1.62;6100;32.39;5858;True;5858.00;167.97;5893;4.27;5861;120.00
60;60;11;5813;True;5813.00;334.75;5813;7.38;5825;120.00;8120;True;8120.00;43.79;8126;5.14;8120;23.85;6176;True;6176.00;23.59;6180;2.04;6176;13.27;5785;True;5785.00;36.38;5785;2.54;5785;22.56;5586;True;5586.00;25.48;5586;2.46;5586;14.86;5331;True;5331.00;48.03;5348;37.60;5331;42.21
60;60;12;5518;True;5518.00;3.54;5518;0.88;5518;1.39;8010;True;8010.00;36.45;8019;3.80;8010;10.21;5859;True;5859.00;10.98;5872;2.01;5859;3.45;5497;True;5497.00;15.09;5498;1.01;5497;9.04;5308;True;5308.00;16.28;5308;1.95;5308;11.72;5075;True;5075.00;6.93;5084;2.76;5075;3.98
60;60;13;5744;True;5744.00;20.02;5744;1.06;5744;20.40;8119;True;8119.00;14.11;8119;2.11;8119;8.49;6317;True;6317.00;10.88;6317;0.67;6317;2.64;5939;True;5939.00;6.85;5954;3.15;5939;3.57;5604;True;5604.00;5.38;5604;2.38;5604;3.85;5406;True;5406.00;27.28;5406;2.82;5406;13.16
60;60;14;5461;True;5461.00;11.46;5461;1.54;5461;8.43;7607;True;7607.00;86.23;7620;5.93;7607;44.42;6065;True;6065.00;7.16;6070;2.21;6065;2.14;5659;True;5659.00;21.78;5671;4.62;5659;23.35;5267;True;5267.00;2.30;5267;2.65;5267;0.94;5098;True;5098.00;12.11;5102;6.11;5098;3.37
60;60;15;5009;True;5009.00;143.03;5009;3.03;5009;120.00;7272;True;7272.00;41.64;7315;30.97;7272;27.42;5285;True;5285.00;28.13;5285;3.36;5285;13.73;5024;True;5024.00;43.49;5036;8.54;5024;29.39;4802;True;4802.00;21.54;4805;1.71;4802;9.75;4625;True;4625.00;46.73;4641;8.11;4625;38.58
60;60;16;5506;True;5506.00;17.99;5506;2.59;5506;41.79;7672;True;7672.00;5.18;7672;2.51;7672;3.30;5591;True;5591.00;8.45;5600;1.81;5591;2.55;5329;True;5329.00;12.63;5331;3.47;5329;5.90;5126;True;5126.00;5.38;5126;0.73;5126;1.08;4950;True;4950.00;20.39;4954;2.66;4950;10.36
60;60;17;5737;True;5737.00;24.44;5737;2.77;5737;25.42;7928;True;7928.00;35.68;7934;5.81;7928;21.60;6098;True;6098.00;2.94;6098;0.98;6098;1.42;5784;True;5784.00;12.65;5792;2.54;5784;6.38;5522;True;5522.00;14.43;5540;8.09;5522;5.10;5299;True;5299.00;8.99;5325;9.34;5299;9.62
60;60;18;6570;True;6570.00;82.61;6570;3.48;6570;120.00;9224;True;9224.00;54.34;9245;10.62;9224;33.65;6866;True;6866.00;15.26;6873;2.60;6866;6.51;6504;True;6504.00;7.25;6524;4.44;6504;2.41;6202;True;6202.00;98.42;6205;5.20;6202;92.20;5899;True;5899.00;14.39;5906;2.80;5899;7.86
60;60;19;5830;True;5830.00;20.84;5830;4.80;5830;21.18;8290;True;8290.00;62.54;8298;4.67;8290;35.34;6101;True;6101.00;4.28;6103;0.60;6101;1.72;5708;True;5708.00;7.10;5710;1.65;5708;4.12;5504;True;5504.00;85.26;5516;3.63;5504;82.42;5268;True;5268.00;17.85;5276;3.70;5268;12.69
60;60;20;5169;True;5169.00;53.88;5171;11.04;5169;120.00;7160;True;7160.00;9.92;7160;4.29;7160;5.39;5293;True;5293.00;13.29;5311;6.03;5293;6.03;5081;True;5081.00;6.38;5081;2.85;5081;2.47;4916;True;4916.00;10.78;4916;4.13;4916;5.67;4731;True;4731.00;42.93;4748;8.10;4731;20.42
60;60;21;5949;True;5949.00;7.06;5949;2.00;5949;5.07;8488;True;8488.00;37.04;8501;3.10;8488;24.19;6463;True;6463.00;6.51;6463;0.58;6463;1.97;6095;True;6095.00;9.66;6095;0.84;6095;4.78;5731;True;5731.00;10.00;5733;1.90;5731;3.13;5537;True;5537.00;3.87;5546;1.34;5537;2.23
60;60;22;5901;True;5901.00;54.02;5906;2.60;5901;120.00;8386;True;8386.00;7.28;8394;2.47;8386;3.37;6236;True;6236.00;3.30;6236;0.62;6236;0.71;5953;True;5953.00;4.60;5953;0.73;5953;1.35;5646;True;5646.00;12.38;5648;0.98;5646;5.18;5499;True;5499.00;7.54;5505;2.44;5499;4.48
60;60;23;6096;True;6096.00;0.29;6096;0.32;6096;0.52;8439;True;8439.00;14.39;8442;2.36;8439;4.95;6492;True;6492.00;6.69;6492;1.09;6492;2.61;6153;True;6153.00;10.81;6162;2.81;6153;5.60;5845;True;5845.00;5.13;5845;3.30;5845;3.27;5587;True;5587.00;27.41;5594;4.22;5587;11.32
60;60;24;5803;True;5803.00;51.20;5824;3.68;5803;55.13;8202;True;8202.00;6.89;8212;2.64;8202;8.79;6306;True;6306.00;9.67;6317;5.66;6306;6.73;5955;True;5955.00;17.56;5955;2.70;5955;13.63;5573;True;5573.00;14.70;5577;12.80;5573;10.38;5385;True;5385.00;15.34;5386;2.38;5385;6.62
60;60;25;6103;True;6103.00;14.62;6103;2.69;6103;19.62;8655;True;8655.00;24.50;8665;2.30;8655;18.59;6572;True;6572.00;15.73;6579;1.64;6572;10.82;6250;True;6250.00;6.35;6265;2.38;6250;5.54;5857;True;5857.00;8.88;5857;2.05;5857;3.30;5652;True;5652.00;7.93;5652;1.57;5652;3.62
60;60;26;5923;True;5923.00;29.07;5923;4.65;5923;34.25;8366;True;8366.00;20.44;8380;2.57;8366;13.95;6338;True;6338.00;16.97;6350;3.18;6338;15.00;5987;True;5987.00;40.50;6002;3.59;5987;24.89;5645;True;5645.00;0.94;5651;1.06;5645;0.48;5465;True;5465.00;12.52;5465;2.22;5465;3.61
60;60;27;5787;False;5776.37;TL;5808;4.83;5788;120.00;8048;True;8048.00;70.93;8054;5.88;8048;42.84;6119;True;6119.00;35.15;6135;2.87;6119;27.01;5732;True;5732.00;24.25;5732;1.00;5732;14.19;5524;True;5524.00;64.74;5535;8.29;5524;36.20;5301;True;5301.00;26.95;5310;3.62;5301;14.88
60;60;28;5271;True;5271.00;139.18;5273;13.08;5273;120.00;7245;True;7245.00;67.04;7249;2.87;7245;48.62;5411;True;5411.00;20.22;5412;1.41;5411;12.53;5121;True;5121.00;11.22;5128;1.02;5121;5.17;5092;True;5092.00;24.36;5095;4.37;5092;15.00;4819;True;4819.00;18.37;4825;3.16;4819;13.15
60;60;29;5795;True;5795.00;9.22;5795;1.04;5795;8.93;8204;True;8204.00;4.79;8228;1.87;8204;2.41;6131;True;6131.00;109.50;6134;2.17;6131;120.00;5746;True;5746.00;26.56;5752;2.17;5746;14.47;5515;True;5515.00;55.74;5517;3.79;5515;29.34;5296;True;5296.00;118.97;5306;2.18;5296;84.10
60;60;30;5415;True;5415.00;34.34;5415;6.96;5415;10.31;7614;True;7614.00;38.31;7635;5.42;7614;18.87;5613;True;5613.00;4.32;5613;2.17;5613;3.62;5383;True;5383.00;6.79;5383;2.77;5383;3.91;5169;True;5169.00;20.31;5188;10.78;5169;7.84;4962;True;4962.00;108.65;4962;4.50;4962;109.66
60;60;31;5423;True;5423.00;17.08;5426;1.84;5423;5.30;7761;True;7761.00;29.12;7770;3.78;7761;17.38;5898;True;5898.00;14.45;5898;2.12;5898;4.96;5557;True;5557.00;14.23;5569;3.11;5557;6.02;5245;True;5245.00;25.92;5259;2.70;5245;17.08;5071;True;5071.00;5.83;5083;3.79;5071;2.72
60;60;32;5977;True;5977.00;15.54;5977;1.72;5977;9.66;8333;True;8333.00;28.39;8339;1.55;8333;13.22;6314;True;6314.00;11.01;6344;5.61;6314;6.97;5992;True;5992.00;24.51;6002;1.62;5992;23.68;5724;True;5724.00;9.46;5724;1.02;5724;2.55;5500;True;5500.00;32.63;5506;2.72;5500;19.29
60;60;33;5612;True;5612.00;8.58;5621;1.89;5612;4.10;7888;True;7888.00;3.69;7912;1.57;7888;0.97;5849;True;5849.00;40.43;5869;3.07;5849;21.03;5633;True;5633.00;61.87;5649;3.20;5633;63.11;5343;True;5343.00;1.28;5343;0.77;5343;0.91;5194;True;5194.00;19.94;5198;2.50;5194;12.18
60;60;34;5586;True;5586.00;24.99;5586;8.00;5586;16.05;7925;True;7925.00;126.69;7934;6.20;7925;88.62;5766;True;5766.00;16.34;5775;5.82;5766;28.88;5556;True;5556.00;61.14;5557;4.35;5556;43.20;5385;True;5385.00;83.09;5395;7.65;5385;84.69;5073;True;5073.00;18.72;5090;7.64;5073;10.15
60;60;35;5603;True;5603.00;43.72;5618;10.88;5603;120.00;7777;True;7777.00;27.95;7777;1.57;7777;14.45;6197;True;6197.00;9.22;6210;2.86;6197;3.62;5780;True;5780.00;10.72;5796;2.90;5780;3.92;5377;True;5377.00;8.86;5377;1.04;5377;2.32;5242;True;5242.00;14.66;5259;4.05;5242;14.87
60;60;36;5726;True;5726.00;16.52;5726;1.77;5726;15.40;8044;True;8044.00;42.68;8053;3.97;8044;48.73;5921;True;5921.00;1.82;5928;0.64;5921;2.46;5728;True;5728.00;38.58;5732;2.21;5728;40.59;5483;True;5483.00;69.92;5502;8.74;5483;54.12;5315;True;5315.00;23.81;5321;3.44;5315;22.65
60;60;37;5126;True;5126.00;171.52;5144;8.34;5126;120.00;7233;True;7233.00;5.04;7251;2.68;7233;3.42;5303;True;5303.00;5.35;5303;0.89;5303;1.57;5053;True;5053.00;38.26;5057;4.16;5053;17.61;4946;True;4946.00;52.57;4948;4.71;4946;35.00;4638;True;4638.00;7.37;4638;1.46;4638;2.15
60;60;38;5465;True;5465.00;498.09;5465;5.16;5465;120.00;7818;True;7818.00;14.75;7824;3.97;7818;7.84;5887;True;5887.00;45.99;5898;7.77;5887;51.06;5524;True;5524.00;39.73;5530;5.30;5524;33.47;5264;True;5264.00;16.42;5275;6.15;5264;8.89;5036;True;5036.00;30.79;5048;9.98;5036;15.33
60;60;39;5451;False;5446.50;TL;5451;24.11;5458;120.00;7509;True;7509.00;7.92;7523;4.43;7509;2.82;5735;True;5735.00;36.37;5735;1.23;5735;11.41;5439;True;5439.00;8.22;5443;3.22;5439;2.38;5218;True;5218.00;4.12;5228;4.89;5218;1.78;5028;True;5028.00;33.34;5028;5.46;5028;8.33
60;70;0;6701;True;6701.00;50.36;6701;3.29;6701;120.00;9656;True;9656.00;24.26;9684;7.11;9656;11.92;7204;True;7204.00;6.00;7204;2.28;7204;2.97;6784;True;6784.00;18.86;6795;5.73;6784;12.91;6496;True;6496.00;16.52;6508;7.37;6496;7.95;6206;True;6206.00;24.90;6218;6.56;6206;20.21
60;70;1;7125;True;7125.00;61.25;7125;4.45;7125;120.00;10154;True;10154.00;15.34;10156;3.15;10154;7.40;7707;True;7707.00;8.06;7714;1.35;7707;3.05;7320;True;7320.00;13.35;7338;9.40;7320;7.34;6846;True;6846.00;11.48;6848;2.92;6846;4.50;6605;True;6605.00;8.27;6607;1.39;6605;2.30
60;70;2;6561;True;6561.00;46.37;6561;6.87;6561;71.79;9269;True;9269.00;172.92;9280;23.45;9269;120.00;6981;True;6981.00;263.26;6989;6.23;6981;120.00;6586;True;6586.00;22.88;6586;4.20;6586;11.22;6309;True;6309.00;92.30;6320;18.62;6320;120.00;6087;True;6087.00;51.88;6093;8.81;6087;51.62
60;70;3;6177;True;6177.00;232.80;6177;14.78;6177;120.00;8763;True;8763.00;120.81;8809;80.47;8806;120.00;6685;True;6685.00;185.30;6688;20.50;6685;120.00;6308;True;6308.00;75.14;6311;11.53;6308;59.63;5946;True;5946.00;33.58;5961;15.95;5946;37.30;5708;True;5708.00;53.73;5723;23.04;5708;80.75
60;70;4;6824;True;6824.00;1543.10;6835;6.57;6827;120.00;9572;True;9572.00;17.66;9585;4.90;9572;7.57;7355;True;7355.00;12.23;7360;3.30;7355;4.99;6854;True;6854.00;38.25;6856;3.48;6854;16.27;6521;True;6521.00;105.49;6525;7.72;6521;77.50;6305;True;6305.00;141.37;6306;4.88;6306;120.00
60;70;5;6604;False;6597.64;TL;6630;95.83;6621;120.00;9204;True;9204.00;725.39;9227;12.39;9229;120.00;7050;True;7050.00;26.65;7065;7.71;7050;28.24;6652;True;6652.00;60.43;6661;6.27;6652;31.17;6314;True;6314.00;34.24;6320;8.19;6314;10.18;6032;True;6032.00;35.85;6045;7.64;6032;49.72
60;70;6;6914;True;6914.00;51.53;6924;5.53;6914;82.20;9905;True;9905.00;74.54;9923;7.37;9905;33.19;7594;True;7594.00;177.82;7600;6.23;7594;120.00;7197;True;7197.00;343.90;7215;16.90;7197;120.00;6748;True;6748.00;43.40;6748;4.64;6748;18.99;6472;True;6472.00;2.62;6480;2.01;6472;1.26
60;70;7;6377;True;6377.00;36.16;6377;1.47;6377;17.40;9184;True;9184.00;37.61;9188;6.24;9184;67.62;6745;True;6745.00;52.23;6745;2.00;6745;51.75;6406;True;6406.00;74.12;6415;4.47;6406;64.03;6078;True;6078.00;5.36;6088;2.26;6078;1.37;5880;True;5880.00;45.20;5881;1.96;5880;36.68
60;70;8;6912;True;6912.00;10.14;6912;2.56;6912;7.86;9587;True;9587.00;18.69;9601;3.49;9587;4.72;7349;True;7349.00;32.72;7349;2.31;7349;15.69;7028;True;7028.00;10.98;7035;3.09;7028;3.14;6720;True;6720.00;72.48;6725;8.71;6720;85.05;6436;True;6436.00;17.76;6447;8.08;6436;15.16
60;70;9;5954;True;5954.00;3.91;5954;2.70;5954;1.10;8491;True;8491.00;113.51;8500;5.28;8491;95.49;6316;True;6316.00;28.85;6321;2.33;6316;17.32;6055;True;6055.00;33.14;6066;5.06;6055;10.84;5752;True;5752.00;80.39;5754;6.44;5752;36.35;5602;True;5602.00;79.35;5602;10.90;5602;58.64
60;70;10;6882;False;6863.07;TL;6882;11.38;6892;120.00;9471;True;9471.00;148.31;9482;7.04;9471;63.79;7221;True;7221.00;38.51;7244;9.58;7221;23.76;6885;True;6885.00;217.47;6905;30.20;6885;120.00;6548;True;6548.00;71.33;6551;8.18;6548;47.61;6282;True;6282.00;219.18;6289;4.72;6283;120.00
60;70;11;6514;True;6514.00;222.92;6514;2.53;6514;120.00;9117;True;9117.00;4.75;9135;6.50;9117;1.41;6682;True;6682.00;13.28;6689;5.06;6682;8.23;6366;True;6366.00;6.41;6366;2.37;6366;1.71;6274;True;6274.00;24.85;6281;7.84;6274;17.89;5936;True;5936.00;54.91;5942;7.42;5936;31.50
60;70;12;5742;True;5742.00;2390.30;5742;16.25;5762;120.00;8153;True;8153.00;27.34;8159;39.29;8153;12.87;6010;True;6010.00;209.34;6020;17.36;6010;120.00;5727;True;5727.00;442.05;5737;23.88;5727;120.00;5498;True;5498.00;393.24;5525;120.00;5516;120.00;5287;True;5287.00;587.37;5308;120.00;5295;120.00
60;70;13;7101;True;7101.00;174.41;7101;5.62;7101;120.00;9876;True;9876.00;64.56;9896;11.20;9876;42.14;7639;True;7639.00;21.86;7647;3.51;7639;18.09;7153;True;7153.00;20.46;7159;2.40;7153;9.96;6821;True;6821.00;108.43;6823;12.36;6821;115.63;6553;True;6553.00;14.73;6553;3.41;6553;10.92
60;70;14;6659;True;6659.00;64.62;6659;5.31;6659;120.00;9511;True;9511.00;303.63;9517;36.30;9511;120.00;7064;False;7055.24;TL;7081;8.71;7082;120.00;6767;False;6763.32;TL;6784;5.53;6790;120.00;6393;True;6393.00;296.68;6410;6.76;6393;120.00;6168;True;6168.00;349.53;6170;11.16;6168;120.00
60;70;15;6193;True;6193.00;2608.18;6193;4.15;6193;120.00;8765;True;8765.00;154.02;8773;9.69;8765;120.00;6634;True;6634.00;16.71;6640;1.48;6634;8.67;6177;True;6177.00;22.05;6177;4.38;6177;13.57;6036;True;6036.00;358.60;6044;17.10;6038;120.00;5775;True;5775.00;70.87;5779;19.13;5775;86.70
60;70;16;7264;False;7247.08;TL;7264;5.95;7265;120.00;10182;True;10182.00;0.46;10182;0.59;10182;0.42;7831;True;7831.00;11.84;7841;2.82;7831;6.08;7470;True;7470.00;10.53;7470;1.37;7470;3.78;6936;True;6936.00;3.88;6940;2.28;6936;2.16;6747;True;6747.00;27.76;6753;2.92;6747;14.79
60;70;17;6786;True;6786.00;94.78;6786;2.27;6786;120.00;9479;True;9479.00;9.94;9483;1.37;9479;2.59;7226;True;7226.00;13.24;7227;3.02;7226;4.08;6805;True;6805.00;7.96;6820;3.51;6805;3.48;6443;True;6443.00;92.00;6451;7.41;6443;50.72;6216;True;6216.00;17.08;6236;7.54;6216;5.31
60;70;18;6205;True;6205.00;995.69;6213;30.22;6209;120.00;8605;True;8605.00;54.75;8609;8.03;8605;15.07;6567;True;6567.00;41.39;6572;3.70;6567;53.66;6146;True;6146.00;47.16;6150;5.42;6146;22.34;5898;True;5898.00;193.18;5915;48.64;5898;120.00;5647;True;5647.00;8.06;5647;4.17;5647;3.51
60;70;19;5851;True;5851.00;102.37;5864;17.53;5851;120.00;8327;True;8327.00;50.77;8336;5.16;8327;16.83;6219;True;6219.00;33.71;6229;9.18;6219;28.35;5932;True;5932.00;7.00;5932;1.39;5932;2.72;5595;True;5595.00;43.90;5607;7.35;5595;24.64;5377;True;5377.00;61.93;5380;8.49;5377;40.89
60;70;20;7125;False;7120.01;TL;7126;9.02;7127;120.00;9938;True;9938.00;37.31;9942;3.67;9938;9.13;7381;True;7381.00;20.93;7386;1.25;7381;7.85;7065;True;7065.00;5.45;7065;2.11;7065;2.91;6761;True;6761.00;46.15;6763;3.77;6761;49.41;6477;True;6477.00;4.09;6477;1.13;6477;1.41
60;70;21;6802;False;6792.45;TL;6802;37.25;6810;120.00;9482;True;9482.00;15.61;9499;6.79;9482;3.37;7135;True;7135.00;5.76;7143;2.87;7135;2.19;6771;True;6771.00;10.67;6776;3.99;6771;5.13;6410;True;6410.00;112.04;6417;10.58;6416;120.00;6179;True;6179.00;40.07;6179;4.42;6179;23.70
60;70;22;6993;True;6993.00;626.60;6997;15.57;6993;120.00;9823;True;9823.00;66.37;9826;5.80;9823;40.70;7406;True;7406.00;94.05;7410;6.08;7406;67.55;7024;True;7024.00;188.17;7028;14.22;7024;120.00;6709;True;6709.00;25.86;6709;3.27;6709;42.41;6465;True;6465.00;47.72;6482;10.43;6465;88.90
60;70;23;6519;True;6519.00;57.40;6525;4.67;6519;90.61;9286;True;9286.00;16.50;9292;6.84;9286;8.70;6945;True;6945.00;12.19;6951;2.53;6945;5.22;6641;True;6641.00;77.09;6642;8.85;6641;53.21;6333;True;6333.00;41.27;6335;4.20;6333;24.82;6051;True;6051.00;30.07;6061;4.67;6051;21.24
60;70;24;6666;True;6666.00;10.44;6666;1.03;6666;4.37;9497;True;9497.00;63.19;9499;5.14;9497;24.85;7043;True;7043.00;61.42;7046;12.42;7043;66.20;6683;True;6683.00;69.14;6691;9.01;6683;65.44;6390;True;6390.00;11.66;6403;4.94;6390;9.81;6095;True;6095.00;46.54;6103;8.15;6095;25.58
60;70;25;6655;True;6655.00;749.53;6661;11.78;6663;120.00;9322;True;9322.00;45.90;9322;2.73;9322;14.03;7146;True;7146.00;9.54;7159;3.91;7146;3.16;6718;True;6718.00;26.11;6718;1.82;6718;16.25;6412;True;6412.00;147.68;6420;12.65;6412;120.00;6139;True;6139.00;65.03;6139;3.67;6139;37.00
60;70;26;6266;True;6266.00;277.44;6272;8.25;6266;120.00;8865;True;8865.00;169.47;8870;13.44;8865;120.00;6650;True;6650.00;30.96;6668;10.74;6650;24.34;6257;True;6257.00;55.88;6273;11.22;6257;37.64;5925;True;5925.00;56.22;5939;8.86;5925;68.74;5668;True;5668.00;58.15;5671;6.34;5668;29.08
60;70;27;6620;True;6613.67;TL;6632;6.32;6671;120.00;9280;True;9280.00;46.29;9292;5.35;9280;30.46;6951;True;6951.00;1072.71;6958;4.44;6972;120.00;6653;False;6639.79;TL;6680;14.88;6675;120.00;6245;True;6245.00;363.75;6275;10.63;6295;120.00;6073;True;6073.00;3317.09;6076;35.75;6118;120.00
60;70;28;6325;True;6325.00;182.98;6325;8.32;6325;120.00;8623;True;8623.00;0.47;8623;0.53;8623;0.43;6607;True;6607.00;13.19;6607;6.70;6607;7.94;6288;True;6288.00;8.61;6296;1.80;6288;3.73;6094;True;6094.00;6.94;6094;2.06;6094;4.98;5829;True;5829.00;91.29;5833;5.84;5829;69.21
60;70;29;7067;False;7040.70;TL;7067;6.41;7080;120.00;9679;True;9679.00;10.51;9682;1.17;9679;5.78;7296;True;7296.00;53.90;7307;4.16;7296;54.82;6965;True;6965.00;495.11;6988;7.53;6969;120.00;6678;True;6678.00;64.99;6681;9.05;6678;103.23;6394;False;6391.50;TL;6404;16.91;6405;120.00
60;70;30;6519;True;6519.00;17.37;6519;1.96;6519;68.79;9411;True;9411.00;225.57;9423;6.65;9419;120.00;6907;True;6907.00;46.21;6919;5.64;6907;19.10;6499;True;6499.00;12.49;6499;3.89;6499;5.00;6220;True;6220.00;154.39;6232;29.80;6220;120.00;5945;True;5945.00;27.20;5956;7.68;5945;28.82
60;70;31;7098;True;7098.00;10.63;7119;5.08;7098;43.38;9987;True;9987.00;1024.24;9987;9.74;10036;120.00;7414;True;7414.00;258.03;7425;4.01;7425;120.00;6990;True;6990.00;2078.62;7015;11.68;7042;120.00;6712;True;6712.00;3210.75;6729;5.33;6811;120.00;6410;True;6410.00;830.08;6410;27.10;6487;120.00
60;70;32;6125;True;6125.00;1561.81;6128;25.19;6125;120.00;8730;True;8730.00;17.52;8740;5.29;8730;7.46;6257;True;6257.00;28.43;6259;3.62;6257;28.38;5898;True;5898.00;23.15;5913;8.96;5898;10.64;5765;True;5765.00;78.38;5770;4.93;5765;23.43;5526;True;5526.00;337.92;5542;40.96;5544;120.00
60;70;33;6790;True;6790.00;33.28;6794;4.11;6790;55.10;9424;True;9424.00;14.42;9432;7.72;9424;8.23;7206;True;7206.00;20.65;7206;4.22;7206;15.56;6857;True;6857.00;37.18;6857;8.27;6857;13.01;6445;True;6445.00;6.11;6445;3.36;6445;3.28;6248;True;6248.00;24.57;6256;6.61;6248;18.67
60;70;34;6616;True;6610.09;TL;6616;9.79;6628;120.00;9394;True;9394.00;1752.89;9431;13.89;9546;120.00;6968;False;6960.32;TL;6981;9.87;7012;120.00;6631;False;6622.53;TL;6645;14.78;6670;120.00;6247;True;6247.00;379.28;6273;46.28;6281;120.00;6021;True;6021.00;549.48;6039;7.35;6040;120.00
60;70;35;6403;True;6403.00;104.90;6408;12.82;6408;120.00;9222;True;9222.00;31.62;9245;7.36;9222;11.81;6706;True;6706.00;17.74;6712;7.46;6706;8.90;6373;True;6373.00;130.87;6389;8.61;6373;89.81;6047;True;6047.00;14.72;6054;6.66;6047;15.73;5839;True;5839.00;17.07;5858;15.89;5839;8.14
60;70;36;6677;True;6677.00;487.35;6677;5.95;6677;120.00;9385;True;9385.00;131.54;9387;16.67;9385;61.63;7035;True;7035.00;149.30;7050;14.49;7043;120.00;6699;True;6699.00;192.55;6712;15.88;6717;120.00;6358;True;6358.00;69.93;6375;6.73;6358;56.26;6181;True;6181.00;236.12;6181;11.76;6181;120.00
60;70;37;6712;True;6712.00;0.53;6712;0.57;6712;0.55;9668;True;9668.00;9.40;9669;3.23;9668;2.81;7201;True;7201.00;17.81;7212;5.01;7201;17.51;6803;True;6803.00;10.06;6803;4.51;6803;9.16;6483;True;6483.00;28.94;6488;8.10;6483;28.13;6243;True;6243.00;26.53;6258;15.10;6243;24.05
60;70;38;6383;True;6383.00;289.78;6399;6.37;6387;120.00;9132;True;9132.00;4.95;9134;0.85;9132;1.54;6708;True;6708.00;41.14;6723;2.94;6708;51.02;6372;True;6372.00;264.19;6401;10.43;6377;120.00;6089;True;6089.00;128.18;6089;3.39;6099;120.00;5898;True;5898.00;426.02;5904;4.62;5917;120.00
60;70;39;6518;True;6518.00;25.13;6521;6.51;6518;45.64;9103;True;9103.00;19.90;9137;9.02;9103;6.05;6805;True;6805.00;7.42;6823;6.50;6805;3.53;6558;True;6558.00;79.56;6560;8.76;6558;28.44;6195;True;6195.00;77.68;6198;19.83;6195;103.65;5980;True;5980.00;7.74;5980;5.65;5980;7.73
60;80;0;7598;True;7598.00;1405.11;7598;12.29;7598;120.00;10769;True;10769.00;1156.95;10787;4.60;10775;120.00;7775;True;7775.00;482.80;7776;3.79;7779;120.00;7395;True;7395.00;878.07;7407;13.16;7400;120.00;7213;True;7213.00;2628.64;7223;6.83;7221;120.00;6877;True;6877.00;331.84;6881;10.32;6884;120.00
60;80;1;7328;False;7317.91;TL;7328;55.00;7336;120.00;10351;True;10351.00;34.99;10372;33.29;10351;18.70;7721;True;7721.00;52.66;7731;13.70;7726;120.00;7354;True;7354.00;73.41;7366;33.47;7354;62.50;7008;True;7008.00;105.95;7036;81.75;7008;104.56;6723;True;6723.00;152.85;6728;25.59;6723;120.00
60;80;2;8129;True;8129.00;595.87;8149;11.68;8146;120.00;11420;True;11420.00;52.97;11441;7.07;11420;48.63;8691;False;8648.25;TL;8691;23.82;8735;120.00;8251;False;8239.85;TL;8287;9.70;8251;120.00;7796;True;7796.00;29.78;7814;32.66;7909;120.00;7558;False;7556.18;TL;7569;4.80;7591;120.00
60;80;3;7055;True;7055.00;81.20;7059;5.21;7055;113.21;9930;True;9930.00;173.51;9931;11.84;9930;120.00;7387;True;7387.00;77.74;7391;10.91;7387;90.19;6986;True;6986.00;22.97;6989;6.44;6986;10.11;6712;True;6712.00;69.20;6715;34.71;6712;87.97;6402;True;6402.00;9.45;6402;2.14;6402;7.20
60;80;4;7193;False;7188.04;TL;7193;26.35;7193;120.00;10398;True;10398.00;681.45;10403;18.69;10411;120.00;7737;True;7737.00;256.34;7755;11.18;7743;120.00;7294;True;7294.00;231.55;7304;6.36;7294;120.00;6939;True;6939.00;196.20;6954;4.94;7052;120.00;6684;True;6684.00;384.47;6700;39.65;6699;120.00
60;80;5;7823;True;7823.00;90.41;7836;5.59;7823;87.63;11128;True;11128.00;47.08;11130;5.88;11128;30.32;8439;True;8439.00;4.18;8452;3.57;8439;1.40;7959;True;7959.00;11.87;7964;3.34;7959;3.28;7557;True;7557.00;63.08;7577;20.76;7557;57.77;7265;True;7265.00;14.28;7269;3.44;7265;8.92
60;80;6;7334;False;7331.10;TL;7334;10.78;7334;120.00;10442;True;10442.00;73.89;10455;6.36;10442;43.91;7955;True;7955.00;16.94;7965;5.08;7955;7.97;7561;True;7561.00;49.69;7565;5.81;7561;25.22;7086;True;7086.00;24.12;7102;14.11;7086;8.25;6837;True;6837.00;46.04;6846;4.64;6837;26.03
60;80;7;7894;True;7894.00;55.97;7894;9.76;7894;52.10;11149;True;11149.00;23.40;11150;7.87;11149;10.57;8493;True;8493.00;31.62;8494;3.15;8493;14.41;8018;True;8018.00;92.88;8030;13.43;8018;75.20;7614;True;7614.00;165.84;7624;44.73;7614;74.41;7305;True;7305.00;134.44;7308;10.99;7305;79.57
60;80;8;8410;True;8410.00;84.59;8417;4.73;8410;120.00;11543;True;11543.00;2.21;11543;0.84;11543;0.87;8708;True;8708.00;3.00;8708;1.49;8708;1.31;8313;True;8313.00;34.23;8318;4.46;8313;21.39;8040;True;8040.00;45.94;8046;4.62;8040;37.78;7687;True;7687.00;199.00;7689;9.22;7687;120.00
60;80;9;7490;True;7490.00;29.64;7492;7.03;7490;30.37;10414;True;10414.00;71.62;10414;4.41;10414;49.12;7959;True;7959.00;44.81;7980;16.55;7959;40.17;7549;True;7549.00;127.99;7564;18.59;7549;94.40;7146;True;7146.00;19.63;7147;12.79;7146;5.19;6953;True;6953.00;410.77;6966;55.40;6968;120.00
60;80;10;8553;True;8553.00;15.84;8569;10.59;8553;29.19;11896;True;11896.00;54.10;11897;5.06;11896;26.31;9140;True;9140.00;48.28;9142;10.14;9140;29.45;8650;True;8650.00;30.35;8652;2.77;8650;17.78;8189;True;8189.00;31.10;8189;3.50;8189;11.85;7870;True;7870.00;26.75;7870;6.48;7870;14.63
60;80;11;7332;True;7332.00;165.10;7339;10.48;7332;120.00;10468;True;10468.00;63.61;10473;14.16;10468;68.47;7789;True;7789.00;90.26;7799;9.57;7789;75.73;7434;True;7434.00;51.80;7442;11.83;7434;30.27;7143;True;7143.00;199.55;7144;29.40;7143;120.00;6794;True;6794.00;30.32;6797;7.68;6794;13.63
60;80;12;8528;True;8528.00;1469.75;8528;7.43;8528;120.00;12044;True;12044.00;321.86;12058;9.79;12044;120.00;8952;True;8952.00;44.05;8961;4.83;8952;26.31;8480;True;8480.00;328.41;8486;3.19;8486;120.00;8108;True;8108.00;43.04;8108;4.49;8108;18.60;7806;True;7806.00;1545.09;7813;32.39;7809;120.00
60;80;13;6563;True;6563.00;93.66;6563;21.35;6563;120.00;9435;True;9435.00;110.72;9446;26.74;9435;116.10;7027;True;7027.00;14.17;7040;9.59;7027;6.11;6710;True;6710.00;45.71;6724;36.62;6710;41.02;6339;True;6339.00;126.95;6348;11.65;6339;120.00;6148;True;6148.00;322.18;6155;114.26;6149;120.00
60;80;14;7734;False;7726.92;TL;7748;14.79;7741;120.00;10908;True;10908.00;863.83;10915;91.65;10908;120.00;8227;True;8227.00;57.99;8236;4.30;8227;46.38;7800;True;7800.00;476.79;7800;11.21;7800;120.00;7428;True;7428.00;39.40;7428;1.85;7428;28.24;7189;True;7189.00;87.81;7202;20.56;7189;44.88
60;80;15;8010;True;8010.00;46.85;8013;10.71;8010;120.00;11177;True;11177.00;37.45;11189;8.30;11177;31.65;8581;True;8581.00;530.59;8585;14.93;8610;120.00;8069;True;8069.00;193.91;8082;40.67;8069;120.00;7679;True;7679.00;1180.48;7685;29.45;7685;120.00;7283;True;7283.00;43.80;7297;11.19;7283;29.85
60;80;16;7371;False;7366.48;TL;7374;41.62;7376;120.00;10245;True;10245.00;680.71;10253;17.28;10256;120.00;7838;True;7838.00;322.87;7843;18.03;7838;120.00;7440;True;7440.00;3330.96;7449;47.36;7443;120.00;6995;True;6995.00;2441.58;7003;36.58;6999;120.00;6770;True;6770.00;1327.51;6784;15.61;6806;120.00
60;80;17;7859;True;7859.00;424.97;7869;38.25;7859;120.00;11108;True;11108.00;267.02;11131;32.69;11119;120.00;8354;True;8354.00;186.92;8359;5.40;8355;120.00;7930;True;7930.00;25.42;7934;4.58;7930;10.44;7530;True;7530.00;868.67;7549;27.85;7554;120.00;7241;True;7241.00;241.91;7243;6.02;7241;120.00
60;80;18;7427;True;7427.00;258.67;7432;5.61;7427;120.00;10455;True;10455.00;12.82;10476;5.25;10455;10.53;7993;True;7993.00;13.62;8009;4.71;7993;6.57;7540;True;7540.00;54.17;7550;10.69;7540;29.61;7071;True;7071.00;33.93;7071;1.84;7071;22.35;6858;True;6858.00;227.53;6861;20.41;6858;120.00
60;80;19;8032;True;8032.00;200.91;8032;3.47;8032;120.00;10925;True;10925.00;54.55;10928;4.99;10925;34.08;8530;True;8530.00;9.35;8530;1.14;8530;3.47;7978;True;7978.00;19.03;7978;1.79;7978;5.30;7654;True;7654.00;80.76;7660;12.96;7654;95.03;7364;True;7364.00;179.46;7368;13.56;7365;120.00
60;80;20;7822;True;7822.00;883.60;7828;15.75;7823;120.00;11191;True;11191.00;94.27;11220;110.63;11191;78.79;8133;True;8133.00;3065.83;8155;8.52;8157;120.00;7779;True;7779.00;408.62;7779;4.48;7783;120.00;7452;True;7452.00;864.57;7460;46.23;7459;120.00;7158;True;7158.00;115.28;7175;36.41;7158;120.00
60;80;21;7701;True;7701.00;268.05;7701;6.49;7726;120.00;10665;True;10665.00;1331.33;10698;30.72;10665;120.00;8186;True;8186.00;75.37;8219;10.48;8186;111.39;7722;True;7722.00;371.35;7724;5.31;7738;120.00;7383;True;7383.00;174.14;7401;21.63;7389;120.00;7074;True;7074.00;366.23;7084;20.30;7097;120.00
60;80;22;7492;True;7489.75;TL;7492;5.83;7492;120.00;10607;True;10607.00;228.66;10628;49.30;10616;120.00;7837;True;7837.00;452.21;7860;109.50;7854;120.00;7451;True;7451.00;173.88;7471;27.99;7451;120.00;7176;True;7176.00;137.10;7180;7.66;7180;120.00;6910;False;6889.28;TL;6912;64.90;6929;120.00
60;80;23;7844;True;7841.98;TL;7846;42.10;7857;120.00;10991;True;10991.00;1318.18;11006;29.96;11017;120.00;8469;True;8469.00;165.02;8472;3.76;8469;120.00;7871;True;7871.00;199.67;7875;9.71;7871;120.00;7467;True;7467.00;513.21;7476;12.10;7469;120.00;7210;True;7210.00;105.48;7210;7.18;7218;120.00
60;80;24;6802;True;6799.74;TL;6802;9.26;6809;120.00;9600;True;9600.00;3.22;9600;3.53;9600;1.58;7359;True;7359.00;155.58;7359;4.34;7364;120.00;6935;True;6935.00;54.50;6942;19.02;6935;37.71;6551;True;6551.00;108.55;6561;14.11;6551;115.65;6357;True;6357.00;184.50;6362;68.99;6357;120.00
60;80;25;7406;True;7406.00;597.90;7421;44.54;7415;120.00;10536;True;10536.00;41.75;10545;8.06;10536;21.60;8001;True;8001.00;40.43;8010;5.77;8001;16.83;7453;True;7453.00;15.13;7453;2.33;7453;6.18;7123;True;7123.00;390.21;7134;33.57;7126;120.00;6833;True;6833.00;130.44;6841;18.05;6833;111.03
60;80;26;7595;True;7595.00;260.45;7607;38.48;7609;120.00;10735;True;10735.00;552.46;10750;37.50;10737;120.00;7914;True;7914.00;62.08;7916;5.53;7914;85.11;7556;True;7556.00;356.87;7559;33.44;7556;120.00;7288;True;7288.00;528.54;7298;45.41;7288;120.00;6945;True;6945.00;243.14;6949;24.37;6951;120.00
60;80;27;7608;False;7588.34;TL;7608;22.39;7619;120.00;10725;True;10725.00;69.86;10737;4.90;10725;93.32;7826;True;7826.00;0.74;7826;0.75;7826;0.89;7403;True;7403.00;35.21;7403;3.25;7403;14.57;7158;True;7158.00;184.03;7166;120.00;7158;120.00;6851;True;6851.00;55.90;6859;19.78;6851;89.72
60;80;28;7716;True;7709.80;TL;7720;6.33;7737;120.00;10779;True;10779.00;227.50;10791;51.10;10781;120.00;8251;True;8251.00;9.47;8253;1.50;8251;5.81;7799;True;7799.00;7.90;7799;2.81;7799;3.54;7473;True;7473.00;497.33;7481;31.04;7477;120.00;7227;True;7227.00;73.21;7237;15.64;7227;16.81
60;80;29;7205;True;7205.00;3164.46;7205;4.88;7205;120.00;10049;True;10049.00;67.15;10053;8.07;10049;62.90;7559;True;7559.00;84.41;7566;13.30;7559;72.47;7239;True;7239.00;125.80;7251;80.18;7239;120.00;6882;True;6882.00;41.54;6889;21.81;6882;20.29;6580;True;6580.00;164.87;6587;58.39;6591;120.00
60;80;30;8310;True;8310.00;17.69;8310;3.15;8310;81.88;11585;True;11585.00;153.20;11595;5.72;11585;106.70;8982;True;8982.00;24.56;8983;1.43;8982;14.15;8454;True;8454.00;1.60;8454;0.97;8454;0.77;8032;True;8032.00;122.78;8040;21.68;8032;90.36;7722;True;7722.00;6.63;7727;4.64;7722;3.16
60;80;31;9117;True;9114.85;TL;9120;4.93;9119;120.00;12812;True;12812.00;12.17;12813;1.76;12812;4.72;9643;True;9643.00;12.78;9643;2.89;9643;9.76;9130;True;9130.00;17.88;9136;3.93;9130;5.80;8643;True;8643.00;13.22;8653;5.95;8643;7.62;8317;True;8317.00;14.29;8327;5.72;8317;11.42
60;80;32;7640;True;7640.00;48.73;7640;4.00;7640;25.87;10680;True;10680.00;48.57;10695;10.17;10680;45.75;8127;True;8127.00;131.20;8138;7.30;8130;120.00;7708;True;7708.00;1064.90;7714;6.78;7723;120.00;7401;True;7401.00;1098.24;7409;41.41;7424;120.00;7077;True;7077.00;475.25;7084;30.72;7096;120.00
60;80;33;7187;True;7187.00;28.50;7195;4.89;7187;34.92;10211;True;10211.00;1405.44;10227;39.51;10309;120.00;7617;True;7617.00;2263.25;7640;15.50;7683;120.00;7232;False;7211.80;TL;7232;14.72;7239;120.00;6837;True;6837.00;2500.26;6843;12.33;6878;120.00;6614;True;6614.00;1145.87;6630;13.41;6641;120.00
60;80;34;8329;False;8313.93;TL;8338;7.83;8350;120.00;11787;True;11787.00;78.97;11790;6.44;11787;64.22;8696;True;8696.00;114.38;8705;7.70;8696;92.89;8261;True;8261.00;26.29;8265;2.45;8261;11.36;7803;True;7803.00;499.19;7807;7.61;7813;120.00;7546;True;7546.00;197.44;7553;14.26;7549;120.00
60;80;35;7052;False;7039.42;TL;7069;119.48;7065;120.00;9919;True;9919.00;3121.72;9943;92.80;9922;120.00;7409;True;7409.00;1309.34;7413;31.06;7412;120.00;6980;True;6980.00;632.50;6997;18.25;7001;120.00;6794;True;6794.00;224.61;6817;120.00;6794;120.00;6420;True;6420.00;1639.46;6443;120.00;6425;120.00
60;80;36;6886;False;6865.49;TL;6886;13.13;6958;120.00;9563;True;9563.00;692.13;9582;55.70;9569;120.00;7037;True;7037.00;73.61;7050;17.94;7037;52.08;6828;True;6828.00;2778.08;6848;120.00;6837;120.00;6569;True;6569.00;756.73;6580;118.13;6582;120.00;6350;False;6343.13;TL;6350;115.10;6389;120.00
60;80;37;7830;True;7830.00;370.05;7840;9.66;7830;120.00;11113;True;11113.00;169.14;11113;3.41;11113;101.69;8412;True;8412.00;69.97;8417;10.21;8412;54.22;7971;True;7971.00;20.53;7978;4.42;7971;4.97;7539;True;7539.00;121.84;7542;7.52;7539;69.53;7254;True;7254.00;46.35;7267;14.43;7254;40.14
60;80;38;7001;True;7001.00;1207.78;7021;119.49;7001;120.00;9888;True;9888.00;42.39;9892;7.63;9888;36.60;7437;True;7437.00;51.18;7447;8.74;7437;39.49;7071;True;7071.00;76.50;7075;6.15;7071;71.56;6671;True;6671.00;229.96;6678;25.29;6678;120.00;6467;True;6467.00;1039.23;6485;120.00;6485;120.00
60;80;39;7248;True;7248.00;250.67;7253;14.17;7248;120.00;10208;True;10208.00;16.52;10233;17.88;10208;9.89;7691;True;7691.00;327.36;7695;15.87;7691;120.00;7327;True;7327.00;28.20;7338;14.70;7327;19.34;6976;True;6976.00;0.85;6976;0.86;6976;0.90;6702;True;6702.00;129.79;6708;42.56;6702;120.00
60;90;0;8027;False;8017.72;TL;8031;36.19;8027;120.00;11101;True;11101.00;21.76;11101;5.61;11101;9.03;8628;True;8628.00;138.34;8631;6.98;8629;120.00;8115;True;8115.00;17.63;8115;16.38;8115;10.92;7728;True;7728.00;627.00;7730;56.77;7728;120.00;7439;True;7439.00;95.84;7445;9.80;7439;64.30
60;90;1;8125;False;8109.41;TL;8125;106.40;8127;120.00;11119;True;11119.00;153.56;11119;20.13;11149;120.00;8465;True;8465.00;1293.90;8477;42.91;8489;120.00;8023;True;8023.00;1910.91;8038;57.06;8059;120.00;7698;True;7698.00;418.20;7729;116.70;7708;120.00;7414;True;7414.00;397.77;7464;120.00;7418;120.00
60;90;2;8530;True;8530.00;76.84;8530;6.30;8530;58.15;11884;True;11884.00;193.01;11895;14.81;11896;120.00;9059;True;9059.00;28.81;9064;11.68;9059;17.52;8657;True;8657.00;340.94;8659;14.39;8664;120.00;8167;True;8167.00;36.87;8175;4.98;8167;25.76;7912;True;7912.00;144.22;7914;14.69;7912;120.00
60;90;3;9302;True;9302.00;909.53;9302;6.72;9302;120.00;13014;True;13014.00;264.72;13015;5.25;13014;120.00;9921;True;9921.00;23.87;9934;7.38;9921;9.00;9432;True;9432.00;54.86;9433;4.66;9432;21.58;8941;True;8941.00;204.93;8962;26.04;8961;120.00;8626;True;8626.00;9.62;8629;3.24;8626;8.18
60;90;4;8691;True;8691.00;102.98;8692;14.19;8691;120.00;12148;True;12148.00;37.78;12167;37.77;12148;33.34;9107;True;9107.00;146.22;9108;11.54;9107;120.00;8662;True;8662.00;50.54;8675;8.01;8662;29.09;8227;True;8227.00;575.31;8232;70.41;8228;120.00;7922;True;7922.00;860.11;7925;18.07;7934;120.00
60;90;5;8118;True;8118.00;381.87;8141;60.42;8134;120.00;11656;True;11656.00;463.69;11671;71.66;11662;120.00;8924;True;8924.00;68.14;8930;16.85;8924;84.92;8430;True;8430.00;24.70;8445;25.11;8430;20.99;7901;True;7901.00;151.36;7921;101.63;7901;120.00;7664;True;7664.00;69.17;7677;26.93;7664;91.97
60;90;6;8517;True;8517.00;936.55;8517;4.07;8517;120.00;12145;True;12145.00;13.56;12176;12.97;12145;8.41;8886;True;8886.00;8.06;8886;3.67;8886;4.35;8487;True;8487.00;38.22;8490;3.51;8487;46.25;8186;True;8186.00;201.19;8207;62.05;8186;120.00;7806;True;7806.00;63.22;7817;22.06;7806;74.77
60;90;7;9163;True;9163.00;62.18;9165;8.35;9163;120.00;12752;True;12752.00;69.78;12769;16.49;12752;44.46;9553;True;9553.00;2.64;9553;2.88;9553;3.75;9146;True;9146.00;7.15;9146;4.00;9146;5.12;8764;True;8764.00;114.13;8778;23.19;8764;40.61;8400;True;8400.00;276.44;8407;17.71;8403;120.00
60;90;8;8313;True;8313.00;297.30;8321;18.36;8313;120.00;11894;True;11894.00;596.81;11925;60.10;11904;120.00;8923;True;8923.00;59.69;8932;7.15;8923;101.91;8392;True;8392.00;28.33;8396;4.57;8392;21.51;7969;True;7969.00;57.56;7997;55.96;7969;88.03;7671;True;7671.00;857.10;7678;15.89;7682;120.00
60;90;9;9194;True;9194.00;1541.35;9198;11.94;9203;120.00;12652;True;12652.00;176.37;12663;11.33;12676;120.00;9565;True;9565.00;25.38;9577;9.50;9565;21.22;9078;True;9078.00;68.40;9083;4.92;9078;45.51;8749;True;8749.00;519.80;8762;44.36;8753;120.00;8351;True;8351.00;341.64;8353;21.04;8352;120.00
60;90;10;8028;False;8013.15;TL;8043;120.00;8030;120.00;11294;True;11294.00;318.54;11316;57.31;11308;120.00;8434;True;8434.00;213.62;8436;8.77;8445;120.00;8012;True;8012.00;353.20;8017;36.24;8016;120.00;7695;True;7695.00;28.32;7695;4.45;7695;27.31;7391;True;7391.00;629.28;7403;71.50;7392;120.00
60;90;11;8062;False;8057.69;TL;8062;14.41;8062;120.00;11378;True;11378.00;901.22;11386;55.39;11421;120.00;8373;True;8373.00;19.71;8382;6.84;8373;6.67;7800;True;7800.00;29.08;7811;4.87;7800;22.00;7658;True;7658.00;881.94;7660;48.72;7658;120.00;7279;True;7279.00;1068.97;7279;13.54;7294;120.00
60;90;12;7552;True;7552.00;569.76;7563;61.32;7552;120.00;10631;True;10631.00;114.04;10658;71.70;10631;82.54;8097;True;8097.00;271.08;8118;120.00;8103;120.00;7780;True;7780.00;239.29;7790;22.42;7788;120.00;7266;True;7266.00;1193.36;7355;117.76;7326;120.00;7041;True;7041.00;656.74;7050;94.44;7072;120.00
60;90;13;8999;True;8999.00;5.11;8999;2.64;8999;1.85;12441;True;12441.00;171.77;12455;20.84;12441;120.00;9740;True;9740.00;49.24;9758;7.08;9740;89.37;9155;True;9155.00;188.18;9160;11.69;9155;120.00;8722;True;8720.93;TL;8736;116.52;8753;120.00;8415;True;8415.00;287.44;8430;53.81;8415;120.00
60;90;14;7965;False;7932.30;TL;7971;62.21;8086;120.00;11243;False;11213.40;TL;11249;120.00;11433;120.00;8491;False;8431.99;TL;8514;35.45;8565;120.00;8063;False;8013.85;TL;8110;119.00;8129;120.00;7655;False;7638.04;TL;7657;36.60;7796;120.00;7365;False;7319.28;TL;7369;43.37;7412;120.00
60;90;15;8056;True;8056.00;911.72;8065;59.10;8056;120.00;11409;True;11409.00;241.40;11427;81.08;11412;120.00;8516;True;8516.00;36.60;8517;3.29;8516;13.84;8090;True;8090.00;33.68;8090;8.14;8090;34.77;7727;True;7727.00;154.05;7732;20.91;7727;120.00;7445;True;7445.00;242.69;7454;56.18;7446;120.00
60;90;16;7614;True;7614.00;596.64;7624;55.38;7614;120.00;10866;True;10866.00;85.84;10866;15.17;10866;93.02;8091;True;8091.00;96.16;8094;7.53;8091;47.80;7653;True;7653.00;10.48;7663;8.16;7653;3.72;7291;True;7291.00;970.13;7293;24.00;7293;120.00;7002;True;7002.00;903.22;7006;25.96;7014;120.00
60;90;17;8550;True;8550.00;1043.13;8551;22.48;8574;120.00;12137;True;12137.00;152.82;12137;13.89;12137;120.00;8989;True;8989.00;46.92;8995;12.72;8989;37.68;8484;True;8484.00;19.82;8496;3.54;8484;7.96;8093;True;8093.00;66.84;8110;75.36;8093;54.07;7785;True;7785.00;101.18;7789;16.01;7785;104.43
60;90;18;8599;True;8599.00;21.88;8599;3.24;8599;47.98;12375;True;12375.00;73.14;12380;8.04;12375;43.07;8986;True;8986.00;396.11;8989;15.08;8987;120.00;8583;True;8583.00;109.77;8586;13.30;8583;120.00;8195;True;8195.00;107.93;8195;5.36;8195;48.55;7927;True;7927.00;275.80;7938;17.20;7930;120.00
60;90;19;8242;True;8239.61;TL;8250;19.84;8242;120.00;11704;True;11704.00;85.21;11708;16.30;11704;54.85;8690;True;8690.00;366.88;8697;43.04;8691;120.00;8221;True;8221.00;119.49;8235;50.40;8221;113.30;7919;True;7919.00;470.10;7926;62.89;7923;120.00;7554;True;7554.00;343.97;7613;120.00;7556;120.00
60;90;20;9384;True;9384.00;609.71;9388;7.54;9388;120.00;13070;True;13070.00;189.26;13087;10.97;13070;120.00;9883;True;9883.00;196.31;9918;28.81;9901;120.00;9395;True;9395.00;159.04;9399;12.32;9399;120.00;9024;True;9024.00;101.59;9026;3.17;9024;105.19;8661;True;8661.00;47.04;8677;14.21;8661;38.42
60;90;21;9379;False;9367.40;TL;9379;13.02;9491;120.00;12897;True;12897.00;125.18;12917;6.93;12897;120.00;9910;False;9906.15;TL;9945;52.34;9944;120.00;9472;False;9449.06;TL;9474;22.53;9472;120.00;8951;True;8951.00;691.38;8967;14.47;8992;120.00;8610;True;8610.00;1108.11;8621;10.25;8657;120.00
60;90;22;7630;False;7625.21;TL;7637;50.87;7638;120.00;10723;True;10723.00;410.03;10784;120.00;10725;120.00;7831;True;7831.00;344.41;7841;69.87;7831;120.00;7500;True;7500.00;173.21;7505;71.64;7500;120.00;7294;True;7294.00;156.27;7307;19.24;7294;120.00;6898;True;6898.00;506.21;6906;51.64;6905;120.00
60;90;23;8485;True;8485.00;600.76;8498;69.60;8485;120.00;12087;True;12087.00;29.93;12088;4.38;12087;9.84;8919;True;8919.00;44.66;8925;4.54;8919;27.49;8505;True;8505.00;64.27;8511;6.90;8505;50.92;8120;True;8120.00;735.80;8120;12.03;8120;120.00;7841;True;7841.00;135.57;7847;54.88;7841;120.00
60;90;24;8073;True;8070.72;TL;8073;18.68;8141;120.00;11436;False;11403.10;TL;11450;72.69;11531;120.00;8691;True;8691.00;171.64;8693;19.39;8695;120.00;8236;True;8236.00;300.06;8246;73.87;8238;120.00;7698;True;7698.00;856.78;7704;52.15;7706;120.00;7506;True;7506.00;430.75;7613;120.00;7506;120.00
60;90;25;7797;True;7797.00;154.44;7818;103.20;7797;120.00;10910;True;10910.00;79.63;10945;29.85;10910;53.89;8422;True;8422.00;444.03;8456;120.00;8429;120.00;7904;True;7904.00;229.48;7914;78.81;7907;120.00;7504;True;7504.00;252.06;7540;117.32;7510;120.00;7218;True;7218.00;413.91;7300;120.00;7223;120.00
60;90;26;8488;True;8488.00;58.92;8488;4.23;8488;24.36;11945;True;11945.00;155.32;11945;5.13;11945;88.59;8852;True;8852.00;28.56;8860;9.30;8852;23.20;8464;True;8464.00;21.36;8467;2.53;8464;16.38;8199;True;8199.00;65.17;8209;34.88;8199;43.93;7838;True;7838.00;172.16;7843;37.14;7838;93.21
60;90;27;8848;False;8834.13;TL;8848;58.78;8864;120.00;12298;True;12298.00;295.44;12303;7.92;12301;120.00;9510;True;9510.00;296.02;9512;12.86;9510;120.00;8964;True;8964.00;21.11;8964;4.34;8964;18.63;8469;True;8469.00;90.07;8479;42.09;8469;89.75;8181;True;8181.00;134.11;8189;23.67;8200;120.00
60;90;28;8103;True;8101.53;TL;8106;28.61;8103;120.00;10982;True;10982.00;197.44;10988;11.14;10982;120.00;8569;True;8569.00;130.17;8573;9.70;8569;77.28;8087;True;8087.00;79.30;8087;7.54;8087;63.74;7717;True;7717.00;750.13;7730;113.64;7719;120.00;7427;True;7427.00;229.41;7430;30.70;7427;120.00
60;90;29;8361;False;8358.75;TL;8371;78.00;8379;120.00;11793;False;11785.70;TL;11793;19.77;11880;120.00;9060;True;9060.00;1850.62;9092;27.67;9098;120.00;8619;False;8606.91;TL;8632;22.88;8655;120.00;8060;True;8060.00;1006.44;8073;51.06;8118;120.00;7768;True;7768.00;234.36;7783;7.26;7790;120.00
60;90;30;8108;False;8096.23;TL;8108;56.55;8126;120.00;11423;True;11423.00;115.08;11439;20.00;11431;120.00;8732;True;8732.00;100.77;8742;19.56;8732;94.07;8314;True;8314.00;177.63;8326;20.81;8314;120.00;7810;True;7810.00;176.87;7817;18.23;7810;120.00;7570;True;7570.00;39.33;7594;59.84;7570;52.47
60;90;31;9291;True;9291.00;3120.64;9300;60.39;9300;120.00;12872;True;12872.00;8.13;12880;2.95;12872;3.26;9825;True;9825.00;60.48;9831;11.03;9825;35.44;9277;True;9277.00;15.93;9277;2.49;9277;8.70;8877;True;8877.00;110.33;8880;9.53;8877;56.17;8509;True;8509.00;30.37;8521;13.60;8509;20.06
60;90;32;9231;False;9227.01;TL;9235;45.10;9243;120.00;13019;True;13019.00;232.48;13030;30.10;13019;118.33;9581;True;9581.00;8.84;9581;3.38;9581;2.44;9256;True;9256.00;9.89;9267;9.25;9256;4.99;8867;True;8867.00;212.35;8867;12.22;8867;120.00;8457;True;8457.00;636.72;8461;15.54;8461;120.00
60;90;33;7781;True;7781.00;701.49;7781;29.96;7781;120.00;11163;True;11163.00;194.04;11186;62.92;11179;120.00;8211;True;8211.00;256.50;8232;27.68;8225;120.00;7817;True;7817.00;423.26;7831;91.27;7830;120.00;7467;True;7467.00;1779.49;7485;117.06;7476;120.00;7145;True;7145.00;250.97;7145;67.73;7145;120.00
60;90;34;8783;True;8783.00;881.03;8792;17.63;8783;120.00;12331;True;12331.00;21.93;12350;25.05;12331;10.03;9511;True;9511.00;78.27;9519;10.14;9511;88.60;8888;True;8888.00;12.37;8888;5.48;8888;6.30;8417;True;8417.00;172.84;8417;6.58;8417;120.00;8124;True;8124.00;51.41;8139;16.91;8124;38.76
60;90;35;8074;True;8074.00;696.39;8078;39.20;8076;120.00;11611;True;11611.00;92.41;11630;55.06;11611;77.06;8585;True;8585.00;55.90;8594;18.30;8585;40.32;8157;True;8157.00;81.94;8165;9.38;8157;49.64;7752;True;7752.00;85.41;7760;59.93;7752;35.47;7449;True;7449.00;218.96;7456;25.06;7450;120.00
60;90;36;8551;False;8547.75;TL;8604;120.00;8551;120.00;11997;True;11997.00;101.55;11999;11.67;11997;67.74;8893;True;8893.00;21.13;8893;6.83;8893;18.51;8584;True;8584.00;38.71;8597;35.67;8584;44.52;8285;True;8285.00;302.80;8285;61.03;8285;120.00;7948;True;7948.00;126.93;7952;8.99;7950;120.00
60;90;37;8165;True;8165.00;1295.01;8165;8.70;8165;120.00;11536;True;11536.00;1390.74;11547;54.61;11569;120.00;8414;True;8414.00;107.29;8423;12.76;8414;88.36;7961;True;7961.00;31.27;7961;10.80;7961;54.86;7637;True;7637.00;821.44;7639;69.77;7639;120.00;7294;True;7294.00;1989.20;7300;37.56;7302;120.00
60;90;38;8885;False;8872.84;TL;8885;23.71;8885;120.00;12371;True;12371.00;164.16;12376;9.60;12371;112.82;9052;True;9052.00;72.63;9058;8.42;9052;67.69;8601;True;8601.00;24.95;8622;10.45;8601;17.18;8379;True;8379.00;208.33;8387;20.68;8384;120.00;7997;True;7997.00;19.20;8014;18.54;7997;11.02
60;90;39;8130;False;8109.36;TL;8139;77.31;8159;120.00;11305;True;11305.00;437.87;11329;66.51;11323;120.00;8378;True;8378.00;674.37;8387;81.71;8380;120.00;7975;True;7975.00;441.96;7994;119.02;7983;120.00;7714;True;7714.00;953.09;7741;116.92;7740;120.00;7361;True;7361.00;2481.07;7385;120.00;7370;120.00
60;100;0;10369;True;10369.00;280.72;10381;39.42;10383;120.00;14480;True;14480.00;77.95;14501;19.47;14480;55.03;11037;True;11037.00;83.62;11056;21.94;11037;87.19;10435;True;10435.00;230.80;10435;18.86;10441;120.00;9978;True;9978.00;40.53;9998;14.30;9978;51.50;9510;True;9510.00;31.43;9515;9.92;9510;42.27
60;100;1;9702;False;9700.69;TL;9709;83.63;9730;120.00;13708;True;13708.00;16.13;13708;3.62;13708;5.78;10207;True;10207.00;42.12;10218;14.29;10207;42.32;9729;True;9729.00;184.54;9733;14.92;9729;120.00;9279;True;9279.00;2583.64;9282;97.18;9285;120.00;8904;True;8904.00;125.01;8916;45.75;8904;120.00
60;100;2;9321;False;9317.78;TL;9321;36.26;9339;120.00;13031;True;13031.00;142.98;13042;34.38;13037;120.00;9864;True;9864.00;231.60;9873;29.30;9864;120.00;9364;True;9364.00;182.88;9388;120.00;9364;120.00;8917;True;8917.00;286.74;8926;12.61;8927;120.00;8536;True;8536.00;184.70;8539;16.70;8536;120.00
60;100;3;9948;False;9941.05;TL;9952;61.36;9959;120.00;13907;True;13907.00;107.63;13907;15.02;13907;120.00;10547;True;10547.00;49.64;10549;11.70;10547;50.58;9959;True;9959.00;176.61;9977;24.55;9959;120.00;9548;True;9548.00;196.38;9556;9.28;9548;120.00;9231;True;9231.00;765.02;9233;47.04;9240;120.00
60;100;4;9247;False;9239.99;TL;9251;18.31;9247;120.00;13135;True;13135.00;189.35;13143;13.31;13140;120.00;9803;True;9803.00;110.02;9806;5.56;9803;102.10;9363;True;9363.00;577.83;9363;30.47;9366;120.00;8822;True;8822.00;197.42;8824;28.87;8822;120.00;8566;True;8566.00;47.02;8575;11.87;8566;41.41
60;100;5;9011;True;9007.92;TL;9012;46.84;9034;120.00;12598;True;12598.00;1386.38;12618;101.04;12611;120.00;9551;True;9551.00;786.77;9561;39.64;9552;120.00;9113;False;9102.28;TL;9132;59.95;9113;120.00;8678;False;8648.10;TL;8682;12.91;8745;120.00;8379;False;8363.11;TL;8379;60.47;8419;120.00
60;100;6;8526;True;8526.00;822.55;8579;120.00;8531;120.00;12085;True;12085.00;590.71;12117;119.43;12085;120.00;9202;True;9202.00;930.71;9210;29.10;9280;120.00;8757;True;8757.00;199.15;8760;41.87;8757;120.00;8250;True;8250.00;456.52;8263;31.47;8268;120.00;7941;True;7941.00;54.48;7950;26.44;7941;110.75
60;100;7;9336;True;9336.00;1164.46;9353;103.12;9336;120.00;13137;True;13137.00;1382.13;13164;120.00;13137;120.00;9874;True;9874.00;129.69;9883;49.03;9874;86.08;9334;True;9334.00;201.85;9345;48.21;9339;120.00;8873;True;8873.00;3570.34;8888;117.13;8879;120.00;8536;True;8536.00;602.12;8542;56.45;8543;120.00
60;100;8;8839;True;8837.43;TL;8846;89.03;8848;120.00;12562;True;12562.00;76.17;12573;33.80;12574;120.00;9208;True;9208.00;776.94;9221;91.98;9208;120.00;8803;True;8803.00;1389.06;8975;120.00;8832;120.00;8286;True;8286.00;162.28;8286;104.49;8286;120.00;8001;True;8001.00;969.60;8013;116.14;8007;120.00
60;100;9;8879;True;8879.00;468.39;8904;120.00;8879;120.00;12645;True;12645.00;535.12;12656;54.83;12645;120.00;9485;True;9485.00;99.70;9506;96.13;9494;120.00;9039;True;9039.00;434.94;9059;120.00;9040;120.00;8439;True;8439.00;142.60;8460;88.76;8444;120.00;8158;True;8158.00;231.28;8172;29.33;8169;120.00
60;100;10;9269;False;9245.13;TL;9269;64.41;9309;120.00;12933;True;12933.00;67.85;12937;20.17;12933;21.54;9702;True;9702.00;120.22;9708;43.55;9702;72.72;9238;True;9238.00;355.17;9239;87.34;9239;120.00;8832;True;8832.00;1730.75;8861;117.08;8871;120.00;8512;False;8501.70;TL;8556;120.00;8535;120.00
60;100;11;9227;False;9215.93;TL;9227;120.00;9231;120.00;13088;True;13088.00;247.07;13091;23.37;13088;120.00;9693;True;9693.00;53.24;9714;54.12;9693;28.30;9260;True;9260.00;477.47;9279;120.00;9272;120.00;8884;True;8884.00;64.51;8898;33.49;8884;48.97;8491;True;8491.00;246.62;8501;53.23;8491;120.00
60;100;12;9648;True;9648.00;11.70;9648;2.35;9648;2.97;13638;True;13638.00;905.70;13658;113.56;13643;120.00;9867;True;9867.00;8.70;9867;5.05;9867;5.49;9468;True;9468.00;407.09;9468;83.65;9471;120.00;9203;True;9203.00;101.35;9209;43.96;9203;90.40;8778;True;8778.00;417.59;8788;37.65;8784;120.00
60;100;13;9426;True;9416.31;TL;9439;54.24;9428;120.00;13159;True;13159.00;1274.24;13171;43.91;13167;120.00;9729;True;9729.00;48.60;9731;3.94;9729;60.56;9236;True;9236.00;76.20;9243;8.73;9236;42.25;8975;True;8975.00;2110.37;8980;107.65;8987;120.00;8493;True;8493.00;372.90;8505;61.14;8499;120.00
60;100;14;9902;False;9893.72;TL;9913;69.23;9922;120.00;14020;True;14020.00;85.24;14046;48.50;14020;60.16;10297;True;10297.00;1324.46;10311;76.41;10310;120.00;9840;True;9840.00;181.45;9853;24.35;9846;120.00;9458;True;9458.00;3074.92;9482;117.94;9494;120.00;9122;True;9122.00;3222.33;9131;98.71;9136;120.00
60;100;15;8981;False;8961.89;TL;9024;120.00;9024;120.00;12770;True;12770.00;1684.25;12787;95.14;12802;120.00;9724;True;9724.00;890.56;9747;90.33;9734;120.00;9117;True;9117.00;1746.64;9118;90.24;9127;120.00;8554;True;8554.00;712.36;8562;25.69;8570;120.00;8323;True;8323.00;296.63;8339;21.36;8339;120.00
60;100;16;9948;True;9948.00;118.03;9948;30.36;9948;120.00;13905;True;13905.00;1482.87;13914;14.17;13908;120.00;10432;True;10432.00;264.89;10442;17.38;10432;120.00;9989;True;9989.00;432.99;10002;57.97;9992;120.00;9549;True;9549.00;751.45;9559;54.77;9561;120.00;9205;True;9203.97;TL;9216;88.10;9223;120.00
60;100;17;9173;False;9148.92;TL;9202;120.00;9195;120.00;13137;False;13105.80;TL;13197;120.00;13168;120.00;9679;True;9679.00;133.92;9703;57.54;9683;120.00;9192;True;9192.00;51.42;9192;65.45;9192;26.85;8836;False;8800.14;TL;8882;116.96;8874;120.00;8359;True;8359.00;415.84;8414;120.00;8374;120.00
60;100;18;9485;False;9476.64;TL;9489;120.00;9489;120.00;13443;True;13443.00;730.69;13453;54.60;13448;120.00;9943;True;9943.00;423.89;9947;11.11;9944;120.00;9454;True;9454.00;1126.97;9455;52.00;9463;120.00;9030;True;9030.00;746.83;9103;117.89;9034;120.00;8738;True;8738.00;1131.02;8771;120.00;8742;120.00
60;100;19;8821;False;8813.63;TL;8829;107.46;8829;120.00;12496;True;12496.00;304.53;12507;27.85;12496;120.00;9279;True;9279.00;236.92;9291;18.70;9288;120.00;8886;True;8886.00;210.13;8894;36.45;8888;120.00;8492;True;8492.00;875.88;8492;75.39;8498;120.00;8132;True;8132.00;1351.52;8147;120.00;8149;120.00
60;100;20;9997;True;9992.31;TL;9997;15.76;10009;120.00;14208;True;14208.00;116.15;14222;10.64;14208;104.78;10633;True;10633.00;75.50;10647;14.29;10633;73.39;10086;True;10086.00;376.69;10096;29.43;10093;120.00;9570;True;9570.00;537.68;9592;118.80;9584;120.00;9242;True;9242.00;649.41;9255;106.97;9263;120.00
60;100;21;8397;True;8392.69;TL;8397;112.96;8403;120.00;11935;True;11935.00;149.21;11957;77.26;11935;120.00;8876;True;8876.00;438.75;8879;24.56;8879;120.00;8470;True;8470.00;141.40;8488;29.07;8470;120.00;8068;True;8068.00;735.67;8078;62.61;8075;120.00;7739;True;7739.00;681.59;7769;120.00;7748;120.00
60;100;22;9650;True;9650.00;346.28;9650;10.36;9650;120.00;13474;False;13469.00;TL;13524;30.27;13532;120.00;10507;False;10462.60;TL;10509;51.80;10543;120.00;9854;False;9814.04;TL;9854;45.89;9898;120.00;9359;False;9329.03;TL;9381;117.52;9400;120.00;8996;False;8963.33;TL;8996;30.62;9034;120.00
60;100;23;10019;True;10019.00;109.34;10019;16.73;10019;120.00;14139;True;14139.00;457.05;14155;48.66;14160;120.00;10471;True;10471.00;40.21;10471;7.77;10471;35.14;9989;True;9989.00;413.07;9997;21.11;9991;120.00;9599;False;9576.01;TL;9620;117.01;9617;120.00;9182;True;9182.00;1394.29;9192;62.65;9205;120.00
60;100;24;8801;False;8785.30;TL;8803;120.00;8808;120.00;12377;True;12377.00;266.24;12384;25.47;12378;120.00;9295;True;9295.00;293.88;9303;19.38;9295;120.00;8828;True;8828.00;725.81;8844;68.67;8846;120.00;8382;True;8382.00;572.18;8382;32.52;8387;120.00;8077;True;8077.00;885.32;8086;64.25;8084;120.00
60;100;25;9302;False;9289.97;TL;9305;84.40;9302;120.00;12850;True;12850.00;748.91;12850;32.56;12854;120.00;9767;True;9767.00;337.30;9776;48.85;9780;120.00;9308;True;9308.00;528.76;9342;120.00;9317;120.00;8876;True;8876.00;239.36;8882;16.62;8879;120.00;8527;True;8527.00;720.33;8532;72.24;8528;120.00
60;100;26;9117;True;9117.00;377.65;9121;72.21;9121;120.00;12817;True;12817.00;79.10;12817;5.25;12817;32.92;9487;True;9487.00;145.55;9487;7.70;9490;120.00;9151;True;9151.00;638.27;9158;50.44;9167;120.00;8819;True;8819.00;326.20;8821;68.84;8821;120.00;8417;True;8417.00;765.82;8460;120.00;8426;120.00
60;100;27;8773;True;8773.00;1265.95;8794;120.00;8773;120.00;12262;True;12262.00;184.77;12283;89.80;12262;120.00;9327;True;9327.00;806.09;9469;120.00;9330;120.00;8908;True;8908.00;1459.49;8911;106.22;8926;120.00;8432;True;8432.00;650.35;8435;79.47;8440;120.00;8117;True;8117.00;648.20;8169;120.00;8132;120.00
60;100;28;9150;False;9145.47;TL;9161;98.15;9159;120.00;12861;True;12861.00;270.95;12874;38.33;12875;120.00;9823;True;9823.00;146.63;9834;15.93;9823;120.00;9350;True;9350.00;343.68;9355;30.99;9353;120.00;8861;True;8861.00;104.96;8866;14.45;8861;81.55;8503;True;8503.00;556.89;8503;17.23;8503;120.00
60;100;29;8179;False;8151.83;TL;8240;120.00;8179;120.00;11548;True;11548.00;591.21;11577;105.30;11548;120.00;8438;True;8438.00;1030.67;8438;66.50;8445;120.00;8088;False;8081.55;TL;8124;120.00;8094;120.00;7818;False;7798.52;TL;7840;119.13;7846;120.00;7431;True;7431.00;482.46;7438;61.47;7435;120.00
60;100;30;9027;False;9012.92;TL;9027;19.07;9027;120.00;12745;True;12745.00;866.61;12765;65.46;12802;120.00;9584;True;9584.00;540.88;9592;28.49;9591;120.00;9104;True;9104.00;558.27;9114;23.89;9112;120.00;8620;True;8620.00;2325.88;8637;85.72;8642;120.00;8325;True;8325.00;192.04;8335;17.02;8365;120.00
60;100;31;9239;True;9236.63;TL;9245;66.50;9289;120.00;13129;False;13122.10;TL;13153;109.70;13133;120.00;9748;True;9748.00;251.58;9762;28.82;9748;120.00;9266;True;9266.00;208.56;9276;35.42;9273;120.00;8767;True;8767.00;547.35;8778;55.41;8767;120.00;8454;True;8454.00;177.05;8464;89.46;8454;120.00
60;100;32;9238;False;9232.35;TL;9238;45.33;9254;120.00;13091;True;13091.00;142.52;13113;65.74;13091;107.59;9937;True;9937.00;49.86;9948;16.24;9937;42.46;9399;True;9399.00;282.24;9399;26.14;9399;120.00;8812;True;8812.00;411.46;8818;34.50;8821;120.00;8479;True;8479.00;157.21;8493;19.80;8493;120.00
60;100;33;9214;True;9214.00;971.40;9218;30.16;9214;120.00;13200;True;13200.00;72.34;13200;36.13;13200;62.25;9797;True;9797.00;45.13;9817;52.04;9797;46.84;9242;True;9242.00;15.54;9271;61.77;9242;13.24;8818;True;8818.00;344.71;8835;91.53;8830;120.00;8464;True;8464.00;133.57;8474;43.99;8468;120.00
60;100;34;9161;False;9157.81;TL;9169;36.89;9169;120.00;12840;True;12840.00;993.90;12863;91.04;12929;120.00;9697;True;9697.00;2193.30;9712;73.73;9738;120.00;9191;True;9191.00;1045.49;9202;80.11;9235;120.00;8793;True;8793.00;327.35;8856;117.14;8798;120.00;8475;False;8469.91;TL;8495;120.00;8483;120.00
60;100;35;9703;False;9676.21;TL;9710;120.00;9751;120.00;13744;False;13736.60;TL;13758;104.66;13822;120.00;10338;True;10338.00;7.79;10338;4.21;10338;4.00;9856;False;9854.58;TL;9856;80.01;9870;120.00;9248;True;9248.00;63.06;9266;27.42;9248;69.83;8927;True;8927.00;1113.07;8940;119.45;8928;120.00
60;100;36;9429;False;9415.67;TL;9436;102.06;9438;120.00;13076;False;13043.90;TL;13080;100.31;13083;120.00;10012;True;10012.00;513.54;10032;60.54;10038;120.00;9522;True;9522.00;948.54;9533;55.10;9538;120.00;8991;True;8991.00;483.80;8991;32.31;9000;120.00;8591;True;8591.00;2271.35;8615;120.00;8602;120.00
60;100;37;9176;True;9170.79;TL;9188;120.00;9190;120.00;12922;True;12922.00;3246.29;12930;79.44;12933;120.00;9776;True;9776.00;254.51;9798;27.93;9781;120.00;9232;True;9232.00;231.21;9232;17.54;9260;120.00;8807;True;8807.00;379.20;8807;62.26;8811;120.00;8495;True;8495.00;824.15;8549;120.00;8503;120.00
60;100;38;8955;True;8955.00;595.71;8985;120.00;8965;120.00;12643;True;12643.00;937.95;12736;120.00;12648;120.00;9626;True;9626.00;422.14;9710;116.95;9630;120.00;9129;True;9129.00;729.75;9134;120.00;9144;120.00;8639;True;8639.00;1679.71;8695;120.00;8646;120.00;8365;True;8365.00;726.02;8484;120.00;8377;120.00
60;100;39;8769;False;8764.97;TL;8782;83.42;8786;120.00;12189;True;12189.00;559.36;12204;57.41;12199;120.00;9250;True;9250.00;409.46;9250;94.23;9252;120.00;8734;True;8734.00;1222.07;8747;77.47;8742;120.00;8351;True;8351.00;310.06;8351;31.85;8351;120.00;8071;True;8071.00;414.64;8080;75.02;8091;120.00
75;20;0;1752;True;1752.00;4.21;1764;0.67;1752;4.41;2533;True;2533.00;1.16;2533;0.34;2533;0.42;1896;True;1896.00;1.04;1896;0.14;1896;0.23;1802;True;1802.00;1.91;1802;0.27;1802;0.37;1649;True;1649.00;0.20;1649;0.20;1649;0.20;1612;True;1612.00;0.79;1612;0.47;1612;0.45
75;20;1;2179;True;2179.00;0.46;2179;0.08;2179;0.12;3022;True;3022.00;0.22;3022;0.09;3022;0.07;2463;True;2463.00;0.21;2463;0.09;2463;0.07;2275;True;2275.00;0.03;2275;0.03;2275;0.03;2109;True;2109.00;0.32;2109;0.09;2109;0.09;2001;True;2001.00;0.06;2001;0.07;2001;0.08
75;20;2;1748;True;1748.00;0.90;1748;0.17;1748;0.22;2434;True;2434.00;0.03;2434;0.03;2434;0.03;2014;True;2014.00;0.02;2014;0.02;2014;0.02;1838;True;1838.00;0.02;1838;0.02;1838;0.02;1676;True;1676.00;0.65;1678;0.19;1676;0.26;1637;True;1637.00;0.04;1637;0.04;1637;0.05
75;20;3;1635;True;1635.00;0.91;1637;0.43;1635;0.33;2365;True;2365.00;1.76;2368;0.40;2365;0.44;1686;True;1686.00;0.05;1686;0.06;1686;0.07;1659;True;1659.00;0.45;1659;0.25;1659;0.24;1529;True;1529.00;0.09;1529;0.09;1529;0.10;1496;True;1496.00;0.09;1496;0.10;1496;0.11
75;20;4;1283;True;1283.00;13.37;1283;0.79;1283;2.76;1908;True;1908.00;0.55;1908;0.50;1908;0.54;1424;True;1424.00;0.10;1424;0.11;1424;0.12;1341;True;1341.00;0.94;1341;0.40;1341;0.41;1228;True;1228.00;0.64;1228;0.67;1228;0.62;1191;True;1191.00;2.94;1193;0.73;1191;0.80
75;20;5;1802;True;1802.00;0.34;1802;0.09;1802;0.09;2603;True;2603.00;0.03;2603;0.03;2603;0.03;1965;True;1965.00;0.03;1965;0.03;1965;0.04;1855;True;1855.00;0.06;1855;0.06;1855;0.09;1703;True;1703.00;0.23;1703;0.09;1703;0.07;1664;True;1664.00;0.05;1664;0.06;1664;0.12
75;20;6;1552;True;1552.00;0.14;1552;0.14;1552;0.15;2200;True;2200.00;0.10;2200;0.09;2200;0.10;1749;True;1749.00;0.05;1749;0.05;1749;0.06;1673;True;1673.00;0.60;1676;0.22;1673;0.23;1497;True;1497.00;0.80;1508;0.32;1497;0.32;1469;True;1469.00;1.96;1469;0.44;1469;0.46
75;20;7;1987;True;1987.00;0.55;1987;0.11;1987;0.18;2864;True;2864.00;0.17;2864;0.09;2864;0.05;2050;True;2050.00;0.02;2050;0.02;2050;0.02;1986;True;1986.00;0.03;1986;0.04;1986;0.03;1877;True;1877.00;0.39;1877;0.10;1877;0.18;1796;True;1796.00;0.17;1796;0.10;1796;0.08
75;20;8;1601;True;1601.00;12.35;1601;0.48;1601;3.14;2053;True;2053.00;0.06;2053;0.06;2053;0.06;1638;True;1638.00;0.06;1638;0.06;1638;0.07;1529;True;1529.00;0.06;1529;0.07;1529;0.07;1495;True;1495.00;1.27;1495;0.20;1495;0.30;1390;True;1390.00;0.09;1390;0.10;1390;0.10
75;20;9;1641;True;1641.00;0.74;1641;0.21;1641;0.27;2207;True;2207.00;0.08;2207;0.07;2207;0.08;1760;True;1760.00;0.49;1760;0.22;1760;0.20;1684;True;1684.00;1.98;1686;0.36;1684;0.49;1565;True;1565.00;0.09;1565;0.11;1565;0.11;1461;True;1461.00;0.11;1461;0.12;1461;0.12
75;20;10;1703;True;1703.00;1.95;1703;0.25;1703;0.28;2444;True;2444.00;0.43;2444;0.15;2444;0.14;1937;True;1937.00;0.45;1937;0.28;1937;0.23;1787;True;1787.00;0.46;1787;0.21;1787;0.24;1651;True;1651.00;0.80;1651;0.61;1651;0.36;1593;True;1593.00;0.97;1593;0.49;1593;0.56
75;20;11;2164;True;2164.00;3.44;2164;0.30;2164;1.73;2989;True;2989.00;0.27;3004;0.11;2989;0.09;2278;True;2278.00;0.17;2301;0.11;2278;0.07;2118;True;2118.00;0.14;2118;0.20;2118;0.07;2040;True;2040.00;0.05;2040;0.05;2040;0.05;1958;True;1958.00;2.00;1958;0.33;1958;0.68
75;20;12;2117;True;2117.00;0.32;2117;0.11;2117;0.15;3028;True;3028.00;0.19;3033;0.09;3028;0.07;2282;True;2282.00;0.56;2282;0.09;2282;0.17;2158;True;2158.00;0.13;2158;0.06;2158;0.07;2003;True;2003.00;0.04;2003;0.04;2003;0.04;1891;True;1891.00;0.02;1891;0.03;1891;0.02
75;20;13;1730;True;1730.00;2.45;1735;0.20;1730;0.36;2536;True;2536.00;0.23;2536;0.20;2536;0.20;1881;True;1881.00;0.09;1881;0.10;1881;0.09;1739;True;1739.00;0.09;1739;0.09;1739;0.10;1632;True;1632.00;0.05;1632;0.06;1632;0.07;1598;True;1598.00;0.19;1598;0.21;1598;0.21
75;20;14;1629;True;1629.00;2.26;1641;0.68;1629;0.66;2286;True;2286.00;0.13;2286;0.12;2286;0.12;1675;True;1675.00;0.05;1675;0.05;1675;0.05;1615;True;1615.00;0.06;1615;0.07;1615;0.07;1502;True;1502.00;0.15;1502;0.16;1502;0.17;1470;True;1470.00;0.19;1470;0.21;1470;0.22
75;20;15;1576;True;1576.00;3.56;1576;0.34;1576;0.72;2122;True;2122.00;0.08;2122;0.07;2122;0.07;1648;True;1648.00;0.08;1648;0.08;1648;0.09;1527;True;1527.00;0.09;1527;0.10;1527;0.10;1456;True;1456.00;0.09;1456;0.10;1456;0.10;1358;True;1358.00;0.10;1358;0.11;1358;0.11
75;20;16;1713;True;1713.00;11.86;1713;0.31;1713;1.73;2584;True;2584.00;1.66;2586;0.33;2584;0.36;1891;True;1891.00;0.08;1891;0.09;1891;0.09;1771;True;1771.00;0.12;1771;0.13;1771;0.14;1663;True;1663.00;0.09;1663;0.10;1663;0.10;1623;True;1623.00;4.60;1627;0.98;1623;1.55
75;20;17;1701;True;1701.00;3.92;1701;0.35;1701;1.92;2434;True;2434.00;1.37;2434;0.37;2434;0.44;1876;True;1876.00;0.15;1876;0.17;1876;0.17;1757;True;1757.00;0.77;1757;0.28;1757;0.42;1649;True;1649.00;1.09;1649;0.35;1649;0.46;1590;True;1590.00;2.32;1591;0.47;1590;0.50
75;20;18;1729;True;1729.00;0.04;1729;0.04;1729;0.04;2489;True;2489.00;1.05;2489;0.18;2489;0.23;1866;True;1866.00;0.03;1866;0.03;1866;0.03;1714;True;1714.00;0.03;1714;0.03;1714;0.04;1653;True;1653.00;0.67;1663;0.25;1653;0.28;1570;True;1570.00;0.05;1570;0.06;1570;0.06
75;20;19;1688;True;1688.00;0.07;1688;0.07;1688;0.07;2414;True;2414.00;0.06;2414;0.05;2414;0.05;1971;True;1971.00;0.06;1971;0.07;1971;0.07;1822;True;1822.00;0.44;1822;0.25;1822;0.25;1634;True;1634.00;0.07;1634;0.07;1634;0.08;1609;True;1609.00;2.22;1609;0.43;1609;0.60
75;20;20;1946;True;1946.00;0.33;1956;0.11;1946;0.10;2702;True;2702.00;0.15;2702;0.05;2702;0.05;2166;True;2166.00;0.02;2166;0.02;2166;0.02;1985;True;1985.00;0.03;1985;0.03;1985;0.03;1833;True;1833.00;0.03;1833;0.03;1833;0.03;1796;True;1796.00;0.42;1797;0.09;1796;0.13
75;20;21;1679;True;1679.00;6.39;1679;0.47;1679;1.73;2377;True;2377.00;0.08;2377;0.07;2377;0.07;1879;True;1879.00;0.07;1879;0.07;1879;0.07;1762;True;1762.00;0.09;1762;0.09;1762;0.10;1599;True;1599.00;0.08;1599;0.08;1599;0.08;1575;True;1575.00;0.91;1575;0.24;1575;0.28
75;20;22;1586;True;1586.00;0.15;1586;0.14;1586;0.14;2275;True;2275.00;0.65;2275;0.30;2275;0.26;1704;True;1704.00;0.06;1704;0.06;1704;0.06;1592;True;1592.00;0.04;1592;0.05;1592;0.05;1547;True;1547.00;0.07;1547;0.07;1547;0.08;1474;True;1474.00;0.07;1474;0.08;1474;0.08
75;20;23;1703;True;1703.00;1.31;1703;0.23;1703;0.13;2494;True;2494.00;0.21;2494;0.08;2494;0.08;1921;True;1921.00;0.03;1921;0.03;1921;0.03;1834;True;1834.00;0.04;1834;0.04;1834;0.05;1673;True;1673.00;0.06;1673;0.06;1673;0.07;1649;True;1649.00;0.21;1649;0.14;1649;0.10
75;20;24;1707;True;1707.00;0.05;1707;0.04;1707;0.04;2514;True;2514.00;0.05;2514;0.05;2514;0.06;1879;True;1879.00;0.03;1879;0.03;1879;0.03;1814;True;1814.00;0.23;1814;0.10;1814;0.09;1659;True;1659.00;0.37;1659;0.14;1659;0.13;1580;True;1580.00;0.06;1580;0.07;1580;0.06
75;20;25;1742;True;1742.00;2.66;1742;0.11;1742;0.88;2461;True;2461.00;0.04;2461;0.04;2461;0.04;1870;True;1870.00;0.05;1870;0.05;1870;0.05;1747;True;1747.00;0.04;1747;0.05;1747;0.04;1652;True;1652.00;0.73;1652;0.20;1652;0.26;1598;True;1598.00;0.16;1598;0.19;1598;0.18
75;20;26;1685;True;1685.00;0.95;1685;0.17;1685;0.21;2444;True;2444.00;0.09;2444;0.08;2444;0.09;1914;True;1914.00;0.08;1914;0.09;1914;0.09;1730;True;1730.00;0.09;1730;0.10;1730;0.10;1604;True;1604.00;0.09;1604;0.10;1604;0.10;1514;True;1514.00;0.21;1514;0.24;1514;0.23
75;20;27;1779;True;1779.00;0.08;1779;0.08;1779;0.39;2564;True;2564.00;0.27;2564;0.06;2564;0.07;1857;True;1857.00;0.03;1857;0.03;1857;0.03;1776;True;1776.00;0.15;1776;0.08;1776;0.08;1656;True;1656.00;0.03;1656;0.03;1656;0.04;1600;True;1600.00;0.09;1600;0.10;1600;0.10
75;20;28;1672;True;1672.00;0.09;1672;0.09;1672;0.09;2460;True;2460.00;0.17;2460;0.15;2460;0.23;1910;True;1910.00;0.08;1910;0.09;1910;0.10;1759;True;1759.00;0.13;1759;0.14;1759;0.14;1635;True;1635.00;1.06;1635;0.49;1635;0.51;1585;True;1585.00;1.13;1585;0.42;1585;0.47
75;20;29;1725;True;1725.00;1.20;1725;0.24;1725;0.13;2545;True;2545.00;0.11;2545;0.10;2545;0.11;1880;True;1880.00;0.09;1880;0.10;1880;0.10;1802;True;1802.00;0.07;1802;0.08;1802;0.09;1634;True;1634.00;0.07;1634;0.08;1634;0.08;1597;True;1597.00;0.12;1597;0.13;1597;0.13
75;20;30;1720;True;1720.00;16.17;1726;0.20;1720;10.16;2375;True;2375.00;0.44;2375;0.38;2375;0.32;1812;True;1812.00;1.04;1812;0.36;1812;0.49;1699;True;1699.00;0.72;1703;0.28;1699;0.31;1582;True;1582.00;0.06;1582;0.07;1582;0.07;1566;True;1566.00;4.04;1573;0.56;1566;1.13
75;20;31;1726;True;1726.00;14.04;1729;0.17;1726;4.59;2341;True;2341.00;0.06;2341;0.05;2341;0.06;1960;True;1960.00;1.88;1960;0.35;1960;0.64;1778;True;1778.00;0.31;1781;0.11;1778;0.20;1648;True;1648.00;0.16;1648;0.17;1648;0.17;1583;True;1583.00;0.32;1597;0.22;1583;0.17
75;20;32;1260;True;1260.00;0.23;1260;0.24;1260;0.23;1878;True;1878.00;0.08;1878;0.08;1878;0.08;1454;True;1454.00;0.06;1454;0.07;1454;0.08;1354;True;1354.00;0.21;1354;0.22;1354;0.23;1229;True;1229.00;0.11;1229;0.12;1229;0.12;1177;True;1177.00;0.15;1177;0.17;1177;0.18
75;20;33;1699;True;1699.00;0.06;1699;0.06;1699;0.06;2495;True;2495.00;1.81;2508;0.25;2495;0.33;1960;True;1960.00;1.31;1964;0.23;1960;0.30;1805;True;1805.00;0.43;1805;0.22;1805;0.21;1645;True;1645.00;0.11;1645;0.12;1645;0.12;1602;True;1602.00;0.22;1602;0.26;1602;0.26
75;20;34;1795;True;1795.00;0.39;1803;0.17;1795;0.15;2525;True;2525.00;0.25;2525;0.08;2525;0.08;1907;True;1907.00;0.04;1907;0.04;1907;0.04;1748;True;1748.00;0.04;1748;0.03;1748;0.03;1666;True;1666.00;0.05;1666;0.05;1666;0.06;1640;True;1640.00;0.25;1640;0.14;1640;0.15
75;20;35;1487;True;1487.00;0.08;1487;0.08;1487;0.08;2147;True;2147.00;0.07;2147;0.06;2147;0.07;1642;True;1642.00;0.08;1642;0.09;1642;0.09;1536;True;1536.00;0.05;1536;0.05;1536;0.05;1406;True;1406.00;0.62;1411;0.23;1406;0.25;1370;True;1370.00;0.10;1370;0.12;1370;0.12
75;20;36;1727;True;1727.00;314.01;1729;1.00;1727;120.00;2376;True;2376.00;0.20;2376;0.17;2376;0.19;1931;True;1931.00;0.64;1931;0.20;1931;0.20;1772;True;1772.00;0.08;1772;0.09;1772;0.10;1647;True;1647.00;1.32;1651;0.58;1647;0.37;1583;True;1583.00;0.12;1583;0.15;1583;0.14
75;20;37;2002;True;2002.00;3.46;2002;0.12;2002;0.97;2895;True;2895.00;0.05;2895;0.05;2895;0.05;2123;True;2123.00;0.03;2123;0.03;2123;0.03;2018;True;2018.00;0.03;2018;0.04;2018;0.04;1921;True;1921.00;0.86;1923;0.14;1921;0.17;1803;True;1803.00;0.04;1803;0.04;1803;0.04
75;20;38;1763;True;1763.00;566.63;1763;0.13;1763;120.00;2334;True;2334.00;1.23;2334;0.49;2334;0.47;1906;True;1906.00;1.53;1906;0.28;1906;0.49;1790;True;1790.00;0.64;1790;0.29;1790;0.29;1669;True;1669.00;0.14;1669;0.15;1669;0.15;1604;True;1604.00;3.69;1604;0.54;1604;1.12
75;20;39;1696;True;1696.00;0.09;1696;0.08;1696;0.08;2511;True;2511.00;0.95;2511;0.43;2511;0.36;1783;True;1783.00;0.33;1789;0.19;1783;0.17;1697;True;1697.00;0.09;1697;0.10;1697;0.10;1607;True;1607.00;0.43;1609;0.19;1607;0.18;1539;True;1539.00;0.09;1539;0.10;1539;0.11
75;30;0;2537;True;2537.00;107.79;2537;1.30;2537;120.00;3587;True;3587.00;7.09;3593;1.43;3587;2.35;2767;True;2767.00;7.36;2787;1.33;2767;3.49;2617;True;2617.00;4.01;2625;1.63;2617;1.58;2432;True;2432.00;2.81;2432;1.48;2432;2.33;2332;True;2332.00;5.59;2333;2.10;2332;2.90
75;30;1;2069;True;2069.00;34.12;2069;1.87;2069;24.38;3033;True;3033.00;11.73;3041;2.10;3033;4.62;2277;True;2277.00;1.11;2277;1.17;2277;1.45;2174;True;2174.00;3.80;2176;0.91;2174;1.29;2014;True;2014.00;13.56;2014;1.37;2014;9.02;1947;True;1947.00;14.60;1949;3.95;1947;3.91
75;30;2;2572;True;2572.00;17.39;2576;0.66;2572;7.55;3588;True;3588.00;0.80;3597;0.60;3588;0.54;2994;True;2994.00;1.97;3003;0.29;2994;0.41;2747;True;2747.00;2.09;2748;0.51;2747;0.74;2464;True;2464.00;0.52;2464;0.56;2464;0.50;2423;True;2423.00;2.25;2430;1.20;2423;0.79
75;30;3;2472;True;2472.00;0.21;2472;0.21;2472;0.22;3544;True;3544.00;4.59;3544;0.84;3544;1.59;2732;True;2732.00;0.75;2741;0.39;2732;0.42;2561;True;2561.00;6.14;2561;0.77;2561;1.91;2399;True;2399.00;2.28;2399;1.32;2399;1.10;2316;True;2316.00;4.96;2320;0.85;2316;1.82
75;30;4;2561;True;2561.00;3.14;2561;0.38;2561;1.32;3536;True;3536.00;1.33;3536;0.42;3536;0.47;2863;True;2863.00;0.82;2868;0.26;2863;0.26;2643;True;2643.00;1.54;2652;0.31;2643;0.57;2413;True;2413.00;0.67;2413;0.31;2413;0.31;2303;True;2303.00;0.25;2303;0.29;2303;0.28
75;30;5;2550;True;2550.00;0.14;2550;0.14;2550;0.26;3563;True;3563.00;0.09;3563;0.11;3563;0.16;2896;True;2896.00;0.78;2896;0.21;2896;0.30;2651;True;2651.00;0.62;2651;0.22;2651;0.26;2463;True;2463.00;0.14;2463;0.15;2463;0.15;2381;True;2381.00;1.14;2390;0.87;2381;0.47
75;30;6;2646;True;2646.00;103.73;2655;1.66;2646;120.00;3857;True;3857.00;1.56;3859;0.37;3857;0.32;2817;True;2817.00;2.84;2827;0.45;2817;0.70;2694;True;2694.00;2.28;2697;0.41;2694;0.74;2502;True;2502.00;2.13;2523;0.77;2502;1.09;2384;True;2384.00;0.45;2387;0.22;2384;0.28
75;30;7;2353;True;2353.00;1.10;2364;1.50;2353;0.94;3318;True;3318.00;9.84;3335;1.25;3318;4.11;2754;True;2754.00;7.28;2783;1.42;2754;2.28;2498;True;2498.00;27.73;2503;1.44;2498;9.50;2238;True;2238.00;48.24;2238;0.90;2238;26.03;2210;True;2210.00;25.41;2211;1.48;2210;13.80
75;30;8;2263;True;2263.00;5.52;2263;1.11;2263;3.79;3157;True;3157.00;0.72;3182;0.99;3157;0.31;2424;True;2424.00;1.87;2424;0.89;2424;0.48;2314;True;2314.00;1.58;2335;1.32;2314;0.84;2159;True;2159.00;0.24;2159;0.26;2159;0.26;2083;True;2083.00;2.29;2085;1.31;2083;1.02
75;30;9;2194;True;2194.00;30.27;2203;1.80;2194;13.12;3140;True;3140.00;0.12;3140;0.15;3140;0.14;2328;True;2328.00;0.23;2328;0.24;2328;0.25;2219;True;2219.00;0.16;2219;0.19;2219;0.18;2086;True;2086.00;1.07;2098;1.24;2086;0.55;2044;True;2044.00;1.06;2044;0.73;2044;0.53
75;30;10;2459;True;2459.00;1.86;2459;0.30;2459;0.44;3727;True;3727.00;1.28;3729;0.40;3727;0.44;2783;True;2783.00;0.61;2783;0.20;2783;0.27;2637;True;2637.00;0.18;2637;0.21;2637;0.19;2390;True;2390.00;2.88;2390;0.37;2390;1.08;2331;True;2331.00;1.10;2331;0.35;2331;0.50
75;30;11;2790;True;2790.00;37.85;2790;1.22;2790;87.11;3909;True;3909.00;0.09;3909;0.11;3909;0.10;3092;True;3092.00;0.78;3095;0.25;3092;0.19;2902;True;2902.00;0.09;2902;0.11;2902;0.10;2665;True;2665.00;2.16;2665;0.88;2665;0.84;2600;True;2600.00;1.02;2605;0.79;2600;0.28
75;30;12;2634;True;2634.00;0.51;2653;0.30;2634;0.17;3747;True;3747.00;0.09;3747;0.10;3747;0.09;2914;True;2914.00;0.12;2914;0.13;2914;0.24;2708;True;2708.00;0.65;2708;0.35;2708;0.35;2532;True;2532.00;4.30;2536;0.76;2532;1.51;2423;True;2423.00;0.20;2423;0.20;2423;0.22
75;30;13;2251;True;2251.00;4.07;2251;1.09;2251;0.84;3236;True;3236.00;0.54;3236;0.46;3236;0.25;2489;True;2489.00;2.45;2489;0.71;2489;0.52;2352;True;2352.00;1.54;2356;0.58;2352;0.58;2199;True;2199.00;3.16;2199;1.29;2199;1.26;2130;True;2130.00;0.29;2130;0.31;2130;0.32
75;30;14;2929;True;2929.00;1.28;2929;0.63;2929;0.43;4091;True;4091.00;1.86;4101;0.94;4091;0.63;3241;True;3241.00;1.18;3241;0.56;3241;0.33;3059;True;3059.00;0.66;3059;0.48;3059;0.24;2800;True;2800.00;1.51;2801;0.90;2800;0.97;2735;True;2735.00;6.77;2738;0.63;2735;1.95
75;30;15;2515;True;2515.00;6.64;2521;0.60;2515;2.15;3569;True;3569.00;0.21;3569;0.26;3569;0.24;2723;True;2723.00;0.16;2723;0.17;2723;0.17;2656;True;2656.00;2.45;2656;0.52;2656;0.76;2369;True;2369.00;1.65;2369;0.46;2369;0.65;2324;True;2324.00;0.49;2324;0.55;2324;0.58
75;30;16;2514;True;2514.00;1.21;2514;0.35;2514;0.61;3531;True;3531.00;0.79;3539;0.26;3531;0.26;2723;True;2723.00;0.13;2723;0.14;2723;0.27;2576;True;2576.00;0.97;2581;0.35;2576;0.45;2406;True;2406.00;0.18;2406;0.20;2406;0.21;2311;True;2311.00;0.19;2311;0.21;2311;0.20
75;30;17;2446;True;2446.00;289.50;2452;2.50;2446;120.00;3492;True;3492.00;1.96;3492;0.58;3492;0.43;2668;True;2668.00;1.32;2668;0.58;2668;0.26;2461;True;2461.00;0.63;2469;0.47;2461;0.54;2326;True;2326.00;7.36;2326;1.43;2326;2.45;2230;True;2230.00;0.20;2230;0.22;2230;0.21
75;30;18;2376;True;2376.00;19.36;2376;1.19;2376;6.57;3354;True;3354.00;1.20;3354;0.69;3354;0.30;2617;True;2617.00;0.22;2617;0.23;2617;0.24;2475;True;2475.00;0.26;2475;0.30;2475;0.27;2296;True;2296.00;1.29;2307;1.45;2296;0.54;2204;True;2204.00;2.04;2204;0.97;2204;0.75
75;30;19;2545;True;2545.00;1573.58;2545;1.66;2552;120.00;3614;True;3614.00;1.45;3628;0.72;3614;0.80;2656;True;2656.00;6.89;2658;0.97;2656;2.31;2556;True;2556.00;1.80;2556;1.23;2556;0.85;2393;True;2393.00;5.49;2411;1.92;2393;2.63;2316;True;2316.00;6.03;2316;1.50;2316;2.17
75;30;20;2445;True;2445.00;11.95;2445;0.79;2445;25.45;3415;True;3415.00;1.28;3416;0.71;3415;0.49;2529;True;2529.00;0.10;2529;0.11;2529;0.11;2453;True;2453.00;0.48;2469;0.34;2453;0.28;2307;True;2307.00;0.22;2307;0.25;2307;0.26;2245;True;2245.00;5.19;2251;0.86;2245;2.91
75;30;21;2411;True;2411.00;0.13;2411;0.13;2411;0.13;3478;True;3478.00;0.11;3478;0.13;3478;0.12;2706;True;2706.00;1.36;2706;0.27;2706;0.41;2557;True;2557.00;0.99;2557;0.19;2557;0.27;2368;True;2368.00;3.22;2383;0.54;2368;1.32;2274;True;2274.00;1.15;2280;0.26;2274;0.43
75;30;22;2368;True;2368.00;3.39;2368;1.06;2368;1.37;3404;True;3404.00;0.16;3404;0.20;3404;0.18;2527;True;2527.00;0.22;2527;0.24;2527;0.25;2407;True;2407.00;1.74;2410;0.59;2407;0.54;2176;True;2176.00;0.20;2176;0.22;2176;0.22;2151;True;2151.00;1.62;2151;0.87;2151;0.84
75;30;23;2536;True;2536.00;6.36;2546;0.95;2536;8.22;3660;True;3660.00;3.07;3660;1.16;3660;1.12;2638;True;2638.00;1.04;2642;0.44;2638;0.47;2491;True;2491.00;0.96;2491;0.74;2491;0.49;2371;True;2371.00;3.72;2376;1.14;2371;1.88;2308;True;2308.00;2.20;2321;0.91;2308;1.33
75;30;24;2538;True;2538.00;4.84;2538;0.94;2538;9.12;3708;True;3708.00;1.21;3708;0.89;3708;0.57;2772;True;2772.00;1.14;2772;0.63;2772;0.63;2648;True;2648.00;8.56;2670;1.15;2648;2.62;2416;True;2416.00;3.99;2420;0.73;2416;1.01;2339;True;2339.00;3.74;2344;0.89;2339;0.91
75;30;25;2877;True;2877.00;0.57;2877;0.18;2877;0.22;4002;True;4002.00;0.07;4002;0.09;4002;0.08;3223;True;3223.00;0.48;3223;0.22;3223;0.22;3020;True;3020.00;4.75;3029;0.40;3020;1.51;2757;True;2757.00;1.27;2759;0.41;2757;0.46;2690;True;2690.00;1.03;2701;0.45;2690;0.66
75;30;26;2369;True;2369.00;1405.73;2385;4.27;2369;120.00;3379;True;3379.00;4.09;3381;0.61;3379;1.19;2540;True;2540.00;0.19;2540;0.21;2540;0.21;2412;True;2412.00;1.55;2415;0.58;2412;0.98;2211;True;2211.00;0.97;2211;0.49;2211;0.40;2150;True;2150.00;1.93;2150;0.61;2150;1.09
75;30;27;2513;True;2513.00;7.74;2513;0.37;2513;3.19;3609;True;3609.00;2.51;3609;0.31;3609;0.49;2718;True;2718.00;1.34;2725;0.51;2718;0.64;2565;True;2565.00;0.52;2575;0.35;2565;0.34;2390;True;2390.00;0.15;2390;0.17;2390;0.17;2301;True;2301.00;1.67;2301;0.44;2301;0.69
75;30;28;2484;True;2484.00;1.38;2484;0.74;2484;0.58;3391;True;3391.00;3.09;3391;1.18;3391;1.29;2729;True;2729.00;1.48;2733;0.37;2729;0.55;2529;True;2529.00;0.23;2529;0.27;2529;0.24;2396;True;2396.00;7.45;2396;0.54;2396;2.40;2325;True;2325.00;4.53;2339;0.70;2325;2.06
75;30;29;2226;True;2226.00;14.77;2226;1.09;2226;5.48;3135;True;3135.00;1.20;3148;1.07;3135;0.41;2442;True;2442.00;0.75;2443;0.43;2442;0.35;2344;True;2344.00;1.81;2347;0.42;2344;0.47;2168;True;2168.00;5.43;2169;0.72;2168;1.00;2093;True;2093.00;1.25;2096;1.12;2093;0.61
75;30;30;2357;True;2357.00;75.14;2357;1.58;2357;47.76;3429;True;3429.00;4.00;3437;0.97;3429;1.19;2522;True;2522.00;4.09;2522;0.86;2522;1.50;2395;True;2395.00;13.74;2395;1.60;2395;3.28;2237;True;2237.00;3.81;2237;0.45;2237;1.33;2178;True;2178.00;1.78;2204;1.99;2178;0.74
75;30;31;2263;True;2263.00;3.63;2263;0.78;2263;0.51;3067;True;3067.00;1.30;3067;0.39;3067;0.32;2400;True;2400.00;0.69;2426;1.12;2400;0.53;2289;True;2289.00;1.30;2290;0.64;2289;0.61;2165;True;2165.00;1.81;2165;0.97;2165;0.51;2057;True;2057.00;0.39;2057;0.40;2057;0.42
75;30;32;2510;True;2510.00;9.49;2524;0.81;2510;5.29;3645;True;3645.00;1.26;3664;0.32;3645;0.52;2769;True;2769.00;0.60;2780;0.35;2769;0.27;2653;True;2653.00;1.29;2653;0.45;2653;0.43;2435;True;2435.00;0.75;2435;0.25;2435;0.22;2371;True;2371.00;2.05;2371;0.39;2371;1.03
75;30;33;2987;True;2987.00;6.90;2987;0.94;2987;21.50;4080;True;4080.00;1.89;4087;0.51;4080;0.51;3169;True;3169.00;0.41;3169;0.22;3169;0.22;3024;True;3024.00;0.17;3024;0.19;3024;0.16;2808;True;2808.00;12.03;2810;0.85;2808;11.51;2697;True;2697.00;1.93;2708;0.96;2697;1.03
75;30;34;2531;True;2531.00;2.41;2531;0.44;2531;1.26;3615;True;3615.00;0.12;3615;0.15;3615;0.13;2805;True;2805.00;0.10;2805;0.11;2805;0.11;2611;True;2611.00;0.15;2611;0.19;2611;0.16;2365;True;2365.00;0.14;2365;0.15;2365;0.15;2340;True;2340.00;2.86;2350;0.59;2340;0.80
75;30;35;2641;True;2641.00;0.94;2641;0.20;2641;0.21;3904;True;3904.00;0.10;3904;0.12;3904;0.11;3045;True;3045.00;4.62;3048;0.29;3045;3.33;2871;True;2871.00;7.51;2882;0.41;2871;2.82;2530;True;2530.00;0.15;2530;0.17;2530;0.17;2501;True;2501.00;1.56;2510;0.32;2501;0.44
75;30;36;2437;True;2437.00;79.79;2437;1.18;2437;50.74;3373;True;3373.00;3.55;3373;0.62;3373;0.87;2906;True;2906.00;13.28;2936;2.66;2906;9.62;2607;True;2607.00;1.02;2624;1.19;2607;0.51;2332;True;2332.00;3.77;2339;1.09;2332;1.31;2279;True;2279.00;0.71;2298;1.48;2279;0.39
75;30;37;2764;True;2764.00;0.10;2764;0.10;2764;0.10;3956;True;3956.00;2.78;3956;0.63;3956;0.98;2999;True;2999.00;0.73;2999;0.23;2999;0.34;2849;True;2849.00;0.15;2849;0.18;2849;0.15;2648;True;2648.00;3.70;2648;1.05;2648;0.88;2556;True;2556.00;1.34;2556;0.69;2556;0.46
75;30;38;3058;True;3058.00;1.28;3058;0.23;3058;0.65;4424;True;4424.00;0.33;4443;0.24;4424;0.13;3400;True;3400.00;0.08;3400;0.10;3400;0.09;3219;True;3219.00;0.28;3219;0.18;3219;0.14;2865;True;2865.00;0.08;2865;0.08;2865;0.09;2827;True;2827.00;0.48;2827;0.20;2827;0.18
75;30;39;2325;True;2325.00;4.12;2325;0.45;2325;1.70;3273;True;3273.00;3.87;3279;0.56;3273;0.88;2614;True;2614.00;0.69;2619;0.35;2614;0.27;2483;True;2483.00;0.13;2483;0.16;2483;0.14;2280;True;2280.00;1.80;2297;1.51;2280;0.75;2187;True;2187.00;0.19;2187;0.23;2187;0.20
75;40;0;3266;True;3266.00;13.36;3266;1.59;3266;6.49;4659;True;4659.00;4.11;4676;2.26;4659;1.74;3660;True;3660.00;10.14;3670;1.80;3660;9.31;3434;True;3434.00;3.18;3445;1.89;3434;1.30;3159;True;3159.00;9.50;3171;2.68;3159;5.12;3077;True;3077.00;17.35;3088;4.38;3077;11.06
75;40;1;3350;True;3350.00;1.89;3350;1.97;3350;1.52;4867;True;4867.00;19.94;4878;3.69;4867;11.19;3689;True;3689.00;1.08;3698;0.66;3689;0.58;3446;True;3446.00;0.43;3446;0.43;3446;0.46;3210;True;3210.00;0.58;3210;0.61;3210;1.21;3139;True;3139.00;208.60;3144;9.57;3139;115.97
75;40;2;3201;True;3201.00;73.80;3201;1.96;3201;89.95;4598;True;4598.00;12.06;4600;3.08;4598;6.37;3583;True;3583.00;3.52;3593;1.15;3583;1.48;3344;True;3344.00;12.70;3349;2.88;3344;5.90;3047;True;3047.00;26.60;3047;2.15;3047;12.01;2957;True;2957.00;113.75;2966;4.43;2957;120.00
75;40;3;2882;True;2882.00;5.31;2882;2.92;2882;4.30;4161;True;4161.00;11.06;4161;1.64;4161;3.34;3102;True;3102.00;2.17;3105;1.73;3102;1.42;2973;True;2973.00;9.42;2995;5.89;2973;5.41;2777;True;2777.00;1.50;2784;0.86;2777;1.01;2715;True;2715.00;13.45;2726;1.74;2715;6.43
75;40;4;3188;True;3188.00;68.87;3188;1.87;3188;80.57;4709;True;4709.00;29.86;4710;1.94;4709;38.56;3638;True;3638.00;13.71;3653;2.82;3638;7.92;3352;True;3352.00;23.75;3355;2.68;3352;7.21;3077;True;3077.00;14.60;3110;2.59;3077;4.94;3009;True;3009.00;25.13;3009;2.43;3009;14.71
75;40;5;3424;True;3424.00;1.94;3431;1.45;3424;2.29;4993;True;4993.00;2.89;5008;1.30;4993;1.24;3715;True;3715.00;4.13;3741;1.93;3715;1.37;3495;True;3495.00;4.32;3502;1.56;3495;2.18;3270;True;3270.00;2.75;3276;1.62;3270;0.90;3167;True;3167.00;4.99;3167;1.72;3167;1.96
75;40;6;2774;True;2774.00;33.87;2774;4.06;2774;15.91;4084;True;4084.00;7.45;4099;6.69;4084;4.90;2988;True;2988.00;53.06;3004;7.03;2988;32.11;2839;True;2839.00;15.38;2840;3.62;2839;5.66;2634;True;2634.00;18.31;2649;7.35;2634;5.56;2540;True;2540.00;45.30;2551;4.96;2540;49.57
75;40;7;3204;True;3204.00;25.89;3204;2.60;3204;56.04;4590;True;4590.00;12.37;4611;2.25;4590;6.15;3397;True;3397.00;18.62;3397;2.01;3397;8.14;3243;True;3243.00;15.62;3252;3.75;3243;6.55;3020;True;3020.00;12.20;3020;1.81;3020;4.67;2958;True;2958.00;85.64;2966;6.58;2958;66.94
75;40;8;3364;True;3364.00;9.27;3364;0.77;3364;5.30;4851;True;4851.00;7.81;4854;0.64;4851;2.81;3843;True;3843.00;2.18;3843;0.57;3843;0.62;3614;True;3614.00;3.20;3614;0.64;3614;0.97;3281;True;3281.00;6.64;3281;0.63;3281;1.28;3189;True;3189.00;11.89;3190;0.87;3189;4.77
75;40;9;3256;True;3256.00;1483.27;3256;2.64;3256;120.00;4629;True;4629.00;12.17;4634;0.78;4629;3.58;3537;True;3537.00;10.92;3553;2.74;3537;3.06;3372;True;3372.00;6.46;3386;2.84;3372;2.39;3091;True;3091.00;10.48;3095;1.59;3091;4.53;3009;True;3009.00;18.01;3009;3.65;3009;8.89
75;40;10;3214;True;3214.00;24.02;3219;2.58;3214;58.78;4441;True;4441.00;48.45;4451;3.35;4441;23.96;3582;True;3582.00;7.84;3585;1.83;3582;2.10;3349;True;3349.00;14.86;3359;2.75;3349;6.90;3088;True;3088.00;16.94;3088;2.73;3088;4.55;2993;True;2993.00;8.44;2993;2.13;2993;2.51
75;40;11;3077;True;3077.00;37.55;3079;2.50;3077;44.75;4475;True;4475.00;6.31;4484;1.00;4475;3.41;3444;True;3444.00;8.88;3465;1.52;3444;3.14;3205;True;3205.00;2.49;3205;1.20;3205;1.60;2949;True;2949.00;15.95;2951;1.27;2949;6.02;2887;True;2887.00;6.82;2904;3.84;2887;4.80
75;40;12;3614;True;3614.00;4.52;3614;1.72;3614;2.57;5132;True;5132.00;152.06;5157;1.45;5132;120.00;3921;True;3921.00;2.24;3932;0.47;3921;0.84;3782;True;3782.00;54.62;3796;1.51;3782;30.52;3454;True;3454.00;43.18;3460;1.61;3454;21.74;3349;True;3349.00;19.17;3378;1.63;3349;18.70
75;40;13;3313;True;3313.00;324.61;3313;2.17;3313;120.00;4639;True;4639.00;68.30;4648;4.75;4639;60.94;3561;True;3561.00;0.68;3561;0.63;3561;0.74;3338;True;3338.00;9.19;3346;2.12;3338;5.56;3160;True;3160.00;54.12;3185;27.44;3160;98.97;3019;True;3019.00;31.65;3037;12.46;3019;44.76
75;40;14;3373;True;3373.00;167.70;3373;2.76;3373;120.00;4813;True;4813.00;5.17;4813;1.41;4813;1.98;3690;True;3690.00;0.84;3690;0.80;3690;0.93;3558;True;3558.00;5.77;3570;1.21;3558;3.14;3219;True;3219.00;11.60;3225;2.55;3219;4.83;3125;True;3125.00;13.97;3127;2.66;3125;5.91
75;40;15;3234;True;3234.00;0.31;3234;0.35;3234;0.35;4763;True;4763.00;33.33;4775;3.48;4763;12.41;3645;True;3645.00;2.70;3647;0.89;3645;1.95;3477;True;3477.00;32.89;3479;3.34;3477;11.05;3169;True;3169.00;8.50;3180;3.77;3169;3.31;3117;True;3117.00;33.55;3124;8.41;3117;21.79
75;40;16;3293;False;3287.50;TL;3295;17.07;3293;120.00;4631;True;4631.00;8.70;4631;1.80;4631;3.18;3628;True;3628.00;1.64;3641;0.95;3628;0.66;3469;True;3469.00;3.26;3478;1.79;3469;1.75;3126;True;3126.00;6.56;3143;2.28;3126;3.91;3048;True;3048.00;2.73;3048;1.13;3048;0.91
75;40;17;3340;True;3340.00;1.84;3358;1.77;3340;2.19;4728;True;4728.00;3.48;4728;1.43;4728;1.62;3545;True;3545.00;3.79;3556;0.98;3545;1.37;3377;True;3377.00;8.35;3379;1.90;3377;4.06;3181;True;3181.00;6.74;3198;1.20;3181;2.10;3073;True;3073.00;14.75;3078;1.30;3073;4.66
75;40;18;3231;True;3231.00;22.03;3231;2.29;3231;22.88;4617;True;4617.00;7.35;4638;2.81;4617;4.51;3490;True;3490.00;2.69;3490;1.06;3490;0.85;3374;True;3374.00;33.67;3379;2.16;3374;24.90;3076;True;3076.00;15.67;3076;3.20;3076;4.31;2971;True;2971.00;1.33;3008;4.21;2971;0.70
75;40;19;3150;True;3150.00;183.33;3155;2.95;3150;120.00;4457;True;4457.00;16.43;4459;2.67;4457;4.59;3463;True;3463.00;1.03;3475;1.48;3463;0.61;3235;True;3235.00;3.43;3241;2.49;3235;1.74;3000;True;3000.00;12.07;3002;1.02;3000;9.00;2909;True;2909.00;35.40;2909;2.16;2909;13.26
75;40;20;3269;True;3269.00;95.19;3273;2.40;3269;56.49;4584;True;4584.00;3.89;4584;1.96;4584;0.86;3501;True;3501.00;0.28;3501;0.25;3501;0.32;3330;True;3330.00;6.12;3333;1.10;3330;2.63;3119;True;3119.00;7.17;3123;2.33;3119;2.00;2992;True;2992.00;3.29;2992;2.25;2992;1.21
75;40;21;3208;True;3208.00;7.36;3222;4.92;3208;2.31;4690;True;4690.00;10.45;4705;2.16;4690;5.78;3612;True;3612.00;10.51;3619;2.25;3612;2.13;3397;True;3397.00;17.68;3420;5.13;3397;4.93;3150;True;3150.00;30.79;3154;3.01;3150;20.63;3052;True;3052.00;8.00;3069;4.58;3052;4.65
75;40;22;3457;True;3457.00;58.74;3457;1.49;3457;40.50;4835;True;4835.00;13.16;4846;1.68;4835;3.89;3917;True;3917.00;45.85;3919;1.36;3917;34.41;3744;True;3744.00;50.60;3771;3.48;3744;62.46;3356;True;3356.00;1.14;3374;1.35;3356;0.38;3277;True;3277.00;1.23;3277;1.84;3277;0.67
75;40;23;3119;True;3119.00;11.21;3119;3.70;3119;10.03;4415;True;4415.00;60.32;4415;2.23;4415;31.88;3452;True;3452.00;60.95;3461;2.24;3452;41.05;3234;True;3234.00;8.18;3241;1.99;3234;3.59;3033;True;3033.00;70.30;3044;6.47;3033;26.45;2895;True;2895.00;6.80;2902;4.44;2895;4.32
75;40;24;3344;True;3344.00;77.78;3348;3.94;3344;120.00;4796;True;4796.00;14.27;4809;1.53;4796;5.05;3643;True;3643.00;0.54;3643;0.52;3643;0.59;3457;True;3457.00;2.66;3457;0.90;3457;1.26;3226;True;3226.00;12.81;3228;1.37;3226;4.16;3104;True;3104.00;8.03;3108;1.34;3104;2.27
75;40;25;3023;True;3023.00;7.22;3023;0.95;3023;1.26;4318;True;4318.00;6.21;4341;2.39;4318;4.24;3405;True;3405.00;13.52;3411;2.10;3405;10.24;3231;True;3231.00;3.28;3246;0.91;3231;2.04;2958;True;2958.00;16.78;2967;1.26;2958;8.48;2898;True;2898.00;5.88;2902;1.01;2898;3.03
75;40;26;3349;True;3349.00;12.85;3354;1.56;3349;104.73;4822;True;4822.00;1.72;4826;1.40;4822;0.98;3737;True;3737.00;2.16;3737;0.39;3737;0.45;3505;True;3505.00;6.22;3505;1.26;3505;2.82;3216;True;3216.00;0.30;3216;0.31;3216;0.31;3121;True;3121.00;7.45;3125;0.85;3121;2.79
75;40;27;3274;True;3272.44;TL;3274;1.91;3279;120.00;4598;True;4598.00;88.37;4644;48.49;4598;53.86;3623;True;3623.00;7.58;3632;2.83;3623;2.65;3365;True;3365.00;2.37;3365;0.89;3365;2.16;3165;True;3165.00;57.60;3167;20.72;3165;35.60;3009;True;3009.00;1.90;3009;2.77;3009;1.39
75;40;28;3328;True;3328.00;42.91;3328;2.50;3328;72.51;4882;True;4882.00;9.27;4890;2.35;4882;4.58;3720;True;3720.00;21.97;3729;2.66;3720;11.10;3472;True;3472.00;1.94;3472;0.93;3472;0.90;3242;True;3242.00;18.93;3250;2.41;3242;5.61;3136;True;3136.00;46.33;3153;4.30;3136;22.56
75;40;29;3149;True;3149.00;394.94;3170;14.05;3195;120.00;4309;True;4309.00;47.27;4334;9.85;4309;22.64;3348;True;3348.00;29.18;3353;2.06;3348;22.17;3153;True;3153.00;0.44;3153;0.46;3153;0.51;2973;True;2973.00;23.53;2973;2.12;2973;13.47;2883;True;2883.00;14.75;2883;3.19;2883;10.62
75;40;30;3231;True;3231.00;752.39;3232;2.89;3231;120.00;4486;True;4486.00;5.59;4499;1.84;4486;4.86;3600;True;3600.00;17.06;3600;1.62;3600;6.46;3364;True;3364.00;7.79;3364;1.10;3364;3.46;3093;True;3093.00;14.57;3095;1.36;3093;4.08;3006;True;3006.00;22.60;3025;2.81;3006;6.11
75;40;31;3370;True;3370.00;9.83;3370;1.93;3370;7.02;4831;True;4831.00;6.46;4836;0.84;4831;1.78;3759;True;3759.00;5.47;3775;1.47;3759;2.63;3513;True;3513.00;6.01;3523;1.53;3513;3.59;3204;True;3204.00;0.26;3204;0.25;3204;0.28;3131;True;3131.00;3.69;3146;2.75;3131;1.58
75;40;32;3236;False;3222.38;TL;3241;3.28;3236;120.00;4710;True;4710.00;16.34;4716;4.20;4710;4.90;3525;True;3525.00;11.99;3525;1.34;3525;4.79;3331;True;3331.00;7.40;3350;2.90;3331;4.04;3102;True;3102.00;20.04;3102;1.70;3102;10.26;3006;True;3006.00;31.34;3025;3.46;3006;15.00
75;40;33;3486;True;3486.00;6.18;3488;2.20;3486;5.15;5118;True;5118.00;26.58;5118;1.04;5118;9.97;3802;True;3802.00;12.29;3806;1.26;3802;6.46;3593;True;3593.00;12.79;3593;1.58;3593;3.40;3368;True;3368.00;2.30;3368;1.01;3368;1.19;3255;True;3255.00;3.32;3257;1.61;3255;1.57
75;40;34;3632;True;3632.00;1.19;3632;1.56;3632;0.83;5170;True;5170.00;10.28;5187;1.34;5170;5.80;3974;True;3974.00;3.05;3982;1.35;3974;1.06;3709;True;3709.00;1.45;3709;1.08;3709;0.56;3491;True;3491.00;7.34;3496;1.26;3491;3.98;3381;True;3381.00;14.79;3381;1.93;3381;9.18
75;40;35;3307;True;3307.00;11.02;3307;1.90;3307;18.36;4902;True;4902.00;1.95;4902;0.99;4902;1.18;3627;True;3627.00;11.11;3640;1.95;3627;2.48;3481;True;3481.00;6.03;3482;1.99;3481;2.33;3156;True;3156.00;2.21;3168;1.61;3156;1.03;3057;True;3057.00;1.29;3071;2.03;3057;1.05
75;40;36;3343;True;3343.00;31.80;3343;3.09;3343;67.92;4766;True;4766.00;49.40;4766;3.37;4766;13.34;3667;True;3667.00;4.19;3681;1.46;3667;1.14;3444;True;3444.00;14.91;3453;1.25;3444;4.24;3186;True;3186.00;0.82;3186;0.80;3186;1.32;3101;True;3101.00;37.66;3109;5.16;3101;46.48
75;40;37;3152;True;3152.00;193.32;3159;4.77;3152;120.00;4522;True;4522.00;8.36;4558;3.27;4522;7.25;3348;True;3348.00;12.28;3353;1.41;3348;2.87;3220;True;3220.00;17.90;3241;4.64;3220;7.23;2971;True;2971.00;1.41;2975;2.33;2971;1.42;2887;True;2887.00;10.81;2898;2.23;2887;3.39
75;40;38;3104;True;3104.00;17.88;3105;4.25;3104;23.13;4441;True;4441.00;7.35;4441;2.03;4441;2.47;3367;True;3367.00;3.10;3375;1.84;3367;1.05;3242;True;3242.00;16.10;3243;2.90;3242;11.78;3019;True;3019.00;11.47;3020;2.32;3019;3.49;2927;True;2927.00;14.60;2949;4.07;2927;14.10
75;40;39;3228;True;3228.00;78.97;3228;1.98;3228;100.95;4573;True;4573.00;3.06;4573;1.43;4573;1.38;3537;True;3537.00;17.10;3543;1.38;3537;13.27;3347;True;3347.00;23.60;3364;6.29;3347;25.29;3086;True;3086.00;38.59;3093;1.65;3086;15.81;3026;True;3026.00;47.33;3032;3.32;3026;38.49
75;50;0;3824;True;3824.00;7.65;3824;1.27;3824;10.84;5536;True;5536.00;26.39;5548;2.94;5536;10.05;4210;True;4210.00;30.03;4221;3.73;4210;19.26;4004;True;4004.00;52.47;4018;4.34;4004;22.95;3677;True;3677.00;6.92;3677;2.15;3677;2.22;3607;True;3607.00;78.82;3607;2.18;3607;120.00
75;50;1;4139;False;4133.00;TL;4143;17.56;4142;120.00;5747;True;5747.00;106.65;5747;2.63;5747;52.35;4472;True;4472.00;7.56;4472;1.27;4472;2.11;4205;True;4205.00;18.64;4205;1.83;4205;7.50;3948;True;3948.00;40.73;3948;5.41;3948;21.34;3809;True;3809.00;101.31;3814;8.67;3809;78.33
75;50;2;3662;True;3662.00;1874.17;3662;7.85;3662;120.00;5140;True;5140.00;10.82;5140;1.37;5140;3.31;4105;True;4105.00;6.16;4105;1.55;4105;3.66;3819;True;3819.00;64.82;3819;4.46;3819;48.84;3495;True;3495.00;37.19;3500;1.73;3495;26.64;3426;True;3426.00;26.47;3426;12.58;3426;31.51
75;50;3;3975;True;3975.00;887.38;3995;27.33;3975;120.00;5573;True;5573.00;18.73;5582;3.13;5573;4.98;4359;True;4359.00;13.59;4370;3.28;4359;4.34;4100;True;4100.00;3.20;4105;1.32;4100;1.48;3865;True;3865.00;92.68;3870;12.57;3865;64.47;3740;True;3740.00;13.02;3740;6.83;3740;8.91
75;50;4;3906;True;3906.00;263.25;3907;12.84;3914;120.00;5439;True;5439.00;48.43;5454;18.54;5439;20.73;4246;True;4246.00;15.39;4246;2.58;4246;8.18;4012;True;4012.00;77.61;4017;5.11;4012;40.35;3698;True;3698.00;5.00;3710;3.01;3698;1.98;3608;True;3608.00;27.64;3621;5.68;3608;17.95
75;50;5;3595;True;3595.00;1216.90;3598;18.78;3595;120.00;5026;True;5026.00;45.95;5042;24.40;5026;23.62;3847;True;3847.00;87.12;3861;6.68;3847;106.73;3640;True;3640.00;2268.70;3690;79.18;3658;120.00;3406;True;3406.00;57.68;3414;12.62;3406;15.02;3301;True;3301.00;2213.60;3324;77.26;3315;120.00
75;50;6;4125;True;4125.00;9.81;4125;1.32;4125;8.42;5924;True;5924.00;5.76;5942;1.12;5924;5.68;4455;True;4455.00;12.27;4455;2.87;4455;3.64;4216;True;4216.00;17.31;4233;8.75;4216;13.50;3961;True;3961.00;9.41;3961;1.04;3961;2.07;3801;True;3801.00;16.28;3801;1.87;3801;11.62
75;50;7;3963;True;3960.62;TL;3981;17.02;3980;120.00;5688;True;5688.00;9.48;5688;1.65;5688;3.47;4593;True;4593.00;9.80;4616;5.80;4593;13.11;4293;True;4293.00;36.19;4314;36.98;4293;62.09;3860;True;3860.00;1284.20;3864;3.47;3874;120.00;3755;True;3755.00;20.27;3758;4.88;3755;39.60
75;50;8;3968;True;3968.00;18.25;3977;3.84;3968;14.77;5739;True;5739.00;1.86;5747;2.52;5739;1.04;4489;True;4489.00;2.20;4498;2.90;4489;1.90;4290;True;4290.00;29.90;4296;4.56;4290;28.39;3840;True;3840.00;13.08;3840;2.40;3840;7.01;3764;True;3764.00;28.48;3773;4.67;3764;25.41
75;50;9;4109;True;4109.00;5.58;4109;0.96;4109;13.81;6098;True;6098.00;11.25;6114;3.09;6098;3.58;4584;True;4584.00;22.79;4608;3.73;4584;8.57;4322;True;4322.00;13.74;4328;2.23;4322;8.01;4024;True;4024.00;18.16;4029;3.58;4024;7.38;3903;True;3903.00;21.64;3908;4.88;3903;13.36
75;50;10;3803;True;3803.00;5.69;3803;0.90;3803;1.30;5478;True;5478.00;8.99;5490;1.50;5478;2.65;4313;True;4313.00;6.21;4335;4.16;4313;2.86;4017;True;4017.00;3.95;4044;2.24;4017;2.34;3691;True;3691.00;13.72;3703;5.24;3691;5.18;3606;True;3606.00;32.39;3616;3.76;3606;33.03
75;50;11;4406;True;4406.00;24.31;4420;7.68;4406;61.41;6377;True;6377.00;9.96;6398;2.60;6377;3.08;4713;True;4713.00;9.99;4716;1.87;4713;6.20;4461;True;4461.00;0.50;4461;0.52;4461;0.58;4160;True;4160.00;30.57;4178;5.64;4160;12.72;4049;True;4049.00;13.40;4060;5.65;4049;6.55
75;50;12;4510;True;4510.00;145.47;4510;3.53;4510;120.00;6490;True;6490.00;10.17;6490;2.22;6490;3.23;4978;True;4978.00;19.00;4997;3.56;4978;6.49;4697;True;4697.00;42.37;4697;2.85;4697;15.10;4344;True;4344.00;47.33;4346;2.93;4344;11.49;4207;True;4207.00;18.43;4209;2.15;4207;3.23
75;50;13;4066;True;4066.00;9.77;4077;1.73;4066;4.82;5880;True;5880.00;22.46;5895;4.95;5880;11.03;4378;True;4378.00;27.06;4390;5.17;4378;12.95;4088;True;4088.00;7.88;4088;2.43;4088;2.21;3864;True;3864.00;30.76;3864;2.44;3864;15.23;3717;True;3717.00;7.32;3722;3.92;3717;3.95
75;50;14;3859;True;3859.00;771.71;3859;7.75;3859;120.00;5527;True;5527.00;10.33;5527;1.98;5527;2.57;4301;True;4301.00;73.44;4309;7.64;4301;46.66;4061;True;4061.00;69.63;4092;28.20;4061;82.79;3705;True;3705.00;1.64;3707;2.22;3705;1.36;3598;True;3598.00;10.12;3612;3.93;3598;8.74
75;50;15;4105;False;4098.87;TL;4105;15.35;4106;120.00;5923;True;5923.00;116.35;5935;7.02;5923;89.61;4518;True;4518.00;40.19;4530;3.67;4518;17.15;4216;True;4216.00;18.04;4229;3.98;4216;6.82;3897;True;3897.00;10.32;3897;3.23;3897;7.05;3793;True;3793.00;42.47;3803;4.37;3793;32.54
75;50;16;4520;False;4492.07;TL;4520;5.28;4536;120.00;6494;True;6494.00;27.56;6496;2.96;6494;10.67;4898;True;4898.00;16.08;4898;3.98;4898;5.66;4602;True;4602.00;224.45;4619;7.44;4611;120.00;4270;True;4270.00;26.85;4270;3.16;4270;12.06;4131;True;4131.00;4.13;4148;5.27;4131;2.69
75;50;17;4124;True;4124.00;20.97;4129;2.84;4124;16.63;5882;True;5882.00;11.22;5882;3.48;5882;4.07;4416;True;4416.00;0.88;4416;0.96;4416;1.07;4202;True;4202.00;2.99;4205;1.36;4202;1.60;4019;True;4019.00;20.37;4034;5.72;4019;12.90;3806;True;3806.00;5.31;3821;3.76;3806;2.98
75;50;18;4507;True;4507.00;40.73;4507;2.17;4507;19.68;6418;True;6418.00;4.06;6418;1.49;6418;1.87;4985;True;4985.00;30.95;4986;4.47;4985;11.17;4682;True;4682.00;17.95;4693;1.89;4682;7.07;4285;True;4285.00;4.87;4293;2.46;4285;1.56;4165;True;4165.00;15.97;4165;3.38;4165;6.34
75;50;19;3464;True;3464.00;780.96;3478;12.42;3494;120.00;4948;True;4948.00;31.87;4979;4.66;4948;14.29;3890;True;3890.00;16.79;3903;6.00;3890;16.67;3632;True;3632.00;1.80;3632;1.83;3632;2.01;3341;True;3341.00;35.04;3357;7.52;3341;50.87;3259;True;3259.00;9.09;3270;7.71;3259;4.84
75;50;20;3949;False;3937.76;TL;3959;9.05;4078;120.00;5407;True;5407.00;73.15;5407;7.01;5407;37.49;4247;True;4247.00;84.59;4276;8.92;4247;97.66;4025;True;4025.00;272.28;4030;3.46;4032;120.00;3748;True;3748.00;28.44;3784;5.84;3748;31.73;3630;True;3630.00;102.89;3659;10.46;3665;120.00
75;50;21;3939;True;3939.00;3259.73;3943;7.56;3939;120.00;5736;True;5736.00;28.43;5769;7.60;5736;21.94;4142;True;4142.00;2.20;4142;0.94;4142;0.96;4003;True;4003.00;53.95;4008;3.75;4003;48.00;3733;True;3733.00;42.45;3736;3.09;3733;16.86;3604;True;3604.00;37.03;3605;7.57;3604;23.56
75;50;22;4012;True;4012.00;43.78;4012;5.47;4012;42.80;5610;True;5610.00;92.43;5616;3.79;5610;24.50;4375;True;4375.00;29.51;4385;3.69;4375;13.05;4054;True;4054.00;0.97;4054;1.10;4054;1.09;3792;True;3792.00;2.47;3799;1.82;3792;0.85;3681;True;3681.00;26.69;3682;2.63;3681;13.49
75;50;23;3869;False;3845.27;TL;3884;6.34;3918;120.00;5350;True;5350.00;1376.16;5393;5.08;5350;120.00;4288;True;4288.00;511.51;4300;3.08;4288;120.00;3999;True;3999.00;528.07;4003;7.57;4003;120.00;3712;True;3712.00;379.08;3745;5.79;3740;120.00;3576;True;3576.00;493.39;3607;6.88;3619;120.00
75;50;24;4082;True;4082.00;207.25;4085;5.12;4082;120.00;5911;True;5911.00;43.12;5912;2.19;5911;12.85;4436;True;4436.00;7.26;4461;5.26;4436;3.57;4225;True;4225.00;23.99;4233;3.39;4225;11.82;3945;True;3945.00;184.33;3952;9.58;3945;120.00;3809;True;3809.00;151.74;3813;9.83;3809;114.18
75;50;25;3869;True;3869.00;81.41;3869;4.10;3869;99.31;5524;True;5524.00;33.10;5526;5.06;5524;12.67;4332;True;4332.00;19.56;4342;5.39;4332;5.83;4068;True;4068.00;3.83;4068;2.26;4068;4.82;3763;True;3763.00;29.30;3777;4.43;3763;8.31;3676;True;3676.00;50.35;3682;7.61;3676;35.76
75;50;26;3696;True;3694.92;TL;3696;10.66;3696;120.00;5265;True;5265.00;25.53;5293;9.43;5265;17.65;4051;True;4051.00;157.90;4061;32.25;4051;120.00;3787;True;3787.00;21.35;3801;31.03;3787;23.97;3516;True;3516.00;208.59;3522;14.33;3516;120.00;3415;True;3415.00;46.60;3455;120.00;3415;17.25
75;50;27;4258;True;4258.00;61.27;4258;2.39;4258;120.00;6057;True;6057.00;3.52;6084;3.23;6057;1.67;4717;True;4717.00;8.42;4717;1.04;4717;2.68;4395;True;4395.00;6.95;4399;1.43;4395;4.22;4014;True;4014.00;3.24;4021;1.17;4014;1.17;3922;True;3922.00;17.35;3934;5.13;3922;12.95
75;50;28;3972;True;3972.00;23.07;3972;3.63;3972;7.21;5694;True;5694.00;132.01;5749;21.92;5708;120.00;4413;True;4413.00;6.38;4430;4.97;4413;4.40;4186;True;4186.00;47.47;4191;5.92;4186;48.17;3860;True;3860.00;114.23;3880;9.55;3860;120.00;3699;True;3699.00;8.84;3709;11.30;3699;8.18
75;50;29;3963;False;3942.11;TL;3963;6.60;4013;120.00;5561;True;5561.00;175.18;5574;12.91;5561;110.52;4361;True;4361.00;604.83;4374;5.29;4377;120.00;4037;True;4037.00;1353.12;4062;3.66;4069;120.00;3833;True;3831.30;TL;3836;21.96;3847;120.00;3636;True;3636.00;129.64;3637;4.20;3637;120.00
75;50;30;3859;True;3859.00;65.52;3859;6.96;3859;57.32;5625;True;5625.00;58.65;5641;8.19;5625;34.06;4321;True;4321.00;18.20;4326;4.68;4321;8.45;4120;True;4120.00;50.82;4126;7.23;4120;15.23;3786;True;3786.00;25.20;3786;4.03;3786;7.58;3683;True;3683.00;48.76;3692;10.25;3683;18.54
75;50;31;4007;True;4007.00;61.31;4007;2.68;4007;120.00;5795;True;5795.00;13.51;5799;4.81;5795;6.40;4444;True;4444.00;24.73;4460;5.83;4444;13.93;4196;True;4196.00;52.86;4219;21.40;4196;43.12;3847;True;3847.00;9.43;3859;3.08;3847;5.34;3734;True;3734.00;10.30;3737;4.15;3734;4.57
75;50;32;4025;True;4018.89;TL;4025;9.17;4025;120.00;5876;True;5876.00;89.18;5893;12.10;5876;44.01;4554;True;4554.00;27.79;4560;3.41;4554;13.58;4238;True;4238.00;6.54;4246;3.60;4238;2.65;3864;True;3864.00;18.09;3869;3.44;3864;16.74;3773;True;3773.00;11.91;3782;4.30;3773;7.15
75;50;33;4396;False;4373.08;TL;4396;7.75;4432;120.00;6282;True;6282.00;30.98;6282;4.08;6282;16.78;4703;True;4703.00;50.11;4713;4.46;4703;49.52;4462;True;4462.00;30.35;4470;6.05;4462;19.73;4156;True;4156.00;6.43;4157;2.23;4156;3.44;4021;True;4021.00;14.40;4023;3.89;4021;15.90
75;50;34;4323;True;4323.00;331.40;4326;2.14;4323;120.00;6216;True;6216.00;52.04;6223;2.17;6216;28.14;4738;True;4738.00;59.68;4755;3.73;4738;53.67;4463;True;4463.00;44.50;4469;3.15;4463;34.85;4153;True;4153.00;303.10;4183;5.62;4159;120.00;4027;True;4027.00;61.66;4051;3.63;4045;120.00
75;50;35;3615;True;3615.00;122.80;3615;3.77;3615;104.33;5336;True;5336.00;7.41;5348;3.64;5336;2.22;4151;True;4151.00;51.07;4159;4.44;4151;39.98;3783;True;3783.00;11.23;3784;7.28;3783;5.03;3509;True;3509.00;32.66;3513;3.59;3509;21.94;3413;True;3413.00;36.69;3432;12.95;3413;32.77
75;50;36;4043;True;4040.29;TL;4043;11.94;4043;120.00;5809;True;5809.00;53.25;5821;5.95;5809;47.28;4425;True;4425.00;21.81;4432;4.03;4425;7.88;4220;True;4220.00;41.22;4221;4.69;4220;15.61;3906;True;3906.00;21.86;3916;11.85;3906;6.00;3736;True;3736.00;50.33;3737;3.00;3736;24.39
75;50;37;3895;True;3895.00;36.31;3909;11.23;3895;120.00;5666;True;5666.00;18.24;5695;11.06;5666;4.91;4269;True;4269.00;41.13;4286;4.68;4269;33.88;4078;True;4078.00;32.59;4086;9.11;4078;22.61;3717;True;3717.00;6.80;3718;3.68;3717;1.86;3602;True;3602.00;13.96;3620;10.45;3602;7.61
75;50;38;3685;True;3685.00;76.03;3695;5.98;3694;120.00;5197;True;5197.00;11.08;5204;4.30;5197;3.78;4040;True;4040.00;4.38;4062;3.58;4040;2.54;3788;True;3788.00;62.12;3792;13.25;3788;55.75;3518;True;3518.00;43.41;3527;6.83;3518;35.22;3393;True;3393.00;2.94;3393;1.58;3393;2.27
75;50;39;4008;True;4008.00;24.55;4008;2.92;4008;30.61;5931;True;5931.00;46.89;5931;4.64;5931;16.02;4405;True;4405.00;0.58;4405;0.64;4405;0.70;4153;True;4153.00;15.36;4156;3.75;4153;9.27;3889;True;3889.00;33.88;3895;4.46;3889;25.74;3737;True;3737.00;20.87;3744;3.02;3737;15.44
75;60;0;4405;False;4382.29;TL;4405;64.46;4413;120.00;6270;True;6270.00;95.59;6294;54.80;6270;79.20;4877;True;4877.00;178.35;4881;8.49;4877;120.00;4574;True;4574.00;33.13;4584;8.60;4574;14.50;4233;True;4233.00;951.40;4237;12.60;4235;120.00;4127;True;4127.00;79.50;4139;14.77;4127;35.63
75;60;1;5218;False;5210.41;TL;5226;8.77;5224;120.00;7532;True;7532.00;149.53;7532;3.69;7546;120.00;5828;True;5828.00;22.55;5828;2.58;5828;11.54;5459;True;5459.00;151.84;5482;11.69;5475;120.00;5009;True;5009.00;19.34;5026;9.33;5009;5.84;4879;True;4879.00;68.85;4886;5.90;4879;18.78
75;60;2;4873;True;4873.00;168.97;4887;6.77;4882;120.00;7039;True;7039.00;62.94;7047;4.94;7039;37.23;5230;True;5230.00;3.61;5238;1.82;5230;1.48;5070;True;5070.00;61.58;5079;10.28;5070;40.29;4682;True;4682.00;52.85;4685;3.36;4682;63.31;4520;True;4520.00;43.60;4527;5.46;4520;25.05
75;60;3;4715;True;4715.00;11.01;4715;3.83;4715;3.16;6905;True;6905.00;1399.31;6911;15.26;6927;120.00;5360;True;5360.00;284.79;5395;30.82;5368;120.00;5009;True;5009.00;716.27;5038;11.04;5014;120.00;4609;True;4609.00;1148.81;4620;23.49;4613;120.00;4493;True;4493.00;384.84;4503;5.38;4523;120.00
75;60;4;4752;False;4736.81;TL;4758;35.28;4752;120.00;6891;True;6891.00;64.57;6907;33.50;6891;37.97;5208;True;5208.00;61.85;5216;8.95;5208;60.54;4933;True;4933.00;113.81;4959;13.27;4933;66.03;4570;True;4570.00;16.62;4593;24.81;4570;10.26;4425;True;4425.00;65.30;4425;8.02;4425;51.94
75;60;5;3962;False;3953.11;TL;3962;25.45;3962;120.00;5860;True;5860.00;584.31;5870;23.07;5868;120.00;4367;True;4367.00;8.11;4367;3.44;4367;3.17;4119;True;4119.00;63.13;4122;8.65;4119;76.71;3715;True;3715.00;2.98;3715;2.69;3715;4.22;3647;True;3647.00;87.87;3671;65.13;3647;74.83
75;60;6;4459;False;4450.31;TL;4464;37.21;4459;120.00;6365;True;6365.00;50.22;6374;8.92;6365;40.86;4655;True;4655.00;13.75;4667;9.40;4655;9.13;4491;True;4491.00;81.31;4509;34.66;4491;78.39;4229;True;4229.00;86.71;4237;6.10;4229;31.42;4076;True;4076.00;20.63;4090;5.34;4076;8.46
75;60;7;5190;True;5190.00;1147.65;5193;5.91;5190;120.00;7358;True;7358.00;18.84;7370;9.14;7358;12.89;5532;True;5532.00;114.89;5543;15.92;5532;120.00;5194;True;5194.00;83.26;5203;5.19;5194;67.65;4907;True;4907.00;14.78;4910;1.18;4907;4.21;4742;True;4742.00;43.41;4749;11.84;4742;43.51
75;60;8;4533;True;4533.00;69.64;4554;12.24;4533;84.67;6681;True;6679.91;TL;6735;18.12;6776;120.00;5180;True;5178.25;TL;5217;41.72;5223;120.00;4836;True;4836.00;811.68;4865;63.93;4847;120.00;4409;True;4409.00;1006.12;4413;9.48;4410;120.00;4312;True;4312.00;1688.29;4338;15.08;4395;120.00
75;60;9;4426;True;4426.00;928.00;4428;11.39;4426;120.00;6359;True;6359.00;306.16;6375;14.01;6359;120.00;4922;True;4922.00;27.22;4922;4.39;4922;22.61;4629;True;4629.00;14.06;4645;10.36;4629;14.56;4231;True;4231.00;32.52;4237;5.17;4231;17.54;4141;True;4141.00;569.43;4158;51.45;4143;120.00
75;60;10;4622;True;4622.00;16.51;4644;13.91;4622;9.06;6543;True;6543.00;304.21;6550;10.04;6543;120.00;5274;True;5274.00;12.82;5292;9.08;5274;11.93;4873;True;4873.00;63.04;4873;6.50;4873;52.26;4526;True;4526.00;70.82;4545;10.25;4526;16.62;4390;True;4390.00;170.23;4417;31.43;4410;120.00
75;60;11;4663;True;4655.66;TL;4663;4.69;4663;120.00;6630;True;6630.00;125.93;6637;9.35;6630;97.82;5278;True;5278.00;2515.97;5310;12.43;5318;120.00;5027;False;5023.85;TL;5048;30.52;5062;120.00;4503;True;4503.00;168.87;4510;25.44;4506;120.00;4426;True;4426.00;3533.08;4442;19.42;4507;120.00
75;60;12;4533;True;4533.00;3159.79;4542;16.80;4533;120.00;6541;True;6541.00;272.54;6583;14.14;6543;120.00;5036;True;5036.00;222.97;5041;11.65;5041;120.00;4729;True;4729.00;3.10;4734;3.90;4729;1.64;4407;True;4407.00;411.21;4412;13.70;4415;120.00;4317;True;4317.00;20.92;4317;5.33;4317;12.46
75;60;13;4805;True;4805.00;31.75;4805;10.04;4805;107.70;6778;True;6778.00;3.68;6778;4.71;6778;1.51;5288;True;5288.00;119.75;5295;10.68;5288;59.03;5018;True;5018.00;30.55;5020;4.36;5018;27.36;4652;True;4652.00;205.43;4662;30.86;4656;120.00;4498;True;4498.00;19.38;4509;40.31;4498;12.36
75;60;14;4452;True;4452.00;149.93;4459;14.07;4452;120.00;6474;True;6474.00;43.20;6500;12.09;6474;28.44;4969;True;4969.00;49.77;4979;12.26;4969;23.78;4722;True;4722.00;50.56;4724;10.83;4722;37.58;4356;True;4356.00;111.10;4363;8.53;4356;70.74;4233;True;4233.00;76.84;4243;6.85;4233;55.75
75;60;15;4915;True;4915.00;69.49;4915;1.96;4915;77.61;7194;True;7194.00;64.55;7234;15.93;7194;50.17;5429;True;5429.00;41.55;5464;8.57;5429;29.87;5095;True;5095.00;19.46;5112;9.98;5095;24.05;4703;True;4703.00;45.86;4711;3.34;4703;22.81;4606;True;4606.00;25.97;4621;15.02;4606;31.56
75;60;16;4916;True;4913.80;TL;4916;5.00;4916;120.00;6922;True;6922.00;5.43;6922;1.81;6922;2.80;5385;True;5385.00;15.98;5407;15.13;5385;10.93;5082;True;5082.00;44.91;5089;6.59;5082;22.45;4718;True;4718.00;32.94;4729;11.16;4718;20.92;4562;True;4562.00;94.07;4565;7.05;4562;42.91
75;60;17;4808;True;4808.00;679.03;4810;13.30;4810;120.00;7135;True;7135.00;108.57;7135;8.56;7135;50.27;5520;True;5520.00;17.60;5528;5.12;5520;8.26;5219;True;5219.00;84.59;5221;7.96;5219;50.80;4662;True;4662.00;136.65;4670;14.82;4662;68.88;4576;True;4576.00;202.57;4576;4.53;4576;120.00
75;60;18;4825;True;4825.00;1230.13;4825;17.68;4837;120.00;6833;True;6833.00;328.17;6837;27.67;6848;120.00;5214;True;5214.00;27.51;5224;6.43;5214;8.49;5034;True;5034.00;43.13;5045;10.56;5034;20.29;4625;True;4625.00;651.27;4627;8.54;4625;120.00;4516;True;4516.00;39.55;4541;83.78;4516;26.28
75;60;19;4779;False;4761.67;TL;4779;42.33;4799;120.00;6922;True;6922.00;179.41;6965;55.49;6943;120.00;5248;True;5248.00;11.17;5257;3.87;5248;2.98;4972;True;4972.00;48.53;4984;14.43;4972;64.78;4579;True;4579.00;118.71;4586;8.17;4579;45.36;4445;True;4445.00;168.08;4451;17.46;4445;120.00
75;60;20;4860;True;4860.00;27.02;4862;6.91;4860;73.64;7074;True;7074.00;11.87;7074;1.77;7074;6.78;5297;True;5297.00;29.97;5322;10.17;5297;19.47;5022;True;5022.00;40.11;5029;8.42;5022;26.47;4711;True;4711.00;98.81;4722;14.16;4711;48.16;4583;True;4583.00;112.53;4583;8.15;4583;120.00
75;60;21;4578;True;4568.96;TL;4578;9.18;4585;120.00;6825;True;6825.00;88.09;6867;36.88;6825;67.49;4959;True;4959.00;65.45;4986;5.70;4959;94.52;4793;True;4793.00;243.77;4812;14.93;4808;120.00;4481;True;4481.00;1326.34;4485;9.08;4483;120.00;4288;True;4288.00;23.86;4288;4.23;4288;25.15
75;60;22;4580;True;4580.00;31.06;4595;9.24;4580;30.69;6478;True;6478.00;149.06;6478;12.61;6478;95.06;5157;True;5157.00;535.11;5185;26.09;5209;120.00;4826;True;4826.00;547.70;4826;11.81;4889;120.00;4448;True;4448.00;3.24;4448;3.45;4448;1.55;4290;True;4290.00;7.56;4290;8.05;4290;4.15
75;60;23;4792;True;4792.00;75.80;4792;5.45;4792;120.00;6983;True;6983.00;69.11;6990;5.52;6983;53.41;5330;True;5330.00;25.15;5339;2.81;5330;6.37;5060;True;5060.00;158.97;5063;5.32;5060;120.00;4669;True;4669.00;115.77;4683;28.81;4671;120.00;4529;True;4529.00;504.31;4534;26.68;4536;120.00
75;60;24;5210;False;5203.71;TL;5211;27.10;5210;120.00;7450;True;7450.00;13.12;7450;13.04;7450;8.11;5756;True;5756.00;29.83;5767;9.36;5756;18.15;5401;True;5401.00;119.23;5412;19.48;5401;107.40;4971;True;4971.00;514.29;4979;32.57;4981;120.00;4812;True;4812.00;54.26;4814;10.83;4812;18.14
75;60;25;4321;True;4321.00;238.52;4321;24.00;4321;120.00;6378;True;6378.00;32.98;6379;18.28;6378;17.32;4671;True;4671.00;8.79;4671;4.79;4671;9.01;4483;True;4483.00;6.39;4492;3.75;4483;5.50;4183;True;4183.00;29.24;4189;2.78;4183;11.73;3999;True;3999.00;43.82;4002;6.19;3999;35.52
75;60;26;4680;False;4672.33;TL;4713;17.35;4763;120.00;6620;True;6620.00;274.91;6647;12.70;6632;120.00;5092;True;5092.00;54.31;5103;16.25;5092;52.64;4774;True;4774.00;54.68;4783;10.95;4774;71.64;4463;True;4463.00;419.11;4473;8.81;4470;120.00;4294;True;4294.00;481.55;4325;11.60;4335;120.00
75;60;27;4460;True;4460.00;285.73;4460;7.94;4460;120.00;6310;True;6310.00;19.23;6316;5.37;6310;14.84;4894;True;4894.00;40.89;4907;8.90;4894;39.75;4645;True;4645.00;37.74;4645;5.13;4645;30.81;4280;True;4280.00;75.82;4302;72.70;4280;75.46;4137;True;4137.00;31.30;4164;23.22;4137;33.58
75;60;28;4887;True;4887.00;185.45;4887;11.16;4887;120.00;6920;True;6920.00;20.46;6939;9.65;6920;16.59;5344;True;5344.00;69.04;5354;5.71;5344;51.24;5003;True;5003.00;20.37;5007;4.78;5003;11.53;4704;True;4704.00;40.32;4710;5.82;4704;35.48;4546;True;4546.00;184.21;4559;9.23;4546;120.00
75;60;29;4446;True;4446.00;26.82;4446;2.31;4446;120.00;6510;True;6510.00;56.17;6522;7.96;6510;19.65;4965;True;4965.00;113.07;4988;12.25;4965;59.98;4748;True;4748.00;31.18;4772;46.27;4748;25.12;4349;True;4349.00;162.33;4356;39.27;4349;120.00;4224;True;4224.00;18.97;4236;16.11;4224;16.46
75;60;30;4788;True;4788.00;35.12;4788;3.21;4788;120.00;6940;True;6940.00;179.82;6956;35.41;6941;120.00;5246;True;5246.00;110.14;5266;51.51;5246;48.27;4921;True;4921.00;430.53;4927;20.51;4921;120.00;4609;True;4609.00;178.62;4622;37.74;4609;120.00;4474;True;4474.00;293.96;4483;74.05;4479;120.00
75;60;31;4858;False;4852.33;TL;4858;8.18;4858;120.00;7111;True;7111.00;142.23;7114;20.76;7111;102.49;5317;True;5317.00;13.72;5322;6.19;5317;6.10;5100;True;5100.00;10.64;5106;10.38;5100;6.22;4659;True;4659.00;215.46;4666;31.64;4661;120.00;4553;True;4553.00;138.40;4573;38.99;4553;61.92
75;60;32;4407;False;4401.68;TL;4407;21.88;4407;120.00;6414;True;6414.00;190.39;6420;8.45;6414;120.00;4830;True;4830.00;22.94;4842;5.09;4830;29.79;4588;True;4588.00;87.65;4604;17.76;4588;96.16;4251;True;4251.00;162.95;4262;23.39;4259;120.00;4099;True;4099.00;127.18;4099;7.49;4099;94.50
75;60;33;4741;True;4741.00;29.60;4768;23.36;4741;11.52;6831;True;6831.00;68.31;6843;56.07;6831;38.33;5320;True;5320.00;54.65;5375;12.75;5320;57.32;5000;True;5000.00;968.87;5034;120.00;5007;120.00;4575;True;4575.00;104.42;4587;42.90;4575;114.67;4485;True;4485.00;88.21;4485;12.54;4485;105.59
75;60;34;4870;True;4870.00;164.22;4878;12.80;4870;120.00;7056;True;7056.00;49.21;7066;10.79;7056;28.67;5392;True;5392.00;7.32;5408;3.98;5392;2.23;5119;True;5119.00;11.57;5119;4.37;5119;7.20;4684;True;4684.00;8.65;4684;3.59;4684;3.81;4557;True;4557.00;48.92;4566;7.52;4557;41.57
75;60;35;4780;True;4778.87;TL;4780;6.25;4792;120.00;6935;True;6935.00;15.75;6940;4.75;6935;9.06;5333;True;5333.00;79.77;5333;3.78;5333;28.39;5085;True;5085.00;150.73;5089;13.93;5089;120.00;4703;True;4699.38;TL;4714;39.72;4712;120.00;4529;True;4529.00;127.85;4539;12.56;4529;52.03
75;60;36;4872;False;4866.25;TL;4877;84.76;4929;120.00;7037;True;7037.00;88.73;7037;9.20;7037;86.93;5277;True;5277.00;52.49;5285;18.33;5277;65.78;4966;True;4966.00;40.26;4976;14.92;4966;37.46;4622;True;4622.00;33.41;4627;13.37;4622;39.90;4474;True;4474.00;123.36;4487;37.26;4474;120.00
75;60;37;4822;True;4822.00;62.51;4822;2.27;4822;60.69;7077;True;7077.00;12.22;7081;1.65;7077;9.85;5285;True;5285.00;12.47;5290;1.54;5285;10.29;5058;True;5058.00;34.49;5068;3.12;5058;48.60;4649;True;4649.00;14.07;4649;5.04;4649;9.07;4501;True;4501.00;30.82;4501;5.90;4501;13.67
75;60;38;5312;True;5312.00;150.14;5321;4.15;5315;120.00;7739;True;7739.00;34.58;7740;2.85;7739;20.88;5998;True;5998.00;18.05;6009;3.50;5998;14.16;5604;True;5604.00;12.65;5607;1.55;5604;7.66;5107;True;5107.00;25.33;5109;8.73;5107;11.45;5003;True;5003.00;40.14;5009;4.74;5003;25.73
75;60;39;4589;True;4589.00;2238.86;4605;48.80;4589;120.00;6487;True;6487.00;15.90;6487;1.79;6487;7.34;4968;True;4968.00;68.75;4975;13.77;4968;32.65;4739;True;4739.00;69.54;4744;37.77;4739;120.00;4308;True;4308.00;63.67;4316;9.06;4308;50.84;4213;True;4213.00;41.24;4218;8.92;4213;27.34
75;70;0;5090;True;5090.00;2.01;5090;2.10;5090;2.39;7447;True;7447.00;470.77;7455;18.23;7447;120.00;5512;True;5512.00;19.78;5521;5.01;5512;9.55;5250;True;5250.00;71.86;5251;5.84;5250;47.26;4932;True;4932.00;607.31;4942;71.89;4949;120.00;4776;True;4776.00;200.61;4785;24.62;4776;120.00
75;70;1;5466;False;5454.23;TL;5466;55.19;5466;120.00;7941;True;7941.00;387.69;8003;120.00;7952;120.00;6015;True;6015.00;405.96;6023;73.69;6025;120.00;5681;True;5681.00;40.32;5694;15.81;5681;34.01;5210;True;5210.00;420.62;5227;71.13;5291;120.00;5040;True;5040.00;134.11;5040;10.11;5040;104.14
75;70;2;5406;False;5400.63;TL;5417;89.83;5417;120.00;7959;True;7959.00;118.22;7988;108.66;7959;92.73;5976;True;5976.00;695.35;6025;120.00;6007;120.00;5659;True;5659.00;2216.01;5679;120.00;5676;120.00;5210;True;5210.00;136.74;5216;16.95;5210;120.00;4991;True;4991.00;115.79;5017;76.94;5027;120.00
75;70;3;5695;False;5689.71;TL;5695;18.77;5695;120.00;8094;True;8094.00;52.26;8127;120.00;8094;17.84;6269;True;6269.00;69.73;6269;10.07;6269;60.37;5867;True;5867.00;163.19;5882;39.86;5867;111.84;5426;False;5420.92;TL;5449;105.50;5428;120.00;5250;True;5250.00;1640.24;5264;120.00;5275;120.00
75;70;4;5257;False;5250.45;TL;5258;39.08;5266;120.00;7615;True;7615.00;53.03;7636;27.37;7615;23.55;5784;True;5784.00;17.29;5789;3.51;5784;11.77;5459;True;5459.00;70.07;5472;21.47;5459;77.22;5057;True;5057.00;51.23;5070;15.40;5057;65.39;4904;True;4904.00;127.20;4911;36.06;4904;84.95
75;70;5;5060;True;5060.00;921.64;5075;26.05;5065;120.00;7360;True;7360.00;16.26;7394;109.76;7360;6.62;5622;True;5622.00;64.86;5642;46.16;5622;59.28;5313;True;5313.00;99.92;5318;9.00;5313;62.97;4880;True;4880.00;422.64;4894;73.49;4883;120.00;4763;True;4763.00;632.22;4793;111.21;4782;120.00
75;70;6;5207;True;5204.00;TL;5224;117.00;5207;120.00;7460;True;7460.00;102.65;7494;104.13;7460;51.72;5729;True;5729.00;135.69;5755;51.18;5729;98.94;5409;True;5409.00;67.39;5439;35.40;5409;82.15;4986;True;4986.00;264.96;5001;59.26;4990;120.00;4833;True;4833.00;61.17;4881;112.36;4833;43.97
75;70;7;5036;True;5036.00;191.98;5036;8.14;5036;100.58;7457;True;7457.00;166.55;7472;38.11;7457;120.00;5651;True;5651.00;242.04;5666;84.42;5651;120.00;5301;True;5301.00;29.84;5336;75.82;5301;26.43;4905;True;4905.00;9.19;4916;9.28;4905;4.50;4765;True;4765.00;116.33;4767;9.86;4765;52.03
75;70;8;5192;False;5187.23;TL;5192;42.14;5192;120.00;7642;True;7642.00;146.14;7642;18.99;7642;87.37;5745;True;5745.00;19.01;5765;7.48;5745;16.36;5396;True;5396.00;159.66;5408;25.97;5396;120.00;4979;True;4979.00;145.94;4984;17.53;4983;120.00;4850;True;4850.00;162.19;4869;91.37;4859;120.00
75;70;9;5014;True;5014.00;145.38;5021;8.98;5037;120.00;7132;True;7132.00;29.54;7149;46.89;7132;24.52;5389;True;5389.00;66.01;5403;14.27;5389;40.33;5102;True;5102.00;27.68;5112;10.05;5102;15.45;4724;True;4724.00;37.12;4724;10.59;4724;7.65;4603;True;4603.00;631.64;4608;26.06;4611;120.00
75;70;10;5547;True;5547.00;70.06;5552;5.21;5547;85.40;7827;True;7827.00;87.71;7835;12.82;7827;75.28;6052;True;6052.00;34.44;6052;13.82;6052;28.02;5691;True;5691.00;9.87;5691;3.25;5691;4.91;5356;True;5356.00;116.62;5364;22.48;5357;120.00;5188;True;5188.00;458.81;5197;17.01;5191;120.00
75;70;11;5252;False;5235.57;TL;5252;37.09;5263;120.00;7328;True;7328.00;52.71;7354;31.70;7328;40.37;5858;True;5858.00;10.71;5859;2.29;5858;2.98;5499;True;5499.00;313.13;5517;55.66;5500;120.00;5040;True;5040.00;288.58;5041;26.75;5040;120.00;4891;True;4891.00;90.08;4903;15.91;4891;70.29
75;70;12;5725;True;5725.00;24.21;5741;10.24;5725;120.00;8350;True;8350.00;35.43;8380;47.30;8350;19.03;6321;True;6321.00;15.06;6346;19.24;6321;6.35;6024;True;6024.00;278.56;6037;48.99;6042;120.00;5524;True;5524.00;31.23;5540;16.03;5524;15.18;5405;True;5405.00;469.63;5405;12.44;5410;120.00
75;70;13;5509;False;5504.49;TL;5509;13.61;5511;120.00;7982;True;7982.00;810.26;7999;96.50;7993;120.00;5971;True;5971.00;175.40;5985;77.64;5971;120.00;5657;True;5657.00;311.39;5677;67.78;5669;120.00;5298;True;5298.00;302.47;5308;14.89;5300;120.00;5106;True;5106.00;207.83;5118;40.04;5133;120.00
75;70;14;5103;True;5103.00;374.15;5114;6.38;5103;120.00;7402;True;7402.00;62.94;7404;23.82;7402;29.31;5636;True;5636.00;95.48;5636;2.88;5636;90.34;5393;True;5393.00;56.60;5417;26.35;5393;55.03;4939;True;4939.00;30.81;4947;10.45;4939;43.78;4803;True;4803.00;161.24;4804;34.58;4803;120.00
75;70;15;4735;False;4722.83;TL;4739;105.01;4747;120.00;6863;True;6863.00;1020.86;6898;120.00;6867;120.00;5266;True;5266.00;477.53;5282;95.41;5266;120.00;4946;True;4946.00;252.74;4949;37.09;4946;120.00;4575;True;4575.00;91.78;4580;27.85;4575;43.61;4444;True;4444.00;1662.24;4464;120.00;4482;120.00
75;70;16;5522;True;5522.00;360.83;5522;28.21;5522;120.00;8102;True;8102.00;50.12;8108;10.46;8102;40.07;6027;True;6027.00;63.97;6044;31.78;6027;64.08;5752;True;5752.00;62.63;5763;15.38;5752;32.83;5323;True;5323.00;174.65;5336;74.29;5323;120.00;5176;True;5176.00;85.28;5181;15.38;5176;56.69
75;70;17;5207;True;5207.00;549.12;5207;5.15;5207;120.00;7659;True;7659.00;242.26;7669;9.65;7659;120.00;5812;True;5812.00;216.66;5824;38.01;5812;120.00;5485;True;5485.00;359.86;5496;120.00;5490;120.00;5047;True;5047.00;453.87;5049;13.31;5047;120.00;4904;True;4904.00;103.82;4925;47.75;4904;120.00
75;70;18;4992;False;4979.29;TL;5001;105.83;4992;120.00;7197;True;7197.00;787.46;7224;18.30;7472;120.00;5414;True;5404.84;TL;5492;120.00;5467;120.00;5139;True;5137.31;TL;5231;120.00;5319;120.00;4768;False;4754.48;TL;4845;120.00;4856;120.00;4646;True;4645.04;TL;4668;64.78;4765;120.00
75;70;19;5582;False;5575.53;TL;5588;35.86;5616;120.00;7752;True;7752.00;65.72;7752;9.25;7752;77.97;6340;True;6340.00;176.93;6351;18.71;6340;120.00;5904;True;5904.00;180.84;5914;32.38;5905;120.00;5429;True;5429.00;227.43;5438;38.27;5440;120.00;5232;True;5232.00;457.73;5257;111.59;5249;120.00
75;70;20;5606;False;5570.26;TL;5606;22.63;5627;120.00;7923;True;7923.00;48.05;7958;60.58;7923;49.95;6058;True;6058.00;553.01;6069;5.86;6065;120.00;5639;True;5639.00;549.45;5646;13.73;5640;120.00;5303;True;5303.00;31.81;5322;7.16;5303;28.35;5119;True;5119.00;2371.80;5129;112.52;5132;120.00
75;70;21;5636;True;5636.00;58.48;5654;15.04;5636;120.00;8202;True;8202.00;53.43;8212;9.98;8202;27.51;6490;True;6490.00;27.55;6498;4.99;6490;10.01;6069;True;6069.00;43.41;6075;4.83;6069;31.64;5514;True;5514.00;27.16;5514;5.36;5514;13.28;5384;True;5384.00;184.41;5396;38.79;5384;88.19
75;70;22;5241;False;5238.73;TL;5249;35.82;5241;120.00;7730;True;7730.00;127.30;7752;39.79;7730;70.77;5826;True;5826.00;72.38;5837;11.60;5826;59.15;5436;True;5436.00;137.05;5453;43.22;5436;120.00;4970;True;4970.00;136.05;4978;30.14;4970;113.42;4884;True;4884.00;102.73;4896;15.39;4884;83.98
75;70;23;5336;False;5331.40;TL;5336;15.30;5347;120.00;7457;True;7457.00;20.40;7492;23.84;7457;8.33;5828;True;5828.00;141.30;5851;54.37;5828;100.84;5474;True;5474.00;78.93;5500;21.91;5474;85.31;5164;True;5164.00;205.81;5185;75.37;5180;120.00;4949;True;4949.00;182.34;4959;14.75;4962;120.00
75;70;24;5489;False;5486.22;TL;5491;39.76;5502;120.00;8068;True;8068.00;181.23;8070;14.71;8069;120.00;5944;True;5944.00;59.06;5976;49.30;5944;53.69;5688;True;5688.00;184.18;5704;85.71;5688;120.00;5310;True;5310.00;33.14;5311;3.78;5310;15.55;5131;True;5131.00;23.64;5133;7.22;5131;20.31
75;70;25;5420;True;5420.00;186.31;5420;8.66;5420;120.00;7811;True;7811.00;242.96;7818;24.01;7811;120.00;6108;True;6108.00;398.68;6140;62.25;6198;120.00;5724;True;5724.00;156.97;5744;24.22;5737;120.00;5233;True;5233.00;317.54;5252;91.66;5233;120.00;5090;True;5090.00;440.52;5105;33.75;5112;120.00
75;70;26;5580;True;5576.50;TL;5580;13.57;5580;120.00;7907;True;7907.00;218.91;7927;45.65;7907;120.00;6208;True;6208.00;89.54;6229;15.55;6208;73.00;5745;True;5745.00;98.81;5761;15.00;5745;56.11;5343;True;5343.00;659.37;5352;48.58;5354;120.00;5209;True;5209.00;646.45;5216;44.18;5216;120.00
75;70;27;5409;True;5409.00;515.92;5409;15.00;5412;120.00;7726;True;7726.00;91.17;7754;78.00;7726;89.71;5740;True;5740.00;203.05;5755;39.47;5750;120.00;5445;True;5445.00;59.40;5445;7.01;5445;62.85;5153;True;5153.00;199.35;5159;65.05;5155;120.00;4973;True;4973.00;107.68;5078;114.49;4973;89.12
75;70;28;5137;True;5114.93;TL;5147;8.84;5137;120.00;7338;True;7338.00;21.06;7340;2.43;7338;7.26;5625;True;5625.00;46.17;5640;15.90;5625;51.07;5341;True;5341.00;71.62;5361;78.52;5341;98.62;4975;True;4975.00;445.53;4990;63.28;4977;120.00;4814;True;4814.00;56.44;4816;9.30;4814;18.69
75;70;29;5088;True;5088.00;74.89;5105;74.31;5088;120.00;7451;True;7451.00;612.72;7458;42.81;7451;120.00;5614;True;5614.00;114.59;5641;70.07;5618;120.00;5268;True;5268.00;167.89;5289;39.25;5268;120.00;4914;True;4914.00;683.55;4920;63.66;4924;120.00;4792;True;4792.00;663.68;4834;111.43;4800;120.00
75;70;30;5202;False;5194.39;TL;5202;27.98;5205;120.00;7458;True;7458.00;465.44;7511;120.00;7522;120.00;5645;True;5645.00;191.14;5673;120.00;5645;120.00;5380;True;5380.00;866.46;5382;57.06;5380;120.00;5015;True;5015.00;1063.97;5029;52.32;5028;120.00;4835;True;4835.00;413.77;4854;111.80;4839;120.00
75;70;31;5755;True;5751.29;TL;5772;25.15;5755;120.00;8459;True;8459.00;154.48;8476;25.83;8459;107.33;6384;True;6384.00;83.70;6391;16.49;6384;42.22;5996;True;5996.00;98.21;6026;93.75;6003;120.00;5532;True;5532.00;406.99;5533;10.61;5532;120.00;5352;True;5352.00;153.07;5371;24.05;5352;120.00
75;70;32;5288;False;5276.77;TL;5288;49.97;5299;120.00;7507;True;7507.00;34.52;7523;10.75;7507;10.08;5630;True;5630.00;28.52;5640;12.05;5630;11.62;5383;True;5383.00;173.30;5391;23.11;5383;120.00;5016;False;5013.49;TL;5027;119.37;5016;120.00;4871;True;4871.00;102.71;4892;85.72;4871;86.42
75;70;33;5383;False;5367.24;TL;5383;10.20;5407;120.00;7732;True;7730.98;TL;7774;68.61;7862;120.00;5906;True;5906.00;69.39;5937;26.53;5906;96.13;5585;True;5585.00;9.38;5606;8.57;5585;22.28;5186;True;5186.00;957.45;5190;31.03;5190;120.00;5046;True;5046.00;483.16;5085;111.20;5104;120.00
75;70;34;5294;False;5279.86;TL;5294;22.39;5294;120.00;7575;True;7575.00;102.21;7597;24.19;7575;104.94;5749;True;5749.00;9.05;5749;6.55;5749;5.21;5418;True;5418.00;75.92;5423;10.96;5418;71.27;5077;True;5075.50;TL;5088;68.42;5097;120.00;4896;True;4896.00;194.89;4900;111.44;4899;120.00
75;70;35;5290;True;5288.65;TL;5290;13.00;5290;120.00;7607;True;7607.00;291.44;7623;15.37;7612;120.00;5647;True;5647.00;38.55;5667;35.97;5647;39.39;5355;True;5355.00;236.40;5363;41.95;5355;120.00;5083;True;5083.00;630.69;5087;25.31;5087;120.00;4890;True;4890.00;204.86;4905;80.46;4890;120.00
75;70;36;5776;False;5772.99;TL;5789;41.72;5781;120.00;8307;True;8307.00;71.12;8324;15.84;8307;34.79;6260;True;6260.00;207.14;6276;53.28;6260;120.00;5950;True;5950.00;60.29;5966;92.81;5950;46.14;5596;True;5596.00;250.24;5604;112.59;5596;120.00;5381;True;5381.00;48.23;5388;12.47;5381;52.32
75;70;37;5088;True;5088.00;70.87;5088;7.73;5088;77.93;7390;True;7390.00;1794.24;7396;79.67;7411;120.00;5829;True;5829.00;356.71;5862;120.00;5860;120.00;5380;True;5380.00;1513.28;5386;52.45;5381;120.00;4956;True;4956.00;374.17;4991;120.00;4956;120.00;4835;True;4835.00;313.39;4845;47.22;4846;120.00
75;70;38;5339;True;5339.00;3.02;5339;4.29;5339;1.88;7800;True;7800.00;556.12;7807;50.46;7807;120.00;5997;False;5976.63;TL;6014;27.69;6036;120.00;5632;False;5630.15;TL;5651;75.44;5643;120.00;5160;True;5160.00;170.95;5160;17.85;5160;120.00;5060;False;5040.96;TL;5060;53.33;5173;120.00
75;70;39;5880;True;5880.00;494.83;5891;82.19;5880;120.00;8546;True;8544.27;TL;8582;68.18;8593;120.00;6518;True;6518.00;1102.94;6538;50.37;6526;120.00;6095;True;6095.00;166.84;6139;120.00;6095;120.00;5643;True;5643.00;48.71;5652;38.57;5643;70.42;5476;True;5476.00;334.53;5483;69.47;5478;120.00
75;80;0;6378;True;6378.00;24.61;6378;7.13;6378;120.00;9000;False;8997.23;TL;9061;117.76;9025;120.00;6920;True;6920.00;2528.95;6972;53.13;6961;120.00;6533;False;6520.23;TL;6579;120.00;6555;120.00;6083;True;6083.00;1846.36;6089;15.18;6104;120.00;5879;True;5879.00;601.73;5889;74.35;5908;120.00
75;80;1;5530;False;5517.82;TL;5538;90.53;5530;120.00;8033;True;8033.00;356.04;8041;92.96;8040;120.00;5944;True;5944.00;431.07;5968;120.00;5954;120.00;5662;True;5662.00;469.52;5827;120.00;5668;120.00;5294;True;5294.00;82.49;5314;58.62;5295;120.00;5141;True;5141.00;186.19;5158;120.00;5141;120.00
75;80;2;5944;True;5942.37;TL;5944;18.74;5990;120.00;8576;True;8576.00;518.00;8580;83.95;8585;120.00;6529;True;6529.00;531.81;6545;79.02;6531;120.00;6246;True;6246.00;2979.42;6251;56.90;6265;120.00;5778;True;5778.00;1547.66;5778;52.20;5794;120.00;5575;True;5575.00;567.97;5618;120.00;5584;120.00
75;80;3;6381;False;6371.83;TL;6381;27.34;6391;120.00;9148;False;9090.27;TL;9180;116.92;9200;120.00;7084;True;7084.00;1256.70;7139;120.00;7128;120.00;6643;True;6643.00;357.54;6661;91.03;6691;120.00;6134;True;6134.00;617.72;6135;28.59;6134;120.00;5968;True;5968.00;1006.80;5987;120.00;5985;120.00
75;80;4;5462;False;5428.27;TL;5470;120.00;5466;120.00;7912;True;7912.00;184.62;7923;33.61;7917;120.00;6037;True;6037.00;521.26;6081;120.00;6056;120.00;5740;True;5740.00;1013.69;5936;120.00;5748;120.00;5278;True;5278.00;589.19;5282;23.47;5282;120.00;5096;True;5096.00;465.05;5291;120.00;5111;120.00
75;80;5;6168;False;6162.49;TL;6178;47.44;6265;120.00;8745;True;8745.00;1441.78;8783;30.04;8868;120.00;6753;True;6753.00;456.98;6762;14.49;6770;120.00;6377;True;6375.29;TL;6393;52.19;6397;120.00;5981;True;5981.00;335.38;6006;109.95;5986;120.00;5748;True;5748.00;93.90;5752;9.15;5753;120.00
75;80;6;6423;True;6423.00;875.84;6433;15.28;6423;120.00;9195;True;9195.00;249.94;9215;27.59;9195;120.00;7206;True;7206.00;68.14;7215;12.45;7206;49.47;6798;True;6798.00;454.55;6815;87.37;6798;120.00;6254;True;6254.00;371.87;6272;108.14;6256;120.00;6082;True;6082.00;1482.76;6109;120.00;6102;120.00
75;80;7;6264;False;6247.48;TL;6291;120.00;6281;120.00;8935;True;8935.00;670.33;8984;117.33;9078;120.00;6730;True;6730.00;51.84;6747;23.55;6730;50.42;6460;True;6460.00;361.47;6466;73.17;6460;120.00;5977;True;5977.00;1300.37;6006;120.00;5977;120.00;5742;True;5742.00;994.42;5754;66.95;5755;120.00
75;80;8;6158;False;6154.66;TL;6170;89.25;6170;120.00;8848;True;8848.00;2612.96;8897;119.41;8971;120.00;6657;False;6654.48;TL;6690;72.57;6675;120.00;6295;True;6295.00;75.77;6327;48.70;6295;109.85;5920;True;5920.00;1530.61;5929;39.98;5923;120.00;5686;True;5686.00;1385.46;5908;120.00;5953;120.00
75;80;9;6423;True;6419.48;TL;6423;44.97;6464;120.00;9205;True;9205.00;119.09;9219;20.45;9249;120.00;7110;True;7110.00;77.58;7114;13.81;7110;48.27;6662;True;6662.00;202.03;6670;38.24;6662;120.00;6160;True;6160.00;216.24;6164;52.75;6160;120.00;6000;True;5998.53;TL;6040;120.00;6028;120.00
75;80;10;5956;False;5944.53;TL;5956;119.32;5956;120.00;8483;True;8483.00;129.94;8504;102.42;8496;120.00;6424;True;6424.00;159.82;6440;63.61;6428;120.00;6065;True;6065.00;104.16;6067;16.65;6065;83.46;5668;True;5668.00;1034.10;5924;120.00;5673;120.00;5496;True;5496.00;648.23;5503;109.11;5505;120.00
75;80;11;5983;True;5983.00;920.46;5996;120.00;6268;120.00;8808;True;8808.00;1356.97;8958;117.13;9116;120.00;6678;True;6678.00;1509.66;6804;120.00;6816;120.00;6330;False;6287.50;TL;6424;120.00;6494;120.00;5743;True;5743.00;446.38;5760;61.96;5816;120.00;5674;False;5649.25;TL;5796;120.00;5823;120.00
75;80;12;5951;False;5933.90;TL;5954;84.40;5984;120.00;8542;True;8542.00;852.16;8556;57.18;8546;120.00;6600;True;6600.00;156.00;6610;32.30;6607;120.00;6198;True;6198.00;126.92;6214;105.84;6198;120.00;5725;True;5725.00;511.92;5736;105.78;5739;120.00;5509;True;5509.00;754.97;5516;36.69;5509;120.00
75;80;13;5624;True;5620.89;TL;5645;120.00;5643;120.00;7980;True;7980.00;554.52;8001;117.66;7995;120.00;6129;True;6129.00;595.04;6130;42.43;6132;120.00;5766;True;5766.00;55.26;5791;96.05;5766;28.08;5429;True;5429.00;1623.86;5439;120.00;5441;120.00;5257;True;5257.00;190.40;5262;59.41;5257;120.00
75;80;14;5976;True;5976.00;3274.87;5976;62.82;5976;120.00;8621;True;8621.00;77.18;8656;81.97;8621;94.00;6744;True;6744.00;481.77;6864;120.00;6754;120.00;6340;True;6340.00;187.89;6354;13.33;6349;120.00;5786;True;5786.00;129.49;5899;120.00;5786;120.00;5640;True;5640.00;693.73;5655;120.00;5647;120.00
75;80;15;6199;True;6199.00;164.57;6221;120.00;6199;120.00;8928;True;8928.00;265.22;8943;33.99;8928;120.00;6937;True;6937.00;289.04;6979;120.00;6969;120.00;6479;False;6476.91;TL;6538;120.00;6503;120.00;5952;True;5952.00;823.18;6011;120.00;5958;120.00;5859;False;5854.33;TL;5934;120.00;5991;120.00
75;80;16;6422;True;6416.87;TL;6424;65.38;6422;120.00;9259;True;9259.00;326.46;9270;18.75;9259;86.54;7067;True;7067.00;135.35;7081;64.64;7077;120.00;6599;True;6599.00;840.69;6603;41.91;6603;120.00;6084;True;6084.00;175.68;6084;15.01;6084;115.31;5888;True;5888.00;2188.98;5901;120.00;5896;120.00
75;80;17;6542;False;6529.65;TL;6550;38.24;6542;120.00;9351;True;9351.00;264.67;9353;19.58;9353;120.00;7095;True;7095.00;103.23;7122;73.55;7095;34.50;6762;True;6762.00;127.15;6771;10.83;6762;120.00;6186;True;6186.00;1058.55;6194;85.80;6191;120.00;6048;True;6048.00;258.69;6062;22.77;6052;120.00
75;80;18;5839;False;5829.26;TL;5839;70.76;5892;120.00;8517;False;8514.97;TL;8607;117.84;8542;120.00;6444;True;6444.00;756.98;6524;120.00;6448;120.00;6189;True;6189.00;794.76;6202;72.75;6197;120.00;5742;True;5742.00;2235.17;5745;67.03;5745;120.00;5526;False;5509.96;TL;5526;120.00;5573;120.00
75;80;19;6534;False;6524.53;TL;6534;33.65;6538;120.00;9518;True;9518.00;69.24;9551;62.90;9518;54.35;7287;True;7287.00;57.01;7287;26.14;7287;52.71;6829;True;6829.00;57.71;7005;120.00;6829;70.09;6317;True;6317.00;594.37;6377;120.00;6317;120.00;6140;True;6140.00;2743.38;6197;120.00;6157;120.00
75;80;20;6310;False;6285.73;TL;6310;72.25;6378;120.00;8972;True;8972.00;596.65;8995;107.49;8987;120.00;6803;True;6803.00;335.06;6827;87.27;6816;120.00;6495;True;6495.00;2386.60;6542;120.00;6506;120.00;6117;True;6114.68;TL;6191;120.00;6117;120.00;5941;False;5926.10;TL;6019;120.00;5984;120.00
75;80;21;6159;False;6152.26;TL;6159;29.84;6164;120.00;8804;True;8804.00;111.46;8817;50.67;8804;106.81;6796;True;6796.00;218.27;6806;59.03;6796;105.10;6415;True;6415.00;431.96;6426;66.42;6425;120.00;5943;True;5943.00;317.76;5959;45.07;5943;120.00;5809;True;5809.00;1424.02;5818;120.00;5813;120.00
75;80;22;6355;False;6349.39;TL;6355;6.90;6355;120.00;9183;True;9183.00;4.00;9183;2.29;9183;2.20;7203;True;7203.00;431.98;7239;120.00;7203;120.00;6734;True;6734.00;26.62;6741;9.47;6734;10.59;6160;True;6160.00;625.30;6175;120.00;6160;120.00;5950;True;5950.00;348.31;5959;24.21;5952;120.00
75;80;23;5910;False;5900.20;TL;5923;120.00;5927;120.00;8607;True;8607.00;216.36;8657;117.30;8632;120.00;6454;True;6454.00;211.39;6467;76.53;6454;120.00;6127;True;6127.00;108.10;6146;29.62;6127;78.48;5632;True;5632.00;308.72;5638;61.68;5637;120.00;5502;True;5502.00;91.68;5563;120.00;5502;64.98
75;80;24;6609;True;6609.00;163.40;6613;10.87;6613;120.00;9545;True;9545.00;57.27;9597;118.90;9545;31.73;7142;True;7142.00;218.69;7160;28.15;7152;120.00;6832;True;6832.00;292.91;6868;120.00;6839;120.00;6310;True;6310.00;59.68;6320;32.63;6310;50.01;6126;True;6126.00;1015.05;6179;120.00;6134;120.00
75;80;25;5876;True;5876.00;88.89;5906;75.69;5876;120.00;8392;True;8392.00;392.05;8403;60.00;8405;120.00;6572;True;6572.00;162.96;6603;120.00;6581;120.00;6175;True;6175.00;248.85;6190;78.49;6175;120.00;5683;True;5683.00;71.32;5685;10.11;5683;31.66;5539;True;5539.00;121.81;5549;49.61;5539;120.00
75;80;26;6108;False;6101.65;TL;6110;67.09;6116;120.00;8852;False;8842.73;TL;8869;56.30;8899;120.00;6827;True;6827.00;255.37;6852;86.96;6830;120.00;6384;True;6384.00;240.65;6411;112.77;6399;120.00;5840;True;5840.00;94.00;5852;26.51;5840;89.73;5734;True;5734.00;32.37;5783;120.00;5734;28.14
75;80;27;6285;True;6285.00;661.39;6287;26.78;6285;120.00;8994;True;8994.00;745.56;9020;120.00;8996;120.00;6727;True;6727.00;195.56;6729;14.14;6731;120.00;6451;False;6446.20;TL;6465;23.67;6464;120.00;6030;True;6030.00;2811.00;6032;46.76;6058;120.00;5792;True;5792.00;1766.95;5815;72.80;5851;120.00
75;80;28;5790;False;5783.63;TL;5790;71.50;5790;120.00;8305;False;8290.14;TL;8392;117.37;8394;120.00;6239;True;6239.00;3086.79;6277;120.00;6250;120.00;5939;True;5939.00;979.54;5960;12.92;5974;120.00;5561;False;5551.02;TL;5603;120.00;5568;120.00;5368;True;5368.00;2492.59;5391;120.00;5425;120.00
75;80;29;5943;True;5943.00;413.97;5962;60.05;5943;120.00;8676;True;8676.00;99.68;8691;15.96;8676;61.55;6634;True;6634.00;338.20;6650;59.91;6634;120.00;6254;True;6254.00;809.49;6276;120.00;6282;120.00;5702;True;5702.00;390.49;5710;69.94;5702;120.00;5577;True;5577.00;730.88;5597;120.00;5577;120.00
75;80;30;6294;False;6286.60;TL;6296;66.57;6296;120.00;9046;True;9046.00;261.65;9048;29.70;9046;120.00;7092;True;7092.00;76.02;7104;23.67;7092;24.86;6647;True;6647.00;557.01;6669;120.00;6651;120.00;6096;True;6096.00;3229.43;6102;56.39;6100;120.00;5938;False;5935.89;TL;5960;119.35;5938;120.00
75;80;31;5526;True;5526.00;30.95;5559;120.00;5526;120.00;7864;True;7864.00;395.18;7902;111.78;7888;120.00;6250;True;6250.00;612.91;6378;120.00;6254;120.00;5760;True;5760.00;786.11;5851;120.00;5787;120.00;5330;True;5330.00;362.66;5440;120.00;5339;120.00;5174;True;5174.00;881.94;5184;78.24;5203;120.00
75;80;32;6747;True;6747.00;1182.75;6752;87.32;6747;120.00;9745;True;9745.00;965.59;9773;117.25;9747;120.00;7351;True;7351.00;3584.94;7359;88.65;7364;120.00;6946;False;6941.96;TL;6968;79.21;6960;120.00;6494;True;6494.00;94.52;6507;85.49;6494;66.45;6335;False;6303.24;TL;6335;120.00;6350;120.00
75;80;33;5985;True;5985.00;2469.28;5985;11.36;5998;120.00;8741;True;8741.00;500.14;8749;25.65;8825;120.00;6527;True;6527.00;360.02;6666;120.00;6542;120.00;6168;True;6168.00;602.44;6170;23.04;6168;120.00;5809;True;5809.00;1522.43;5837;120.00;5880;120.00;5593;True;5593.00;375.60;5614;54.70;5601;120.00
75;80;34;6222;True;6222.00;287.45;6222;10.24;6222;120.00;9052;True;9052.00;75.35;9052;8.23;9052;31.93;6861;True;6861.00;317.12;6879;53.18;6861;120.00;6477;True;6477.00;80.62;6488;48.43;6477;120.00;6024;True;6024.00;81.55;6029;20.22;6024;34.34;5823;True;5823.00;522.62;5830;79.83;5824;120.00
75;80;35;6204;False;6191.36;TL;6207;86.44;6204;120.00;8918;True;8918.00;249.72;8990;118.39;8981;120.00;6720;True;6720.00;51.91;6734;39.24;6720;82.44;6420;True;6420.00;444.30;6435;46.56;6420;120.00;6026;True;6026.00;1003.31;6045;120.00;6028;120.00;5767;True;5767.00;112.18;5817;120.00;5767;120.00
75;80;36;6057;False;6032.18;TL;6057;49.47;6120;120.00;8657;True;8657.00;302.82;8704;117.17;8657;120.00;6601;True;6601.00;104.05;6624;115.10;6627;120.00;6290;True;6290.00;88.57;6295;13.12;6290;91.15;5818;True;5818.00;238.15;5827;61.29;5832;120.00;5552;True;5552.00;108.79;5568;78.11;5552;120.00
75;80;37;6461;False;6437.11;TL;6461;29.96;6461;120.00;9525;True;9525.00;1014.26;9543;52.94;9552;120.00;7172;True;7172.00;76.63;7194;18.74;7172;25.03;6832;True;6832.00;227.34;6852;35.34;6840;120.00;6175;True;6175.00;69.98;6175;9.94;6175;38.29;6061;True;6061.00;210.60;6096;120.00;6064;120.00
75;80;38;6530;False;6522.70;TL;6536;22.72;6530;120.00;9469;True;9469.00;330.34;9474;23.97;9469;120.00;7256;True;7256.00;81.17;7278;19.93;7265;120.00;6855;True;6855.00;61.57;6877;21.94;6855;90.83;6346;True;6346.00;159.05;6363;120.00;6346;120.00;6163;True;6163.00;371.73;6169;23.84;6167;120.00
75;80;39;6063;False;6060.22;TL;6065;119.21;6063;120.00;8776;True;8776.00;749.69;9014;116.65;8793;120.00;6534;True;6534.00;47.03;6563;31.93;6534;41.38;6256;True;6256.00;901.24;6378;120.00;6262;120.00;5857;True;5857.00;402.62;5882;120.00;5861;120.00;5672;True;5672.00;1156.64;5983;120.00;5683;120.00
75;90;0;6425;False;6408.80;TL;6581;120.00;6436;120.00;9599;False;9450.71;TL;9659;120.00;9663;120.00;7102;True;7102.00;3016.07;7212;119.32;7116;120.00;6694;True;6693.96;TL;6823;120.00;6825;120.00;6221;False;6219.91;TL;6349;120.00;6393;120.00;6008;True;6008.00;462.09;6156;120.00;6049;120.00
75;90;1;6892;True;6892.00;272.72;6987;120.00;6920;120.00;9980;False;9951.47;TL;9980;53.33;10228;120.00;7601;False;7598.43;TL;7726;119.34;7736;120.00;7296;False;7220.42;TL;7346;120.00;7329;120.00;6632;True;6632.00;252.58;6632;62.22;6653;120.00;6527;True;6525.78;TL;6583;119.41;6595;120.00
75;90;2;6701;False;6683.12;TL;6701;120.00;6707;120.00;9715;True;9715.00;2872.98;9731;54.20;9750;120.00;7262;True;7262.00;87.01;7268;21.91;7262;68.50;6855;True;6855.00;180.76;6867;26.29;6855;114.08;6475;True;6475.00;1548.49;6500;120.00;6475;120.00;6267;True;6267.00;793.76;6272;118.10;6284;120.00
75;90;3;6730;False;6719.43;TL;6759;120.00;6745;120.00;9698;True;9698.00;642.18;9800;120.00;9716;120.00;7315;True;7315.00;879.88;7447;119.35;7341;120.00;6917;True;6917.00;901.52;7127;120.00;6946;120.00;6467;True;6467.00;43.92;6536;120.00;6467;28.70;6249;True;6249.00;1107.19;6441;119.49;6255;120.00
75;90;4;7659;False;7631.95;TL;7659;90.35;7676;120.00;10781;True;10781.00;576.86;10799;115.43;10791;120.00;8333;True;8333.00;2433.18;8365;119.44;8358;120.00;7793;True;7793.00;1131.85;7809;103.26;7810;120.00;7320;False;7318.82;TL;7323;95.82;7320;120.00;7048;True;7048.00;2550.32;7122;120.00;7077;120.00
75;90;5;6550;True;6550.00;1040.60;6553;59.44;6553;120.00;9434;True;9434.00;260.79;9451;24.40;9437;120.00;7315;True;7315.00;422.90;7324;82.43;7357;120.00;6895;True;6895.00;65.70;6923;110.23;6895;101.85;6380;True;6380.00;1041.32;6389;116.71;6384;120.00;6173;True;6173.00;47.07;6181;24.39;6173;67.26
75;90;6;6724;False;6710.55;TL;6800;120.00;6761;120.00;9668;True;9668.00;448.39;9765;120.00;9683;120.00;7502;True;7502.00;65.49;7510;76.06;7502;56.78;7104;True;7104.00;752.62;7118;120.00;7109;120.00;6423;True;6423.00;925.55;6680;120.00;6428;120.00;6301;True;6301.00;1047.06;6547;120.00;6312;120.00
75;90;7;6572;False;6544.27;TL;6575;120.00;6577;120.00;9448;True;9448.00;737.36;9545;120.00;9546;120.00;7168;True;7168.00;242.99;7189;43.39;7168;120.00;6802;True;6802.00;930.80;6810;61.59;6814;120.00;6309;True;6309.00;1760.43;6369;120.00;6366;120.00;6085;True;6085.00;46.83;6140;120.00;6085;42.62
75;90;8;6002;False;5996.04;TL;6002;120.00;6002;120.00;8705;True;8705.00;743.78;8840;120.00;8772;120.00;6768;False;6754.22;TL;6774;119.36;6806;120.00;6461;False;6421.82;TL;6500;120.00;6486;120.00;5864;True;5864.00;2000.96;6000;120.00;5928;120.00;5686;True;5686.00;554.42;5761;119.41;5687;120.00
75;90;9;6651;False;6646.51;TL;6662;119.48;6740;120.00;9558;True;9558.00;235.35;9736;120.00;9558;120.00;7354;True;7354.00;739.55;7599;119.34;7356;120.00;6953;True;6953.00;126.89;7070;120.00;6953;106.64;6402;True;6402.00;23.81;6402;36.25;6402;18.04;6237;True;6237.00;715.75;6237;20.12;6260;120.00
75;90;10;7378;True;7378.00;1272.15;7383;14.37;7378;120.00;10732;True;10732.00;641.30;10821;120.00;10740;120.00;8260;True;8260.00;270.74;8286;119.44;8266;120.00;7731;True;7731.00;710.82;7754;92.54;7738;120.00;7156;True;7156.00;238.92;7156;54.51;7156;120.00;6964;True;6964.00;757.37;7085;120.00;6997;120.00
75;90;11;6345;True;6343.79;TL;6351;44.89;6345;120.00;9014;True;9014.00;143.56;9041;52.86;9014;114.69;6946;True;6946.00;213.05;6956;112.86;6950;120.00;6635;True;6635.00;741.95;6694;120.00;6661;120.00;6182;True;6182.00;371.76;6222;120.00;6182;120.00;5974;True;5974.00;425.20;5988;87.96;6000;120.00
75;90;12;6644;False;6634.66;TL;6644;94.05;6659;120.00;9433;True;9433.00;2034.14;9446;120.00;9433;120.00;7184;True;7182.72;TL;7221;120.00;7204;120.00;6863;True;6863.00;1376.89;6908;120.00;6889;120.00;6359;True;6359.00;397.62;6367;33.69;6360;120.00;6205;True;6205.00;1243.80;6241;119.45;6229;120.00
75;90;13;7118;False;7101.16;TL;7118;86.22;7131;120.00;10143;True;10143.00;3203.02;10182;120.00;10162;120.00;7723;True;7723.00;977.55;7729;24.46;7737;120.00;7269;True;7269.00;307.75;7283;90.86;7284;120.00;6841;True;6841.00;3356.53;6876;120.00;6882;120.00;6606;True;6606.00;1149.04;6673;119.36;6640;120.00
75;90;14;6660;False;6649.98;TL;6660;61.33;6681;120.00;9328;True;9328.00;590.77;9345;119.17;9355;120.00;7048;True;7048.00;1208.55;7056;88.19;7055;120.00;6778;True;6778.00;1076.39;6786;119.39;6778;120.00;6337;True;6337.00;1211.21;6393;120.00;6337;120.00;6127;True;6127.00;243.99;6154;120.00;6127;120.00
75;90;15;6738;False;6716.66;TL;6751;120.00;6738;120.00;9609;True;9609.00;1207.89;9636;120.00;9617;120.00;7084;True;7084.00;1518.85;7106;120.00;7091;120.00;6808;True;6808.00;1213.19;6854;120.00;6812;120.00;6314;True;6314.00;779.67;6344;120.00;6320;120.00;6130;True;6130.00;1473.94;6182;119.48;6159;120.00
75;90;16;6677;False;6650.76;TL;6677;120.00;6687;120.00;9625;True;9625.00;1486.93;9677;120.00;9627;120.00;7241;True;7241.00;415.47;7284;120.00;7241;120.00;6931;True;6931.00;1591.10;6953;120.00;6934;120.00;6434;True;6434.00;1059.51;6508;120.00;6473;120.00;6204;True;6204.00;1290.11;6260;118.39;6214;120.00
75;90;17;6530;False;6522.21;TL;6533;72.91;6533;120.00;9306;True;9306.00;413.99;9318;76.87;9314;120.00;7087;True;7087.00;1044.65;7102;120.00;7093;120.00;6734;True;6734.00;1499.55;6782;120.00;6761;120.00;6289;True;6289.00;2398.08;6331;120.00;6297;120.00;6101;True;6100.55;TL;6161;120.00;6111;120.00
75;90;18;6640;False;6632.55;TL;6652;120.00;6646;120.00;9556;True;9556.00;473.20;9579;113.18;9562;120.00;7222;True;7222.00;166.92;7223;87.87;7222;120.00;6873;True;6873.00;205.42;6889;108.16;6873;120.00;6424;True;6424.00;763.99;6447;120.00;6437;120.00;6210;True;6210.00;2744.31;6228;119.39;6217;120.00
75;90;19;7059;False;7046.30;TL;7072;56.72;7061;120.00;10133;False;10107.80;TL;10166;120.00;10208;120.00;7776;True;7776.00;839.29;7788;72.58;7808;120.00;7407;True;7407.00;2607.21;7432;120.00;7455;120.00;6814;True;6814.00;344.91;6891;120.00;6829;120.00;6689;False;6641.77;TL;6739;120.00;6758;120.00
75;90;20;7077;False;7062.14;TL;7077;47.67;7077;120.00;10098;True;10098.00;2824.77;10106;120.00;10112;120.00;7908;False;7905.91;TL;7916;120.00;7955;120.00;7452;True;7452.00;986.23;7474;120.00;7472;120.00;6837;True;6837.00;2191.98;6853;120.00;6862;120.00;6662;True;6662.00;3407.03;6672;120.00;6672;120.00
75;90;21;7400;True;7397.57;TL;7400;38.68;7400;120.00;10584;True;10583.00;TL;10664;120.00;10604;120.00;8015;True;8015.00;381.24;8027;77.70;8017;120.00;7599;True;7599.00;327.00;7604;18.51;7599;120.00;7046;True;7046.00;185.50;7096;120.00;7052;120.00;6857;True;6857.00;1903.83;6947;120.00;6862;120.00
75;90;22;6513;False;6499.40;TL;6517;120.00;6513;120.00;9357;True;9357.00;515.96;9377;120.00;9364;120.00;7005;True;7005.00;51.39;7019;15.11;7005;48.65;6685;True;6685.00;703.94;6691;85.06;6685;120.00;6247;True;6247.00;318.44;6262;84.27;6247;120.00;6082;True;6082.00;462.82;6098;120.00;6091;120.00
75;90;23;6094;False;6073.45;TL;6181;120.00;6133;120.00;8521;True;8521.00;343.76;8527;71.25;8526;120.00;6582;False;6531.58;TL;6596;120.00;6626;120.00;6198;True;6198.00;2771.69;6214;120.00;6259;120.00;5818;False;5794.36;TL;5818;120.00;5886;120.00;5553;True;5553.00;1339.80;5614;119.33;5588;120.00
75;90;24;6998;True;6998.00;1402.50;7000;34.82;7004;120.00;10100;True;10100.00;727.93;10125;120.00;10110;120.00;7787;True;7787.00;227.92;7791;24.20;7791;120.00;7318;True;7318.00;945.10;7348;120.00;7347;120.00;6785;False;6770.30;TL;6785;92.88;6792;120.00;6570;False;6556.37;TL;6575;120.00;6582;120.00
75;90;25;7199;False;7179.92;TL;7203;120.00;7236;120.00;10266;True;10266.00;1439.41;10407;120.00;10277;120.00;7833;True;7833.00;3502.65;7899;120.00;7877;120.00;7492;True;7492.00;1303.39;7686;120.00;7617;120.00;6896;True;6896.00;3553.08;6901;120.00;6906;120.00;6713;True;6713.00;1265.63;6756;120.00;6732;120.00
75;90;26;6793;False;6775.43;TL;6793;74.82;6818;120.00;9899;True;9899.00;1621.86;9924;120.00;9907;120.00;7657;True;7657.00;601.23;7680;89.40;7669;120.00;7201;True;7201.00;2224.28;7445;120.00;7214;120.00;6576;True;6576.00;510.26;6576;52.85;6576;120.00;6432;True;6432.00;378.65;6455;120.00;6439;120.00
75;90;27;6842;False;6812.62;TL;6845;120.00;6852;120.00;9849;True;9849.00;740.78;9853;47.06;9866;120.00;7363;True;7363.00;128.96;7367;69.25;7363;120.00;6945;True;6945.00;34.73;6945;5.35;6945;38.48;6534;True;6534.00;1814.02;6590;120.00;6559;120.00;6303;True;6303.00;311.07;6312;105.36;6303;120.00
75;90;28;6686;False;6679.03;TL;6686;59.55;6715;120.00;9553;True;9553.00;762.17;9661;120.00;9579;120.00;7234;True;7234.00;1130.56;7245;54.18;7251;120.00;6803;True;6803.00;255.85;6812;65.08;6807;120.00;6355;True;6355.00;1560.29;6370;120.00;6356;120.00;6152;True;6152.00;1104.25;6166;120.00;6152;120.00
75;90;29;6539;False;6519.46;TL;6605;120.00;6582;120.00;9340;True;9340.00;1255.03;9415;120.00;9379;120.00;7034;True;7034.00;1670.07;7075;120.00;7049;120.00;6737;True;6737.00;1536.38;6754;118.52;6759;120.00;6358;False;6331.37;TL;6435;120.00;6410;120.00;6113;True;6113.00;2583.88;6181;120.00;6135;120.00
75;90;30;7019;False;6991.42;TL;7095;120.00;7197;120.00;10264;True;10264.00;2152.53;10355;120.00;10265;120.00;7852;True;7852.00;524.32;7885;120.00;7858;120.00;7358;True;7358.00;208.04;7387;18.16;7360;120.00;6759;True;6759.00;253.01;6768;16.54;6783;120.00;6606;True;6606.00;1267.26;6648;119.46;6618;120.00
75;90;31;6951;False;6938.06;TL;6951;66.75;6980;120.00;10004;False;9982.12;TL;10004;56.65;10238;120.00;7584;False;7571.33;TL;7585;40.50;7595;120.00;7194;True;7191.53;TL;7267;120.00;7231;120.00;6701;False;6699.48;TL;6804;120.00;6720;120.00;6479;True;6479.00;775.13;6493;120.00;6502;120.00
75;90;32;6789;False;6769.03;TL;6794;109.79;6794;120.00;9660;True;9660.00;568.82;9678;95.21;9661;120.00;7423;True;7423.00;309.40;7426;76.67;7423;120.00;7023;True;7023.00;2738.26;7040;120.00;7034;120.00;6544;True;6544.00;703.04;6552;92.09;6545;120.00;6316;True;6316.00;1042.30;6343;119.37;6330;120.00
75;90;33;7112;False;7104.34;TL;7112;45.87;7123;120.00;10189;True;10189.00;407.61;10251;120.00;10194;120.00;7809;True;7809.00;171.85;7828;64.81;7824;120.00;7363;True;7363.00;109.61;7391;120.00;7363;120.00;6802;True;6802.00;835.41;6817;120.00;6840;120.00;6635;True;6635.00;564.79;6652;119.47;6659;120.00
75;90;34;7128;False;7110.57;TL;7128;59.72;7130;120.00;10365;True;10365.00;2356.69;10398;120.00;10386;120.00;7929;True;7929.00;51.10;7949;61.85;7929;40.22;7426;True;7426.00;552.64;7433;23.97;7427;120.00;6821;True;6821.00;735.58;6872;120.00;6823;120.00;6610;True;6610.00;466.17;6624;109.66;6620;120.00
75;90;35;6921;False;6915.13;TL;6944;120.00;6935;120.00;10066;True;10066.00;1540.15;10142;120.00;10078;120.00;7394;True;7394.00;197.41;7408;39.87;7394;120.00;7038;True;7038.00;807.46;7059;94.66;7079;120.00;6600;False;6583.59;TL;6696;120.00;6694;120.00;6326;True;6326.00;326.98;6329;23.02;6326;120.00
75;90;36;7234;False;7223.97;TL;7234;95.67;7261;120.00;10391;True;10391.00;1136.50;10425;120.00;10407;120.00;7861;True;7861.00;1049.72;7884;120.00;7870;120.00;7415;True;7415.00;1462.98;7431;120.00;7443;120.00;6842;False;6840.67;TL;6880;120.00;6853;120.00;6662;True;6662.00;2066.84;6709;119.39;6677;120.00
75;90;37;6601;False;6592.87;TL;6601;103.12;6605;120.00;9594;True;9594.00;2219.67;9754;120.00;9622;120.00;7339;True;7339.00;1277.56;7355;93.47;7351;120.00;6895;True;6895.00;315.74;6903;56.17;6900;120.00;6353;True;6353.00;893.67;6419;120.00;6366;120.00;6217;True;6217.00;1492.79;6283;120.00;6221;120.00
75;90;38;7192;False;7186.47;TL;7197;120.00;7218;120.00;10189;True;10189.00;82.12;10212;48.87;10189;77.26;7871;True;7871.00;363.33;7904;120.00;7886;120.00;7398;True;7398.00;351.36;7399;105.48;7408;120.00;6851;True;6851.00;227.10;6858;20.79;6855;120.00;6653;True;6653.00;503.67;6663;103.58;6660;120.00
75;90;39;6254;False;6242.66;TL;6270;120.00;6254;120.00;9136;False;9133.76;TL;9376;120.00;9347;120.00;7053;True;7053.00;546.29;7090;120.00;7062;120.00;6634;True;6634.00;276.77;6687;120.00;6642;120.00;6088;True;6088.00;370.58;6121;120.00;6092;120.00;5946;True;5946.00;260.49;6088;120.00;5952;120.00
75;100;0;7311;True;7307.70;TL;7447;120.00;7319;120.00;10717;True;10717.00;2245.81;10730;120.00;10727;120.00;7948;True;7948.00;459.13;7977;119.48;7972;120.00;7580;True;7580.00;1357.52;7587;112.30;7587;120.00;7044;True;7044.00;580.55;7066;119.49;7047;120.00;6864;True;6864.00;117.64;6876;63.93;6864;105.35
75;100;1;7020;False;7001.40;TL;7065;120.00;7041;120.00;10202;True;10202.00;1386.30;10306;120.00;10266;120.00;7928;False;7926.02;TL;7995;120.00;7943;120.00;7384;True;7384.00;2353.38;7399;120.00;7417;120.00;6812;True;6812.00;886.18;6960;120.00;6900;120.00;6626;True;6626.00;3316.11;6657;120.00;6649;120.00
75;100;2;7506;False;7501.56;TL;7506;38.51;7506;120.00;10688;True;10688.00;283.59;10745;120.00;10718;120.00;8196;True;8196.00;398.01;8330;120.00;8207;120.00;7819;True;7819.00;3116.59;7846;120.00;7838;120.00;7194;True;7192.83;TL;7210;120.00;7197;120.00;7049;True;7049.00;2905.35;7099;120.00;7086;120.00
75;100;3;7279;False;7245.68;TL;7345;120.00;7329;120.00;10352;True;10352.00;1500.10;10475;120.00;10418;120.00;7933;False;7893.62;TL;7959;120.00;7933;120.00;7548;False;7523.57;TL;7623;120.00;7567;120.00;7008;False;6998.99;TL;7095;120.00;7116;120.00;6874;False;6816.78;TL;6889;120.00;6900;120.00
75;100;4;6878;False;6852.53;TL;6934;120.00;6885;120.00;9927;False;9883.45;TL;10018;120.00;9927;120.00;7333;False;7330.98;TL;7363;120.00;7352;120.00;7084;False;7070.31;TL;7167;120.00;7084;120.00;6614;False;6605.46;TL;6698;120.00;6623;120.00;6388;False;6382.94;TL;6470;120.00;6453;120.00
75;100;5;7950;False;7943.94;TL;7971;120.00;7950;120.00;11345;True;11345.00;3473.45;11364;120.00;11365;120.00;8689;True;8689.00;191.83;8713;120.00;8714;120.00;8309;True;8309.00;1468.31;8343;120.00;8337;120.00;7614;True;7614.00;1999.94;7713;120.00;7623;120.00;7408;False;7405.91;TL;7551;120.00;7427;120.00
75;100;6;7296;False;7285.84;TL;7362;120.00;7307;120.00;10421;False;10414.80;TL;10569;120.00;10499;120.00;7644;True;7644.00;2490.16;7653;120.00;7650;120.00;7373;True;7373.00;542.91;7449;120.00;7415;120.00;6982;False;6977.12;TL;7063;120.00;6990;120.00;6757;False;6739.06;TL;6965;120.00;6804;120.00
75;100;7;7094;False;7075.23;TL;7189;120.00;7101;120.00;10161;True;10161.00;2386.77;10301;120.00;10168;120.00;7925;True;7925.00;1461.19;8100;120.00;7931;120.00;7457;False;7432.04;TL;7676;120.00;7457;120.00;6877;True;6877.00;1488.64;7172;120.00;6884;120.00;6631;True;6631.00;581.28;6868;120.00;6677;120.00
75;100;8;7545;False;7526.20;TL;7605;120.00;7552;120.00;10822;False;10786.00;TL;10869;120.00;10912;120.00;8077;True;8077.00;1116.09;8153;120.00;8095;120.00;7742;False;7723.23;TL;7745;120.00;7765;120.00;7231;False;7212.42;TL;7305;120.00;7240;120.00;7002;False;6984.80;TL;7063;120.00;7023;120.00
75;100;9;7166;False;7161.50;TL;7166;62.92;7166;120.00;10379;False;10320.90;TL;10513;120.00;10530;120.00;7920;False;7858.97;TL;7953;120.00;7983;120.00;7569;False;7477.31;TL;7629;120.00;7608;120.00;7001;False;6941.07;TL;7095;120.00;7022;120.00;6897;False;6791.04;TL;6941;120.00;7028;120.00
75;100;10;7818;True;7817.25;TL;7818;13.02;7818;120.00;11500;False;11425.10;TL;11624;120.00;11505;120.00;8521;False;8492.77;TL;8587;120.00;8614;120.00;8143;False;8084.68;TL;8216;120.00;8222;120.00;7556;False;7522.86;TL;7708;120.00;7850;120.00;7317;False;7256.83;TL;7408;120.00;7552;120.00
75;100;11;6900;False;6896.82;TL;7110;120.00;6908;120.00;9967;False;9926.93;TL;10039;120.00;9981;120.00;7393;True;7393.00;347.86;7461;120.00;7393;120.00;7033;True;7033.00;2135.27;7139;120.00;7059;120.00;6608;False;6579.19;TL;6655;120.00;6660;120.00;6379;False;6353.70;TL;6428;120.00;6390;120.00
75;100;12;7562;True;7562.00;1680.54;7581;120.00;7572;120.00;10989;True;10989.00;2258.67;11255;120.00;11002;120.00;8340;False;8319.97;TL;8590;120.00;8349;120.00;7864;True;7864.00;649.78;7950;120.00;7897;120.00;7283;True;7283.00;2025.32;7417;120.00;7286;120.00;7084;True;7084.00;1469.84;7228;120.00;7114;120.00
75;100;13;7292;False;7280.01;TL;7335;120.00;7294;120.00;10518;False;10479.20;TL;10663;120.00;10518;120.00;8291;False;8256.44;TL;8310;120.00;8323;120.00;7744;False;7700.93;TL;7778;120.00;7789;120.00;7134;False;7112.42;TL;7134;120.00;7178;120.00;6900;True;6898.89;TL;7004;120.00;7023;120.00
75;100;14;7359;True;7354.90;TL;7405;120.00;7446;120.00;10491;False;10482.40;TL;10532;120.00;10547;120.00;8044;True;8044.00;302.20;8080;120.00;8051;120.00;7648;False;7636.14;TL;7702;120.00;7665;120.00;7087;True;7087.00;1290.06;7098;120.00;7094;120.00;6882;True;6882.00;600.30;6914;120.00;6893;120.00
75;100;15;7399;False;7376.50;TL;7444;120.00;7424;120.00;10705;True;10705.00;1288.55;10717;120.00;10710;120.00;8130;False;8101.49;TL;8138;120.00;8143;120.00;7724;False;7713.33;TL;7740;120.00;7750;120.00;7088;True;7088.00;2981.31;7149;120.00;7102;120.00;6877;True;6877.00;2440.53;6913;120.00;6930;120.00
75;100;16;7522;False;7510.15;TL;7526;109.95;7536;120.00;10873;True;10873.00;2136.12;10930;120.00;10937;120.00;8376;True;8376.00;273.02;8386;35.83;8382;120.00;7909;True;7909.00;1328.08;7968;120.00;7918;120.00;7269;False;7265.39;TL;7282;120.00;7322;120.00;7006;True;7006.00;634.86;7081;120.00;7060;120.00
75;100;17;7342;False;7314.20;TL;7344;120.00;7342;120.00;10527;True;10527.00;3374.01;10577;120.00;10547;120.00;8095;True;8095.00;2242.39;8156;120.00;8125;120.00;7629;True;7629.00;1071.30;7674;120.00;7643;120.00;7082;True;7082.00;249.07;7134;120.00;7082;120.00;6882;True;6882.00;2900.24;6970;120.00;6917;120.00
75;100;18;7561;False;7542.92;TL;7595;120.00;7588;120.00;10691;True;10691.00;59.29;10783;120.00;10691;73.42;8260;False;8248.04;TL;8448;120.00;8276;120.00;7860;True;7860.00;2592.90;8167;120.00;7891;120.00;7249;True;7249.00;3484.37;7435;120.00;7272;120.00;7032;False;7026.96;TL;7060;120.00;7041;120.00
75;100;19;7384;True;7384.00;120.22;7384;13.40;7384;120.00;10825;True;10825.00;2363.54;10876;120.00;10866;120.00;8128;True;8128.00;901.72;8161;120.00;8150;120.00;7700;True;7700.00;734.62;7720;120.00;7717;120.00;7138;True;7138.00;2026.86;7139;100.06;7141;120.00;6951;False;6921.61;TL;7037;120.00;6955;120.00
75;100;20;7680;False;7666.65;TL;7768;120.00;7712;120.00;11282;False;11107.30;TL;11343;120.00;11329;120.00;8480;True;8480.00;563.50;8588;120.00;8487;120.00;8134;True;8134.00;964.11;8254;120.00;8187;120.00;7446;False;7444.48;TL;7457;120.00;7474;120.00;7175;True;7175.00;661.86;7203;120.00;7214;120.00
75;100;21;7982;False;7973.79;TL;8047;120.00;7987;120.00;11266;True;11266.00;275.95;11320;120.00;11282;120.00;8437;True;8437.00;1119.08;8495;120.00;8468;120.00;8107;False;8077.04;TL;8126;120.00;8138;120.00;7639;True;7639.00;795.33;7712;120.00;7682;120.00;7353;False;7336.46;TL;7372;120.00;7353;120.00
75;100;22;7830;False;7812.60;TL;7864;120.00;7864;120.00;11113;True;11113.00;1385.77;11139;120.00;11113;120.00;8786;True;8786.00;1325.91;8823;120.00;8800;120.00;8277;True;8277.00;651.46;8286;81.44;8285;120.00;7605;True;7605.00;1816.77;7632;120.00;7616;120.00;7420;True;7420.00;1372.91;7434;120.00;7441;120.00
75;100;23;7538;False;7525.81;TL;7559;120.00;7555;120.00;10797;True;10797.00;986.45;10915;120.00;10819;120.00;8334;False;8327.46;TL;8352;120.00;8334;120.00;7894;True;7894.00;856.63;7978;120.00;7925;120.00;7270;True;7270.00;920.56;7351;120.00;7284;120.00;7089;False;7062.67;TL;7160;120.00;7116;120.00
75;100;24;7299;False;7283.25;TL;7399;120.00;7303;120.00;10621;True;10621.00;2779.90;10660;120.00;10629;120.00;7996;True;7996.00;1940.29;8073;120.00;8011;120.00;7554;False;7552.66;TL;7626;120.00;7631;120.00;7086;False;7077.29;TL;7228;120.00;7110;120.00;6829;True;6829.00;918.55;6833;42.67;6836;120.00
75;100;25;7531;False;7503.73;TL;7567;120.00;7588;120.00;10681;False;10659.30;TL;10720;120.00;10699;120.00;8155;True;8155.00;708.26;8166;98.06;8155;120.00;7719;True;7719.00;1306.74;7791;120.00;7736;120.00;7186;True;7186.00;926.47;7222;120.00;7187;120.00;7022;False;7004.45;TL;7052;120.00;7024;120.00
75;100;26;7734;False;7703.30;TL;7736;120.00;7736;120.00;10714;True;10714.00;607.23;10720;56.46;10728;120.00;8327;True;8327.00;1573.32;8366;120.00;8343;120.00;7826;True;7826.00;876.94;7883;120.00;7851;120.00;7354;False;7339.52;TL;7380;120.00;7358;120.00;7093;False;7073.94;TL;7141;120.00;7124;120.00
75;100;27;6996;False;6987.11;TL;7044;120.00;7000;120.00;9958;True;9958.00;652.31;10086;120.00;9967;120.00;7489;True;7489.00;894.48;7748;120.00;7502;120.00;7177;True;7177.00;2567.21;7448;120.00;7325;120.00;6730;True;6730.00;734.19;7047;120.00;6751;120.00;6455;True;6455.00;1805.65;6720;120.00;6464;120.00
75;100;28;7745;False;7735.97;TL;7745;120.00;7745;120.00;11289;True;11289.00;654.18;11697;120.00;11325;120.00;8909;True;8909.00;1216.59;9126;120.00;8925;120.00;8296;True;8296.00;345.00;8298;10.75;8330;120.00;7551;True;7551.00;419.84;7558;92.85;7553;120.00;7363;True;7363.00;994.99;7622;120.00;7390;120.00
75;100;29;7674;True;7672.29;TL;7712;120.00;7759;120.00;10921;True;10921.00;2770.02;10992;120.00;10930;120.00;8402;True;8402.00;24.50;8402;9.47;8402;29.71;7994;True;7994.00;599.46;8029;120.00;7994;120.00;7431;False;7425.20;TL;7478;120.00;7439;120.00;7190;True;7190.00;741.98;7203;120.00;7190;120.00
75;100;30;7329;True;7329.00;2176.52;7333;120.00;7353;120.00;10447;True;10447.00;3155.98;10507;120.00;10457;120.00;7987;True;7987.00;185.96;8088;120.00;8003;120.00;7628;False;7605.26;TL;7690;120.00;7640;120.00;7045;False;7026.08;TL;7052;120.00;7054;120.00;6839;False;6812.91;TL;6870;120.00;6856;120.00
75;100;31;7436;False;7421.07;TL;7436;63.23;7448;120.00;10809;True;10809.00;1038.56;10945;120.00;10869;120.00;8211;False;8209.80;TL;8312;120.00;8262;120.00;7739;True;7739.00;2192.04;7944;120.00;7788;120.00;7157;True;7157.00;2232.69;7306;120.00;7181;120.00;6948;True;6948.00;1401.60;7177;120.00;7005;120.00
75;100;32;7290;False;7271.53;TL;7312;120.00;7383;120.00;10512;False;10468.50;TL;10544;120.00;10602;120.00;7925;True;7925.00;692.97;8036;120.00;7957;120.00;7607;True;7606.80;TL;7731;119.30;7647;120.00;7033;True;7033.00;1718.52;7166;120.00;7067;120.00;6850;True;6850.00;1085.58;6950;120.00;6917;120.00
75;100;33;7860;False;7845.13;TL;7867;120.00;8028;120.00;11089;True;11089.00;338.08;11330;120.00;11271;120.00;8463;True;8463.00;824.71;8606;119.37;8491;120.00;8013;False;8011.55;TL;8140;120.00;8096;120.00;7526;True;7526.00;1871.00;7655;119.37;7534;120.00;7276;True;7276.00;643.30;7401;120.00;7276;120.00
75;100;34;7348;False;7332.59;TL;7358;91.83;7356;120.00;10836;True;10836.00;1911.76;10885;120.00;10843;120.00;7899;True;7899.00;293.31;7924;93.06;7909;120.00;7560;True;7560.00;1315.89;7614;120.00;7577;120.00;7012;True;7012.00;241.98;7088;120.00;7019;120.00;6843;True;6843.00;3339.65;7121;120.00;6878;120.00
75;100;35;7550;False;7529.14;TL;7706;120.00;7563;120.00;10868;False;10846.80;TL;11093;120.00;10891;120.00;8285;False;8258.08;TL;8593;120.00;8317;120.00;7878;True;7878.00;1247.82;8114;120.00;7918;120.00;7310;True;7310.00;905.70;7473;120.00;7322;120.00;7057;True;7057.00;256.01;7342;120.00;7087;120.00
75;100;36;7510;False;7505.79;TL;7568;120.00;7523;120.00;10792;False;10770.50;TL;10873;120.00;10794;120.00;8226;True;8226.00;2586.30;8288;120.00;8269;120.00;7787;False;7785.68;TL;7924;120.00;7819;120.00;7209;True;7209.00;3110.28;7320;120.00;7214;120.00;7001;True;7001.00;1671.20;7086;120.00;7063;120.00
75;100;37;7216;False;7204.62;TL;7235;119.43;7247;120.00;10116;False;10101.90;TL;10373;120.00;10139;120.00;7793;False;7770.20;TL;7853;120.00;7809;120.00;7443;False;7406.34;TL;7490;120.00;7470;120.00;6980;False;6897.50;TL;7062;120.00;7187;120.00;6694;True;6690.81;TL;6840;120.00;6723;120.00
75;100;38;7371;True;7371.00;952.98;7371;37.68;7371;120.00;10460;True;10460.00;1065.81;10492;120.00;10482;120.00;8025;True;8025.00;384.09;8038;88.67;8026;120.00;7624;True;7624.00;574.18;7631;100.99;7656;120.00;7147;False;7129.93;TL;7176;119.48;7164;120.00;6938;False;6933.61;TL;6950;120.00;6947;120.00
75;100;39;7949;False;7947.93;TL;7958;40.64;7954;120.00;11117;True;11117.00;342.34;11177;120.00;11148;120.00;8605;True;8605.00;161.11;8722;120.00;8610;120.00;8089;True;8089.00;936.41;8258;120.00;8110;120.00;7579;True;7579.00;1835.88;7587;68.29;7587;120.00;7333;True;7333.00;672.43;7344;120.00;7337;120.00
